Column1,name,ジャンル,その他ジャンル,都道府県,住所,電話番号,最寄り駅,Googleマップ,ウェブサイト,Twitter,Facebook,Instagram,normalized_name,name_count_norm,is_chain
1.0,薔薇絵亭,創作料理・無国籍料理,,茨城県,茨城県つくば市天久保2丁目7-22,298524568.0,つくば駅,https://goo.gl/maps/xpc9nYoHme3L3eZ46,,,,,薔薇絵亭,2.0,False
2.0,豊しん,魚介・海鮮料理,,茨城県,茨城県つくば市天久保2丁目2-4,298526639.0,つくば駅,https://goo.gl/maps/zrLcfZESdSogngMx6,,https://twitter.com/toyoshin1010,https://www.facebook.com/%E6%B5%B7%E9%AE%AE%E5%B1%85%E9%85%92%E5%B1%8B-%E8%B1%8A%E3%81%97%E3%82%93-913535018667760/,,豊しん,2.0,False
3.0,TABLE-cafe&dining-（ターブル）,カフェレストラン,,茨城県,茨城県つくば市千現2丁目1-6,298558088.0,つくば駅,https://goo.gl/maps/r5hXNQ4xRwwnMRSX6,https://www.tsukuba-tci.co.jp/conferenceroom/restaurant-2,,,,TABLE-cafe&dining-,2.0,False
4.0,筑波ハム,洋食,,茨城県,茨城県つくば市下平塚383,298561953.0,研究学園駅,https://goo.gl/maps/uT2ciyxQkEaZxT3Q8,http://www.tsukubaham.co.jp/,,,,筑波ハム,2.0,False
6.0,とんとこ豚,とんかつ,,茨城県,茨城県つくば市天久保2丁目18-4,298566515.0,つくば駅,https://g.page/ramengouya?share,,https://twitter.com/amakubotontoko,,,とんとこ豚,2.0,False
7.0,吾妻庵,そば・うどん,,茨城県,茨城県つくば市花室１６０９−１,298571251.0,,https://goo.gl/maps/ZFbD5EUYku8xpjoH8,,,,,吾妻庵,2.0,False
8.0,夢屋,定食・食堂,,茨城県,茨城県つくば市春日4丁目4-5,298580668.0,つくば駅,https://goo.gl/maps/t2hjg1DvPsALU6Ch9,,,,http://instagram.com/yumeya_tsukuba,夢屋,2.0,False
9.0,CAFÉ Clematis,カフェレストラン,,茨城県,茨城県つくば市春日4丁目5-7クラモチ春日マンション107ー1号,298581121.0,つくば駅,https://goo.gl/maps/3DXmJeS81VmfBGDb9,,https://twitter.com/clematis1122,,,CAFÉ Clematis,2.0,False
10.0,とんかつ純平,とんかつ,,茨城県,茨城県つくば市天久保1丁目1０-4,298582520.0,つくば駅,https://goo.gl/maps/sCuHTeuaekuCQw6j9,,,,,とんかつ純平,2.0,False
11.0,本場大阪 一太郎,お好み焼き・もんじゃ焼き,,茨城県,茨城県つくば市天久保2丁目6-1,298582610.0,つくば駅,https://goo.gl/maps/7yiYKFGDcquJfXei7,,https://twitter.com/ichitarookonomiyaki,,,本場大阪 一太郎,2.0,False
12.0,なごみ処きりん,居酒屋・ダイニングバー,,茨城県,茨城県つくば市天久保2丁目2-4,298583900.0,つくば駅,https://goo.gl/maps/GBquFuXgEArheiwb9,,https://twitter.com/kirinrininn,,,なごみ処きりん,2.0,False
13.0,サロン・デ・サン,カフェレストラン,,茨城県,茨城県つくば市天久保2丁目20-7レガートホソダ,298587886.0,つくば駅,https://goo.gl/maps/uJAMpQ7brrCiLR5A8,,,,,サロン・デ・サン,2.0,False
14.0,煮込み食堂まるしば,和食,,茨城県,茨城県つくば市下広岡1040-6,298590048.0,つくば駅,https://goo.gl/maps/NXy885UPJh9Q5T2H8,,https://twitter.com/ODdN2qmkw8aFAm4,,,煮込み食堂まるしば,2.0,False
15.0,ごう家,ラーメン・つけ麺,,茨城県,茨城県つくば市天久保2丁目15-7,298595151.0,つくば駅,https://goo.gl/maps/w4jVL72s5TobqGsP9,,https://twitter.com/ramengouya,,,ごう家,2.0,False
16.0,アペティート,イタリアン,,茨城県,茨城県つくば市松代１丁目３−６,298595757.0,,https://goo.gl/maps/JTAh2K2VG88ENWnp7,,,,,アペティート,2.0,False
17.0,リネア,イタリアン,,茨城県,茨城県つくば市二の宮3丁目27-2,298598066.0,つくば駅,https://goo.gl/maps/q6uNpt8ythPe2Ffu9,http://www.linea-tsukuba.com/,,,,リネア,2.0,False
18.0,ニューミラ,アジア・エスニック,,茨城県,茨城県つくば市天久保2丁目16-10,298602391.0,つくば駅,https://goo.gl/maps/G2zBudczYFYgXb8W9,,,,,ニューミラ,2.0,False
19.0,わだ家 つくば店,和食,,茨城県,茨城県つくば市研究学園5丁目8-4,298631567.0,研究学園駅,https://goo.gl/maps/h3UZyTbbFAyZTw979,http://www.wada-ya.com/tsukuba/,https://twitter.com/wadaya_tsukuba,,,わだ家,2.0,False
20.0,cafe&beer GOATEE 029倉庫(ゴーティー),カフェレストラン,,茨城県,茨城県つくば市栄313,298695216.0,つくば駅,https://goo.gl/maps/d1r41oxCCsgy1KGV9,,,,,cafe&beer GOATEE 029倉庫,2.0,False
21.0,旬の台所　連根屋,和食,,茨城県,茨城県牛久市神谷1丁目6-8,298713094.0,牛久駅,https://g.page/renkonya?share,http://renkonya.com/,,,https://instagram.com/renkon11,旬の台所 連根屋,2.0,False
22.0,ハンアリ,アジア・エスニック,,茨城県,茨城県つくば市天久保2丁目6-24,298754989.0,つくば駅,https://goo.gl/maps/WPDhvHW9bFUG7gby8,http://www.nikuyaku.com/,,,,ハンアリ,2.0,False
23.0,ばんどう太郎,和食,,茨城県,茨城県つくば市天久保2丁目14-1,298759371.0,つくば駅,https://goo.gl/maps/pGAmyfVz1a2w9ncm8,https://www.google.co.jp/url?url=http%3A%2F%2Fwww.bandotaro.co.jp%2F&sa=t&rct=j&source=maps&cd=1&usg=AOvVaw1BBliv8rQc24Zg-9v7E96v&ved=1i%3A1%2Ct%3A3443%2Ce%3A0%2Cp%3A4PWoXpbLJpiGoAT_17-wBg%3A3678,,,,ばんどう太郎,2.0,False
24.0,わかたろう,居酒屋・ダイニングバー,,茨城県,茨城県つくば市天久保3丁目21-3星谷ビル1F,298759891.0,つくば駅,https://goo.gl/maps/vt9PuaENkgpEt9zL7,http://wakatarou.com/,https://twitter.com/wakatarooooo,,,わかたろう,2.0,False
25.0,"焼鳥 EARTH,CHICKEN&FIRE(アーチキ)",焼き鳥,,茨城県,茨城県つくば市筑穂１丁目１４−１３,298790860.0,,https://g.page/earchicke?share,,,,,"焼鳥 EARTH,CHICKEN&FIRE",2.0,False
26.0,台湾めしと四川麻婆豆腐専門店 金の馬結,中華料理,,茨城県,茨城県つくば市天久保2丁目15-7,298797283.0,つくば駅,https://goo.gl/maps/pGAwwuAMsJToKtRB9,http://www7.plala.or.jp/taipei1515/,https://twitter.com/kinnobaketsu,,http://instagram.com/kinnobaketsu,台湾めしと四川麻婆豆腐専門店 金の馬結,2.0,False
27.0,本格炭火焼 山鶴（竹園）,居酒屋・ダイニングバー,,茨城県,茨城県つくば市竹園2丁目11-11-21竹園アイステナント007,298798444.0,つくば駅,https://goo.gl/maps/wZgakMdxRVqL6NDL7,,,,,本格炭火焼 山鶴,2.0,False
28.0,みなみのわびさび,居酒屋・ダイニングバー,,茨城県,茨城県つくば市天久保2丁目3-1,298798772.0,つくば駅,https://goo.gl/maps/tPYXMQXm3oFU15cy7,,,,,みなみのわびさび,2.0,False
29.0,つくば食堂 花,カフェレストラン,,茨城県,茨城県つくば市上野700-5,298799873.0,つくば駅,https://goo.gl/maps/tUygJx8NGdy324oa6,http://www.tsukuba-hana.net/,https://twitter.com/hana_tsukuba,https://facebook.com/tsukubahana,,つくば食堂 花,2.0,False
30.0,はりけんラーメン,ラーメン・つけ麺,ラーメン,茨城県,茨城県つくば市栗原2857-8,298863833.0,つくば,"https://maps.google.com/maps?ll=36.111728,140.111053&z=12&t=m&hl=ja&gl=US&mapclient=embed&q=%E3%80%92305-0001%20%E8%8C%A8%E5%9F%8E%E7%9C%8C%E3%81%A4%E3%81%8F%E3%81%B0%E5%B8%82%E6%A0%97%E5%8E%9F%EF%BC%92%EF%BC%98%EF%BC%95%EF%BC%97%E2%88%92%EF%BC%98",,,,,はりけんラーメン,2.0,False
31.0,SORACAFE,喫茶店・カフェ,,茨城県,茨城県つくば市天久保3丁目2-8ウッディライフつくば1F,298869750.0,つくば駅,https://goo.gl/maps/Q3rStzZMieQJ1WbeA,http://www.soracafe-tsukuba.sakura.ne.jp/,https://twitter.com/soracafe_tsuku,,http://instagram.com/soravafe_tsukuba,SORACAFE,2.0,False
33.0,HAREGOHAN,創作料理・無国籍料理,,茨城県,茨城県つくば市学園の森3丁目21-1MeeTocoB-2,298936245.0,研究学園駅,https://goo.gl/maps/5Xtm4L9zNe9V1RsC7,https://www.haregohan.com/,https://twitter.com/hare_gohan,,http://instagram.com/haregohan,HAREGOHAN,1.0,False
34.0,スペイン料理cambio,スペイン料理,,茨城県,茨城県つくば市学園の森2-39-4,298936363.0,研究学園駅,https://goo.gl/maps/zqjcCx9zFvSxgvhCA,www.cambio-tsukuba.com,,,,スペイン料理cambio,2.0,False
35.0,タイ料理メーマリ~Thai food Mae Mali~,アジア・エスニック,,茨城県,茨城県つくば市山中３−１,298963773.0,つくば駅,https://goo.gl/maps/nMsD3VsA1CbrsNaJ8,https://thai-food-mae-mali.business.site/,,,,タイ料理メーマリ~Thai food Mae Mali~,2.0,False
36.0,おテイクアウト処 仲々,定食・食堂,,茨城県,茨城県つくば市春日4丁目20-2,298968283.0,つくば駅,https://goo.gl/maps/WiAE2cmh36xT7VQ56,,https://twitter.com/nakanakakasuga4,https://www.facebook.com/nakanaka.kasuga/,,おテイクアウト処 仲々,2.0,False
37.0,つけめん・まぜそばむじゃき,ラーメン・つけ麺,,茨城県,茨城県つくば市天久保2丁目10-19,298968988.0,つくば駅,https://goo.gl/maps/hojgy3zYSRt7xtHn6,https://mujaki.wixsite.com/mjk-official,https://twitter.com/tukemaze_mujaki,,,つけめん・まぜそばむじゃき,2.0,False
38.0,お好み焼き 蔵人,お好み焼き・もんじゃ焼き,,茨城県,茨城県かすみがうら市下稲吉3185-1,299596371.0,石岡駅,https://goo.gl/maps/pppcmCD1sqt6NGoy5,https://radioprima.net/16fmpmichikusajpb6/,https://twitter.com/junko_mama_san,,,お好み焼き 蔵人,2.0,False
39.0,レストランハーバー,洋食,,茨城県,茨城県神栖市平泉東1-64-182,299932446.0,小見川駅,https://goo.gl/maps/aJH82LjZhnq8MkP39,,,,,レストランハーバー,2.0,False
40.0,AIN SOPH. ripple,ベジ・ヴィーガン,アメリカン,東京都,東京都新宿区歌舞伎町２−４６−８新宿日章ビル１F,3063803205.0,西武新宿駅北口（徒歩１分）・JR大久保駅・JR新大久保駅（徒歩６分）,https://goo.gl/maps/CzukaMmzJ2jdAUzRA,ain-soph.jp,,http://www.facebook.com/ainsoph.japan,https://www.instagram.com/ainsoph_jp/,AIN SOPH. ripple,2.0,False
41.0,にっぽんのひとさら,カフェレストラン,,東京都,東京都千代田区丸の内3-1-1国際ビル地下1階,332012878.0,有楽町駅,https://goo.gl/maps/tnMFSMbwwCsUh8nt8,https://nippon-hitosara.com/,,,https://www.instagram.com/nipponnohitosara,にっぽんのひとさら,2.0,False
42.0,Pizzeria TAKATA BOKUSYA,イタリアン,,東京都,東京都新宿区戸塚町1−101高田牧舎ビル１F,332022376.0,早稲田駅,https://goo.gl/maps/ARnwC6RrCE26kfkV9,,https://twitter.com/takatabokusya?ref_src=twsrc%5Egoogle%7Ctwcamp%5Eserp%7Ctwgr%5Eauthor,https://www.facebook.com/takadabokusya/,,Pizzeria TAKATA BOKUSYA,2.0,False
43.0,イル・デ・パン,カフェレストラン,,東京都,東京都新宿区早稲田鶴巻町５３７メゾン三晃1F,332038191.0,早稲田駅,https://goo.gl/maps/LtmLp3MtSfdCCiek9,,,,,イル・デ・パン,2.0,False
44.0,のりまき屋,和食,,東京都,東京都中央区新川1-9-9伊豫隅ビル1階,332060030.0,茅場町駅,https://maps.app.goo.gl/pQWwSPayu5yi4c758,http://www.norimakiya.net,https://mobile.twitter.com/norimakiya2,https://facebook.com/norimakiya/,https://instagram.com/norimaki.ya/,のりまき屋,2.0,False
45.0,Gland MA,居酒屋・ダイニングバー,,神奈川県,神奈川県川崎市多摩区登戸１８３１−１,0.0,向ヶ丘遊園駅,,,,,,Gland MA,1.0,False
46.0,炭焼長者 馬場六区,居酒屋・ダイニングバー,,東京都,東京都新宿区高田馬場2丁目15-7　03ビル1F,332098869.0,高田馬場駅,https://maps.app.goo.gl/jyawNw3e7AUZKvz88,,https://twitter.com/8869jp,https://facebook.com/8869jp/,,炭焼長者 馬場六区,2.0,False
47.0,サンパ（SYMPA)（ワインレストラン サンパ）,フレンチ,,東京都,東京都杉並区荻窪5-16-23リリーベル荻窪B1,332202888.0,荻窪駅,https://goo.gl/maps/47NWqqrdbdASeNuo9,https://ameblo.jp/sympa-ogikubo/,,,,サンパ,2.0,False
48.0,麺者服部（めんじゃはっとり）,ラーメン・つけ麺,ラーメン,東京都,東京都千代田区西神田2-1-8,332211232.0,水道橋,"https://maps.google.com/maps?ll=35.698914,139.756058&z=14&t=m&hl=ja&gl=US&mapclient=embed&q=%E3%80%92101-0065%20%E6%9D%B1%E4%BA%AC%E9%83%BD%E5%8D%83%E4%BB%A3%E7%94%B0%E5%8C%BA%E8%A5%BF%E7%A5%9E%E7%94%B0%EF%BC%92%E4%B8%81%E7%9B%AE%EF%BC%91%E2%88%92%EF%BC%98",,,,,麺者服部,2.0,False
49.0,たれ山 中野店,焼肉,,東京都,東京都中野区中野4-6-17,332288989.0,中野駅,https://maps.app.goo.gl/ARm8zaR9cvSzYSzy7,,,,,たれ山,2.0,False
50.0,鮨　みずかみ,寿司,,東京都,東京都千代田区一番町3-8,332300326.0,半蔵門駅,https://goo.gl/maps/asA1v9Tkdf1gDefZ6,http://sushi--mizukami.jp/,,https://facebook.com/profile.php?id=100013991551086,,鮨 みずかみ,2.0,False
51.0,ランチョン,フレンチ,洋食、ビヤホール,東京都,東京都千代田区神田神保町1-6,332330866.0,神保町駅,https://goo.gl/maps/uwewR6jNgP1U5mMW6,http://www.luncheon.jp,https://twitter.com/Luncheon_beer,,,ランチョン,2.0,False
52.0,イル ボッリート 新宿,イタリアン,,東京都,東京都新宿区若宮町5,332353225.0,飯田橋駅,https://goo.gl/maps/aD5uw2SCek8WU7oR6,https://www.instagram.com/kagurazaka_ilbollito/,,https://m.facebook.com/IL-BOLLITO-383068001847139/,https://www.instagram.com/kagurazaka_ilbollito/,イル ボッリート 新宿,2.0,False
53.0,トラットリア エ ピッツェリア コニファー,イタリアン,,東京都,東京都杉並区久我山3-24-22,332472530.0,久我山駅,https://goo.gl/maps/WjApr8x6W7m3QTeM9,http://www.trattoriaconifer.tokyo/,,https://facebook.com/rattoriaconifer.tokyo/?ref=bookmarks,https://instagram.com/trattoria_e_pizzeria_conifer,トラットリア エ ピッツェリア コニファー,2.0,False
56.0,神田　笹鮨,寿司,鮨,東京都,東京都千代田区鍛冶町2-8-5,332523344.0,神田駅,https://goo.gl/maps/bsUHDEtvyP9e8tkc7,https://www.sasazushi.com,https://twitter.com/sasa_no_waka,https://facebook.com/kandasasazushi/?ref=bookmarks,,神田 笹鮨,2.0,False
57.0,エリエート  秋葉原,喫茶店・カフェ,,東京都,東京都台東区秋葉原3-11,332538808.0,秋葉原駅,https://goo.gl/maps/FAuqhewY75stusiLA,,,,,エリエート 秋葉原,2.0,False
58.0,排骨担々五ノ井,中華料理,,東京都,東京都千代田区神田猿楽町1-3-6HARAビル1F,332590125.0,神保町駅,https://goo.gl/maps/gfL7rUJtwwRnbVup7,https://r.goope.jp/paikutantan,https://twitter.com/paikutantan,https://facebook.com/paikutantan/,,排骨担々五ノ井,2.0,False
59.0,八の坊,ラーメン・つけ麺,ラーメン,京都府,京都府京都市中京区西ノ京伯楽町22-9,0.0,円町,"https://maps.google.com/maps?ll=35.019018,135.727934&z=14&t=m&hl=ja&gl=US&mapclient=embed&q=%E3%80%92604-8452%20%E4%BA%AC%E9%83%BD%E5%BA%9C%E4%BA%AC%E9%83%BD%E5%B8%82%E4%B8%AD%E4%BA%AC%E5%8C%BA%E8%A5%BF%E3%83%8E%E4%BA%AC%E4%BC%AF%E6%A5%BD%E7%94%BA%EF%BC%92%EF%BC%92%E2%88%92%EF%BC%99",,,,,八の坊,1.0,False
60.0,ラビチュード,フレンチ,,東京都,東京都新宿区南山伏町3-5ワインコート神楽坂1F,332608784.0,牛込神楽坂駅,https://goo.gl/maps/1D2dSEvWa3nyXU98A,,,,,ラビチュード,2.0,False
61.0,インド料理 ムンバイ 九段店,カレー,,東京都,東京都千代田区九段南２丁目２−８松岡九段ビルB1F,332612211.0,九段下駅,https://goo.gl/maps/8tmLSKwJwptTa5sq7,https://mumbaijapan.com/kudan/,https://twitter.com/MumbaiPink/,,https://instagram.com/mumbaijapan/,インド料理 ムンバイ,2.0,False
62.0,メリメロ,フレンチ,,東京都,東京都千代田区飯田橋4-5-4CUBE飯田橋101,332633239.0,飯田橋駅,https://goo.gl/maps/Laafc595wy86juWV7,,,https://www.facebook.com/pg/melimelo20031107/,meli melo_iidabashi,メリメロ,1.0,False
63.0,麺屋づかちゃん,ラーメン・つけ麺,ラーメン,神奈川県,神奈川県横浜市磯子区杉田4-2-17,0.0,杉田,"https://maps.google.com/maps?ll=35.384055,139.620165&z=14&t=m&hl=ja&gl=US&mapclient=embed&q=%E3%80%92235-0033%20%E7%A5%9E%E5%A5%88%E5%B7%9D%E7%9C%8C%E6%A8%AA%E6%B5%9C%E5%B8%82%E7%A3%AF%E5%AD%90%E5%8C%BA%E6%9D%89%E7%94%B0%EF%BC%94%E4%B8%81%E7%9B%AE%EF%BC%92%E2%88%92%EF%BC%91%EF%BC%97",,,,,麺屋づかちゃん,1.0,False
64.0,九段プレジール,フレンチ,フレンチ・ビストロ,東京都,東京都千代田区九段南3-6-9,332658285.0,九段下駅,https://goo.gl/maps/JDfJjtc6iP77fBaV7,https://le-plaisir.net/,https://twitter.com/_le_plaisir,,,九段プレジール,2.0,False
65.0,Gli Scampi,イタリアン,,東京都,東京都新宿区神楽坂2-20-1-102,332676558.0,飯田橋駅,https://goo.gl/maps/nzRXwPs39yuodAsx5,,,https://www.instagram.com/kagurazaka_gliscampi/,,Gli Scampi,2.0,False
66.0,俺の生きる道 白山店（旧夢を語れ東京）,ラーメン・つけ麺,ラーメン,東京都,東京都文京区白山５丁目３６−１４,0.0,白山,"https://maps.google.com/maps?ll=35.720219,139.751462&z=14&t=m&hl=ja&gl=US&mapclient=embed&q=%E3%80%92112-0001%20%E6%9D%B1%E4%BA%AC%E9%83%BD%E6%96%87%E4%BA%AC%E5%8C%BA%E7%99%BD%E5%B1%B1%EF%BC%95%E4%B8%81%E7%9B%AE%EF%BC%93%EF%BC%96%E2%88%92%EF%BC%91%EF%BC%94",,,,,俺の生きる道,3.0,False
67.0,あさだ,和食,,東京都,東京都新宿区神楽坂3-2-16ベスト神楽坂ビル4階,332691120.0,飯田橋駅,https://goo.gl/maps/6GY4SjbpQ584fsxb8,,,,https://instagram.com/asada_japanese_restaurant?igshid=1gugzaao7kag2,あさだ,2.0,False
68.0,京都銀閣寺ますたにラーメン,ラーメン・つけ麺,ラーメン,東京都,東京都中央区日本橋1-6-7関谷ビル1F,332728548.0,日本橋,"https://maps.google.com/maps?ll=35.682658,139.775372&z=14&t=m&hl=ja&gl=US&mapclient=embed&q=%E3%81%AC%E3%81%BE%E3%81%9F%E3%83%93%E3%83%AB%201F%20%E3%80%92103-0027%20%E6%9D%B1%E4%BA%AC%E9%83%BD%E4%B8%AD%E5%A4%AE%E5%8C%BA%E6%97%A5%E6%9C%AC%E6%A9%8B%EF%BC%91%E4%B8%81%E7%9B%AE%EF%BC%96%E2%88%92%EF%BC%97",,,,,京都銀閣寺ますたにラーメン,2.0,False
69.0,First Fruits Coffee,喫茶店・カフェ,,東京都,東京都港区白金1-25-29,332773370.0,白金高輪,https://goo.gl/maps/NRc8ZFrGHYdJ353f9,http://first-fruits-japan.com/,,,,First Fruits Coffee,2.0,False
71.0,ヤザワミート,焼肉,,東京都,東京都港区白金3丁目1-1-1第一麻布ビル,332801729.0,白金高輪,https://goo.gl/maps/iFBq66k7iLA8rEsi8,http://kuroge-wagyu.com/,,,,ヤザワミート,2.0,False
72.0,まつおぶし,ラーメン・つけ麺,ラーメン,東京都,東京都板橋区弥生町36-7,0.0,中板橋,"https://maps.google.com/maps?ll=35.755792,139.696279&z=16&t=m&hl=ja&gl=US&mapclient=embed&q=%E3%80%92173-0021%20%E6%9D%B1%E4%BA%AC%E9%83%BD%E6%9D%BF%E6%A9%8B%E5%8C%BA%E5%BC%A5%E7%94%9F%E7%94%BA%EF%BC%93%EF%BC%96%E2%88%92%EF%BC%97",,,,,まつおぶし,1.0,False
73.0,ファイヤーマウンテンCK,ラーメン・つけ麺,つけ麺,東京都,東京都葛飾区亀有5-5-8,0.0,亀有,"https://maps.google.com/maps?ll=35.767149,139.843476&z=14&t=m&hl=ja&gl=US&mapclient=embed&q=%E3%80%92125-0061%20%E6%9D%B1%E4%BA%AC%E9%83%BD%E8%91%9B%E9%A3%BE%E5%8C%BA%E4%BA%80%E6%9C%89%EF%BC%95%E4%B8%81%E7%9B%AE%EF%BC%95%E2%88%92%EF%BC%98",,,,,ファイヤーマウンテンCK,1.0,False
74.0,神田 いるさ,その他,和食,東京都,東京都千代田区神田小川町3-14-3イルサ1階,332943212.0,神保町駅,https://goo.gl/maps/NGiXKUSEVFxNKxoL6,http://www.ilusa.jp/,https://mobile.twitter.com/kanda_ilusa,,,神田 いるさ,2.0,False
75.0,バー・テンダリー,バー,,東京都,東京都大田区大森北1-33-11,332982155.0,,https://goo.gl/maps/6f6pU6DfK8AbVwuK9,,,,,バー・テンダリー,2.0,False
76.0,イタリア料理　ゴローゾテツ,イタリアン,,東京都,東京都杉並区西荻北3-31-6-103,333018599.0,西荻窪駅,https://g.page/golotetsu?share,,https://twitter.com/golomegu,,,イタリア料理 ゴローゾテツ,2.0,False
77.0,サラムナマステ,カレー,,東京都,東京都杉並区梅里2-9-10,333111132.0,新高円寺駅,https://goo.gl/maps/LpZjHVJr7yJjf1fR9,https://tabelog.com/tokyo/A1319/A131904/13025675/,https://twitter.com/salamnamaste01,,,サラムナマステ,2.0,False
78.0,鮨肴 一会,寿司,,東京都,東京都杉並区高円寺南3-48-6,333113366.0,,https://g.page/ichie-kouenji?share,,,,https://www.instagram.com/p/B-ex9rBgXoo/?igshid=8wn3sn14rtpg,鮨肴 一会,2.0,False
80.0,なると,ビールバー,,東京都,東京都杉並区阿佐谷南2-20-6,333136150.0,阿佐ヶ谷駅,https://maps.app.goo.gl/NEMLZKozBLGtGdok7,,https://twitter.com/asagaya_naruto?s=09,,https://instagram.com/asagaya_naruto_ono?igshid=15w5ku6hj6ueh,なると,2.0,False
81.0,麺屋桐龍,ラーメン・つけ麺,ラーメン,埼玉県,埼玉県川口市戸塚3-36-18,0.0,東川口,"https://maps.google.com/maps?ll=35.867542,139.752403&z=14&t=m&hl=ja&gl=US&mapclient=embed&q=%E3%80%92333-0811%20%E5%9F%BC%E7%8E%89%E7%9C%8C%E5%B7%9D%E5%8F%A3%E5%B8%82%E6%88%B8%E5%A1%9A%EF%BC%93%E4%B8%81%E7%9B%AE%EF%BC%93%EF%BC%96%E2%88%92%EF%BC%91%EF%BC%98",,,,,麺屋桐龍,1.0,False
82.0,高味園,中華料理,,東京都,東京都杉並区梅里2-9-9日比谷ビル101,333164658.0,新高円寺駅,https://goo.gl/maps/XDMu9iP4yzyzUGMFA,https://tabelog.com/tokyo/A1319/A131904/13011724/,,,,高味園,2.0,False
83.0,PIZZERIA no-no CHERCHIO,居酒屋・ダイニングバー,,東京都,東京都杉並区高円寺南4-24-11宝山ビル1F/2F,333177799.0,高円寺駅,https://goo.gl/maps/aMoFGCsLCF6gEHqE6,,,,,PIZZERIA no-no CHERCHIO,2.0,False
84.0,チェリー,フレンチ,,東京都,東京都世田谷区松原5-26-15松原パレス1F,333218899.0,東松原駅,https://goo.gl/maps/jqJRYWvRWaEGVKtDA,https://tabelog.com/tokyo/A1318/A131803/13161215/,,,https://instagram.com/cherry__peel/?hl=ja,チェリー,2.0,False
85.0,ハイマウント,ラーメン・つけ麺,スープなし麺,栃木県,栃木県小山市八幡町1-1-18,0.0,小山,"https://maps.google.com/maps?ll=36.310737,139.798588&z=14&t=m&hl=ja&gl=US&mapclient=embed&q=%E3%80%92323-0031%20%E6%A0%83%E6%9C%A8%E7%9C%8C%E5%B0%8F%E5%B1%B1%E5%B8%82%E5%85%AB%E5%B9%A1%E7%94%BA%EF%BC%91%E4%B8%81%E7%9B%AE%EF%BC%91",,,,,ハイマウント,1.0,False
86.0,ぱんぷきん,洋食,,東京都,東京都調布市仙川町1-1-5,333262944.0,仙川駅,https://twitter.com/pumpkin198204,https://www.sengawa.com/panpu_sengawa/,https://twitter.com/pumpkin198204,,,ぱんぷきん,2.0,False
87.0,ラーメン武丸,ラーメン・つけ麺,ラーメン,栃木県,栃木県宇都宮市戸祭町2732-1,0.0,宇都宮,"https://maps.google.com/maps?ll=36.575096,139.877886&z=14&t=m&hl=ja&gl=US&mapclient=embed&q=%E3%80%92320-0053%20%E6%A0%83%E6%9C%A8%E7%9C%8C%E5%AE%87%E9%83%BD%E5%AE%AE%E5%B8%82%E6%88%B8%E7%A5%AD%E7%94%BA%EF%BC%92%EF%BC%97%EF%BC%93%EF%BC%92%E2%88%92%EF%BC%91",,,,,ラーメン武丸,1.0,False
88.0,バカ増しの里 ジャンクラーメン じおん,ラーメン・つけ麺,ラーメン,福島県,福島県郡山市安積町日出山一本松100-7,0.0,郡山,"https://maps.google.com/maps?ll=37.365716,140.384889&z=14&t=m&hl=ja&gl=US&mapclient=embed&q=%E3%80%92963-0101%20%E7%A6%8F%E5%B3%B6%E7%9C%8C%E9%83%A1%E5%B1%B1%E5%B8%82%E5%AE%89%E7%A9%8D%E7%94%BA%E6%97%A5%E5%87%BA%E5%B1%B1%E4%B8%80%E6%9C%AC%E6%9D%BE%EF%BC%91%EF%BC%90%EF%BC%90%E2%88%92%EF%BC%97",,,,,バカ増しの里 ジャンクラーメン じおん,1.0,False
89.0,発達障害BAR the BRATs,バー,,東京都,東京都渋谷区渋谷２丁目９−１０青山台ビルホーム1,0.0,,https://goo.gl/maps/pHsJZccfgd2LqLfs7,,,,,発達障害BAR the BRATs,1.0,False
90.0,サンプルパスタ,フレンチ,,福岡県,福岡市博多区博多駅１－１－１,0.0,博多,,,,,,サンプルパスタ,1.0,False
91.0,無鉄砲つけ麺無極,ラーメン・つけ麺,つけ麺,東京都,東京都中野区丸山2-1-1,333389998.0,野方,"https://maps.google.com/maps?ll=35.723035,139.65341&z=14&t=m&hl=ja&gl=US&mapclient=embed&q=%E3%80%92165-0021%20%E6%9D%B1%E4%BA%AC%E9%83%BD%E4%B8%AD%E9%87%8E%E5%8C%BA%E4%B8%B8%E5%B1%B1%EF%BC%92%E4%B8%81%E7%9B%AE%EF%BC%91%E2%88%92%EF%BC%91",,,,,無鉄砲つけ麺無極,2.0,False
92.0,みんなの黄ちゃん,その他,,福岡県,福岡県福岡市中央区警固１丁目３−６警固フラット101,0.0,薬院駅,https://goo.gl/maps/m8MsGr1oQvCn7trQ7,,,https://facebook.com/minnanoKochang,https://instagram.com/minnano_kochang/,みんなの黄ちゃん,1.0,False
93.0,インド料理ムンバイ四谷店 + The India Tea House,カレー,,東京都,東京都新宿区四谷１丁目８−６ホリナカビル1-2F,333500777.0,四谷駅,https://goo.gl/maps/W2uKMok6K9H6RYfSA,https://mumbaijapan.com/yotsuya,https://twitter.com/mumbai_teahouse,https://instagram.com/indiateahouse/,,インド料理ムンバイ四谷店 + The India Tea House,2.0,False
94.0,たまりば,居酒屋・ダイニングバー,,東京都,東京都中央区日本橋馬喰町1-12-111F,0.0,馬喰町駅,https://maps.app.goo.gl/GXxAQBSqm3VfJTty9,,https://twitter.com/tamariba12?s=09,,,たまりば,1.0,False
96.0,VESPERA（ベスペラ）,ベジ・ヴィーガン,,東京都,東京都文京区千駄木3-44-1,0.0,千駄木,https://goo.gl/maps/yAFZegK6Dc8VXZ266,https://vegvespera.wordpress.com/,,,https://instagram.com/vespera_tokyo?igshid=18hexki9coqo,VESPERA,1.0,False
97.0,Linio（リニーオ）,ベジ・ヴィーガン,,東京都,東京都新宿区市谷台町4-1ニシオハイツ1F,333538070.0,曙橋駅,https://goo.gl/maps/VpDHLLHTNweL4Ddm6,https://peraichi.com/landing_pages/view/linio#section-37,,https://instagram.com/linio3515/?hl=ja,,Linio,2.0,False
98.0,鯛塩そば灯花,ラーメン・つけ麺,ラーメン,東京都,東京都新宿区舟町12-13石原ビル1階,333543303.0,四谷三丁目,"https://maps.google.com/maps?ll=35.693685,139.720248&z=14&t=m&hl=ja&gl=US&mapclient=embed&cid=11979948880723359657",,,,,鯛塩そば灯花,2.0,False
99.0,ごはんや今日,和食,,東京都,東京都江東区三好１丁目７−１４,0.0,清澄白河駅,https://goo.gl/maps/UrdQnP8FR4EAMEHj9,,,,https://instagram.com/gohanya_kyo/,ごはんや今日,1.0,False
100.0,お肉屋けいすけ三男坊,焼肉,,東京都,東京都渋谷区広尾5-2-25HONGOKUビルB1F,334462929.0,広尾駅,https://goo.gl/maps/J2C3ej4v3B3gv72BA,https://onikuya-keisuke3.com/,,https://www.facebook.com/onikuya.keisuke3/,https://instagram.com/onikuya_keisuke3/,お肉屋けいすけ三男坊,1.0,False
101.0,四谷ふく,和食,,東京都,東京都新宿区四谷4-28-8　パルトビル105,333561948.0,新宿御苑前駅,https://goo.gl/maps/cYi9x4BmwDhP3uMZA,http://www.yotsuya-fuku.com/index.html,,https://facebook.com/%E5%9B%9B%E8%B0%B7%E3%81%B5%E3%81%8F-219873001370732/,,四谷ふく,2.0,False
103.0,京紫灯花繚乱,ラーメン・つけ麺,ラーメン,東京都,東京都新宿区四谷4-7小林ビル1F,333572221.0,新宿御苑,"https://maps.google.com/maps?ll=35.687336,139.71644&z=14&t=m&hl=ja&gl=US&mapclient=embed&q=%E6%9D%B1%E4%BA%AC%E9%83%BD%E6%96%B0%E5%AE%BF%E5%8C%BA%E5%9B%9B%E8%B0%B74-7%20%E5%B0%8F%E6%9E%97%E3%83%93%E3%83%AB1F",,,,,京紫灯花繚乱,2.0,False
104.0,ターンテーブル,イタリアン,,東京都,東京都渋谷区神泉町10-3,334617722.0,神泉駅,https://goo.gl/maps/cewzNNfPwgdhzvWL7,http://turntable.jp/,,,,ターンテーブル,1.0,False
105.0,ビストロコージー,洋食,,東京都,東京都渋谷区初台1丁目7-6,333703587.0,初台駅,https://goo.gl/maps/FEXc921kgpgkPPjC6,,,,https://www.instagram.com/bistrocozy/?hl=ja,ビストロコージー,2.0,False
106.0, ワインバーエム(wine bar M),ビストロ・ワインバー,,東京都,東京都渋谷区恵比寿西1-3-5アルス恵比寿メイクス2F,334641788.0,恵比寿駅,https://g.page/winebarm?share,https://www.wine-m.jp/,https://twitter.com/WinebarM_A_K,https://facebook.com/winebarm/,https://instagram.com/winebarm/,ワインバーエム,1.0,False
107.0,昇龍,中華料理,,東京都,東京都渋谷区代々木4丁目6-4,333704889.0,参宮橋駅,https://goo.gl/maps/75y4aVcd5fsGci5j9,,,,,昇龍,2.0,False
108.0,晴れときどき・・・,居酒屋・ダイニングバー,,東京都,東京都中野区東中野4-26-10,333713777.0,東中野駅,https://goo.gl/maps/r9DNpUmKirovZWM1A,,,https://facebook.com/haleten.y.y?pnref=story,https://www.instagram.com/haretokidokitententen/?hl=ja,晴れときどき・・・,2.0,False
110.0,nano,居酒屋・ダイニングバー,,東京都,東京都新宿区西新宿5-10-14小野木ビルB1F,333797701.0,西新宿五丁目駅,https://goo.gl/maps/6WTX3k78MeJzGefM7,https://www.nano-tokyo.com/,,,,nano,2.0,False
111.0,うさぎ,ラーメン・つけ麺,,東京都,東京都渋谷区神泉町8-13　アーガス霜田ビル103,334644111.0,渋谷駅,https://goo.gl/maps/2fW2WJfd9xKg6mCt6,,https://twitter.com/ramen_usagi,,,うさぎ,1.0,False
112.0,オリエントスパゲティ,イタリアン,,東京都,東京都中野区新井1-23-22第2樋口ビル1階,333871445.0,中野駅,https://goo.gl/maps/5xAQZD9Mg3KF2tDR7,,,,,オリエントスパゲティ,2.0,False
113.0,南印度ダイニング,カレー,,東京都,東京都中野区新井1-23-23,333880373.0,中野駅,https://goo.gl/maps/GvE3gPUbexkoFNEi7,,,,,南印度ダイニング,2.0,False
114.0,vinon winestand&deli,ワインバー,,東京都,東京都大田区北千束3-26-12諸星ビルB1F,0.0,大岡山駅,https://goo.gl/maps/fGTMGvoGvp7xfr21A,https://vinon-winestanddeli.business.site,,https://facebook.com/vinon.winestand.deli/,https://instagram.com/vinon_oookayama/,vinon winestand&deli,1.0,False
115.0,粉屋時次郎,お好み焼き・もんじゃ焼き,,東京都,東京都杉並区西荻北3-1-6,333959211.0,西荻窪駅,https://goo.gl/maps/TrCNqZTrdTBBDdwYA,,,,,粉屋時次郎,2.0,False
116.0,中国食酒房　まつもと,中華料理,,東京都,東京都杉並区西荻北3-22-22,333970539.0,西荻窪駅,https://goo.gl/maps/dpDGQoxkdu63aF9u5,,,,,中国食酒房 まつもと,2.0,False
117.0,うな藤,うなぎ,,東京都,東京都杉並区今川4-8-7グリーンパレス今川1F,333979174.0,荻窪駅,https://goo.gl/maps/TmcvFJoSWC9EtsK98,https://goo.gl/maps/TmcvFJoSWC9EtsK98,,,https://instagram.com/unahuji_honten?igshid=g6fu4nabd1mz,うな藤,2.0,False
118.0,自然派インド料理　ナタラジ,カレー,,東京都,東京都杉並区荻窪５丁目３０−６B1F,333985108.0,荻窪駅,https://goo.gl/maps/3jQs2JJRbqaAWVL57,,,,,自然派インド料理 ナタラジ,2.0,False
119.0,台湾料理 光春,台湾料理,,東京都,東京都世田谷区代沢2-45-9飛田ビル1Ｆ,334650749.0,池ノ上駅,https://goo.gl/maps/D1sKtoEFfBoU5HHr8,http://koushun.com,,https://facebook.com/koushun.page/,https://instagram.com/koushun_taiwan/,台湾料理 光春,1.0,False
120.0,南国酒家 原宿本店（本館）,中華料理,,東京都,東京都渋谷区神宮前6-35-3コープオリンピア内　（本館）,334000031.0,原宿駅,https://goo.gl/maps/tyhp7ntoYzeEv4re8,https://nangokusyuka.co.jp/news/detail.php?cd=110,,,,南国酒家 原宿,2.0,False
121.0,イルテアトリーノダサローネ,イタリアン,,東京都,東京都港区南青山7丁目11-5HOUSE7115B1F,334005077.0,広尾駅,https://goo.gl/maps/GBMhP8E4MX25sKcY6,http://www.ilteatrino.jp/,,https://facebook.com/ilteatrinodasalone/,https://instagram.com/ilteatrinodasalone/,イルテアトリーノダサローネ,1.0,False
122.0,AMOH'S BAR,バー,,東京都,東京都港区南青山5-5-20,334005531.0,,https://goo.gl/maps/kZbRd4GfJ5BBMWrW9,,,,,AMOH'S BAR,2.0,False
123.0,ひちょう,中華料理,,東京都,東京都港区南青山3-7-3,334021413.0,外苑前駅,https://goo.gl/maps/TESBwQUKSRDUqUzK8,https://s.tabelog.com/tokyo/A1306/A130602/13064170/top_amp/,,,,ひちょう,2.0,False
124.0,六本木　福鮨,寿司,,東京都,東京都港区六本木5-7-8,334024116.0,六本木駅,https://goo.gl/maps/qaCoWdmUJGKwLdDP8,http://www.roppongifukuzushi.com/,,https://www.facebook.com/roppongifukuzushi1917/,https://www.instagram.com/roppongifukuzushi,六本木 福鮨,2.0,False
125.0,中国家庭料理　北斗　青山店,中華料理,,東京都,東京都港区北青山３－５－１７,334030078.0,表参道駅,https://goo.gl/maps/zsdbv8VKBrVvdk7G8,https://r.gnavi.co.jp/g055601/,,https://www.facebook.com/%E5%8C%97%E6%96%97-%E9%9D%92%E5%B1%B1%E5%BA%97-239468826643797/?modal=admin_todo_tour,https://www.instagram.com/hokuto_aoyama/,中国家庭料理 北斗,2.0,False
126.0,FORT MARKET,イタリアン,,東京都,東京都世田谷区三軒茶屋2-11-24サンタワーズA・2階,0.0,三軒茶屋駅,https://g.page/FORTMARKET?share,https://www.fortmarket.jp/,,https://facebook.com/FORTMARKET/,https://fortmarket.jp/,FORT MARKET,1.0,False
127.0,ワインビストロ　アンフォラ,フレンチ,,東京都,東京都渋谷区千駄ヶ谷1-7-122F,334050208.0,千駄ヶ谷駅,https://g.page/amphora-sendagaya?share,https://tabelog.com/tokyo/A1309/A130901/13098227/,,,,ワインビストロ アンフォラ,2.0,False
129.0,青山　雅灯,和食,,東京都,東京都渋谷区神宮前5−51−6テラアシオス青山B1F,334060990.0,表参道駅,"https://www.google.co.jp/maps/@35.6628376,139.707587,17z/data=!3m1!4b1!4m2!7m1!2e1?hl=ja",http://www.gatou.com,,https://instagram.com/aoyamagatou/,,青山 雅灯,2.0,False
130.0,恵比寿魚竹,和食,,東京都,東京都渋谷区東2-24-6魚竹ビル1階,334061657.0,恵比寿駅,https://goo.gl/maps/jQANQvj1zCLiJaJ8A,,,,,恵比寿魚竹,2.0,False
131.0,ひごの屋　青山本店,焼き鳥,焼き鳥、とり料理,東京都,東京都港区北青山３−１２−７カプリース青山２F,334061766.0,表参道駅,https://g.page/higonoya?share,https://g.page/higonoya?share,https://twitter.com/higonoya?s=20,https://instagram.com/higonoya/,,ひごの屋 青山,2.0,False
132.0,ハブモアカレー,カレー,,東京都,東京都港区北青山3-12-7カプリース青山地下1階,334077001.0,表参道駅,https://g.page/havemorecurry?share,https://havemorecurry.jp/,https://twitter.com/havemorecurry,https://instagram.com/havemorecurry/,,ハブモアカレー,2.0,False
133.0,KOSO CAFE BIORISE,ベジ・ヴィーガン,,東京都,東京都渋谷区東3-25-3ライオンズプラザ恵比寿１F,334093405.0,恵比寿駅,https://goo.gl/maps/X1Hmcf887UhegEFH7,https://www.ko-so-cafe.jp/,,https://instagram.com/ko.so.cafe/,,KOSO CAFE BIORISE,2.0,False
134.0,サンバレーホテル,カレー,,東京都,東京都世田谷区上馬１丁目１５−１０オリエント三軒茶屋ハウス,0.0,三軒茶屋駅,https://maps.google.com/?cid=13805608412507996404,https://tabelog.com/tokyo/A1317/A131706/13195313/,https://twitter.com/SunvalleyHotel,,https://instagram.com/sunvalleyhotel/,サンバレーホテル,1.0,False
135.0,夕-seki-,和食,,東京都,東京都世田谷区三軒茶屋２丁目５５−１２ライオンズマンション101世田谷区,334127550.0,三軒茶屋駅,https://maps.google.com/?cid=10488168997227088487,https://sangenjaya-seki.gorp.jp/,,,,夕-seki-,2.0,False
136.0,HarunAtsu Café,中華料理,,東京都,東京都大田区南雪谷2丁目11-24,368833758.0,雪が谷大塚駅,https://goo.gl/maps/UXq1iQnAuPW8ZaJc6,https://harunatsu-cafe.business.site/?utm_source=gmb&utm_medium=referral,,https://www.instagram.com/harunatsucafe/?hl=ja,,HarunAtsu Café,2.0,False
137.0,イルピアット カチャトラ,イタリアン,,東京都,東京都世田谷区下馬2-34-12,334188980.0,三軒茶屋駅,https://goo.gl/maps/j2ooSaYfzduxqDkH8,http://ilpiatto-tokyo.jp,,,,イルピアット カチャトラ,2.0,False
138.0,下北線路街 空き地,カフェレストラン,,東京都,東京都世田谷区北沢2-33-12,0.0,下北沢駅,https://goo.gl/maps/AJya8u7u5fzjsUj49,https://senrogai.com/akichi,,https://facebook.com/shimokita.senrogai/,https://instagram.com/senrogai/,下北線路街 空き地,1.0,False
139.0,極楽汁麺 百麺,ラーメン・つけ麺,ラーメン,東京都,東京都世田谷区桜3-18-9,334201273.0,桜新町,"https://maps.google.com/maps?ll=35.639992,139.634286&z=14&t=m&hl=ja&gl=US&mapclient=embed&q=%E3%80%92156-0053%20%E6%9D%B1%E4%BA%AC%E9%83%BD%E4%B8%96%E7%94%B0%E8%B0%B7%E5%8C%BA%E6%A1%9C%EF%BC%93%E4%B8%81%E7%9B%AE%EF%BC%91%EF%BC%98%E2%88%92%EF%BC%99",,,,,極楽汁麺 百麺,2.0,False
140.0,久弥,和食,,東京都,東京都世田谷区桜丘2-29-21稲荷ビル101,334203492.0,千歳船橋駅,https://goo.gl/maps/TUiBDukZ7FeNgBKs9,https://753hisaya.jimdofree.com/,,https://753hisaya.jimdofree.com/,,久弥,1.0,False
141.0,Bistro Rigole （ビストロ リゴレ）,フレンチ,,東京都,東京都世田谷区三軒茶屋2-24-16,334246177.0,三軒茶屋駅,https://goo.gl/maps/DW5v92Dn9NHWReLs9,https://www.rigole.me,,https://instagram.com/bistrorigole/,,Bistro Rigole,2.0,False
142.0,シュマン,フレンチ,,東京都,東京都港区赤坂2-17-7赤坂溜池タワーアネックス,335683344.0,溜池山王駅,https://goo.gl/maps/NfQExH4WB3BzKsEx5,http://www.chemins.jp/,https://twitter.com/Chemins2002,https://www.facebook.com/chemins.jp/,,シュマン,2.0,False
143.0,ヨウケル舎,カフェレストラン,カフェランチとケーキ,東京都,東京都世田谷区経堂4-7-8,334292255.0,千歳船橋駅,https://goo.gl/maps/EaSxPYMhvp3Dk4jJA,,,https://instagram.com/yokel_sya?igshid=hylh02bsel1t,,ヨウケル舎,2.0,False
144.0,yuzuki,定食・食堂,,東京都,東京都世田谷区北沢2-33-6グリーンテラス2F,0.0,下北沢駅,https://g.page/yuzuki_shimokita?share,,,,https://instagram.com/yuzuki_shimokita/?hl=ja,yuzuki,1.0,False
145.0,ワイン食堂 ジョイーレ,イタリアン,,東京都,東京都墨田区江東橋4-29-14小峯ビル　１Ｆ,336310141.0,錦糸町駅,https://maps.app.goo.gl/VK43HZBx7he1hvVR8,https://r.gnavi.co.jp/b094000/,,https://facebook.com/%E3%82%A4%E3%82%BF%E3%83%AA%E3%82%A2%E9%A3%9F%E5%A0%82-%E3%82%B8%E3%83%A7%E3%82%A4%E3%83%BC%E3%83%AC-327873800619021/,https://instagram.com/gioire_kinshicho?igshid=8bzs9v53c6oq,ワイン食堂 ジョイーレ,2.0,False
146.0,ドリームファクトリー,イタリアン,,東京都,東京都港区浜松町１丁目１８−８,334316830.0,浜松町駅,https://goo.gl/maps/B3i86rZ9EmXCdrX68,https://pizza-df.com/,,,,ドリームファクトリー,2.0,False
147.0,江戸前つけ麺サスケ,ラーメン・つけ麺,つけ麺,東京都,東京都港区浜松町２ー４−１世界貿易センタービルB1F,334321880.0,田町,"https://maps.google.com/maps?ll=35.655865,139.75667&z=14&t=m&hl=ja&gl=US&mapclient=embed&q=%E6%B8%AF%E5%8C%BA%E6%B5%9C%E6%9D%BE%E7%94%BA%EF%BC%92%E3%83%BC%EF%BC%94%E2%88%92%EF%BC%91%20%E4%B8%96%E7%95%8C%E8%B2%BF%E6%98%93%E3%82%BB%E3%83%B3%E3%82%BF%E3%83%BC%E3%83%93%E3%83%ABB1F",,,,,江戸前つけ麺サスケ,2.0,False
148.0,Curry Punje,カレー,,東京都,東京都豊島区池袋3丁目21-13　池袋ファインコート,0.0,池袋駅,https://goo.gl/maps/WBU35fncjQrMvjn39,,https://twitter.com/CurryPunje,,,Curry Punje,1.0,False
149.0,リゴレッティーノ,イタリアン,,東京都,東京都世田谷区宮坂3-12-8地下1階,334391786.0,経堂駅,https://goo.gl/maps/cnrQpEQ3TzomuZyw7,www.rigolettino.com,https://twitter.com/yuichi_imamura,https://instagram.com/rigo.imamura,,リゴレッティーノ,2.0,False
150.0,LA GODAILLE ラゴダーユ,フレンチ,ビストロ,東京都,東京都世田谷区世田谷4丁目2-12,334396668.0,松陰神社前駅,https://goo.gl/maps/SCyTCbA2eLfwXX477,https://lagodaille.tumblr.com,,https://instagram.com/la_godaille/,,LA GODAILLE ラゴダーユ,2.0,False
151.0,イタリア料理ジータ　GITA世田谷,イタリアン,,東京都,東京都世田谷区桜3-2-10桜クリーンキャッスル101,334398876.0,経堂駅,https://goo.gl/maps/noHu3CDSWzGd4Lc29,http://gita-setagaya.com/,https://twitter.com/gita_setagaya,https://www.instagram.com/gita_setagaya/,,イタリア料理ジータ GITA世田谷,2.0,False
152.0,鳥亭,和食,,東京都,東京都港区白金3丁目1-2白金GNビル1F,334402321.0,白金高輪,https://goo.gl/maps/B7XZtSkjEETKYUxm7,,,,,鳥亭,2.0,False
153.0,Vegan Factory (Kitchen雪花),ベジ・ヴィーガン,,東京都,東京都江戸川区江戸川6-47-18,0.0,葛西駅,https://goo.gl/maps/gUHQ2GSQvr3i6M8F7,https://minne.com/@veganfactory,,https://facebook.com/veganfactoryjapan/,https://instagram.com/veganfactory.yuka/,Vegan Factory,1.0,False
154.0,天婦羅 蔵前いせや,天ぷら,,東京都,東京都台東区蔵前4-37-9,338665870.0,蔵前駅,https://maps.app.goo.gl/CJU2n4DGi8vrrEFf6,https://ameblo.jp/tensando/entry-12586668228.html,,https://www.facebook.com/kuramaeiseya/,,天婦羅 蔵前いせや,2.0,False
155.0,日乃家,和食,天ぷら屋,東京都,東京都港区三田5-20-5,334415394.0,白金高輪,,https://m.facebook.com/hinoya.washoku/,,,https://www.instagram.com/hino_ya/,日乃家,2.0,False
156.0,鬼わそと,焼き鳥,,東京都,東京都港区白金２丁目２−４,334415729.0,白金高輪駅,https://goo.gl/maps/1wpwdz4qTpoHhMb46,,,https://www.facebook.com/oniwasoto.shirokane/,https://www.instagram.com/oniwasoto.yakitori/,鬼わそと,2.0,False
157.0,魚鈴,魚介・海鮮料理,,東京都,東京都港区白金1丁目8-11,334426618.0,白金高輪,https://goo.gl/maps/Si2vE9mU6x6udGt1A,,,,,魚鈴,2.0,False
158.0,花すし,寿司,,東京都,東京都港区白金3-1-2,334441717.0,白金高輪,https://goo.gl/maps/8rmJim1aXGydjHVC8,,,,,花すし,2.0,False
159.0,花わさび 縁,和食,寿司,東京都,東京都渋谷区恵比寿1-8-7三恵8ビル6階,334445410.0,恵比寿駅,https://maps.app.goo.gl/QcTZdvawDiJYF7qE6,https://hanawasabi.tokyo/,,https://facebook.com/hanawasabi.enishi,,花わさび 縁,2.0,False
160.0,餃子酒場　赤坂よ志多　本郷三丁目店,餃子,,東京都,東京都文京区本郷2-40-18本郷協同ビル4階,338683839.0,本郷三丁目駅,https://maps.app.goo.gl/hTayKmFyAy1oW7M79,,,http://facebook.com/saketogyouza/,,餃子酒場 赤坂よ志多,2.0,False
161.0,イタリアンバルFUMO DUE,イタリアン,,東京都,東京都品川区東五反田1-11-5バルミー五反田2F,334458335.0,五反田駅,https://goo.gl/maps/8SBtDxG6HncZaxHYA,,https://mobile.twitter.com/bardifumo,,,イタリアンバルFUMO DUE,2.0,False
163.0,沖縄ダイニング さんさん,和食,,東京都,東京都港区高輪3-22-8,334459833.0,品川駅,https://goo.gl/maps/NFdwG77K4WB5Ertx9,,,,,沖縄ダイニング さんさん,2.0,False
164.0,ひとやすみ　かわばた,和食,,東京都,東京都港区白金1-25-32,334462588.0,白金高輪,https://goo.gl/maps/Aa9xrCfrEeMqxDH38,,,,,ひとやすみ かわばた,2.0,False
165.0,Energy CAFE,カフェレストラン,,東京都,東京都港区白金1-7-3,334470550.0,白金高輪,https://goo.gl/maps/kA3Tk1ebaBC2UaND7,,,,,Energy CAFE,2.0,False
166.0,PUERTO五反田,タイ料理,,東京都,東京都品川区東五反田1-16-10光美ビル地下1階,334477164.0,五反田駅,https://maps.app.goo.gl/Enr4HFABe9kZig7k7,,,,,PUERTO五反田,2.0,False
167.0,La Sosta（ラ ソスタ）,イタリアン,,東京都,東京都港区白金台5-13-14白金台the1000B1F,334478934.0,白金台駅,https://goo.gl/maps/pRZ15dx4HmPUsPNC7,https://instagram.com/ristorante_lasosta,,https://facebook.com/illuogodiristorantelasosta,,La Sosta,2.0,False
168.0,グリルハンター,ステーキ・ハンバーグ,,東京都,東京都豊島区東池袋１丁目４０−９第８９東京ビルB1,339877110.0,池袋駅,https://goo.gl/maps/NgPq4EfReUF8C4Ue9,https://tabelog.com/tokyo/A1305/A130501/13037061/,https://twitter.com/Grillhunter1,,,グリルハンター,1.0,False
169.0,イル ボッカローネ,イタリアン,,東京都,東京都渋谷区恵比寿1-15-9,334491430.0,恵比寿駅,https://goo.gl/maps/aWUD4UUJLSTbmt6R6,,,https://facebook.com/ilboccalone.tokyo,https://instagram.com/ilboccalone_official/,イル ボッカローネ,2.0,False
170.0,ピワン（piwang）,カレー,,東京都,東京都武蔵野市吉祥寺本町2-14-7吉祥ビル,0.0,吉祥寺駅,https://goo.gl/maps/pgJnyncwFPqGfrCJ8,http://piwang.jp/,https://twitter.com/piwang_curry?ref_src=twsrc%5Egoogle%7Ctwcamp%5Eserp%7Ctwgr%5Eauthor,https://facebook.com/piwangcurry/,https://instagram.com/piwaang/,ピワン,1.0,False
171.0,Picasso BAR & KITCHEN,イタリアン,,東京都,東京都新宿区百人町１丁目２３−２１２階,353300481.0,大久保駅,https://g.page/picasso1?share,http://1999picasso.com/,https://twitter.com/picasso_pcs,https://facebook.com/1999picasso/,https://instagram.com/picasso_pcs/,Picasso BAR & KITCHEN,2.0,False
172.0,カフェグレース,カフェレストラン,,東京都,東京都港区三田2-17-29,334547392.0,三田駅,https://goo.gl/maps/jz1ev9V4KqtSuwaW9,,,,,カフェグレース,2.0,False
173.0,gallo四谷,居酒屋・ダイニングバー,焼き鳥,東京都,東京都新宿区四谷三丁目9-18慶和ビル2階,353414550.0,四谷三丁目駅,https://goo.gl/maps/NQj5eKTCL5UEq4cH7,,,https://www.facebook.com/yotuyasantyoume.gallo?ref=stream,,gallo四谷,2.0,False
174.0,中華そばむらさき山,ラーメン・つけ麺,ラーメン,東京都,東京都港区芝5-23-8,334558966.0,田町,"https://maps.google.com/maps?ll=35.647939,139.746157&z=14&t=m&hl=ja&gl=US&mapclient=embed&q=%E3%80%92108-0014%20%E6%9D%B1%E4%BA%AC%E9%83%BD%E6%B8%AF%E5%8C%BA%E8%8A%9D%EF%BC%95%E4%B8%81%E7%9B%AE%EF%BC%92%EF%BC%93%E2%88%92%EF%BC%98",,,,,中華そばむらさき山,2.0,False
175.0,クッチーナヒラタ,イタリアン,,東京都,東京都港区麻布十番2-13-10エンドウビル3F,334570094.0,麻布十番駅,https://goo.gl/maps/ZTgCKYSvs9x5CjG57,http://www.cucina-hirata.com/,,,,クッチーナヒラタ,2.0,False
176.0,ブルースカイコーヒー,カフェレストラン,,東京都,東京都三鷹市井の頭4-1-1井の頭公園内,0.0,井の頭公園駅,https://maps.app.goo.gl/hkLwnpJvgxpj2Kw89,http://blueskycoffee.jp/,,,,ブルースカイコーヒー,1.0,False
177.0,テピート,メキシコ料理,,東京都,東京都世田谷区北沢3-19-9,334601077.0,下北沢駅,https://goo.gl/maps/wzknrdXGP1rvS7rS8,https://www.tepito.jp/,https://twitter.com/InfoTepito?s=09,https://www.facebook.com/shimokitazawamexico/,,テピート,2.0,False
178.0,Welfun Cafe,スペイン料理,,東京都,東京都渋谷区西原3-24-12岡部ビル1F,334603018.0,代々木上原駅,https://goo.gl/maps/RLu3JZN2Bxj7qzoL6,,,,,Welfun Cafe,2.0,False
179.0,daikanyama Q'z,イタリアン,,東京都,東京都渋谷区代官山町11-12日進ヒルズ代官山2F,354223654.0,代官山駅,https://goo.gl/maps/FvSbRB72PLBQWi3S7,https://www.qz-dky.jp/,,https://facebook.com/Qzdaikanyama/,https://instagram.com/daikanyama.qz/,daikanyama Q'z,1.0,False
180.0,LaGocciaTokyo,イタリアン,,東京都,東京都港区白金台4-8-10立花ビル1F,354226889.0,白金台駅,https://g.page/LaGocciaTokyo?share,https://www.lagocciatokyo.com,https://twitter.com/lagocciatokyo,https://facebook.com/LaGocciaTokyo,https://instagram.com/lagocciatokyo,LaGocciaTokyo,2.0,False
181.0,ドイーニョケンタローネ,イタリアン,ワインバー・パブ,東京都,東京都世田谷区三軒茶屋１丁目３５−４ファインロゼ1F,354313010.0,三軒茶屋駅,https://goo.gl/maps/cuR1PgxxsPdYsJYf8,tabelog.com/tokyo/A1317/A131706/13169776,,https://facebook.com/doiken.wine/,https://instagram.com/doignokentarone?igshid=8vklzroe112q,ドイーニョケンタローネ,1.0,False
182.0,三軒茶屋 燻製201号室,イタリアン,燻製専門店,東京都,東京都世田谷区三軒茶屋1-32-6,354315138.0,三軒茶屋駅,https://goo.gl/maps/ntusLMG9AUufwoPv6,http://span-co.jp,,https://facebook.com/smokesangenjaya/,https://www.instagram.com/kunseisancha,三軒茶屋 燻製201号室,1.0,False
183.0,ロウリーズ・ザ・プライムリブ 恵比寿ガーデンプレイス店,ステーキ・ハンバーグ,アメリカンローストビーフ,東京都,東京都渋谷区恵比寿4-20-3ガーデンプレイスタワーB2F,354888088.0,恵比寿駅,https://goo.gl/maps/Uefd3j9iFcBsSktD7,,,,,ロウリーズ・ザ・プライムリブ,2.0,False
184.0,燻製Kitchen 五反田,イタリアン,燻製,東京都,東京都品川区西五反田2-6-1石塚ビル1,357196205.0,五反田駅,https://g.page/kunseikitchengotandaten-shinagaw?share,http://span-co.jp,,,https://instagram.com/kunseigotanda?igshid=1bgzaxch4nfav,燻製Kitchen 五反田,2.0,False
185.0,7th FLOOR,その他,ライブバー,東京都,東京都渋谷区円山町２−３Owestビル,334624466.0,神泉,https://goo.gl/maps/XKZ925qUVxdwTBMHA,7th-floor.net,https://twitter.com/7thFLOORnanakai,https://www.facebook.com/shibuya7thfloor,https://www.instagram.com/7thfloornanakai/,7th FLOOR,2.0,False
186.0,中目黒 燻製 アパートメント,イタリアン,燻製,東京都,東京都目黒区中目黒1-1-52,357258391.0,中目黒駅,https://goo.gl/maps/fDqBhc6UAZWBVDmi8,http://span-co.jp,,,https://instagram.com/kunseinaka?igshid=1ltq3agh3ujyi,中目黒 燻製 アパートメント,1.0,False
187.0,TOMI WINE CHAPEL,その他,イタリアン＆ビストロ＆ワインバー,長野県,長野県東御市田中６３−４,268557511.0,田中,https://goo.gl/maps/XemM6jRuh9kbGMnH6,https://tomiwinechapel.jimdofree.com,,,,TOMI WINE CHAPEL,1.0,False
188.0,dたべる研究所,カフェレストラン,,東京都,東京都世田谷区奥沢8-3-2田園マンション1FD&DEPARTMENT内,357520120.0,九品仏駅,https://goo.gl/maps/f6wZQdp3qL5ZLW869,https://www.d-department.com/item/DD_TEXT_REPORT_19514.html,,https://facebook.com/d.and.department.tokyo/,https://instagram.com/d_d_tokyo/,dたべる研究所,1.0,False
189.0,dining&bar KITSUNE,イタリアン,,東京都,東京都渋谷区東2-20-13　シャトレー渋谷B1,357665911.0,渋谷駅,https://goo.gl/maps/3bf6NWSg3p4UfrQB6,http://kitsune-web.jp/,https://twitter.com/barKITSUNE,https://facebook.com/barKITSUNE,https://instagram.com/kitsune_shibuya/,dining&bar KITSUNE,1.0,False
190.0,恵比寿 吉乃坐,和食,日本の地のもの酒処,東京都,東京都渋谷区恵比寿4-24-4,357935776.0,恵比寿駅,https://g.page/ebisukichinoza?share,http://kichinoza.jp/,,https://facebook.com/ebisukichinoza/,https://instagram.com/ebisu.kichinoza/,恵比寿 吉乃坐,2.0,False
191.0,THE FARM CAFE,ベジ・ヴィーガン,,東京都,東京都台東区花川戸1-3-3矢吹ビル1階,358308134.0,浅草駅,https://g.co/kgs/yshZLv,https://thefarmcafetokyo.business.site/,https://twitter.com/thefarmcafe2,https://facebook.com/thefarmcafeasakusa/,https://instagram.com/thefarmcafe/,THE FARM CAFE,3.0,False
192.0,ワイン食堂がっと,フレンチ,,東京都,東京都渋谷区円山町17-2,334645568.0,神泉駅,https://goo.gl/maps/fCMeX93ar95mE2oj7,,,https://facebook.com/daiske.sato.710,,ワイン食堂がっと,2.0,False
193.0,甚三紅,寿司,,東京都,東京都台東区谷中1-1-21,358329809.0,根津,,https://www.facebook.com/zinzamomi/,,,https://www.facebook.com/zinzamomi/,甚三紅,2.0,False
194.0,城西苑,焼肉,,東京都,東京都世田谷区北沢2-34-8北沢Ｋ,334650223.0,下北沢駅,https://goo.gl/maps/5hGu1gVWEFf4JP4i7,https://tabelog.com/tokyo/A1318/A131802/13012540/,https://twitter.com/jyosaien,,,城西苑,2.0,False
195.0,lumielune,フレンチ,,東京都,東京都世田谷区北沢3-18-5伊東ビル1F,334650573.0,下北沢駅,https://goo.gl/maps/7zf4DMHwbybKsCFb8,,,https://facebook.com/lumielune/,https://instagram.com/lumielune_shimokita/,lumielune,2.0,False
196.0,アルドアック,スペイン料理,,東京都,東京都渋谷区上原１丁目１−２０,334651620.0,代々木八幡駅,https://maps.google.com/?cid=12404359225969191414,http://ardoak.biz,https://twitter.com/ardoak,https://facebook.com/Ardoak/,,アルドアック,2.0,False
197.0,ヴィーガン創作家庭料理KLASINA,ベジ・ヴィーガン,和風のヴィーガン料理,東京都,東京都世田谷区北沢3-26-6本堂11階左,334663596.0,下北沢駅,https://goo.gl/maps/imRsDeKHB6vkGTBL9,https://klasina.tokyo/,https://twitter.com/klasina_castle,https://facebook.com/klasina.castle/,https://instagram.com/klasina_vegantokyo/,ヴィーガン創作家庭料理KLASINA,2.0,False
198.0,揚子菜館,中華料理,自家製ラーメン・餃子・中華料理,静岡県,静岡県浜松市南区楊子町４４５−１,534412927.0,浜松,https://g.page/youzusaikan?share,http://youzusaikan.business.site/,https://twitter.com/youzusaikan,https://www.facebook.com/youzusaikan,,揚子菜館,1.0,False
199.0,Dubois デュボワ,カフェレストラン,,東京都,東京都渋谷区西原２丁目２０−８,334673958.0,幡ヶ谷,https://goo.gl/maps/bdYHt6MLFRtRGtmF7,http://www.cafe-dubois.com/,,https://www.facebook.com/cafedubois/,,Dubois デュボワ,2.0,False
200.0,ルヴァン,ベジ・ヴィーガン,,東京都,東京都渋谷区富ケ谷2-43-13,334689669.0,代々木公園駅,https://goo.gl/maps/JwsDUZH8enxKj4Ln6,,,,,ルヴァン,2.0,False
201.0,もつ焼き のんき,焼きとん,もつ焼き・やきとん・名物『しろたれ』,東京都,東京都墨田区錦糸３丁目６−１,362404450.0,錦糸町,https://goo.gl/maps/9Mn9XeSuE3uWn7N46,http://next-gf.com/shops/,https://twitter.com/takamasa_box,https://www.facebook.com/pages/%E3%82%82%E3%81%A4%E7%84%BC%E3%81%AE%E3%82%93%E3%81%8D-%E9%8C%A6%E7%B3%B8%E7%94%BA%E5%BA%97/100560328065619,,もつ焼き のんき,1.0,False
202.0,焼き鳥とワイン　源moto,焼き鳥,,東京都,東京都港区六本木３丁目８−７茂海ビル１F,334756333.0,六本木一丁目駅,https://goo.gl/maps/B31h1qSsV12QfVTs7,http://izakaya-moto.jp/yakitori/,,https://facebook.com/yakitoritowinemoto/,https://instagram.com/yakitoriwinemoto/,焼き鳥とワイン 源moto,1.0,False
203.0,おかめ茶屋,居酒屋・ダイニングバー,,東京都,東京都渋谷区円山町１９−１１,334760795.0,,https://goo.gl/maps/et2YhsppjNqA1UqF8,,,,,おかめ茶屋,2.0,False
204.0,レストラン パッション,フレンチ,,東京都,東京都渋谷区猿楽町29-18HillsideTerraceB,334765166.0,代官山駅,https://goo.gl/maps/ucF2dZykbGx41atf6,http://www.pachon.co.jp/jpn/pachon/index_main.html,,https://www.facebook.com/pachongroupe/,,レストラン パッション,2.0,False
205.0,グットドレザン,フレンチ,,東京都,東京都新宿区新宿1-19-11クサマビルB1,362731721.0,新宿御苑前駅,https://maps.google.com/?q=%E3%82%B0%E3%83%83%E3%83%88%E3%83%89%E3%83%AC%E3%82%B6%E3%83%B3,,,https://www.facebook.com/gouttederaisin/?ref=br_rs,,グットドレザン,2.0,False
206.0,鉄板処　茶々,お好み焼き・もんじゃ焼き,鉄板焼き　お好み焼き,東京都,東京都港区元麻布3-11-2　カドル麻布十番3Ｆ,334792215.0,麻布十番駅,https://goo.gl/maps/ZEfAbbPuQ8MbguxM8,,,https://facebook.com/chacha10ban/,,鉄板処 茶々,2.0,False
207.0,ボンボニエール,イタリアン,,東京都,東京都狛江市西野川1-16-5,334801122.0,つつじヶ丘駅,https://g.co/kgs/yVCMD8,,,,,ボンボニエール,2.0,False
208.0,椿,とんかつ,,東京都,東京都世田谷区成城5-15-3,334830450.0,成城学園前駅,https://goo.gl/maps/tBqHYmg2ws2orQ2RA,,,https://facebook.com/TONKATSUTSUBAKI/,,椿,2.0,False
209.0,櫻子,その他,和食・甘味,東京都,東京都世田谷区成城6丁目10-2成城ハナビル3階,334835296.0,成城学園前駅,https://goo.gl/maps/dVDne11JGwAH8KVd7,,,https://facebook.com/%E6%88%90%E5%9F%8E-%E6%AB%BB%E5%AD%90-618589164867420/,,櫻子,2.0,False
210.0,桂花,中華料理,,東京都,東京都世田谷区成城6-4-13成城フルールビル2階,334838581.0,成城学園前駅,https://goo.gl/maps/FS8ZSop81hN4EUCb6,,,,,桂花,2.0,False
212.0,立川カフェ Stephan and Joe ,カフェレストラン,ケーキ屋さん,東京都,東京都立川市柴崎町2-10-14,425956718.0,立川,https://goo.gl/maps/w6ocuuH4ja2UX4qz7,https://www.instagram.com/stephanandjoe/,,https://www.facebook.com/stephanandjoe/,https://www.instagram.com/stephanandjoe/,立川カフェ Stephan and Joe,3.0,False
213.0,Ryukyu Chinese Dining TAMA,中華料理,,東京都,東京都渋谷区渋谷2-3-2藤本ビル2F,334865577.0,,https://goo.gl/maps/oGVkG8FPWDCo4GkN9,,,,,Ryukyu Chinese Dining TAMA,2.0,False
214.0,TORISALON,和食,,東京都,東京都港区西麻布2丁目25-24 2階,334866366.0,六本木駅,https://goo.gl/maps/rNDnMEL8SZxaYXku9,https://instagram.com/torisalon6710?igshid=19i1q1xbxax6i,,https://facebook.com/Torisalon-1709487192640793/,,TORISALON,2.0,False
215.0,亜細亜食房リバーサイゴン,ベトナム料理,,東京都,東京都狛江市東和泉3丁目10-7,334886848.0,狛江駅,https://goo.gl/maps/N1bdFnEHk1nhdXZh8,,,,,亜細亜食房リバーサイゴン,2.0,False
216.0,家庭料理うさぎ,和食,,東京都,東京都品川区西五反田7-18-5,334902158.0,五反田駅,https://goo.gl/maps/dedKEhGB8F24V8fs7,https://instagram.com/juju_usagimama/,,https://facebook.com/gotanda.usagi/,,家庭料理うさぎ,2.0,False
217.0,インド・ネパール料理　ラクシュミー,カレー,インド,東京都,東京都品川区上大崎2-27-1サンフェリスタ目黒2F,334933714.0,目黒駅,https://goo.gl/maps/9iEbD93wekt6zqF19,,https://twitter.com/laxmi_meguro,https://facebook.com/laxmimeguro/?modal=admin_todo_tour,,インド・ネパール料理 ラクシュミー,2.0,False
218.0,龍門,中華料理,,東京都,東京都品川区上大崎2丁目27-3目黒駅前山田ビルBF1,334938771.0,目黒駅,https://goo.gl/maps/88wJPhoyic3YrJNR7,,,,,龍門,2.0,False
219.0,銀座 壮石 新,寿司,,東京都,東京都中央区入船3-3-12あぐいビル1F,362803022.0,新富町駅,https://goo.gl/maps/NfBMk9PEANvC4t8ZA,https://www.soseki-arata.com/,,https://facebook.com/soseki.arata/,,銀座 壮石 新,2.0,False
220.0,神楽坂くろす,和食,寿司,東京都,東京都新宿区津久戸町4-11,362808112.0,飯田橋駅,https://goo.gl/maps/TgXm2BoiwNjWAdYb8,,,https://www.facebook.com/kagurazakakurosu/,,神楽坂くろす,2.0,False
221.0,ロス・バルバドス,ベジ・ヴィーガン,,東京都,東京都渋谷区宇田川町41-26パピエビル104,334967157.0,渋谷駅,https://goo.gl/maps/4YDwWzfUVBPbDzPx5,,https://twitter.com/barbados4126,https://www.facebook.com/losbarbados.shibuya/,,ロス・バルバドス,2.0,False
222.0,タベルナユキ,スペイン料理,,東京都,東京都港区赤坂6-6-5赤坂ロイヤルビル1F,335052550.0,赤坂駅,https://goo.gl/maps/tD4q1CaUPL6aBnJw8,http://www.taberna-yuki.com/TABERNA_YUKI/supein_shi_tangBARtaberunayuki.html,https://twitter.com/taberna_yuki,,,タベルナユキ,2.0,False
223.0,炭火居酒屋山﨑　新橋店,居酒屋・ダイニングバー,和食,東京都,東京都港区新橋2-10-1NKビルB1F,335080797.0,新橋駅,https://goo.gl/maps/PAmcv6EHi28HShTJ7,,,,,炭火居酒屋山﨑,2.0,False
224.0,LEVEL神楽坂,フレンチ,,東京都,東京都新宿区神楽坂4-3TKビル1階,362808220.0,神楽坂駅,https://g.page/nichifutsubaru?share,,,https://facebook.com/nichifutsubaru/,https://instagram.com/levelkrz1113?igshid=1jfpogh996yss,LEVEL神楽坂,1.0,False
225.0,andon,和食,,東京都,東京都中央区日本橋3−11−10,335272498.0,小伝馬町,https://goo.gl/maps/y6LBnsVT77m7ZZPBA,http://andon.shop,,https://facebook.com/andon.omusubi/,https://instagram.com/andon.omusubi/,andon,2.0,False
226.0,肉処にくのすけ,焼肉,,東京都,東京都中央区日本橋小伝馬町10-8,335273129.0,小伝馬町駅,https://g.page/nikunosuke?share,https://nosuke-world.com/nikunosuke.html,https://twitter.com/nikunosuke2929,,https://instagram.com/nikunosuke2929?igshid=l5vcqur674cg,肉処にくのすけ,2.0,False
227.0,喫茶パーラーふるさと,ハンバーガー,,東京都,東京都中央区月島1-9-15,335316916.0,月島駅,https://goo.gl/maps/4QVmA76FDUUXZZwz5,,,,,喫茶パーラーふるさと,2.0,False
228.0,てのしま,和食,,東京都,東京都港区南青山1-3-211-55ビル2階,363162150.0,青山一丁目駅,https://goo.gl/maps/q4uYP8esz3vATztQ6,https://www.tenoshima.com/,,https://facebook.com/tenoshima/,https://instagram.com/tenoshima884/,てのしま,2.0,False
229.0,築地さらしなの里,和食,,東京都,東京都中央区築地3-3-9,335417343.0,築地駅,https://goo.gl/maps/WjdVzQnbcGP8FkR27,https://sarashinanosato.com,,,,築地さらしなの里,2.0,False
230.0,オステリアイルレオーネ,イタリアン,,東京都,東京都新宿区新宿2-1-7,363800505.0,新宿御苑前駅,https://goo.gl/maps/rRTX4SeZyFTqhi2R6,http://illeone.jimdo.com,,https://facebook.com/osteriailleone/,https://instagram.com/osteriailleone/,オステリアイルレオーネ,2.0,False
231.0,食と和酒の店　暁,和食,,東京都,東京都練馬区豊玉上1-11-6,335577348.0,江古田駅,https://goo.gl/maps/EECmPdVrg4NjBCS38,https://r.gnavi.co.jp/e770600/,https://twitter.com/ekoda_akatsuki1,,https://instagram.com/ekoda_akatsuki/?hl=ja,食と和酒の店 暁,2.0,False
232.0,ラ・ファミーユ,カレー,,東京都,東京都板橋区高島平1-49-1すずきマンション1F,335596485.0,西台駅,https://goo.gl/maps/28d8zQQziwSLWZPAA,,,,,ラ・ファミーユ,2.0,False
233.0,葡萄屋,和食,,東京都,東京都大田区山王3-29-3,335642001.0,大森駅,https://goo.gl/maps/yJ7v3qZYx7KezYAY8,,,,http://www.instagram.com/budoya_yakitori,葡萄屋,2.0,False
235.0,dashi-sai ゆかり ~紫~,和食,,東京都,東京都中央区銀座8-4-24　銀座藤井ビル2階,335690013.0,銀座,https://goo.gl/maps/MCCtnb7Uya7zZDaE7,https://tabelog.com/tokyo/A1301/A130103/13241352/,,,https://instagram.com/dashi_sai_yukari?igshid=a5h3h2f3vb17,dashi-sai ゆかり ~紫~,2.0,False
236.0,銀座エスコフィエ,フレンチ,,東京都,東京都中央区銀座5丁目4-15西五ビル2F,335711882.0,銀座駅,https://g.page/ginza-escoffier?share,https://www.escoffier.co.jp/,,,https://www.instagram.com/ginzaescoffier/,銀座エスコフィエ,2.0,False
237.0,オールドタイランド　GEMS市ヶ谷店,タイ料理,,東京都,東京都千代田区六番町4-3GEMS市ヶ谷3F,363808360.0,市ヶ谷駅,https://goo.gl/maps/q2hUTk7QxtGwxoK76,http://www.sscy.co.jp/oldthailand.html,,https://facebook.com/%E3%82%AA%E3%83%BC%E3%83%AB%E3%83%89%E3%82%BF%E3%82%A4%E3%83%A9%E3%83%B3%E3%83%89-GEMS-%E5%B8%82%E3%83%B6%E8%B0%B7%E5%BA%97-439848312881092/,https://instagram.com/oldthailand_ichigaya/,オールドタイランド,2.0,False
238.0,シノワ　（シノワ銀座店）,フレンチ,,東京都,東京都中央区銀座6-4-5オリエントビルB1F,335713108.0,銀座駅,https://goo.gl/maps/xUmjfVTw8DQuiMnF7,https://www.chinois.jp/ginza/,,https://facebook.com/WineBarChinois/,,シノワ,2.0,False
239.0,銀座 小料理 龍,和食,,東京都,東京都中央区銀座8-2-8高坂ビルB2F,335713800.0,新橋駅,https://goo.gl/maps/GdqNLwdLhUgB7Qk7A,https://www.facebook.com/koryouritatsu/,,https://facebook.com/koryouritatsu/,,銀座 小料理 龍,2.0,False
240.0,蕎麦Sycamore,そば・うどん,,東京都,東京都世田谷区世田谷3-3-1COMSSETAGAYAB-1,364135653.0,東急上町駅,https://goo.gl/maps/iK8p8cVUSsh54LPQ6,https://soba-sycamore.jp,,,,蕎麦Sycamore,1.0,False
241.0,大勝軒いぶき,ラーメン・つけ麺,ラーメン,東京都,東京都練馬区田柄５丁目１６−１０,335774112.0,光が丘,"https://maps.google.com/maps?ll=35.75872,139.632229&z=14&t=m&hl=ja&gl=US&mapclient=embed&q=%E3%80%92179-0073%20%E6%9D%B1%E4%BA%AC%E9%83%BD%E7%B7%B4%E9%A6%AC%E5%8C%BA%E7%94%B0%E6%9F%84%EF%BC%95%E4%B8%81%E7%9B%AE%EF%BC%91%EF%BC%96%E2%88%92%EF%BC%91%EF%BC%90",,,,,大勝軒いぶき,2.0,False
243.0,グルテンフリーレストラン　ふぉこらーれ,各国料理,グルテンフリー,東京都,東京都世田谷区世田谷1-16-24榎本ビル1階,364136363.0,世田谷駅,https://goo.gl/maps/6rT5BvbZKedBTpuG6,http://xn--qcks2bj7dugefm1eg7h.tokyo/,,,,グルテンフリーレストラン ふぉこらーれ,1.0,False
245.0,粋 Sui | キッチンスタジオ＆カフェ,ベジ・ヴィーガン,,東京都,東京都三鷹市井の頭5-21-16,0.0,吉祥寺駅,https://g.page/suii-jp?share,https://suii.jp/,,https://facebook.com/suii.jp/,https://instagram.com/suii.jp/,粋 Sui | キッチンスタジオ＆カフェ,1.0,False
246.0,九州料理　おにまる,和食,,東京都,東京都港区麻布十番1丁目11-10十番アネックス1F,335868187.0,麻布十番駅,https://goo.gl/maps/D7oehEomK7erHJn26,https://www.facebook.com/九州料理-おにまる-186431831535384/,https://twitter.com/onimaru_azabu,https://facebook.com/九州料理-おにまる-186431831535384/,,九州料理 おにまる,2.0,False
247.0,炭焼きやきとり はな 扇橋店,居酒屋・ダイニングバー,,東京都,東京都江東区扇橋2丁目21-2宮方ビル1Ｆ,336153287.0,住吉駅,https://goo.gl/maps/YBckwpL6vaf1mgrh6,https://tabelog.com/tokyo/A1312/A131201/13033461/,,,,炭焼きやきとり はな,2.0,False
248.0,ヨロシク寿司 稲城店,和食,,東京都,東京都稲城市大丸630,0.0,稲城長沼駅,https://goo.gl/maps/monYbLsJ42MjCTaw7,https://www.sushiten.com/?tokyo%2Fyoroshiku,,,,ヨロシク寿司,1.0,False
249.0,カフェレストラン鍵,洋食,,東京都,東京都江東区森下2-19-1森下キーコーポ一階,336320770.0,森下駅,https://goo.gl/maps/69FhGGo8sxDAE1Ug7,https://yoshoku-restaurant.business.site/,,,,カフェレストラン鍵,2.0,False
250.0,ハレラニテラス,ベジ・ヴィーガン,,愛知県,愛知県名古屋市千種区覚王山通9-16-3,0.0,覚王山駅,http://maps.google.com/?cid=10190403929377805541&hl=ja&gl=jp,http://halelaniterrace.com/,,,,ハレラニテラス,1.0,False
251.0,清澄白河フジマル醸造所,イタリアン,,東京都,東京都江東区三好2-5-3,336417115.0,清澄白河駅,https://maps.app.goo.gl/vqfs2CbG2XqwvgX9A,,,https://facebook.com/kiyosumishirakawa.fujimaru/,fujimaru_tokyo,清澄白河フジマル醸造所,2.0,False
252.0,日の出寿司,寿司,,東京都,東京都江戸川区南小岩8丁目26-6,336571218.0,小岩駅,https://goo.gl/maps/e5KN2PmBscRZ2zM86,,,,,日の出寿司,2.0,False
253.0,あやせ寿司,寿司,,東京都,東京都江戸川区西小岩1丁目16-16,336573837.0,小岩駅,https://goo.gl/maps/ZwTyHLaZkT5dTLok6,,,,,あやせ寿司,2.0,False
254.0,日本橋茅場町 鳥徳,その他,焼鳥＆鰻,東京都,東京都中央区日本橋茅場町2丁目5番地6号,336610962.0,茅場町駅,https://goo.gl/maps/xTEvh7fwFtLo2e6C8,,,,,日本橋茅場町 鳥徳,2.0,False
255.0,イレール人形町,フレンチ,ビストロ,東京都,東京都中央区日本橋人形町2-22-2,336620775.0,人形町駅,https://goo.gl/maps/tFD1XHNey4VfF59c6,http://www.irreel.jp,,http://facebook.com/irreel/,,イレール人形町,2.0,False
256.0,ベジとスパイス　om om om,ベジ・ヴィーガン,,愛知県,愛知県常滑市本町2-1,0.0,常滑駅,https://goo.gl/maps/jskFreFRScUy5KKE8,https://omomom.amebaownd.com,,,,ベジとスパイス om om om,1.0,False
257.0,PIZZA DA BABBO,イタリアン,,東京都,東京都中央区日本橋人形町２丁目２１−１ＦＳビル1F,336662777.0,人形町駅,https://g.co/kgs/MWbyB1,http://www.da-babbo.jp/,https://twitter.com/dababbo,,,PIZZA DA BABBO,2.0,False
258.0,かしかし,和食,焼き鳥,東京都,東京都江戸川区南小岩7-22-11リベーロ平和Ⅱ1階,336716825.0,小岩駅,https://goo.gl/maps/cL1Mn13sdvkBZbax9,https://r.gnavi.co.jp/g552300/,,,,かしかし,2.0,False
259.0,讃岐直送うどんさいた川,そば・うどん,,東京都,東京都江戸川区西葛西5丁目8-4-104,336879971.0,西葛西駅,https://goo.gl/maps/qFSkkNctznik69bk8,http://www.kojima2.com/saitagawa/,,,,讃岐直送うどんさいた川,2.0,False
260.0,フォーシーズンズカフェ,カフェレストラン,,東京都,東京都江戸川区西葛西6丁目5-12,336891173.0,西葛西駅,https://goo.gl/maps/RSUPuuDYt8sqLxyX7,http://www.fourseasons-cafe.com/sp/,https://twitter.com/fourseasonscafe,,,フォーシーズンズカフェ,2.0,False
261.0,二毛作,おでん,,東京都,東京都葛飾区立石1-14-4,336942039.0,京成立石駅,https://goo.gl/maps/3wCnBUKucjCZkziy8,,,https://facebook.com/二毛作-188017141253779/,,二毛作,2.0,False
262.0,肉呑み びあんど,居酒屋・ダイニングバー,,東京都,東京都江東区南砂4-18-9,336990155.0,南砂町駅,https://maps.app.goo.gl/ULyusZxpYMvSbAPt5,,https://twitter.com/0291viande4129?s=09,,https://instagram.com/viande4129?igshid=pe3oixfxcbne,肉呑み びあんど,2.0,False
263.0,焼肉アリラン,居酒屋・ダイニングバー,韓国料理,東京都,東京都江東区潮見2-1-8,336997736.0,潮見駅,https://goo.gl/maps/U3viroLekG53wtWr5,,,https://facebook.com/炭火焼肉-韓国家庭料理-アリラン-潮見-375337752501467/,,焼肉アリラン,2.0,False
264.0,のどか,和食,,東京都,東京都世田谷区用賀4-9-25,337001317.0,用賀駅,https://goo.gl/maps/dkgLouHLudMZyCv4A,http://www.cafe-nodoca.com/,,,,のどか,2.0,False
265.0,たまき食堂,定食・食堂,,東京都,東京都世田谷区玉堤1-29-12,337018708.0,尾山台駅,https://goo.gl/maps/bSoc8SW8HuHEsTUH7,,https://twitter.com/jvsiXeTloaLns05?s=20,,,たまき食堂,2.0,False
266.0,バッカ ムニカ Bakka m'unica,ピザ,,東京都,東京都品川区東大井１丁目３−１７,364332737.0,鮫洲,https://goo.gl/maps/MTXbJLXdBtyTnrcx7,http://www.bakka.jp/,,https://www.facebook.com/pizzabakka/posts/,,バッカ ムニカ Bakka m'unica,1.0,False
267.0,野菜がおいしいダイニング LONGING HOUSE 北青山,洋食,ベジ・ヴィーガン,東京都,東京都港区北青山3-9-10　瀬川ビル1F,364335808.0,表参道駅,https://g.page/longinghouse?share,https://www.longinghouse.com/no.2/,https://twitter.com/home,https://facebook.com/longing2/,https://www.instagram.com/longing_no2/,野菜がおいしいダイニング LONGING HOUSE 北青山,1.0,False
268.0,civinova,居酒屋・ダイニングバー,,東京都,東京都世田谷区用賀4丁目3-11,337070883.0,用賀駅,https://goo.gl/maps/a54HYRdMWSX6L9wM6,,,https://facebook.com/%E3%83%81%E3%83%93%E3%83%8E%E3%83%90-civinova-1766046963719610/,https://www.instagram.com/civinovayoga/,civinova,2.0,False
270.0,naturam kazuya sugiura,フレンチ,,東京都,東京都世田谷区玉川1-17-16,337087723.0,二子玉川駅,https://goo.gl/maps/i47cNQ1Z4jbvCta1A,https://www.naturam.tokyo.jp,,,https://instagram.com/naturam.lab/,naturam kazuya sugiura,2.0,False
271.0,Cafe Dream,ベジ・ヴィーガン,,愛知県,愛知県日進市栄2-408Bellvie2F,0.0,日進駅,https://maps.app.goo.gl/uN2EAyGuryDjV7Tu9,https://cafedream-nagoya.com/,https://twitter.com/KaoriMashio?s=09,https://facebook.com/cafedreamofficial/?locale2=ja_JP,https://instagram.com/cafedream_nagoya/,Cafe Dream,1.0,False
272.0,utage,イタリアン,,大阪府,大阪府大阪市中央区難波千日前2-13,0.0,日本橋駅,https://goo.gl/maps/aAGqtXFr9UVFXpVu7,,,,https://instagram.com/syuuhei1?igshid=1lh8ilk8yhwrx,utage,1.0,False
273.0,和食居酒屋 晴庵,和食,,東京都,東京都目黒区鷹番3-19-21,337110161.0,学芸大学駅,https://g.page/seian2003?share,http://sei-an.jp/,https://twitter.com/seian_gakudai,https://instagram.com/seian.sato/,,和食居酒屋 晴庵,1.0,False
274.0,torch cafe,カフェレストラン,,東京都,東京都渋谷区恵比寿南2-1-12サトウビル2F,337126888.0,恵比寿駅,https://goo.gl/maps/bbPczBXg3TGVy1UdA,,,https://instagram.com/torchcafe/,,torch cafe,1.0,False
275.0,ナチュラビロジー★クック,ベジ・ヴィーガン,,大阪府,大阪府東大阪市長田3-8-18サンライズ長田1F,0.0,長田駅,https://goo.gl/maps/4uRkPL9R8LvVTbcc7,https://cook.kvestbeam.co.jp/,,https://facebook.com/profile.php?id=100043618835837,,ナチュラビロジー★クック,1.0,False
277.0,アジアン屋台バル クアトロ,タイ料理,,東京都,東京都渋谷区恵比寿南1-7-8ニューライフ恵比寿103,337149196.0,恵比寿駅,https://goo.gl/maps/ygx4R6yJWGWE5DXt8,,,https://instagram.com/p/B9_DuaDgnQp/?igshid=1r8ivfp36x9er,,アジアン屋台バル クアトロ,1.0,False
278.0,麺K A W A K E I,ラーメン・つけ麺,,東京都,東京都渋谷区円山町１８−２,367127622.0,,https://goo.gl/maps/AVJoJqpCgn7eFdYMA,,,,https://www.instagram.com/kawakei.50th/,麺K A W A K E I,2.0,False
279.0,日本料理衛藤,和食,,東京都,東京都大田区蒲田3-17-16,367159727.0,京急蒲田駅,https://maps.app.goo.gl/xECMGADJRX4Z5WVa6,https://mako771.wixsite.com/etou,,https://facebook.com/JapaneseEtou/,http://instagram.com/nihonryouri_etou/,日本料理衛藤,1.0,False
280.0,SHUTTERS　自由が丘,カフェレストラン,,東京都,東京都世田谷区奥沢5-27-15,337170111.0,自由が丘駅,https://g.page/shutters-jiyugaoka?share,https://www.ys-int.com/,,https://instagram.com/shutters.ys/,,SHUTTERS 自由が丘,1.0,False
281.0,namida,和食,寿司,東京都,東京都世田谷区北沢2-28-7エルフェアシティ下北沢Ⅱ1F,368047902.0,下北沢駅,https://goo.gl/maps/z9m7LWUzUmHsg4hv8,http://www.namida-tokyo.com/,https://twitter.com/namida_tokyo,https://facebook.com/namida.tokyo,https://instagram.com/namida.tokyo/,namida,1.0,False
282.0,三軒茶屋ワインとオーガニック野菜 85BAL Teppen,イタリアン,ベジ・ヴィーガン,東京都,東京都世田谷区三軒茶屋2丁目14-19,368055773.0,三軒茶屋駅,https://goo.gl/maps/sQi4JK4GDSWpqkFw8,,,https://www.facebook.com/WineTeppen/,,三軒茶屋ワインとオーガニック野菜 85BAL Teppen,1.0,False
283.0,ぬく,和食,,東京都,東京都目黒区中目黒4-8-141階,337198101.0,中目黒駅,,,,,,ぬく,2.0,False
285.0,麺でる,ラーメン・つけ麺,ラーメン,東京都,東京都大田区田園調布１－２１－２,337219499.0,多摩川,"https://maps.google.com/maps?ll=35.591477,139.675884&z=14&t=m&hl=ja&gl=US&mapclient=embed&q=%E3%80%92145-0071%20%E6%9D%B1%E4%BA%AC%E9%83%BD%E5%A4%A7%E7%94%B0%E5%8C%BA%E7%94%B0%E5%9C%92%E8%AA%BF%E5%B8%83%EF%BC%91%E4%B8%81%E7%9B%AE%EF%BC%92%EF%BC%91%E2%88%92%EF%BC%92",,,,,麺でる,2.0,False
286.0,華や,中華料理,,東京都,東京都大田区田園調布3丁目4-3,337222694.0,田園調布駅,https://goo.gl/maps/KeaF7tjLL3NcfT77A,,,,,華や,2.0,False
287.0,パスタR1,イタリアン,,東京都,東京都大田区田園調布3-25-2,337222789.0,田園調布駅,https://goo.gl/maps/UaEM94eAMd7XxXWM8,http://pastar1.web.fc2.com/,,,,パスタR1,2.0,False
288.0,yoga STAND S,居酒屋・ダイニングバー,無化学肥料無農薬野菜料理と小皿料理の店,東京都,東京都世田谷区用賀3-18-4ヒルズイースト1F,368730255.0,用賀駅,https://goo.gl/maps/Hc35pmdkAo7rigAy7,https://instagram.com/yoga_stand_s?utm_source=ig_profile_share&igshid=6xcle0gxf30r,,,https://instagram.com/yoga_stand_s,yoga STAND S,1.0,False
289.0,La gueule de bois,フレンチ,,東京都,東京都目黒区東山1-8-6サンロイヤル東山108,368844630.0,中目黒駅,https://goo.gl/maps/z6P7nzmvjmgkZCD98,,,https://www.facebook.com/Lagueuledebois/,https://instagram.com/p/B-eKwROAW8v/?igshid=1nko0m07ezubl,La gueule de bois,1.0,False
290.0,オステリア　エジリオサーラ,イタリアン,,東京都,東京都世田谷区砧8-9-8,337493899.0,祖師ヶ谷大蔵駅,https://maps.app.goo.gl/TSCZf4b6WcraSrpt9,https://www.egidiosala.com/,,https://facebook.com/Osteria.egidio.sala/,https://instagram.com/egidiosala.tokyo/?igshid=1p1mmkyksr24o,オステリア エジリオサーラ,2.0,False
291.0,やっぱりインディア,カレー,,東京都,東京都豊島区南大塚3-50-3運来ビル2階,369072887.0,大塚駅,https://goo.gl/maps/PYoZfc11DDKrtFwJ7,,https://twitter.com/yappariindia/,,https://instagram.com/yapparindia/,やっぱりインディア,1.0,False
292.0,オイスターバル　吉祥寺　スパイラル,イタリアン,,東京都,東京都武蔵野市吉祥寺本町2-14-13,422272393.0,吉祥寺駅,https://maps.app.goo.gl/UTPAC6GxrkrdYrm66,http://www.kichi-joji-spiral-oyster-bar.com/,,https://facebook.com/%E3%82%AA%E3%82%A4%E3%82%B9%E3%82%BF%E3%83%BC%E3%83%90%E3%83%AB-Kichi-joji-Spiral-%E5%90%89%E7%A5%A5%E5%AF%BA%E3%82%B9%E3%83%91%E3%82%A4%E3%83%A9%E3%83%AB-567236390081432/?refsrc=http%3A%2F%2Fkichi-joji-spiral-oyster-bar.com%2Fsp%2F,https://instagram.com/kichijoji_spiral.0701?igshid=1l6zzrixa3ql1,オイスターバル 吉祥寺 スパイラル,1.0,False
293.0,ユイット,フレンチ,ビストロカフェ,東京都,東京都目黒区中目黒1-10-23リバーサイドテラス1階,337608898.0,中目黒駅,https://goo.gl/maps/VX9XhbWLd2n4bZsR7,http://east-meets-west.jp/,,,https://instagram.com/huit_nakameguro/,ユイット,2.0,False
294.0,ラーメンタロー,ラーメン・つけ麺,ラーメン,東京都,東京都大田区大森北1-3-12,337663448.0,大森海岸,"https://maps.google.com/maps?ll=35.587605,139.7286&z=14&t=m&hl=ja&gl=US&mapclient=embed&q=%E3%80%92143-0016%20%E6%9D%B1%E4%BA%AC%E9%83%BD%E5%A4%A7%E7%94%B0%E5%8C%BA%E5%A4%A7%E6%A3%AE%E5%8C%97%EF%BC%91%E4%B8%81%E7%9B%AE%EF%BC%93%E2%88%92%EF%BC%91%EF%BC%92",,,,,ラーメンタロー,2.0,False
295.0,やぐやKICHIJOJI,居酒屋・ダイニングバー,,東京都,東京都武蔵野市吉祥寺本町2-8-9ルミナス吉祥寺3F,422272936.0,吉祥寺駅,https://maps.app.goo.gl/kEj2AXxKABBFdJzg8,,https://twitter.com/leetyouenn,https://facebook.com/yaguyakichijoji/?locale2=ja_JP,,やぐやKICHIJOJI,1.0,False
296.0,鮨まさ希,寿司,,東京都,東京都武蔵野市吉祥寺本町4-26-16,422276917.0,,,https://sushi-masaki.com/,,,,鮨まさ希,1.0,False
297.0,オーガニック ベジ アネックス,その他,果物・八百屋,京都府,京都府京都市左京区下鴨宮崎町106-2,0.0,出町柳駅,https://goo.gl/maps/fdup1V71V8TcDmLv9,,,,,オーガニック ベジ アネックス,1.0,False
299.0,こうそかふぇ85,ベジ・ヴィーガン,,京都府,京都府京都市中京区桝屋町164-1,0.0,烏丸御池駅,https://goo.gl/maps/6zaVaEzbpaQ1ALiS6,,,,,こうそかふぇ85,1.0,False
300.0,うなぎ　さゝ木,うなぎ,,東京都,東京都品川区旗の台4-1-8-1F,337835560.0,旗の台駅,https://goo.gl/maps/NqYDvodysb59h1cx9,https://unagi-sasaki.jp/,,,,うなぎ さゝ木,2.0,False
301.0,鶏＆デリ　戸越銀座,その他,からあげ,東京都,東京都品川区戸越1-16-8,337841801.0,戸越駅,https://goo.gl/maps/5zh8MueezXPU7LGe7,https://toriand.com,https://twitter.com/TORI_DELI,https://facebook.com/TORIandDELI/,https://instagram.com/tori.deli,鶏＆デリ 戸越銀座,1.0,False
302.0,Don Bravo,イタリアン,,東京都,東京都調布市国領町3-6-43,424827378.0,,https://goo.gl/maps/6KLQinCxrGVeoBEi6,,,,https://www.facebook.com/Don-Bravo-689089177884457/,Don Bravo,1.0,False
303.0,イタリアンレストラン 福生のビール小屋,イタリアン,ビールバー,東京都,東京都福生市大字熊川１,425530171.0,拝島駅,https://goo.gl/maps/xbdZZAMRHEDQTG9b7,https://www.tamajiman.co.jp/koya/,https://twitter.com/tamaji_man,https://facebook.com/tamajiman/,https://instagram.com/ishikawabrewery/,イタリアンレストラン 福生のビール小屋,1.0,False
304.0,フランス料理レストラン アシエット,フレンチ,,東京都,東京都世田谷区成城6-10-3,337891190.0,成城学園前駅,https://goo.gl/maps/S8fAoJADiooTvjMT6,https://seijo-assiette.com/,,https://facebook.com/フランス料理-レストラン-アシエット-209710642405669/?refid=52&__tn__=C-R,https://instagram.com/seijo_assiette?igshid=sh778kjti06w,フランス料理レストラン アシエット,2.0,False
305.0,フィオッキ,イタリアン,,東京都,東京都世田谷区祖師谷３丁目４−９,337893355.0,祖師ヶ谷大蔵駅,https://goo.gl/maps/rD1gFi9Yfj83Z8Cw8,https://www.fiocchi-web.com,,,,フィオッキ,2.0,False
306.0,Restaurant & Bar SCENE,フレンチ,,東京都,東京都八王子市明神町４丁目７−１５落合ビルB1F,426458888.0,八王子駅,https://maps.google.com/?cid=18116758027057491810,http://www.hachioji-scene.com,,https://facebook.com/RestaurantBar-SCENE-207659382607056/,,Restaurant & Bar SCENE,1.0,False
307.0,レインボーバードランデヴー,ベジ・ヴィーガン,,東京都,東京都目黒区祐天寺1-1-1リベルタ祐天寺1F,337915470.0,中目黒駅,,,,,,レインボーバードランデヴー,2.0,False
308.0,ボニート・ボニート,ラーメン・つけ麺,ラーメン,東京都,東京都品川区小山4-1-8いつみハイツ101,337927713.0,西小山,"https://maps.google.com/maps?ll=35.619579,139.702446&z=14&t=m&hl=ja&gl=US&mapclient=embed&q=%E3%81%84%E3%81%A4%E3%81%BF%E3%83%8F%E3%82%A4%E3%83%84%20%E3%80%92142-0062%20%E6%9D%B1%E4%BA%AC%E9%83%BD%E5%93%81%E5%B7%9D%E5%8C%BA%E5%B0%8F%E5%B1%B1%EF%BC%94%E4%B8%81%E7%9B%AE%EF%BC%91%E2%88%92%EF%BC%98",,,,,ボニート・ボニート,2.0,False
309.0,荘々ラボ,カレー,,福岡県,福岡県福岡市東区箱崎１丁目３１−８,0.0,箱崎駅,https://goo.gl/maps/rumTB46Yr9GJbx5k6,,,,https://instagram.com/sosolabo/,荘々ラボ,1.0,False
310.0,バルバッコア 青山本店,ブラジル料理,シュラスコ料理,東京都,東京都渋谷区神宮前4-3-2TOKYUREIT表参道スクエアB1F,337960571.0,表参道駅,https://g.page/barbacoaaoyama?share,,,,,バルバッコア 青山,2.0,False
311.0,天ぷら魚新　西麻布,和食,,東京都,東京都港区西麻布1-12-10岩田ビル２階,337964041.0,乃木坂駅,https://goo.gl/maps/vYLnGLFCKyi1KGNS9,http://www.uoshin.ne.jp/nishiazabu/,,,,天ぷら魚新 西麻布,2.0,False
312.0,ブラッスリーピガール  野毛,フレンチ,フレンチ・ビストロ,神奈川県,神奈川県横浜市中区宮川町2-48,452536110.0,,https://www.google.com/maps/place/%E3%80%92231-0065+%E7%A5%9E%E5%A5%88%E5%B7%9D%E7%9C%8C%E6%A8%AA%E6%B5%9C%E5%B8%82%E4%B8%AD%E5%8C%BA%E5%AE%AE%E5%B7%9D%E7%94%BA%EF%BC%92%E4%B8%81%E7%9B%AE%EF%BC%94%EF%BC%98+%E3%83%96%E3%83%A9%E3%83%83%E3%82%B9%E3%83%AA%E3%83%BC%E3%83%94%E3%82%AC%E3%83%BC%E3%83%AB%E6%A8%AA%E6%B5%9C/@35.4471935、139.62849、13z/data=!4m2!3m1!1s0x60185c6021a14393:0xfe8b76d76d540867?hl=ja-jp,http://pigalle.yokohama/,,,,ブラッスリーピガール 野毛,1.0,False
313.0,つけ麺専門店三田製麺所,ラーメン・つけ麺,つけ麺,東京都,東京都港区芝5-22-8,337983808.0,三田,"https://maps.google.com/maps?ll=35.647839,139.746534&z=14&t=m&hl=ja&gl=US&mapclient=embed&q=%E3%80%92108-0014%20%E6%9D%B1%E4%BA%AC%E9%83%BD%E6%B8%AF%E5%8C%BA%E8%8A%9D%EF%BC%95%E4%B8%81%E7%9B%AE%EF%BC%92%EF%BC%92%E2%88%92%EF%BC%98",,,,,つけ麺専門店三田製麺所,2.0,False
314.0,桃天花,ラーメン・つけ麺,つけ麺,東京都,東京都荒川区東日暮里3−37−11,338020440.0,三河島,"https://maps.google.com/maps?ll=35.733045,139.77875&z=16&t=m&hl=ja&gl=US&mapclient=embed&q=%E3%80%92116-0014%20%E6%9D%B1%E4%BA%AC%E9%83%BD%E8%8D%92%E5%B7%9D%E5%8C%BA%E6%9D%B1%E6%97%A5%E6%9A%AE%E9%87%8C%EF%BC%93%E4%B8%81%E7%9B%AE%EF%BC%93%EF%BC%97%E2%88%92%EF%BC%91%EF%BC%91",,,,,桃天花,2.0,False
315.0,まんぷく食堂,定食・食堂,,東京都,東京都江戸川区西葛西6丁目15-12,338048885.0,西葛西駅,https://goo.gl/maps/3h3ejwWWH4dmNadd8,,,,,まんぷく食堂,2.0,False
316.0,ラディーチェ町屋,フレンチ,,東京都,東京都荒川区荒川7-46-1マークスタワー1F,338096040.0,町屋駅,https://goo.gl/maps/Mx7ihkCQuZmt9hef6,,,,,ラディーチェ町屋,2.0,False
317.0,ラレンターレ,ベジ・ヴィーガン,,神奈川県,神奈川県横浜市神奈川区台町18-10,453125533.0,,https://goo.gl/maps/BxEeqqFEjEdCmVV38,https://www.rallentare-yokohama.com/,,,https://www.instagram.com/p/B-hscXtARe7/?igshid=czk9vadj6dou,ラレンターレ,1.0,False
318.0,わたべ,和食,,東京都,東京都文京区小石川1-9-14-104,338127448.0,後楽園駅,https://goo.gl/maps/kDxGp1k7GgkE3Hjt7,http://www.unagiyawatabe.com/,,,https://instagram.com/watabe_unagi,わたべ,2.0,False
319.0,こむぎこ,イタリアン,,東京都,東京都文京区白山5-35-7,338141873.0,白山駅,https://goo.gl/maps/ego83vzNPQkDypyw9,,,,,こむぎこ,2.0,False
320.0,幸楽苑,焼肉,,東京都,東京都文京区白山4-33-22,338158013.0,白山駅,https://goo.gl/maps/sopHAotiSpbkcJdKA,,,https://facebook.com/kohrakuen,https://www.instagram.com/yakinikukohrakuen/,幸楽苑,2.0,False
321.0,護佐丸,居酒屋・ダイニングバー,沖縄料理,東京都,東京都文京区水道1丁目5-16,338189530.0,江戸川橋駅,https://goo.gl/maps/Vk4NszpeYAYKRpz56,https://tabelog.com/tokyo/A1309/A130905/13019210/,,,,護佐丸,2.0,False
322.0,cafe Molty,ベジ・ヴィーガン,,東京都,東京都荒川区町屋3-23-18,338191145.0,町屋駅,https://goo.gl/maps/e1QSH7CJa68YhjVn9,,,https://facebook.com/CafeMOLTY/,https://instagram.com/cafemolty?igshid=u2ugru6nbjzv,cafe Molty,2.0,False
323.0,佳和津,和食,,東京都,東京都台東区谷中4-1-17,338221013.0,千駄木駅,https://maps.app.goo.gl/p75PMiFrBauAf2th9,http://kawazu.tokyo/,,https://facebook.com/yanesen.kawazu/,,佳和津,2.0,False
324.0,お好み焼き処　小奈や,お好み焼き・もんじゃ焼き,鉄板焼、お好み焼き,東京都,東京都文京区千駄木3-43-10トウトクビル1F,338222292.0,,https://goo.gl/maps/b4Mz9ihB88UsYi7G7,,,https://facebook.com/konaya1993,https://www.instagram.com/chiekonaya1126/,お好み焼き処 小奈や,2.0,False
325.0,根津の谷,ベジ・ヴィーガン,,東京都,東京都文京区根津1-1-14,338230030.0,根津駅,https://goo.gl/maps/s12WcputoiF7UzpJ8,https://nezunoya.com/,,,,根津の谷,2.0,False
326.0,ビストロ・ワタナベ,フレンチ,,東京都,東京都北区田端1-16-2,338231120.0,田端駅,https://goo.gl/maps/jQjQabJG6jF1LjAt9,,,https://facebook.com/Bistro-Watanabe-163702080898972/,,ビストロ・ワタナベ,2.0,False
327.0,豆腐room Dy's,ベジ・ヴィーガン,,東京都,東京都文京区千駄木2-48-18,338242447.0,千駄木駅,https://goo.gl/maps/apfs6juA4AWAAk4dA,,,,,豆腐room Dy's,2.0,False
328.0,Beer Pub Ishii,ビールバー,,東京都,東京都文京区千駄木3-45-8,338287300.0,千駄木駅,https://goo.gl/maps/VmuDyrV14XbUyxeZ9,https://www.beerpub-ishii.com/,https://twitter.com/beerpub_ishii,https://facebook.com/beerpubishii/,https://instagram.com/beerpub_ishii/,Beer Pub Ishii,2.0,False
329.0,パサ　PASA,カレー,,東京都,東京都文京区根津2-27-22F,338288575.0,根津駅,https://goo.gl/maps/5fDs8GcMkUb9AgYXA,https://pasanepalese.wixsite.com/pasa,,,,パサ PASA,1.0,False
330.0,浜そば,ラーメン・つけ麺,スープなし麺,東京都,東京都文京区湯島3-46-2,338310641.0,湯島,"https://maps.google.com/maps?ll=35.708797,139.770802&z=16&t=m&hl=ja&gl=US&mapclient=embed&q=%E3%80%92113-0034%20%E6%9D%B1%E4%BA%AC%E9%83%BD%E6%96%87%E4%BA%AC%E5%8C%BA%E6%B9%AF%E5%B3%B6%EF%BC%93%E4%B8%81%E7%9B%AE%EF%BC%94%EF%BC%96%E2%88%92%EF%BC%92",,,,,浜そば,2.0,False
331.0,手話ラウンジ きみのて,スナック・ラウンジ,,東京都,東京都文京区湯島３丁目３５−９,338318150.0,,https://goo.gl/maps/SBH6ttqQ7XmzUhAT8,,,,,手話ラウンジ きみのて,2.0,False
332.0,ラッフルズカリー,カレー,,東京都,東京都台東区台東4-29-10第二さたけビル1F,338352712.0,御徒町駅,https://goo.gl/maps/bPvR4vSgoUGjfqs16,,https://twitter.com/raffles_curry06,,,ラッフルズカリー,2.0,False
333.0,らーめん家せんだい,ラーメン・つけ麺,ラーメン,神奈川県,神奈川県横浜市保土ケ谷区川島町１４９６,453838008.0,鶴ヶ峰,"https://maps.google.com/maps?ll=35.474258,139.553333&z=15&t=m&hl=ja&gl=US&mapclient=embed&q=%E3%80%92240-0045%20%E7%A5%9E%E5%A5%88%E5%B7%9D%E7%9C%8C%E6%A8%AA%E6%B5%9C%E5%B8%82%E4%BF%9D%E5%9C%9F%E3%82%B1%E8%B0%B7%E5%8C%BA%E5%B7%9D%E5%B3%B6%E7%94%BA%EF%BC%91%EF%BC%94%EF%BC%99%EF%BC%96",,,,,らーめん家せんだい,1.0,False
334.0,横浜山手フランス料理惣菜店&レストラン ル・トレトゥール オグロ,フレンチ,フレンチ・ビストロ,神奈川県,神奈川県横浜市中区豆口台4-102,456251808.0,山手駅,https://goo.gl/maps/kdrBKFnrGN1ZhPe39,https://french-oguro.com,,https://facebook.com/横浜山手フランス料理惣菜店-ルトレトゥール-オグロ-LeTraiteurＯguro-レストラン惣菜テイクアウト-530358843736992/,https://instagram.com/letraiteuroguro,横浜山手フランス料理惣菜店&レストラン ル・トレトゥール オグロ,1.0,False
336.0,洋食ヨシカミ,洋食,,東京都,東京都台東区浅草1-41-4,338411802.0,浅草駅,https://goo.gl/maps/debZxP9zwNkBNez67,http://www.yoshikami.co.jp/index.html,,,,洋食ヨシカミ,2.0,False
337.0,蒲焼割烹　根ぎし宮川,うなぎ,,東京都,東京都台東区根岸1-1-35,338424141.0,鶯谷駅,https://goo.gl/maps/hEStqmC3gCW7kZxK7,,https://mobile.twitter.com/shunchi091807,https://facebook.com/negishimiyagawa/,,蒲焼割烹 根ぎし宮川,2.0,False
338.0,中華そば ビリケン,ラーメン・つけ麺,,東京都,東京都台東区雷門2-4-1,338456577.0,浅草駅,https://goo.gl/maps/T5af4WEcZMrJimAD6,,,,,中華そば ビリケン,2.0,False
339.0,麺処　晴,ラーメン・つけ麺,ラーメン,東京都,東京都台東区下谷1-11-7,338478553.0,鶯谷,"https://maps.google.com/maps?ll=35.719681,139.783316&z=14&t=m&hl=ja&gl=US&mapclient=embed&q=%E3%80%92110-0004%20%E6%9D%B1%E4%BA%AC%E9%83%BD%E5%8F%B0%E6%9D%B1%E5%8C%BA%E4%B8%8B%E8%B0%B7%EF%BC%91%E4%B8%81%E7%9B%AE%EF%BC%91%EF%BC%91%E2%88%92%EF%BC%97",,,,,麺処 晴,2.0,False
340.0,Beerkichi（ビアキチ）,ビールバー,,福岡県,福岡県福岡市中央区渡辺通５丁目１４−２１福美荘103,0.0,西鉄福岡（天神）駅,https://goo.gl/maps/7qSYY67cSDV1k1kFA,https://suzuri.jp/BEERKICHI,,https://facebook.com/BEERKICHI/,https://instagram.com/beerkichi2019/,Beerkichi,1.0,False
341.0,つどい,ラーメン・つけ麺,,福岡県,福岡県福岡市中央区薬院３丁目７−３０,0.0,薬院駅,https://goo.gl/maps/Zk74sKFbTnwkMn2NA,,,,https://www.instagram.com/bigopai/,つどい,1.0,False
344.0,AWkitchen GARDEN 鎌倉店,イタリアン,,神奈川県,神奈川県鎌倉市由比ガ浜2丁目4-43,467613155.0,鎌倉駅,https://goo.gl/maps/4hFJs1CfWR4eqv228,http://www.eat-walk.com/awkitchen_kamakura/index.html,,https://www.facebook.com/awkitchenkamakura/,https://www.instagram.com/awkitchen_/?hl=ja,AWkitchen GARDEN,1.0,False
345.0,きんぼし,和食,,東京都,東京都千代田区神田和泉町1ｰ10ｰ1,338643955.0,秋葉原駅,https://maps.app.goo.gl/WgB7EdKaXV4hHr189,,https://twitter.com/hizobakuren?s=09,,,きんぼし,2.0,False
346.0,オリエンタルビストロ 桃の実,カレー,,東京都,東京都文京区本郷3丁目30-7熊野ビル102,338683238.0,本郷三丁目駅,https://g.page/momonomi?share,,,https://facebook.com/bistro.momonomi/,,オリエンタルビストロ 桃の実,2.0,False
347.0,四川料理 胡一刀 四代目,中華料理,,東京都,東京都文京区小石川1-13-1高田ビル1F,338683616.0,後楽園駅,https://goo.gl/maps/1wkr1ks7gH2DCFoo6,,,,https://instagram.com/huyidaosidaimu?igshid=1knqpyxegu8hl,四川料理 胡一刀 四代目,1.0,False
348.0,ボケロナ,スペイン料理,,東京都,東京都足立区千住1-31-8,338705868.0,北千住,https://goo.gl/maps/SAVVGT9hKruExb7B8,http://boquerona.com,https://twitter.com/boquerona2012,,https://instagram.com/boquerona_kitasenju?igshid=nlfh6wn9v4y,ボケロナ,2.0,False
349.0,ムグンファ,韓国料理,,東京都,東京都台東区浅草3-17-8,338716441.0,浅草駅,https://goo.gl/maps/mPSRECtJM1HxcU5w6,,,,,ムグンファ,2.0,False
350.0,レストラン香味屋,洋食,,東京都,東京都台東区根岸3丁目18-18,338732116.0,入谷駅,https://goo.gl/maps/DFqMPozjQvmZoCRB8,http://www.kami-ya.co.jp/,,,,レストラン香味屋,2.0,False
351.0,美喜仁寿司,寿司,,群馬県,群馬県桐生市本町四丁目78,277445921.0,桐生駅,https://goo.gl/maps/awWSJZsYdarn5dis7,http://www.bikini.co.jp/,https://twitter.com/BikiniSushi,,https://www.instagram.com/bikinihonten/,美喜仁寿司,1.0,False
352.0,サインポスト,フレンチ,ビストロ,埼玉県,埼玉県川口市幸町２丁目２−１６フジ・マルシェビルクレール・マルシェ川口２０２,482297953.0,川口,https://goo.gl/maps/JTQjxeQJiLnf5Cto7,https://www.hotpepper.jp/strJ001215646/,,https://www.facebook.com/signpost.kawaguchi/,https://www.instagram.com/signpost_wine_kawaguchi/,サインポスト,1.0,False
353.0,くいものやBAR,スペイン料理,,東京都,東京都足立区千住2-36-河村ビル1F,338797217.0,北千住駅,,,,,,くいものやBAR,2.0,False
354.0,みそ味専門マタドール,ラーメン・つけ麺,ラーメン,東京都,東京都足立区千住旭町43-13,338813122.0,北千住,"https://maps.google.com/maps?ll=35.750442,139.806416&z=14&t=m&hl=ja&gl=US&mapclient=embed&q=%E3%80%92120-0026%20%E6%9D%B1%E4%BA%AC%E9%83%BD%E8%B6%B3%E7%AB%8B%E5%8C%BA%E5%8D%83%E4%BD%8F%E6%97%AD%E7%94%BA%EF%BC%94%EF%BC%93%E2%88%92%EF%BC%91%EF%BC%93",,,,,みそ味専門マタドール,2.0,False
355.0,麺屋音,ラーメン・つけ麺,ラーメン,東京都,東京都足立区千住3-60,338823922.0,北千住,"https://maps.google.com/maps?ll=35.752167,139.8039&z=14&t=m&hl=ja&gl=US&mapclient=embed&q=%E3%80%92120-0034%20%E6%9D%B1%E4%BA%AC%E9%83%BD%E8%B6%B3%E7%AB%8B%E5%8C%BA%E5%8D%83%E4%BD%8F%EF%BC%93%E4%B8%81%E7%9B%AE%EF%BC%96%EF%BC%90",,,,,麺屋音,2.0,False
356.0,Indian Restaurant Mumbai Machiya,カレー,,東京都,東京都荒川区町屋１丁目２−５第2徳原ビル1F,338955273.0,町屋駅,https://goo.gl/maps/FDn9cRSWhSSG6fp17,https://mumbaijapan.com/machiya/,https://twitter.com/MumbaiPink/,,https://instagram.com/mumbaijapan/,Indian Restaurant Mumbai Machiya,2.0,False
358.0,フレンチ居酒屋Bon Tigger(ボンティガー)浦和店,居酒屋・ダイニングバー,フレンチ・ビストロ,埼玉県,埼玉県さいたま市浦和区東仲町１２−７,486782662.0,浦和駅,https://g.page/BonTigger?share,https://www.hotpepper.jp/strJ000957894/takeout/,https://twitter.com/bontiggerurawa,https://facebook.com/bontiggerurawa,https://instagram.com/bontigger2010urawa/,フレンチ居酒屋Bon,1.0,False
359.0,乾商店まいどっ！,居酒屋・ダイニングバー,,埼玉県,埼玉県さいたま市見沼区東大宮5-36-11,486881404.0,東大宮駅,https://goo.gl/maps/3MeSgkLmJi2PCMnc8,,,https://ja-jp.facebook.com/pages/category/Personal-Website/%E4%B9%BE%E5%95%86%E5%BA%97%E3%81%BE%E3%81%84%E3%81%A9-1007844945895523/,,乾商店まいどっ！,1.0,False
361.0,アナザープレイスカフェ,ベジ・ヴィーガン,,埼玉県,埼玉県さいたま市南区別所4-11-17,487115477.0,中浦和駅,https://goo.gl/maps/jEv4TYSaC6aaLMNS9,,,,https://instagram.com/anotherplacecafe?igshid=cj16q6ktye4c,アナザープレイスカフェ,1.0,False
362.0,イルブルーノ,イタリアン,,東京都,東京都文京区本駒込1-10-1,339414430.0,本駒込駅,https://goo.gl/maps/YJ6TQLFgSFLeScp96,,,,https://instagram.com/trattoria_ilbruno/,イルブルーノ,2.0,False
364.0,自然野菜レストラン 駒込ナーリッシュ,ベジ・ヴィーガン,,東京都,東京都豊島区駒込137-8　コーポ市川2F,339448300.0,駒込駅,https://goo.gl/maps/zjCp4W4ZZKzxNEgp6,,,,,自然野菜レストラン 駒込ナーリッシュ,2.0,False
365.0,地酒やもっと,和食,,東京都,東京都豊島区南大塚２丁目４４−２,339466008.0,大塚駅,https://maps.google.com/?cid=7968603937411458976,,https://twitter.com/mizunaga1,https://facebook.com/jizakeya.motto,,地酒やもっと,2.0,False
366.0,キッチンABC 南大塚店,洋食,,東京都,東京都豊島区南大塚2丁目36-1,339479854.0,大塚駅,https://goo.gl/maps/jGh1dPtZQq3R1B7t7,,,https://www.facebook.com/pages/%E3%82%AD%E3%83%83%E3%83%81%E3%83%B3ABC-%E5%8D%97%E5%A4%A7%E5%A1%9A%E5%BA%97/341073495989185,https://www.instagram.com/kitchenabc50/,キッチンABC,2.0,False
367.0,花ぐるま,和食,,東京都,東京都板橋区常盤台2-5-5,339657570.0,ときわ台駅,https://goo.gl/maps/KHkeSuk1Qj98c4xS6,,,,,花ぐるま,2.0,False
369.0,本格タイ料理 ピラブカウ PIRABKAO 池袋,タイ料理,,東京都,東京都豊島区池袋２丁目６２−３明輝ビル1F,339711518.0,池袋駅,https://goo.gl/maps/7JeAYYXACDkV27ZX7,https://ban-kaoken.owst.jp/,,,,本格タイ料理 ピラブカウ PIRABKAO 池袋,2.0,False
370.0,パッキーノ,イタリアン,,東京都,東京都板橋区成増２丁目１２−８五曠第一ビル3F,339774192.0,成増駅,https://goo.gl/maps/D8wv6hpLr58mB9CW8,,,,,パッキーノ,2.0,False
371.0,ビストロカルロス,ワインバー,,東京都,東京都板橋区赤塚新町1丁目22-6,339778255.0,下赤塚駅,https://g.co/kgs/qD8BJc,,,,,ビストロカルロス,1.0,False
372.0,296（ニクロー） 成増店,焼肉,,東京都,東京都板橋区成増2丁目12-85F,339799296.0,成増駅,https://goo.gl/maps/R73bhpWsqp7crRD28,http://chiclo.jp/,https://twitter.com/ChiClo96,,https://instagram.com/296narimasu_official/,296（ニクロー）,1.0,False
373.0,豚のひととき,イタリアン,肉料理,埼玉県,埼玉県さいたま市大宮区仲町1-29柴田ビル2F,488569863.0,大宮駅,https://goo.gl/maps/zKq45EuwsfpKijZaA,https://tabelog.com/saitama/A1101/A110101/11049692/,https://twitter.com/hitotoki_buta,,https://www.instagram.com/official_butanohitotoki/,豚のひととき,2.0,False
374.0,台湾茶房e〜one,台湾料理,台湾料理,埼玉県,埼玉県さいたま市大宮区東町1-121-2,488718161.0,大宮駅,https://goo.gl/maps/jJZZ6ddHrR4Y7Qg1A,https://e-one.owst.jp/,,https://facebook.com/taiwansabou/,https://www.instagram.com/taiwansabou/,台湾茶房e〜one,1.0,False
375.0,麺処 花田,ラーメン・つけ麺,ラーメン,東京都,東京都豊島区東池袋1-23-8東池袋ISKビル1F,339885188.0,池袋,"https://maps.google.com/maps?ll=35.729257,139.715571&z=14&t=m&hl=ja&gl=US&mapclient=embed&q=%E6%9D%B1%E6%B1%A0%E8%A2%8B%EF%BC%A9%EF%BC%B3%EF%BC%AB%E3%83%93%E3%83%AB%201F%20%E3%80%92170-0013%20%E6%9D%B1%E4%BA%AC%E9%83%BD%E8%B1%8A%E5%B3%B6%E5%8C%BA%E6%9D%B1%E6%B1%A0%E8%A2%8B%EF%BC%91%E4%B8%81%E7%9B%AE%EF%BC%92%EF%BC%93%E2%88%92%EF%BC%98",,,,,麺処 花田,2.0,False
376.0,サイゴンレストラン,ベトナム料理,,東京都,東京都豊島区東池袋1-7-10鳥駒第一ビル3F,339890255.0,池袋駅,https://goo.gl/maps/CL14X3o3h1mza5So7,https://saigon-ikebukuro.owst.jp/,,,,サイゴンレストラン,1.0,False
377.0,トルコ料理 ドルジャマフセン,トルコ料理,,東京都,東京都練馬区練馬1-6-18コンフォートⅢ1F-A,339922030.0,練馬駅,https://goo.gl/maps/AiJks53kYaHcUc5TA,https://doluca-mahsen.com,https://mobile.twitter.com/doluca_mahsen,https://facebook.com/Nerima.DolucaMahsen,https://instagram.com/dolucamahsen,トルコ料理 ドルジャマフセン,2.0,False
378.0,龍の翼,中華料理,,東京都,東京都練馬区豊玉北6-23-13キョーリンビル1F,339926070.0,練馬駅,https://maps.app.goo.gl/8iqJFJaHF76mW2no6,http://www.dragon-tsubasa.com/,,,,龍の翼,2.0,False
379.0,トラットリア・ラテラ,イタリアン,,東京都,東京都練馬区石神井町3-20-11　第二中内ビル1f,339971224.0,石神井公園駅,https://goo.gl/maps/WVcYd4fk14M8hPhVA,,,,,トラットリア・ラテラ,2.0,False
380.0,麺処 井の庄,ラーメン・つけ麺,つけ麺,東京都,東京都練馬区石神井町3-25-21ライオンズプラザB1F,339971631.0,石神井公園,"https://maps.google.com/maps?ll=35.743721,139.604889&z=14&t=m&hl=ja&gl=US&mapclient=embed&cid=8538216882451336678",,,,,麺処 井の庄,2.0,False
381.0,ギャラリー工房カフェ あお木,カフェレストラン,,東京都,東京都練馬区中村北3丁目23-6青木ビル7階,339992814.0,中村橋駅,https://goo.gl/maps/qUxqSsiXKBKhbkib6,https://gallerykouboucafe-aoki.owst.jp,,,,ギャラリー工房カフェ あお木,2.0,False
382.0,レクルール,フレンチ,,東京都,東京都板橋区成増1-12-8,342856387.0,成増駅,https://maps.app.goo.gl/BoFqnHrX1BPpVxvU6,http://www.lescouleurs.jp,,,,レクルール,2.0,False
383.0,佐野ラーメンたかの,ラーメン・つけ麺,,埼玉県,埼玉県さいたま市南区太田窪2-6-8,488810930.0,浦和駅,https://goo.gl/maps/nmCWdnGHzHjwpr6dA,http://www.sanoramen-takano.com/,https://twitter.com/0N4HmW8LxUPWkRv,,,佐野ラーメンたかの,1.0,False
384.0,焼肉粋iki,焼肉,,東京都,東京都江東区永代1-2-9,345002883.0,門前仲町駅,https://g.page/yakiniku-iki?share,https://tabelog.com/tokyo/A1313/A131303/13189559/,https://twitter.com/IkiYakiniku,https://facebook.com/yakiniku.iki,https://instagram.com/yakiniku_iki,焼肉粋iki,2.0,False
385.0,かけラーメン まさ屋,ラーメン・つけ麺,,東京都,東京都渋谷区宇田川町１１−１2F,345880277.0,,https://goo.gl/maps/X9MP3pk7xwJUCvJCA,,,,,かけラーメン まさ屋,2.0,False
387.0,インド料理ムンバイ 銀座店,カレー,,東京都,東京都中央区銀座４丁目８−１１善隣ビルB1,351594455.0,銀座駅,https://goo.gl/maps/Dcj1oBEKQF3HfMar8,https://mumbaijapan.com/ginza/,https://twitter.com/mumbaiginza,,https://instagram.com/mumbaijapan/,インド料理ムンバイ,2.0,False
388.0,ロッチャドォーロ神楽坂,イタリアン,,東京都,東京都新宿区神楽坂３丁目６サムライ堂ビル3階,352065854.0,牛込神楽坂,https://goo.gl/maps/xGTY8aLBDQnKFnSJ6,https://roccia-doro.com/,,https://www.facebook.com/roccia.doro.kagurazaka/,https://www.instagram.com/roccia_doro/,ロッチャドォーロ神楽坂,2.0,False
389.0,有薫,和食,,東京都,東京都千代田区神田富山町30-2吉田ビルB1F,352090393.0,神田駅,https://goo.gl/maps/NcaSqkohCkpPEmaN6,http://kandayukun.com,,,,有薫,2.0,False
390.0,すわ庵,そば・うどん,,東京都,東京都千代田区平河町1-5-6平河町SDビルB1F,352102525.0,麹町駅,https://goo.gl/maps/CqNdHEZfoKgQ1dfXA,,,,,すわ庵,2.0,False
391.0,オールドタイランド　飯田橋店,タイ料理,,東京都,東京都千代田区富士見2-3-8横江ビル2F,352124566.0,飯田橋駅,https://goo.gl/maps/Tbz7sQrAgV2rmDmr6,,,https://facebook.com/oldthailandiidabashi/,https://instagram.com/oldthailand_iidabashi/,オールドタイランド,2.0,False
392.0,頑者 本店,ラーメン・つけ麺,,埼玉県,埼玉県川越市新富町1-1-8,492261194.0,本川越駅,https://goo.gl/maps/1r2Yv1izoBHdHPjk7,http://www.ganja.co.jp/,https://twitter.com/GanjaRamen,https://facebook.com/GanjaKawagoe/,,頑者,1.0,False
393.0,café trill,喫茶店・カフェ,,埼玉県,埼玉県川越市吉田新町2-12-14,492325588.0,鶴ヶ島駅,https://g.page/cafetrill?share,http://www.cafe-trill.com/,,https://business.facebook.com/cafetrill/?business_id=216562862342960,https://instagram.com/cafe_trill_kawagoe/,café trill,1.0,False
394.0,神楽坂カントリークラブ,洋食,,東京都,東京都新宿区神楽坂5-1神楽坂テラス5階,352271008.0,神楽坂駅,https://goo.gl/maps/h85326fVnN6PnH158,http://www.kagurazaka-cc.com,http://twitter.com/kagurazakacc,http://facebook.com/kagurazakacc,http://www.instagram.com/kagurazakacc,神楽坂カントリークラブ,2.0,False
395.0,オステリア・カルネヤ,イタリアン,,東京都,東京都新宿区南山伏町３−６市ヶ谷ＮＨビル1F,352283611.0,飯田橋駅,https://maps.google.com/?cid=5936400965417058988,http://www.carneya.net,,https://facebook.com/カルネヤ-1651609225151606,,オステリア・カルネヤ,2.0,False
396.0,ステファノ,イタリアン,,東京都,東京都新宿区神楽坂6丁目47-1F照井ビル,352287515.0,飯田橋駅,https://goo.gl/maps/XG8CnmE24B2WUEiQA,https://www.stefano-jp.com/,,,,ステファノ,1.0,False
397.0,KUFUKU±  暮富食,フレンチ,,東京都,東京都千代田区外神田4-11-8,352444329.0,秋葉原駅,https://g.page/kufuku--510?share,,,,https://www.instagram.com/p/BzqA_FGJxmV/,KUFUKU± 暮富食,2.0,False
398.0,一汁三菜イタリア～の,イタリアン,,東京都,東京都中央区八丁堀3丁目23-10スカイハイム2F,352449300.0,八丁堀駅,https://goo.gl/maps/x3QBzKu4J6xbxCLr5,https://web-shindanshi.jp/itariano/,,https://www.facebook.com/%E4%B8%80%E6%B1%81%E4%B8%89%E8%8F%9C%E3%82%A4%E3%82%BF%E3%83%AA%E3%82%A2%E3%81%AE-%E5%85%AB%E4%B8%81%E5%A0%80-1610775332476086/,,一汁三菜イタリア～の,1.0,False
399.0,SEED CAFE,カフェレストラン,,東京都,東京都江東区牡丹3-23-4,352450237.0,門前仲町駅,https://goo.gl/maps/nZgbCPSMwuMzBEiX6,,,https://facebook.com/seedcafe2017/,https://instagram.com/seedcafe2017,SEED CAFE,2.0,False
400.0,K's cafe,カフェレストラン,,東京都,東京都台東区雷門1-10-1フカミビル1F,352464390.0,田原町駅,https://goo.gl/maps/2PCxNDMNb4eQwiKZ6,,,https://facebook.com/Keis.cafe.asakusa/,,K's cafe,2.0,False
401.0,麺屋音別邸,ラーメン・つけ麺,ラーメン,東京都,東京都足立区千住4-19-11,352841139.0,北千住,"https://maps.google.com/maps?ll=35.752593,139.803547&z=14&t=m&hl=ja&gl=US&mapclient=embed&q=%E3%80%92120-0034%20%E6%9D%B1%E4%BA%AC%E9%83%BD%E8%B6%B3%E7%AB%8B%E5%8C%BA%E5%8D%83%E4%BD%8F%EF%BC%94%E4%B8%81%E7%9B%AE%EF%BC%91%EF%BC%99%E2%88%92%EF%BC%91%EF%BC%91",,,,,麺屋音別邸,2.0,False
402.0,寿製麺 よしかわ 川越店,ラーメン・つけ麺,,埼玉県,埼玉県川越市大字今福1738-14,492938609.0,新河岸駅,https://goo.gl/maps/MitZcXzSoKUrVag6A,https://www.kotobukiseimen.com/,https://twitter.com/kotobukiseimen,https://facebook.com/kotobukiseimen,,寿製麺 よしかわ,1.0,False
403.0,La ZAPPA,イタリアン,,東京都,東京都足立区千住3-58,352848823.0,北千住駅,https://goo.gl/maps/Sis655VHV4z2rz2Q8,https://search.yahoo.co.jp/amp/s/s.tabelog.com/tokyo/A1324/A132402/13201641/top_amp/%3Fusqp%3Dmq331AQRKAGYAbSi98PBrtufpgGwASA%253D,,,,La ZAPPA,2.0,False
404.0,ナマステヒマル,カレー,,東京都,東京都新宿区早稲田鶴巻町518-1第8IKビル,352858035.0,早稲田駅,https://goo.gl/maps/nLsV7Q3bx6FdhxFt7,,,,,ナマステヒマル,2.0,False
405.0,黒毛和牛専門バル　九州ミートＫ高田馬場店,イタリアン,,東京都,東京都新宿区高田馬場2-14-6スワンビルB1,352917877.0,高田馬場駅,https://g.page/kyushu_meatk?share,https://kyushumeatk-takadanobaba.owst.jp/,https://twitter.com/kyushu_meat_k?ref_src=twsrc%5Egoogle%7Ctwcamp%5Eserp%7Ctwgr%5Eauthor,https://facebook.com/pages/category/Restaurant/%E4%B9%9D%E5%B7%9E%E3%83%9F%E3%83%BC%E3%83%88k%E6%96%B0%E5%AE%BF%E9%AB%98%E7%94%B0%E9%A6%AC%E5%A0%B4%E5%BA%97-2384724928250184/,https://instagram.com/kyushu_meatk/?hl=ja,黒毛和牛専門バル,2.0,False
406.0,インド料理ムンバイ 丸の内店＋The India Coffee House,カレー,,東京都,東京都千代田区丸の内３丁目１−１帝劇ビルB1F,352930115.0,二重橋駅,https://goo.gl/maps/PMX1kj6Sw1oKpYrq7,https://mumbaijapan.com/marunouchi/,https://twitter.com/MumbaiPink/,,https://instagram.com/mumbaijapan/,インド料理ムンバイ 丸の内店＋The India Coffee House,1.0,False
407.0,日本ワイン食堂 SHINJUKU 葡庵,イタリアン,ヨーロッパ料理,東京都,東京都新宿区新宿2-7-1不二川ビル1F,5033133679.0,新宿駅,https://goo.gl/maps/utN42BY9bf2nDrMA7,https://shinjuku-buan.gorp.jp/,,https://facebook.com/%E6%96%B0%E5%AE%BF-%E8%91%A1%E5%BA%B5-shinjuku-bu-an-442831142832819/?modal=admin_todo_tour,https://instagram.com/shinjuku_buan/,日本ワイン食堂 SHINJUKU 葡庵,2.0,False
408.0,ラーメンもみじ屋,ラーメン・つけ麺,ラーメン,東京都,東京都杉並区和泉2-9-21,353002386.0,明大前,"https://maps.google.com/maps?ll=35.671826,139.651417&z=14&t=m&hl=ja&gl=US&mapclient=embed&q=%E3%80%92168-0063%20%E6%9D%B1%E4%BA%AC%E9%83%BD%E6%9D%89%E4%B8%A6%E5%8C%BA%E5%92%8C%E6%B3%89%EF%BC%92%E4%B8%81%E7%9B%AE%EF%BC%99%E2%88%92%EF%BC%92%EF%BC%91",,,,,ラーメンもみじ屋,2.0,False
409.0,サムシング・デュエ,イタリアン,,埼玉県,埼玉県さいたま市浦和区仲町1-9-13カンコウビル2F,5034675211.0,浦和駅,https://goo.gl/maps/NyYNbNAj5BFZTJ4r5,something-due.owst.jp,https://twitter.com/samushingudezey,https://facebook.com/something.due/?ref=bookmarks,https://instagram.com/something_due/?hl=ja,サムシング・デュエ,1.0,False
410.0,京料理 本家 たん熊 本店,和食,,京都府,京都府京都市下京区木屋町通仏光寺下る和泉屋町168,5036281645.0,京都河原町駅,https://g.page/honketankuma?share,http://www.tankuma.jp,https://twitter.com/honketankuma,https://facebook.com/honketankuma,https://instagram.com/honketankuma,京料理 本家 たん熊,1.0,False
411.0,カタリナ,ワインバー,,東京都,東京都中野区新井5−5−13,353185622.0,新井薬師,https://g.page/katarina-winebar?share,https://g.page/katarina-winebar?share,https://twitter.com/iwaiwasan,,,カタリナ,2.0,False
412.0,ミャンカー,フレンチ,,東京都,東京都世田谷区駒沢１丁目４−７,5037139686.0,駒沢大学駅,https://maps.google.com/?cid=15227298520271098852,,https://twitter.com/miankah/,https://facebook.com/miankah,,ミャンカー,1.0,False
413.0,トルカリ高円寺,アジア・エスニック,,東京都,東京都杉並区高円寺北3-22-8,353278682.0,高円寺駅,https://g.page/Torkarikouenji?share,,https://twitter.com/torkarikouenji,https://www.facebook.com/torkarikouenji/,https://www.instagram.com/torkarikouenji/,トルカリ高円寺,2.0,False
414.0,ピリカラソース,和食,,東京都,東京都新宿区百人町１丁目１５−１,353300391.0,大久保駅,https://goo.gl/maps/dtA1tVJWhYqkRs7G6,,,https://facebook.com/izakayapcs/,,ピリカラソース,2.0,False
415.0,マイキッチン,カレー,アジア多国籍料理,東京都,東京都杉並区久我山5丁目8-20,353366555.0,久我山駅,https://maps.app.goo.gl/zvdVYrBk4jyNs6ud7,,,,,マイキッチン,2.0,False
417.0,味王 中野本店,中華料理,,東京都,東京都中野区中野5-59-1中野興産ビル1F,353432588.0,中野駅,https://goo.gl/maps/rcJWcsdu6iasxyfK9,,,,,味王 中野,2.0,False
418.0,upim,イタリアン,,東京都,東京都杉並区南荻窪2-4-1,353449136.0,西荻窪駅,https://goo.gl/maps/ixBk93yHKvhF2gWU7,,,,,upim,2.0,False
419.0,手づかみシーフード ゴールデンクラブ(GOLDEN CRAB),魚介・海鮮料理,シーフードレストラン,福岡県,福岡県福岡市中央区薬院2-16-11エステートモア薬院ジョイ1F,5053032768.0,薬院駅,https://g.page/golden-crab-fukuoka?share,http://gcrab.jp/,,https://facebook.com/golden.crab.fukuoka/,https://instagram.com/goldencrabfukuoka/,手づかみシーフード ゴールデンクラブ,1.0,False
420.0,croissance,フレンチ,,長野県,長野県佐久市佐久平駅南１０−２二階永存第一ビル,5053039277.0,佐久平,https://goo.gl/maps/U894j46yxP9VbdpK9,https://retty.me/area/PRE20/ARE227/SUB55803/100001488162/,,https://www.facebook.com/Croissance-%E3%82%AF%E3%83%AD%E3%83%AF%E3%82%B5%E3%83%B3%E3%82%B9-2299162587032661/,,croissance,1.0,False
421.0,エリックサウス高円寺カレー＆ビリヤニセンター,カレー,,東京都,東京都杉並区高円寺南4-49-1,353568803.0,高円寺駅,https://g.page/ericksouth?share,https://enso.ne.jp/erick-koenji/,https://twitter.com/ericksouthkej,,,エリックサウス高円寺カレー＆ビリヤニセンター,1.0,False
422.0,豚骨味噌ラーメンじゃぐら,ラーメン・つけ麺,ラーメン,東京都,東京都中野区野方5-25-2,353569701.0,野方,"https://maps.google.com/maps?ll=35.718687,139.65333&z=14&t=m&hl=ja&gl=US&mapclient=embed&q=%E3%80%92165-0027%20%E6%9D%B1%E4%BA%AC%E9%83%BD%E4%B8%AD%E9%87%8E%E5%8C%BA%E9%87%8E%E6%96%B9%EF%BC%95%E4%B8%81%E7%9B%AE%EF%BC%92%EF%BC%95%E2%88%92%EF%BC%92",,,,,豚骨味噌ラーメンじゃぐら,2.0,False
423.0,simme,ベジ・ヴィーガン,,三重県,三重県伊勢市中島2-1008,596657821.0,伊勢市駅,https://goo.gl/maps/akT22vgLCE54hS568,http://simme.jp,,https://facebook.com/cafesimme,https://google.com/url?q=https://instagram.com/cafesimme,simme,1.0,False
424.0,島之内フジマル醸造所,イタリアン,,大阪府,大阪府大阪市中央区島之内1-1-14三和ビル1階,647046666.0,松屋町駅,https://goo.gl/maps/CVfqUd8ueJ9W278g7,http://www.papilles.net/,,https://facebook.com/%E5%B3%B6%E4%B9%8B%E5%86%85%E3%83%95%E3%82%B8%E3%83%9E%E3%83%AB%E9%86%B8%E9%80%A0%E6%89%80-285885484876161/,https://instagram.com/shimanouchi_fujimaru,島之内フジマル醸造所,1.0,False
426.0,本家かのや,和食,,東京都,東京都渋谷区千駄ケ谷5丁目24-3NTTドコモアネックスＩ3F,353635150.0,代々木駅東口,https://maps.app.goo.gl/sFAE6ZqXZFMfWhve8,https://honke-kanoya.com/,,,,本家かのや,2.0,False
428.0,高円寺葡庵,ワインバー,,東京都,東京都杉並区高円寺北３丁目２３−５和光ビル1F,353730141.0,高円寺,https://goo.gl/maps/MWVyjjBXYGCgxxfK8,https://buan.business.site/,,https://www.facebook.com/Buan.kouennji/,,高円寺葡庵,2.0,False
429.0,手もみ中華そば麦の花,ラーメン・つけ麺,ラーメン,東京都,東京都新宿区荒木町８−３,353790241.0,四谷三丁目,"https://maps.google.com/maps?ll=35.690135,139.721886&z=14&t=m&hl=ja&gl=US&mapclient=embed&q=%E3%80%92160-0007%20%E6%9D%B1%E4%BA%AC%E9%83%BD%E6%96%B0%E5%AE%BF%E5%8C%BA%E8%8D%92%E6%9C%A8%E7%94%BA%EF%BC%98%E2%88%92%EF%BC%93",,,,,手もみ中華そば麦の花,2.0,False
430.0,キックバックカフェ,ベジ・ヴィーガン,,東京都,東京都調布市若葉町2-11-1パークスクエア1階,353841577.0,仙川駅,https://goo.gl/maps/KoE6M48MNuqgb5W28,http://www.kickbackcafe.jp/,https://mobile.twitter.com/KickBackCafe,https://facebook.com/KickBackCafe/,https://instagram.com/p/B7vdwO6phBB/?igshid=11et6817b0cq8,キックバックカフェ,2.0,False
431.0,パプリカ食堂ヴィーガン,ベジ・ヴィーガン,,大阪府,大阪府大阪市西区新町1-9-9アリビオ新町一階,665999788.0,四ツ橋,https://goo.gl/maps/nigdgrM6w86j6j9m9,,,https://www.facebook.com/pg/papurika.vegan/,https://www.instagram.com/papurika_vegan/,パプリカ食堂ヴィーガン,1.0,False
432.0,らあめん元－HAJIME－,ラーメン・つけ麺,ラーメン,東京都,東京都板橋区坂下2-16-11,353929567.0,蓮根,"https://maps.google.com/maps?ll=35.784155,139.678777&z=17&t=m&hl=ja&gl=US&mapclient=embed&q=%E3%80%92174-0043%20%E6%9D%B1%E4%BA%AC%E9%83%BD%E6%9D%BF%E6%A9%8B%E5%8C%BA%E5%9D%82%E4%B8%8B%EF%BC%92%E4%B8%81%E7%9B%AE%EF%BC%91%EF%BC%96%E2%88%92%EF%BC%91%EF%BC%91",,,,,らあめん元－HAJIME－,1.0,False
433.0,焼酎酒場 BETTAKO,居酒屋・ダイニングバー,,東京都,東京都北区滝野川6丁目84-10,353948033.0,板橋駅,https://goo.gl/maps/DADc5g3iMQVQ6J8d7,https://ameblo.jp/bettako/,,https://facebook.com/pages/Bettako-%E6%9D%BF%E6%A9%8B%E4%BA%AD/570797759943199,https://instagram.com/tenshudon/,焼酎酒場 BETTAKO,2.0,False
434.0,バンビ 茗荷谷店,洋食,,東京都,東京都文京区小石川5丁目5-2,353950622.0,茗荷谷駅,https://goo.gl/maps/CZgR3vLv32WN981A8,,,,,バンビ,2.0,False
435.0,福しん 公会堂前店,中華料理,,東京都,東京都豊島区東池袋1丁目17-11,353969439.0,池袋駅,https://goo.gl/maps/8F89hVbdUc1d6pCz5,,,,,福しん,2.0,False
436.0,MANDALA 2nd,カレー,,東京都,東京都港区新橋6丁目7-2新橋ヤマトヨビル,354013465.0,新橋駅,https://goo.gl/maps/tWNbZnkGHUZ86RDV6,https://www.google.co.jp/amp/s/s.tabelog.com/tokyo/A1314/A131401/13009273/top_amp/,,,,MANDALA 2nd,2.0,False
437.0,ビストロチカラ,フレンチ,,東京都,東京都港区虎ノ門3-11-8山田ビル1階,354086328.0,神谷町駅,https://goo.gl/maps/oVeUrPtLZjAYYRPx6,http://www.bistrochikara.com,,,http://instagram.com/bistro_chikara_official/,ビストロチカラ,2.0,False
438.0,ITALIARYOURI ECLOCHE（イタリア料理エクローチェ）,イタリアン,,大阪府,大阪府大阪市北区浮田1-4-21　クリオコート梅田イースト1F,669406803.0,天神橋筋六丁目駅,https://goo.gl/maps/rBe6e2REJYjKKWWm9,https://restaurant.ikyu.com/110591/plan11226653/,,,,ITALIARYOURI ECLOCHE,1.0,False
439.0,博多一双 祇園店,ラーメン・つけ麺,,福岡県,福岡県福岡市博多区祇園町3-2,7019301889.0,祇園駅,https://goo.gl/maps/rNLyWezfe6d3nR996,http://www.hakata-issou.com/,https://twitter.com/hakataissou,https://www.facebook.com/hakataissou/,https://www.instagram.com/hakata_issou_official/,博多一双,1.0,False
441.0,Mr.FARMER 表参道店,ベジ・ヴィーガン,,東京都,東京都渋谷区神宮前4-15-12セピア原宿ビル1F,354134215.0,表参道駅,https://goo.gl/maps/MNqacHUvPZEZjkCGA,https://mr-farmer.jp/ja/locations/,,https://www.facebook.com/MrFARMER-444557508943872/,https://www.instagram.com/mr.farmer_/,Mr.FARMER,2.0,False
443.0,ユニオン スクエア トウキョウ,その他,ニューヨーク料理,東京都,東京都港区赤坂9-7-4東京ミッドタウンガーデンテラスB1,354137780.0,六本木駅,https://goo.gl/maps/bcEiSEwCnUgiKTGD7,,,,,ユニオン スクエア トウキョウ,2.0,False
445.0,梅園 三条寺町店,その他,甘味処,京都府,京都府京都市中京区天性寺前町526,752111235.0,京都市役所前駅,https://goo.gl/maps/zmgeJJFaxAmydKAr7,,,,https://instagram.com/umezono_kyoto/,梅園,3.0,False
446.0,Poquito,スペイン料理,,京都府,京都府京都市中京区河原町通三条上ル下丸屋町401-10田中ビル1F,752128450.0,京都市役所前駅,https://g.page/poquito?share,https://tabelog.com/kyoto/A2601/A260202/26002065/,,https://facebook.com/Poquito-1445042369106110/,https://instagram.com/poquito_2005/?hl=ja,Poquito,1.0,False
447.0,居酒屋 真さか,ベジ・ヴィーガン,,東京都,東京都渋谷区宇田川町15-1渋谷PARUKOB1,354223020.0,渋谷駅,https://goo.gl/maps/Ra161uBqQsCCjdBY8,,,,,居酒屋 真さか,2.0,False
448.0,premium SOW DAIKANYAMA,ベジ・ヴィーガン,,東京都,東京都渋谷区代官山町12-16シンフォニー代官山103号,354223390.0,代官山駅,https://maps.app.goo.gl/xnnat4oAjSbLUiYF7,,,,https://instagram.com/premiumsow?igshid=u5jmnqgvubl1,premium SOW DAIKANYAMA,2.0,False
449.0,白金よこ山,和食,,東京都,東京都港区白金3丁目9-6清園ビル1F有,354226074.0,白金高輪,https://goo.gl/maps/Ghin7sUxmvymQAuA9,https://shirokaneyokoyama.com/,,,,白金よこ山,2.0,False
450.0,townz,カレー,,福岡県,福岡県福岡市南区玉川町６−１１,0.0,高宮駅,https://g.page/townz_fukuoka?share,,,https://facebook.com/pages/category/Cafe/townz-257001031863064/,https://instagram.com/townz_/,townz,1.0,False
451.0,サントレス,スペイン料理,,京都府,京都府京都市下京区大坂町392豊栄ビル1F,753512133.0,五条駅,https://goo.gl/maps/MPomGp66r98DmH9BA,http://santreskyoto.com/,,,https://instagram.com/santreskyoto?igshid=175ep8ro1r90u,サントレス,1.0,False
452.0,白金バル,スペイン料理,,東京都,東京都渋谷区恵比寿3-49-1,354233236.0,恵比寿駅,https://goo.gl/maps/JGJbFYun7Um22gcVA,https://tabelog.com/tokyo/A1307/A130703/13014058/?lid=owner_yoyaku-top-jitempo_pc,,,,白金バル,2.0,False
453.0,渋谷メキシカン カサデサラサ,メキシコ料理,メキシカン、タコス,東京都,東京都渋谷区道玄坂2−25−5　島田ビル2F,354286155.0,渋谷駅,https://goo.gl/maps/gwLwFxad3Le9KmvFA,http://www.casadesarasa.com,http://www.twitter.com/casadesarasa.com,http://facebook.com/casadesarasa.com,http://instagram.com/casadesarasa.com,渋谷メキシカン カサデサラサ,2.0,False
454.0,サルイアモール,スペイン料理,,東京都,東京都渋谷区代官山町12-19,354286488.0,代官山駅,https://g.co/kgs/2B6F8J,http://salyamor.com/,,,https://instagram.com/arroceria.salyamor?igshid=145mjezc3cafn,サルイアモール,2.0,False
455.0,いっ福cafe,カフェレストラン,ベジ・ヴィーガン,京都府,京都府京都市中京区新京極四条上る中之町565-6,755855100.0,京都河原町駅,https://goo.gl/maps/z3PrwNXU8m16y4gn8,https://www.you-wing.co.jp/ippukucafe/,,https://facebook.com/Ippuku.Cafe.Kyoto/,https://instagram.com/ippuku.cafe.kyoto/,いっ福cafe,1.0,False
456.0,ラホヤ/lajolla,ベジ・ヴィーガン,,京都府,京都府京都市中京区長浜町,757082006.0,烏丸御池駅,https://goo.gl/maps/A3r8qkit7fPaaGMr8,,,,,ラホヤ/lajolla,1.0,False
457.0,CABOT CAFE,カフェレストラン,,東京都,東京都港区芝2-12-13ASITIS芝1F,354396737.0,芝公園駅,https://goo.gl/maps/XwFioy6F57D8G3Mx6,http://renovationplanning.co.jp/,,,https://instagram.com/cabot_cafe/,CABOT CAFE,2.0,False
458.0,インド料理ムンバイ 三田店 + Indian Local Food,カレー,,東京都,東京都港区三田３丁目４−１５芝MCビル2F,354405565.0,三田駅,https://goo.gl/maps/jzY4HQqYyKBCBr9s6,https://mumbaijapan.com/mita/,https://twitter.com/MumbaiPink/,,https://instagram.com/mumbaijapan/,インド料理ムンバイ 三田店 + Indian Local Food,2.0,False
459.0,京洋食まつもと,洋食,,京都府,京都府京都市不動町171-4,757087616.0,烏丸駅,https://g.page/youshoku_matsumoto?share,http://www.youshoku-matsumoto.com/,,https://www.facebook.com/%E4%BA%AC%E6%B4%8B%E9%A3%9F-%E3%81%BE%E3%81%A4%E3%82%82%E3%81%A8-matsumoto-889804137807545/,https://instagram.com/kyoyoushoku.matsumoto?igshid=1n25j400zjugf,京洋食まつもと,1.0,False
460.0,NORI,イタリアン,,東京都,東京都港区白金2-3-23デュープレックス高輪1F,354471665.0,白金高輪,https://goo.gl/maps/B3dRpcADjYiMqzm78,https://restaurant.ikyu.com/104260/,,,,NORI,2.0,False
461.0,ROZZO SICILIA,イタリアン,,東京都,東京都港区白金1丁目1-12,354471955.0,白金高輪,https://goo.gl/maps/PigT52dVgu6SeUjK7,https://www.shirokane-shotengai.jp/%E5%BA%97%E8%88%97%E4%B8%80%E8%A6%A7/%E3%83%AD%E3%83%83%E3%83%84%E3%82%A9%E3%82%B7%E3%83%81%E3%83%AA%E3%82%A2/,,,,ROZZO SICILIA,2.0,False
463.0,リストランテ　センソ,イタリアン,,東京都,東京都港区白金台5-17-10Shirokanedaithe2000B1,354496777.0,白金台駅,https://goo.gl/maps/po9Ln9rgcRs5PRLf6,http://www.ristorantesenso.tokyo/,,https://facebook.com/pages/category/Italian-Restaurant/Ristorante-Senso-リストランテ-センソ-795068490605054/,https://instagram.com/ristorantesenso?igshid=180ojldqf4fss,リストランテ センソ,2.0,False
464.0,セキハナレ,和食,,東京都,東京都世田谷区世田谷３丁目１−３,354505870.0,豪徳寺駅,https://maps.google.com/?cid=17668945931226981716,,,https://facebook.com/%E3%82%BB%E3%82%AD-%E3%83%8F%E3%83%8A%E3%83%AC-1411555765750794/,,セキハナレ,2.0,False
465.0,ランカ,フレンチ,,京都府,京都府京都市中京区新京極通四条上ル中之町565-23ハレの日花遊小路2階,757418070.0,阪急河原町駅,https://goo.gl/maps/acs5JrTeYwKRgP7s5,http://www.lanka-vin.com,,https://facebook.com/lankakayuukouji,https://instagram.com/lanka_kyoto,ランカ,1.0,False
466.0,Viva Banco,イタリアン,,東京都,東京都渋谷区元代々木町12-7The3rd代々木上原1F,354524425.0,代々木上原駅,https://goo.gl/maps/JNQ4vVji1biLzAZk9,,,,,Viva Banco,2.0,False
467.0,Daniel's Sole ダニエルズソーレ 四条烏丸,イタリアン,,京都府,京都府京都市中京区貝屋町567,757441588.0,四条烏丸駅,https://goo.gl/maps/T6x7812ktGrdM9j67,http://www.daniels.jp,,https://facebook.com/DanielsSole/,https://instagram.com/danielssole/?hl=ja,Daniel's Sole ダニエルズソーレ 四条烏丸,1.0,False
469.0,中国家常菜竈(かまど),中華料理,,富山県,富山県魚津市吉島1丁目4-27,765222209.0,魚津駅,https://goo.gl/maps/xPLUc8RqfwhjmmF46,,,https://www.facebook.com/UOZUKAMADO/,https://www.instagram.com/kamado_hasegawa/,中国家常菜竈,1.0,False
470.0,osteriaurara,イタリアン,,東京都,東京都渋谷区猿楽町1-3ユガテビル1F/2F,354592155.0,渋谷駅,https://goo.gl/maps/e6U2unxcXpCsWwZL8,https://www.google.co.jp/amp/s/s.tabelog.com/tokyo/A1303/A130301/13136881/top_amp/,,,https://instagram.com/osteria.urara/,osteriaurara,1.0,False
471.0,立道屋(タテミチヤ),居酒屋・ダイニングバー,,東京都,東京都渋谷区猿楽町30-8ツインビル代官山B棟B1,354593431.0,代官山駅,https://goo.gl/maps/kTRA4cTB7PXDnCAH6,,,,https://instagram.com/tatemichiya___daikanyama?igshid=10ac2pntwbsoi,立道屋,2.0,False
472.0,リストランテ コージ コルディアーレ,イタリアン,,東京都,東京都品川区南品川2丁目17-183F,354613762.0,青物横丁駅,https://goo.gl/maps/RHPyMYLXTrXComFS7,https://www.kouji-cordiale.com/,,,,リストランテ コージ コルディアーレ,1.0,False
473.0,アレヴェリー テラス エビス（Areverie TERRACE ebisu【旧店名】ディキシーダイナー 恵比寿店）,カフェレストラン,,東京都,東京都渋谷区広尾1-1-39プライムスクウェアタワー1F,354643721.0,恵比寿駅,https://g.page/TERRACE_ebisu?share,https://tabelog.com/tokyo/A1303/A130302/13243553/,,https://facebook.com/pages/%E3%82%A2%E3%83%AC%E3%83%B4%E3%82%A7%E3%83%AA%E3%83%BC-%E3%83%86%E3%83%A9%E3%82%B9-%E3%82%A8%E3%83%93%E3%82%B9-Areverie-Terrace-ebisu/105565294206390,,アレヴェリー テラス エビス,1.0,False
474.0,エカイユ,ハンバーガー,,兵庫県,兵庫県神戸市中央区下山手通2-16-82階,783210876.0,,https://www.google.co.jp/search?q=ema+ecaille&ie=UTF-8&oe=UTF-8&hl=ja-jp&client=safari#,,,,https://m.facebook.com/ecaillekobe/,エカイユ,1.0,False
475.0,erba da nakahigashi,イタリアン,,東京都,東京都港区西麻布4-4-16NISHIAZABU4416B1F,354670560.0,広尾駅,https://g.page/erbadanakahigashi?share,,,https://facebook.com/erba.da.nakahigashi/,https://instagram.com/erba_da_nakahigashi/,erba da nakahigashi,2.0,False
476.0,吟吟,居酒屋・ダイニングバー,,東京都,東京都品川区南大井6-25-3佐々木ビルB１Ｆ,354712626.0,大森駅,https://maps.app.goo.gl/9zX9ZKUBVq3vrUxW8,,,,,吟吟,2.0,False
477.0,スタンド　コロモ,居酒屋・ダイニングバー,,兵庫県,兵庫県神戸市中央区北長狭通2-4-8ライビル1F,783223268.0,三宮駅,https://goo.gl/maps/Jhpi9tAQmeLzRc9T6,,,https://www.facebook.com/スタンド-コロモ-397027100406603/,https://www.instagram.com/standcoromo/,スタンド コロモ,1.0,False
479.0,イサーン・キッチン,タイ料理,,東京都,東京都世田谷区太子堂4-27-11ウィンベル福本B1F,354862023.0,三軒茶屋駅,https://goo.gl/maps/hrju2xy2KgwjLMNb8,,,,,イサーン・キッチン,2.0,False
480.0,サルデスカ　スペイン料理,スペイン料理,,東京都,東京都台東区下谷1-6-7竹内マンション1F,8098842732.0,入谷駅,https://goo.gl/maps/fjsJzHwLG2WxHikq5,https://www.sardexka.com/,,https://www.facebook.com/sardexka/,,サルデスカ スペイン料理,2.0,False
481.0,NIIHARA,定食・食堂,ベジ・ヴィーガン,福岡県,福岡県福岡市城南区飯倉1-4-38メガネビル201,9025887549.0,茶山駅,https://goo.gl/maps/cYM3fPVV1vQYNcZf7,http://niihara.net,,,https://www.instagram.com/niihara.mai/,NIIHARA,1.0,False
482.0,七輪焼肉 ふくの牛,焼肉,,福岡県,福岡県福岡市城南区飯倉1-11-34,922107755.0,金山駅,https://goo.gl/maps/9ZWJz7qtegLBt6iE7,,https://twitter.com/fukunogyu,https://www.facebook.com/fukunogyu/,,七輪焼肉 ふくの牛,1.0,False
483.0,SØHOLM（スーホルム）・スーホルムカフェ湘南・スーホルムカフェ木更津,北欧料理,,東京都,東京都品川区東品川2-1-3,354959475.0,天王洲アイル,https://g.page/suhorumu?share,https://www.soholm.jp/,,https://www.facebook.com/soholm.restaurant,https://www.instagram.com/soholm_tennozu/,SØHOLM（スーホルム）・スーホルムカフェ湘南・スーホルムカフェ木更津,1.0,False
485.0,オステリア・パージナ,イタリアン,,東京都,東京都港区新橋3-5-13大興ビル3F,355112727.0,新橋駅,https://goo.gl/maps/yQhsLyBd7EGGnLXr5,https://www.ospitalia-tokyo.com/,,https://facebook.com/osteria.pagina/,https://instagram.com/osteria.pagina/,オステリア・パージナ,1.0,False
486.0,sonosheet,イタリアン,,東京都,東京都中央区佃3-5-10momo2ビル1F&2F,355349887.0,月島駅,https://g.page/sonosheet?share,,,,https://instagram.com/_sonosheet_?igshid=1jrltec1nqzeg,sonosheet,2.0,False
487.0,和牛職人赤坂本店,焼肉,,東京都,東京都港区赤坂3丁目10-6-2,355448293.0,赤坂見附駅,https://goo.gl/maps/QGi26Kr6Tcii8Pgp9,,,,,和牛職人赤坂,2.0,False
488.0,ロウリーズ・ザ・プライムリブ 赤坂店,その他,アメリカンローストビーフ,東京都,東京都港区赤坂1-8-1赤坂インターシティAIR3F,355451429.0,溜池山王駅,https://g.page/lawrysakasaka?share,,,,,ロウリーズ・ザ・プライムリブ,2.0,False
489.0,Bistro Le Petit Tonneau Toranomon,フレンチ,,東京都,東京都港区虎ノ門2-1-1商船三井ビル1F,355454640.0,虎ノ門駅,https://goo.gl/maps/Tq4gVaWKUiePeXkM7,https://www.petitonneau.com/,,https://facebook.com/lepetitonneau/,https://instagram.com/le_petittonneau/,Bistro Le Petit Tonneau Toranomon,2.0,False
490.0,肉とクラフトビールCarnism【カーニズム】,ビールバー,,東京都,東京都港区麻布十番1-3-5クレイン麻布101,355455944.0,麻布十番駅,https://g.page/Carnism?share,http://carnism.favy.jp/,,,,肉とクラフトビールCarnism,2.0,False
491.0,ポンテチェントロ,イタリアン,,東京都,東京都中央区佃2丁目1-6リバーシティＭ－ＳＱＵＡＲＥ1F,355473030.0,月島駅,https://goo.gl/maps/GKtJqPABYYd7RcfG8,http://www.trattoria-italia.com/ponte_centro.html,,,,ポンテチェントロ,2.0,False
492.0,チョコレートショップ,喫茶店・カフェ,スイーツ,福岡県,福岡県福岡市博多区綱場町3-17,922811826.0,中洲川端駅,https://goo.gl/maps/Q4NfSPDxA5JUp55h9,https://chocolateshop.jp/,https://twitter.com/chocolateshopjp,https://www.facebook.com/chocolateshop.hakata/,https://www.instagram.com/chocolate_shop_1942/,チョコレートショップ,1.0,False
493.0,銀座　香季庵,居酒屋・ダイニングバー,,東京都,"東京都中央区銀座7-14-7共栄銀座7丁目ビル1,2F",355510006.0,東銀座駅,https://goo.gl/maps/xwLg1wPMmpGLFZELA,,,,,銀座 香季庵,2.0,False
494.0,Mahlzeit,ドイツ料理,,東京都,東京都港区赤坂7-5-56ドイツ文化会館1階,355617781.0,青山一丁目駅,https://goo.gl/maps/DJMmNvGWdGUAzMyS9,,,https://facebook.com/Mahlzeit2020/,,Mahlzeit,2.0,False
495.0,私立珈琲小学校 放課後HOKAGO,喫茶店・カフェ,,東京都,東京都渋谷区代々木5-67-8,0.0,代々木八幡駅,https://goo.gl/maps/zpjhsu6dPnxaQ7VY9,,,,,私立珈琲小学校 放課後HOKAGO,1.0,False
496.0,竹井幸彦,居酒屋・ダイニングバー,,東京都,東京都中央区新川2-8-1長山ビル1階,355668410.0,八丁堀駅,https://g.page/takeiyukihiko?share,https://takeiyukihiko.com/,https://twitter.com/p0ginZq4GWP0BhA,,https://instagram.com/takei_yukhiko?igshid=nnqfnwl485zl,竹井幸彦,2.0,False
497.0,こまきしょくどう鎌倉不識庵,ベジ・ヴィーガン,,東京都,東京都千代田区神田練塀町8-2,355775358.0,秋葉原駅,http://konnichiha.net/komakishokudo/index.html,,,,,こまきしょくどう鎌倉不識庵,2.0,False
498.0,Yaoyu,フレンチ,,東京都,東京都千代田区神田錦町1-17-5PR-EXビルB1,355776783.0,大手町駅,https://goo.gl/maps/5ZXxrk4f9X2ctBJf9,,,https://facebook.com/yaoyu8571/?locale2=ja_JP,https://www.instagram.com/yaoyutokyo/,Yaoyu,2.0,False
499.0,松記鶏飯,シンガポール料理,,東京都,東京都千代田区神田司町2-15-1パレヤソジマ102,355776883.0,淡路町駅,https://goo.gl/maps/YC1SyQYny9wVs5b38,https://s.tabelog.com/tokyo/A1310/A131002/13160030/?cid=google_yoyaku,,https://facebook.com/songkeejeefan/,,松記鶏飯,2.0,False
500.0,カフェランプ,カフェレストラン,,福岡県,福岡県福岡市博多区上呉服町11-12,922820633.0,呉服町駅,https://goo.gl/maps/B2UcPxTVaGBGmzfU8,,https://twitter.com/bcklamp,https://www.facebook.com/bcklamp/,https://www.instagram.com/cafe_lamp_fukuoka/,カフェランプ,1.0,False
501.0,アムダスラビー 西葛西店 AmudhaSurbhi,アジア・エスニック,南インド料理,東京都,東京都江戸川区西葛西5-1-5サンシティ西葛西B1階,356052107.0,西葛西駅,https://goo.gl/maps/UzcWSNWEgDG9gyqZ6,,https://twitter.com/amudasurabi,https://www.facebook.com/amudhasurabhi/,https://instagram.com/amudhasurabhinishikasai?igshid=1hx73cfndu0r0,アムダスラビー 西葛西店 AmudhaSurbhi,2.0,False
502.0,熟成和牛焼肉エイジング・ビーフ西日暮里本店,焼肉,,東京都,東京都荒川区西日暮里5丁目13-11B1F第3イトービル,356153388.0,西日暮里駅,https://goo.gl/maps/z9rxe4zyAeJEdtFw7,https://agingbeef.jp/location/ab_nishinippori/,,,https://www.instagram.com/agingbeef_nishinippori/,熟成和牛焼肉エイジング・ビーフ西日暮里,2.0,False
504.0,ビストロ　ロベール・エ・ルイーズ,フレンチ,フレンチ・ビストロ,福岡県,福岡県福岡市中央区平尾３丁目１９?２０,925216670.0,,,,,,https://www.facebook.com/BisutoroRoberueruizu,ビストロ ロベール・エ・ルイーズ,1.0,False
505.0,李湘潭 湘菜館,中華料理,,東京都,東京都墨田区錦糸2丁目7-27徳重ビル1F,356378728.0,錦糸町駅,https://goo.gl/maps/Bu5ZfN2YxpfEyBLv5,https://s.tabelog.com/tokyo/A1312/A131201/13182242/,https://twitter.com/lishoutan0522,,,李湘潭 湘菜館,2.0,False
506.0,ナワブ　日本橋店,カレー,パキスタン・インド料理店です。カレーやタンドリー料理、ビリヤニ他,東京都,東京都中央区日本橋小網町18-9-2F,356400507.0,三越前　日本橋,https://g.page/nihonbashi-nawab?share,https://tabelog.com/tokyo/A1302/A130204/13078916/,https://twitter.com/ahmadkh61653967,https://www.facebook.com/nihonbashi.nawab/,,ナワブ,2.0,False
509.0,四ツ木製麺所,そば・うどん,,東京都,東京都葛飾区東立石2-11-7,356707610.0,京成立石駅,https://goo.gl/maps/62VYzbNR35Lvzsb57,,,,,四ツ木製麺所,2.0,False
510.0,桃花,中華料理,,東京都,東京都葛飾区立石1-16-16,356722535.0,京成立石駅,https://goo.gl/maps/SZqWNz1ts6iE49bw7,https://touka-syuon.com/index.html,,,,桃花,2.0,False
511.0,イタリア食堂SACCO,イタリアン,,福岡県,福岡県福岡市南区大楠3-20-18,925233525.0,高宮駅,https://goo.gl/maps/BVvW6EQKXqDHrBmVA,,,https://facebook.com/saccodacosimo/,https://instagram.com/trattoria_sacco?igshid=oa102f819v0,イタリア食堂SACCO,1.0,False
512.0,新竹,台湾料理,台湾客家料理,東京都,東京都台東区台東3丁目14-9,356881388.0,御徒町駅,https://goo.gl/maps/BmCtsuCpnVHaLp36A,,,,,新竹,2.0,False
514.0,いちばんや,ラーメン・つけ麺,,東京都,東京都目黒区自由が丘1-12-3第二元太ビルB1F,357015138.0,自由が丘駅,https://goo.gl/maps/AfLpTNGs7fUh7aXT8,http://www.jiyugaoka-ichibanya.com/,,,,いちばんや,2.0,False
515.0,石焼きメキシカン　コジコジ,メキシコ料理,,東京都,東京都目黒区八雲1-7-16コンフォーレ1F,357018041.0,都立大学駅,https://goo.gl/maps/U6sKCtD6hnjrkzwz6,http://cosicosi.jp/,,,,石焼きメキシカン コジコジ,2.0,False
516.0,アウテンティコ,イタリアン,,東京都,東京都大田区蒲田5-21-1タミーパレス2階,357033133.0,蒲田駅,https://goo.gl/maps/dKfZqnmhPrCYuFVNA,http://autentico-tokyo.com,,https://facebook.com/autentico.tokyo/,https://instagram.com/autentico_tokyo/,アウテンティコ,2.0,False
517.0,Bells nakameguro,ベジ・ヴィーガン,,東京都,東京都目黒区上目黒2-44-16,357085746.0,中目黒駅,https://www.google.com/search?q=bells%20%E4%B8%AD%E7%9B%AE%E9%BB%92,,,,,Bells nakameguro,2.0,False
518.0,1010Noel Dr.,ハンバーガー,,東京都,東京都世田谷区用賀3-11-1ウェルス用賀台1F,357161010.0,用賀駅,https://goo.gl/maps/C1h2YE2JtQXsGjJXA,https://1010noeru.wixsite.com/1010noeldr,,https://facebook.com/profile.php?id=100006065527454https://facebook.com/profile.php?id=100006065527454,https://www.instagram.com/noerutenten/,1010Noel Dr.,2.0,False
519.0,PecoRi,居酒屋・ダイニングバー,,福岡県,福岡県福岡市南区大楠２丁目１７−３　101号,925243621.0,平尾駅,https://g.page/pecori39,http://pecori.org/,,https://facebook.com/PecoRi-246960558688901/,https://www.instagram.com/necopecori/,PecoRi,1.0,False
520.0,能古の旬,和食,,福岡県,福岡県福岡市南区長丘1-20-8,925545557.0,高宮駅,https://goo.gl/maps/Tc4kCeunUKG1WDEc8,https://noconoshun.com/,https://twitter.com/a_noconoshun,https://www.facebook.com/noconoshun/,https://www.instagram.com/noconoshun/,能古の旬,1.0,False
521.0,麺処びぎ屋,ラーメン・つけ麺,ラーメン,東京都,東京都目黒区鷹番2-4-9,357221669.0,学芸大学,"https://maps.google.com/maps?ll=35.628849,139.689156&z=14&t=m&hl=ja&gl=US&mapclient=embed&q=%E3%80%92152-0004%20%E6%9D%B1%E4%BA%AC%E9%83%BD%E7%9B%AE%E9%BB%92%E5%8C%BA%E9%B7%B9%E7%95%AA%EF%BC%92%E4%B8%81%E7%9B%AE%EF%BC%94%E2%88%92%EF%BC%99",,,,,麺処びぎ屋,2.0,False
522.0,パーレンテッシ,イタリアン,,東京都,東京都目黒区東山3-6-8,357226968.0,池尻大橋駅,https://goo.gl/maps/776CxwGicbHd8GFB7,,,,https://instagram.com/parentesi0301?igshid=n7mrle2o6jqp,パーレンテッシ,2.0,False
523.0,Cafe & Bar spare,カフェレストラン,,神奈川県,神奈川県横浜市泉区中田東1-38-3石井ビル2F,458012163.0,中田駅,https://maps.app.goo.gl/1RwsKFvPdzepnfWg8,,https://twitter.com/spare2450013?s=09,,,Cafe & Bar spare,2.0,False
525.0,旅の酒場　シックラー,イタリアン,,福岡県,福岡県福岡市南区井尻4-21-23,925584834.0,井尻駅,https://goo.gl/maps/wVeycEUGdejRwECS9,https://www.tabinosakabasickler.com,,https://www.facebook.com/tabisaka/?modal=admin_todo_tour,https://www.instagram.com/tabisaka/,旅の酒場 シックラー,1.0,False
526.0,菜道 Saido,ベジ・ヴィーガン,,東京都,東京都目黒区自由が丘2丁目15-10,357269500.0,自由が丘駅,https://g.page/saido-tokyo?share,https://saido.tokyo/,,https://facebook.com/saido.tokyo.jp/,https://instagram.com/saido_tokyo/,菜道 Saido,2.0,False
527.0,インディアンスパイスファクトリー,アジア・エスニック,インド料理,福岡県,福岡県春日市昇町4丁目24　稲生ビル1F,925866665.0,春日駅,https://goo.gl/maps/qeLA25WfkoN8zyCJ7,https://indianspicefactory.co.jp,https://twitter.com/FactorySpice,https://facebook.com/indianspicefactory/,https://www.instagram.com/indian_spice_factory/,インディアンスパイスファクトリー,1.0,False
528.0,Fukushima,フレンチ,,東京都,東京都目黒区中根1-6-1　ニューヨークコーナー161　2F,357269727.0,都立大学駅,https://goo.gl/maps/XQQtoiDSiq1Jsjjz6,,,https://facebook.com/sumibifukushima/?__tn__=kCH-R&eid=ARABHJ_qQwJ8IoyGh2_nS5By1bAJm06ZpLpIRGBGg4OmZAjyrmSuOxII8eXOIaKkK1R0489ZUqEfPOdv&hc_ref=ARSUsRGBqzzO9s4OpRAyc6FMO0pQQdmccu0LgAw77GGX3ci6R2nHGZwYAK2eNqQPLRU&fref=nf&__xts__[0]=68.ARCp9bb2pv_olnmnrv5lid814iE0DWLoCFOgFtKjTg3EopHCgdTXQfdTr_ld8MtCIcUFm96SKSdWvVVYvvmKIwtLiBypUzJSIC23we5U81fhGRJVnPJh5nisN0Sr5-XZx2u_dU4Hko1TETJylT8i_9gymy1QF7OLPMsgcAl-j29Dw1DGlkQP8yvr7Re-BWUexVVS6KScqWAk8ZzHcpOq8febHXlCw7cJQ07lFQHV1FLdAau7BIOlliL58ty_UuVK9B3QWzGJvZQXcChxdkzsOv89Di4PESWQAT0nytVa-BFHtB_v6Rfz1d292UT3ErjeojKStUfZhtud3M-2sVuU9eUibg,,Fukushima,2.0,False
529.0,厨酒房ぱんどら,中華料理,,福岡県,福岡県福岡市博多区住吉5-18-7,927106141.0,博多駅,https://g.page/pandora-7-1-chaina-bar?share,,,https://www.facebook.com/pandora.7.1.chaina.bar/,https://www.instagram.com/chinatown0615/,厨酒房ぱんどら,1.0,False
530.0,マルカン（Marucan）,その他,野菜を中心にしたヘルシーメニュー,東京都,東京都目黒区中根1丁目1-7,357312117.0,都立大学駅,https://goo.gl/maps/wsgATAQPBLcuAhgp7,,,,https://instagram.com/p/B-nmRfol1wc/?utm_source=ig_web_copy_link,マルカン,2.0,False
531.0,串皇,焼き鳥,,福岡県,福岡県福岡市中央区薬院1-11-7Sビル1F,927119446.0,薬院大通駅,https://goo.gl/maps/KGFEMQa1mG6UTYzb7,,,https://www.facebook.com/love9450/,https://www.instagram.com/yakitori_fukuoka_kushiko/,串皇,1.0,False
533.0,アイランズカフェ,アメリカ料理,ハワイアンダイニング,東京都,東京都目黒区自由が丘1-28-8自由が丘デパート2階,357318618.0,自由が丘駅,https://goo.gl/maps/hfPvuRjzvLhpq9fc8,,,,,アイランズカフェ,2.0,False
534.0,うどん日和,そば・うどん,,福岡県,福岡県福岡市中央区六本松4-4-12,927145776.0,六本松駅,https://goo.gl/maps/LJ22QT6BuYWHapLa8,,,https://www.facebook.com/うどん日和-174970076031150/,https://www.instagram.com/udonbiyori/,うどん日和,1.0,False
535.0,ブルスタ,イタリアン,,東京都,東京都目黒区中目黒１丁目１−１１,357341294.0,代官山駅,https://maps.google.com/?cid=11308710285734142606,,,https://facebook.com/1111nakamegro,https://instagram.com/brusta_nakameguro1111,ブルスタ,2.0,False
536.0,寿司・割烹 やまちょう,寿司,,福岡県,福岡県福岡市中央区春吉3-22-20,927160638.0,西鉄福岡（天神）駅,https://goo.gl/maps/FXP86fwDNJ2eiamU6,http://www.sushi-yamachou.jp/,,https://www.facebook.com/yamachou/,https://instagram.com/takuya_osa,寿司・割烹 やまちょう,1.0,False
537.0,will o' wisp,フレンチ,,東京都,東京都渋谷区幡ケ谷1丁目33-2Yukonaビル1F,357387753.0,幡ヶ谷駅,https://goo.gl/maps/PqpzpQH14jtc9iTL6,https://www.instagram.com/willowisp.jp/,,,https://instagram.com/willowisp.jp/,will o' wisp,2.0,False
538.0,和のかし巡,ベジ・ヴィーガン,,東京都,東京都渋谷区上原3-2-1,357388050.0,代々木公園駅,https://goo.gl/maps/KuJHK8ES69rbESGG7,,,,,和のかし巡,2.0,False
539.0,割烹一楓,和食,,東京都,東京都渋谷区上原1-32-5-101,357388441.0,代々木上原駅,https://goo.gl/maps/RLSkKSUy7aTsX16k6,,,https://facebook.com/kappou.ichika/,,割烹一楓,2.0,False
540.0,レザン・ドール,フレンチ,,福岡県,福岡県福岡市中央区西中洲2-25STAGE1西中洲1F,927246500.0,中洲川端駅,https://goo.gl/maps/SufguCqpSWPFuH11A,http://www.raisindor.jp/,,https://www.facebook.com/RaisindOr/,,レザン・ドール,1.0,False
541.0,ラ・カンティネッタ 多摩川,ワインバー,,東京都,東京都大田区多摩川1-18-8矢﨑ビル1F,357418188.0,矢口渡駅,https://goo.gl/maps/a9bLRhMzcHUBQwNRA,https://www.ilglicine.tokyo,https://twitter.com/can_tama_2017,https://facebook.com/lacantinettatamagawa/,https://instagram.com/la_cantinetta_tamagawa/,ラ・カンティネッタ 多摩川,2.0,False
542.0,肴や だいご,居酒屋・ダイニングバー,,福岡県,福岡県福岡市中央区草香江２丁目４−４シャトレ草香江1F,927252545.0,六本松駅,https://goo.gl/maps/KHtYKgGds7tcmvXo9,https://sakanayadaigo.therestaurant.jp,,https://facebook.com/肴やだいご-350923555373628/,https://www.instagram.com/sakanaya_daigo/,肴や だいご,1.0,False
543.0,Ricky’s cafe,アジア・エスニック,インドネパール料理,東京都,東京都品川区平塚2-18-3,357517377.0,戸越銀座駅,https://goo.gl/maps/tfWvPLrVw6X1ZNpH8,http://rickys-cafe.com/,,,,Ricky’s cafe,2.0,False
544.0,桜坂チリエージョ,イタリアン,,福岡県,福岡県福岡市中央区桜坂３丁目１０−３平田ビル103号,927257120.0,桜坂駅,https://goo.gl/maps/ov9KsrhdRFUtMwbe9,,,https://facebook.com/ciliegio333/,https://instagram.com/ciliegio3.yuko/,桜坂チリエージョ,1.0,False
545.0,麺場田所商店　池上店,中華料理,,東京都,東京都大田区池上3-39-13,357553990.0,池上駅,https://goo.gl/maps/r8q1oZxyUMrApBD4A,,,,,麺場田所商店,2.0,False
546.0,Metzgerei SASAKI,ドイツ料理,ドイツ料理,東京都,東京都大田区田園調布３丁目１−３,357555971.0,田園調布駅,https://goo.gl/maps/B3Vcg3dTshCPrRSB8,http://metzgerei-sasaki.takara-butz.co.jp/,,,,Metzgerei SASAKI,1.0,False
548.0,ルレサクラ,フレンチ,,東京都,東京都世田谷区新町1-36-9,357606319.0,桜新町駅,https://goo.gl/maps/XTPVr4efLBLSo1BFA,,,,,ルレサクラ,2.0,False
549.0,ぽえむ　狛江南口店,カフェレストラン,,東京都,東京都狛江市東和泉1丁目20-2,357615569.0,狛江駅,https://goo.gl/maps/WozeVh9biX3kU4hTA,,,,,ぽえむ,2.0,False
550.0,ラ・ルカンダ,イタリアン,,福岡県,福岡県福岡市中央区笹丘２丁目３−１,927917571.0,桜坂駅,https://g.page/lucanda,,,https://facebook.com/イタリアレストラン-La-Lucanda-500854046604935/,https://instagram.com/lalucanda_fukuoka/,ラ・ルカンダ,1.0,False
552.0,焼肉チャンピオン 恵比寿本店 -Yakiniku Champion Ebisu Head Store-,焼肉,,東京都,東京都渋谷区恵比寿南1-2-8雨宮ビル1F,357686922.0,恵比寿駅,https://g.page/yakinikuchampion-ebisu-headstore?share,https://www.yakiniku-champion.com/jp/honten/,,https://facebook.com/yakinikuchampion/,,焼肉チャンピオン 恵比寿本店 -Yakiniku Champion Ebisu Head Store-,2.0,False
554.0,"Terres de Truffes, Tokyo",フレンチ,,東京都,東京都港区南青山2-27-6MINAMIAOYAMABuilding1FReve,357722139.0,外苑前駅,https://g.page/terres-de-truffes-tokyo?share,,,,,"Terres de Truffes, Tokyo",2.0,False
555.0,やき肉かのや,焼肉,,東京都,東京都港区西麻布1-4-44シグマ西麻布ビル2F,357725298.0,乃木坂駅,https://goo.gl/maps/W4Gzw1J5T3HdyGZA6,https://s.tabelog.com/tokyo/A1307/A130701/13119550/,,,,やき肉かのや,2.0,False
556.0,vineria HIRANO,イタリアン,,東京都,東京都渋谷区千駄ヶ谷2-5-5ウィルコ-ト1F,357726230.0,北参道駅,,https://vineriahirano.com,,https://www.facebook.com/vineriahirano,https://instagram.com/vineriahirano/,vineria HIRANO,2.0,False
557.0,オルタナティブ,フレンチ,,東京都,東京都港区西麻布3-1-19小山ビル202,357727272.0,六本木,https://goo.gl/maps/Jpj5zZhEfQ9fad2U8,https://www.eatpia.com/restaurant/Alternative-NishiAzabu-French,,https://facebook.com/k19681994/?locale2=ja_JP,,オルタナティブ,2.0,False
558.0,博仏ダイニング KINOSHITA,フレンチ,,福岡県,福岡県福岡市中央区大名１丁目１３−１２　ことうビル　1F,927257225.0,天神（福岡）駅,https://goo.gl/maps/zWVj7NWJ8t5fUjsVA,,,,https://instagram.com/kinoshita_f/,博仏ダイニング KINOSHITA,1.0,False
559.0,プロヴァンス,フレンチ,,福岡県,福岡県福岡市中央区赤坂1-13-8赤坂ウイングビル1F,927325277.0,赤坂駅,https://g.page/provence-fukuoka?share,http://provence-fukuoka.com,,https://www.facebook.com/provence.fukuoka/,https://www.instagram.com/provence_fukuoka/,プロヴァンス,1.0,False
560.0,てっぱん焼き・しゃぶしゃぶ  瑞祥,ステーキ・ハンバーグ,,福岡県,福岡県福岡市中央区大名1-12-39大名バルコニー2F,927718955.0,赤坂駅,https://goo.gl/maps/9nL1Nd5YacS3cuSC7,,,https://www.facebook.com/zuishou/,,てっぱん焼き・しゃぶしゃぶ 瑞祥,1.0,False
561.0,いろり焼き 筑前堀,和食,いろり焼き,福岡県,福岡県福岡市西区今宿上の原125,928065655.0,今宿駅,https://goo.gl/maps/VK96pL6HuwDBNs616,https://tikuzenbori.com/,https://twitter.com/1Itd5BrLQktJoL0,https://www.facebook.com/tikuzenbori/,https://www.instagram.com/tikuzenbori/,いろり焼き 筑前堀,1.0,False
562.0,とり鉄　三軒茶屋店,和食,,東京都,東京都世田谷区三軒茶屋1-38-7-B1F,357799410.0,三軒茶屋,https://goo.gl/maps/F4chai7HkK644xds8,,,https://facebook.com/toritetsusangencyaya/?ref=bookmarks,,とり鉄,2.0,False
563.0,ビストロモザール,フレンチ,,東京都,東京都品川区東大井5-6-14,357810405.0,大井町駅,https://goo.gl/maps/Ch6HrZQWXA7eFWXC7,,,https://facebook.com/bistrotmozart/,,ビストロモザール,2.0,False
564.0,Coquines（コキンヌ）,フレンチ,,福岡県,福岡県福岡市早良区祖原３−４川島ビル1F,928468410.0,西新駅,https://goo.gl/maps/67smLpEoJiYrSvo16,,,https://facebook.com/pages/Coquines(%E3%82%B3%E3%82%AD%E3%83%B3%E3%83%8C)/112004165557584/,https://instagram.com/lherbe_royale_tomocoquines/,Coquines,1.0,False
565.0,梅翠（メイスイ）,中華料理,,福岡県,福岡県福岡市西区今宿東1‐2‐1,929826247.0,今宿駅,https://goo.gl/maps/A4AvwcJnMraAtd536,https://www.chineserestaurantmeisui.com/,,https://www.facebook.com/meisui1017/,https://www.instagram.com/meisui.1017/,梅翠,1.0,False
566.0,NICE,ベジ・ヴィーガン,,福岡県,福岡県福岡市中央区警固3-13-35,929835971.0,薬院大通駅,https://goo.gl/maps/rWbZq3VjZWhyPGuQ8,https://www.nice-plantbased.com,,https://www.facebook.com/Plant-based-Cafe-NICE-104382434556460/,https://www.instagram.com/nice_plantbased/,NICE,1.0,False
567.0,CAFE AZUR,カフェレストラン,,熊本県,熊本県熊本市東区小峯２丁目５－１０,962739245.0,東海学園前,https://g.page/CAFEAZUR?share,https://cafe-azur.business.site/,,https://facebook.com/cafe.azur.kumamoto/,https://www.instagram.com/cafe_azur_/,CAFE AZUR,1.0,False
569.0,＋ruli-ro ルリイロ,フレンチ,,東京都,東京都世田谷区池尻3-16-3,357876662.0,池尻大橋駅,https://goo.gl/maps/5TSSHM5mwTA2qfNm9,,,,,＋ruli-ro ルリイロ,1.0,False
570.0,世田谷ワインバルSeta,イタリアン,,東京都,東京都世田谷区池尻2-37-16　レイクパレス2F,357876711.0,池尻大橋駅,https://maps.app.goo.gl/m29BtAGhFQTmgXQo9,http://organic-seta.com/,https://twitter.com/seta_fourseason?s=09,https://facebook.com/setawine/,https://instagram.com/setagayawinebar_seta,世田谷ワインバルSeta,2.0,False
571.0,南魚沼農家レストランまつえんどん,カフェレストラン,,新潟県,新潟県南魚沼市美佐島972,257757401.0,六日町駅,https://maps.app.goo.gl/WQ5SwWuQ8SgoiWrK8,,,,,南魚沼農家レストランまつえんどん,2.0,False
572.0,Y'Y',イタリアン,,東京都,東京都世田谷区代沢4丁目7-2,357878246.0,三軒茶屋駅,https://goo.gl/maps/CPdQczgv98FfRTiZ8,,,,https://instagram.com/italian1001_yy/,Y'Y',2.0,False
573.0,クリスチアノ,ポルトガル料理,,東京都,東京都渋谷区富ヶ谷1-51-10,357900909.0,代々木公園駅,https://goo.gl/maps/zJiZ7NMiYK1kiDS89,http://www.cristianos.jp/,,https://facebook.com/profile.php?id=100004024492943,,クリスチアノ,2.0,False
574.0,安喜センター,和食,,長野県,長野県塩尻市広丘野村1641-1,263521515.0,塩尻駅,https://goo.gl/maps/6R23moVtA3D9gRuP6,,,,,安喜センター,2.0,False
575.0,煮込みとお惣菜スタンド ウエトミ,,,東京都,東京都渋谷区上原1-1-21　山口ビル1Ｆ,357909990.0,,https://goo.gl/maps/EjSJePwVQ4ncsrzi9,,,,https://www.instagram.com/uetomi_stand/,煮込みとお惣菜スタンド ウエトミ,2.0,False
576.0,白金こむすび庵さんかく,和食,,東京都,東京都港区白金1-6-14白金Nビル101,357917370.0,白金高輪,https://goo.gl/maps/4r7KTLixzPx959hi8,https://komusubi-sankaku.jimdofree.com/,,,,白金こむすび庵さんかく,2.0,False
578.0,トラットリア ナカタ 高輪台,イタリアン,,東京都,東京都港区白金台2-25-5アラ井ビル1F,357937083.0,高輪台駅,https://goo.gl/maps/gnxcPjYRZixgight5,https://hitosara.com/0006079412/,,https://facebook.com/trattoria.nakata/,,トラットリア ナカタ 高輪台,2.0,False
579.0,アカベコ　中目黒,居酒屋・ダイニングバー,,東京都,東京都目黒区上目黒2-12-3,357948283.0,中目黒駅,https://goo.gl/maps/8HeLwB4uA74JyCPX9,https://tabelog.com/tokyo/A1317/A131701/13166514/,,https://facebook.com/akabeko.nakameguro/,https://instagram.com/akabeko.nakameguro/?hl=ja,アカベコ 中目黒,1.0,False
580.0,オールブルー (ALL Blue),和食,,東京都,東京都渋谷区恵比寿南1-7-8ニューライフ1F,357948383.0,恵比寿駅,https://goo.gl/maps/Q95kmtm46XEeMECs9,https://allblue-ebisu.owst.jp/,,,https://instagram.com/worldkitchenallblue?igshid=2z9fcjsr46sw,オールブルー,2.0,False
581.0,はな膳 守谷店,和食,,茨城県,茨城県守谷市大柏1002-1,297218787.0,守谷駅,https://goo.gl/maps/57sJBW1dQnDMzjj76,http://www.hanazen.ne.jp/sp/store/hana_moriya.html,,,,はな膳,2.0,False
582.0,日本三大モツ煮の鈴虎スズキ,居酒屋・ダイニングバー,,茨城県,茨城県守谷市中央2丁目16-4,297444228.0,守谷駅,https://g.page/suzutora-chochin?share,,https://twitter.com/suzutora_m,,,日本三大モツ煮の鈴虎スズキ,2.0,False
584.0,ビストロ モデスト リュクス,フレンチ,,東京都,東京都世田谷区世田谷1-16-14エストIJ1F,357997823.0,世田谷駅,https://g.page/modesteluxe?share,https://www.bistromodesteluxe.com/,,https://facebook.com/modesteluxe/,https://bistromodesteluxe.com/instagram,ビストロ モデスト リュクス,2.0,False
585.0,榎本ハンバーグ研究所,ステーキ・ハンバーグ,,東京都,東京都文京区小石川1-16-16,358010883.0,後楽園,https://goo.gl/maps/UGetmLDNnkhMoaKy7,http://www.enomoto-hamburg-lab.com/,,https://www.facebook.com/cafeenomoto/,,榎本ハンバーグ研究所,2.0,False
586.0,山谷酒場,居酒屋・ダイニングバー,居酒屋、スパイス料理,東京都,東京都台東区日本堤1-10-61F,358089245.0,三ノ輪駅,https://goo.gl/maps/G4UnP53T47eXUkKFA,,https://twitter.com/sanya_sakaba,,https://instagram.com/sanya_sakaba/,山谷酒場,1.0,False
587.0,hako cofe,カフェレストラン,,茨城県,茨城県取手市戸頭3丁目2-1,297795667.0,取手駅,https://goo.gl/maps/RdQ3droGGmU3P82f6,,,,,hako cofe,2.0,False
588.0,cafe&bar MEDIUM（ミディアム）,メキシコ料理,,東京都,東京都江東区白河1丁目4-18,358098716.0,清澄白河駅,https://goo.gl/maps/ipcuPzPvZVNox8Nk7,http://red-holly-works.com/portfolio/cafe-bar-medium/,https://twitter.com/talkz_medium,https://facebook.com/CafeBarMedium,https://instagram.com/kiyosumimedium/,cafe&bar MEDIUM,2.0,False
589.0,Books&Cafeドレッドノート,喫茶店・カフェ,,東京都,東京都江東区平野2丁目3-21,358099008.0,清澄白河駅,https://goo.gl/maps/32cN1E4KA72PwNB78,,https://twitter.com/suzukitaitou,,,Books&Cafeドレッドノート,2.0,False
590.0,もんじゃ お好み焼き ねづ味,お好み焼き・もんじゃ焼き,鉄板焼,東京都,東京都台東区池ノ端4-24-5,358145004.0,根津駅,https://goo.gl/maps/WiZ9d5VvdgyGctgi7,,,,,もんじゃ お好み焼き ねづ味,2.0,False
591.0,丼やまの,焼肉,,東京都,東京都千代田区神田佐久間町3-1森本ビル1F,358234829.0,秋葉原駅,https://goo.gl/maps/djanJFU9LWhb65U3A,https://tabelog.com/tokyo/A1310/A131001/13220072/,https://twitter.com/DON_YAMANO,,,丼やまの,2.0,False
592.0,WINESHOP&DINER FUJIMARU,フレンチ,ワインショップ＆ダイナー,東京都,東京都中央区東日本橋2-27-19Sビル2階,358298190.0,浅草橋駅,https://goo.gl/maps/dvGXyt5uXhDjYw198,https://www.papilles.net/,,https://facebook.com/wineshopdinerfujimaru/,https://instagram.com/fujimaru_tokyo,WINESHOP&DINER FUJIMARU,2.0,False
593.0,Le Marais マレ,フレンチ,,東京都,東京都台東区浅草橋1-25-12FAMビル1階,358298533.0,浅草橋駅,https://goo.gl/maps/dDmHa2hudkYe7J5P7,https://www.marais.jp/,,,https://instagram.com/marais_asakusabashi/?hl=en,Le Marais マレ,2.0,False
594.0,結わえる　本店,和食,,東京都,東京都台東区蔵前2丁目14番地14,358299929.0,蔵前駅,https://goo.gl/maps/jhScNrgozRMKgPXg7,,,,,結わえる,2.0,False
595.0,Gentil(ジョンティ),フレンチ,,東京都,東京都台東区浅草橋2丁目5−3,358299971.0,浅草橋駅,https://goo.gl/maps/1ybFobyQvQ19JoFr9,http://b-gentil.com/,https://twitter.com/b_gentil,,,Gentil,2.0,False
596.0,Guruatsu,ベジ・ヴィーガン,,東京都,東京都台東区東上野4丁目21-6,358303700.0,上野駅,https://goo.gl/maps/bbDb8agR3wRVYjsm7,,,,,Guruatsu,2.0,False
597.0,まゝ,和食,,東京都,東京都世田谷区北沢3丁目23-23,368049210.0,下北沢駅,https://goo.gl/maps/N3cQLraZ4wWoZdPw5,,,https://facebook.com/mamatoky0/,https://instagram.com/mamatokyo_/,まゝ,2.0,False
598.0,sen,居酒屋・ダイニングバー,,東京都,東京都台東区雷門2-18,358307611.0,浅草駅,https://goo.gl/maps/dnPGoufdmAJZwnEH7,,,,,sen,2.0,False
599.0,ルポ（Repos）,フレンチ,,神奈川県,神奈川県藤沢市南藤沢14-151F,466272403.0,藤沢駅,https://maps.app.goo.gl/vy2Zrr7FF8R6eH886,http://repos413.com/,,https://facebook.com/Repos-%E3%83%AB%E3%83%9D-216315265150912/?__tn__=C-R,,ルポ,1.0,False
600.0,Cameleon カメレオン,フレンチ,,東京都,東京都台東区浅草橋１丁目５−2,358332253.0,浅草橋駅,https://goo.gl/maps/rbVNa8XYSdw2KKu5A,,,,https://instagram.com/bistro.cameleon?igshid=1tyspsyvkkadu,Cameleon カメレオン,2.0,False
602.0,76vin,和食,,東京都,東京都文京区根津2-13-8,358347684.0,根津駅,https://g.page/76vin,,https://twitter.com/76vin,https://facebook.com/76vin/,,76vin,2.0,False
603.0,一卵亭,定食・食堂,,東京都,東京都文京区根津2-37-1,358348909.0,根津駅,https://g.page/ichirantei?share,,https://mobile.twitter.com/ichirantei_nezu,,https://www.instagram.com/ichirantei,一卵亭,2.0,False
604.0,根津カレー ラッキー,カレー,,東京都,東京都文京区根津1丁目16-13,358421480.0,根津駅,https://goo.gl/maps/ssBc6JXdiHPBPcKj8,,https://twitter.com/NezuLuckyCurry,,,根津カレー ラッキー,2.0,False
605.0,ヴァンエ,フレンチ,,東京都,東京都文京区千駄木4-19-12,358421606.0,千駄木駅,https://goo.gl/maps/BwHXrfFJ5o4fq3YM8,,,https://facebook.com/casualfrench.vinet/,,ヴァンエ,2.0,False
606.0,おすしと和食 はた中,和食,,石川県,石川県金沢市此花町４−２１,5035033200.0,金沢駅,https://goo.gl/maps/YgBbfbPF1UauS6WZ8,https://sushihatanaka.com/,,https://facebook.com/sushihatanaka,https://instagram.com/sushi_hatanaka?igshid=xza474xrxqm3,おすしと和食 はた中,2.0,False
607.0,濱松うなぎ中川屋,うなぎ,,東京都,東京都港区西麻布1-4-21アートスクエア2階,358431833.0,六本木駅,https://maps.app.goo.gl/6V5dRNkiKfn4MavZ6,http://nakagawaya.jp/nishiazabu/index.cgi,,,https://instagram.com/unagi.nakagawaya/,濱松うなぎ中川屋,2.0,False
608.0,鮪専門店 MEGRO,和食,,東京都,東京都文京区本郷2-40-13ベルショップ本郷103,358446369.0,本郷三丁目駅,https://g.page/megro1919?share,http://megro-dal-fish.com/,,https://facebook.com/megro1919/,https://instagram.com/megro1919/,鮪専門店 MEGRO,2.0,False
609.0,海山和酒なるたか,和食,和風居酒屋,東京都,東京都文京区本郷1-15-2三澤ビル1階,358446775.0,水道橋駅,https://goo.gl/maps/pdzJSiitgGrPowVf8,https://r.gnavi.co.jp/amp/g220042/,https://twitter.com/takanoyaman7,,,海山和酒なるたか,2.0,False
611.0,むぎわらい,ベジ・ヴィーガン,天然酵母パンのカフェ,東京都,東京都荒川区東日暮里1-5-6,358506815.0,三ノ輪駅,https://goo.gl/maps/gkWnRf3ZS667mxd38,https://mugiwarai.com/,,,,むぎわらい,2.0,False
612.0,ISA TACO,居酒屋・ダイニングバー,沖縄料理,東京都,東京都江東区亀戸2-30-9アーバンヴィラ1階,358586088.0,亀戸駅,https://goo.gl/maps/NojJYDGVh9K6X9Xn9,,,,,ISA TACO,2.0,False
613.0,亀戸煮干し中華蕎麦　つきひ,ラーメン・つけ麺,スープなし麺,東京都,東京都江東区亀戸5-13-2スクエア三報104区画,358588099.0,亀戸,"https://maps.google.com/maps?ll=35.699067,139.826253&z=14&t=m&hl=ja&gl=US&mapclient=embed&cid=11056080823588510445",,,,,亀戸煮干し中華蕎麦 つきひ,2.0,False
614.0,UNIHOLIC,魚介・海鮮料理,ウニ料理専門店,東京都,東京都港区六本木7-14-5大和ビル11F,358606852.0,六本木,https://goo.gl/maps/mMh1RmaFVWBGM1H6A,https://www.uniholic.com/,,,https://www.instagram.com/p/B-rxBRvAHpI/,UNIHOLIC,2.0,False
615.0,超ごってり麺 ごっつ,ラーメン・つけ麺,ラーメン,東京都,東京都江東区亀戸6-59-12,358752212.0,錦糸町,"https://maps.google.com/maps?ll=35.696838,139.826198&z=14&t=m&hl=ja&gl=US&mapclient=embed&q=%E3%80%92136-0071%20%E6%9D%B1%E4%BA%AC%E9%83%BD%E6%B1%9F%E6%9D%B1%E5%8C%BA%E4%BA%80%E6%88%B8%EF%BC%96%E4%B8%81%E7%9B%AE%EF%BC%95%EF%BC%99%E2%88%92%EF%BC%91%EF%BC%92",,,,,超ごってり麺 ごっつ,2.0,False
616.0,はりくやまく,居酒屋・ダイニングバー,沖縄料理,東京都,東京都江東区大島3-1-17加太ビル1階,358752725.0,西大島駅,https://goo.gl/maps/h1FAFLLUfq9TUMwA8,https://harikuyamaku.owst.jp/,,,,はりくやまく,2.0,False
617.0,和牛山本,焼肉,,東京都,東京都江東区亀戸5-5-8,358753329.0,亀戸駅,https://goo.gl/maps/C3xR4oiEK65y2Nfs5,https://wagyuyamamoto.owst.jp/,,,https://instagram.com/wagyusaii,和牛山本,2.0,False
618.0,洋風ダイニングCiel,イタリアン,,東京都,東京都江東区亀戸6丁目21-9,358753732.0,亀戸駅,https://maps.app.goo.gl/YJ5KDCkWd2ZWhtc4A,,,,,洋風ダイニングCiel,2.0,False
619.0,心らん 清澄白河,和食,,東京都,東京都江東区三好4丁目9-8,358758793.0,清澄白河駅,https://goo.gl/maps/pV2yrT64wvreAwmH6,http://www.fukagawa-shinran.com/menu.html,,,,心らん 清澄白河,2.0,False
620.0,金町焼肉　雅,焼肉,,東京都,東京都葛飾区金町5-33-25脇坂ビル1F,358766980.0,金町駅,https://goo.gl/maps/vKY43XdA74H1X4va7,https://yakiniku-miyabi.crayonsite.com/,,,,金町焼肉 雅,2.0,False
621.0,Johnny Diner SECOND,アメリカ料理,アメリカン、メキシカン、イタリアン,東京都,東京都江戸川区東小岩6-3-4中沢ビル101,358767572.0,小岩駅,https://maps.app.goo.gl/jq4DyGjB4CyuMaQTA,,,https://facebook.com/Johnny-Diner-SECOND-866021933460682/,https://instagram.com/invites/contact/?i=504y2e5dmk00&utm_content=2iqf1cb,Johnny Diner SECOND,2.0,False
622.0,カフェしかく,カフェレストラン,,東京都,東京都葛飾区鎌倉4-32-13千代田通り商店街,358767739.0,京成小岩駅,https://goo.gl/maps/NAnb9Wp2vHNBz3Kd9,,,,https://www.instagram.com/cafesikaku/,カフェしかく,2.0,False
623.0,Bistro St.Anna （ビストロ サンタンナ）,フレンチ,,東京都,東京都練馬区上石神井1丁目13-7水野ビル2F,359039797.0,上石神井駅,https://goo.gl/maps/4mduDzy1Bvh4sKMz5,https://seki-kami.com/gurume/stanna/,https://twitter.com/stanna1270,https://facebook.com/St.Anna2716/?tn-str=k*F,,Bistro St.Anna,2.0,False
624.0,CAFE Kiitos -カフェ キートス-,カフェレストラン,,福島県,福島県いわき市植田町本町3-9-1,5058673406.0,植田駅,https://goo.gl/maps/3Zt3cCWCnwELJUuj6,https://www.cafekiitos.net/,https://twitter.com/CafeKiitos,https://www.facebook.com/cafekiitosiniwaki,https://www.instagram.com/cafe_kiitos/,CAFE Kiitos -カフェ キートス-,2.0,False
625.0,PIZZERIA GTALIA DA FIlLIPPO,イタリアン,,東京都,東京都練馬区石神井町2-13-5,359239783.0,石神井公園駅,https://goo.gl/maps/ihhKN9Zzus6uEJMf7,,,https://facebook.com/PizzeriaGtaliaDaFilippo/?tn-str=k*F,,PIZZERIA GTALIA DA FIlLIPPO,2.0,False
626.0,呑ん処二true九,和食,,東京都,東京都豊島区南大塚3-37-5大塚台パークサイドハイツ1F,359246375.0,大塚駅,https://goo.gl/maps/nDNs754SCXfSm5vJ6,https://sushipon.com,https://twitter.com/toyosu_sushipon,https://facebook.com/豊洲すしぽん-433410654104096,,呑ん処二true九,1.0,False
627.0,パン＆カフェ ブーランジェリーラヴィブリヤント,その他,パン＆ベーカリー,東京都,東京都板橋区東新町1-17-4,359264618.0,上板橋駅,https://goo.gl/maps/tgSc6KaX2goWFYDU7,https://laviebrillante.owst.jp/,https://twitter.com/Gooddish_jp,,https://www.instagram.com/laviebrillante2017.12.15/,パン＆カフェ ブーランジェリーラヴィブリヤント,1.0,False
628.0,TSUMUGU CAFE 〜台湾茶とベジフードのおみせ〜,ベジ・ヴィーガン,,東京都,東京都豊島区西池袋3-36-201,359278889.0,要町駅,https://goo.gl/maps/yioCQ2ud9GQMKehZ6,,,,,TSUMUGU CAFE 〜台湾茶とベジフードのおみせ〜,2.0,False
629.0,Craft Beer Stand Turquoise,ビールバー,,東京都,東京都杉並区上荻１丁目４−９,359301888.0,荻窪駅,https://g.page/craft-beer-stand-turquoise--351?share,https://craftbeer-turquoise.croft.tokyo/?fbclid=IwAR3X-VhSIFBBrLzX_QWeIxq5deodh1i5vT5tu3QT4t-kQmtTQhT__ruvyPs,,https://facebook.com/ogikubo.turquoise/,https://instagram.com/ogikuboturquoise/?hl=ja,Craft Beer Stand Turquoise,2.0,False
630.0,ハフェ村,韓国料理,,東京都,東京都練馬区南大泉3-31-19第一青木ビル2階,359331581.0,保谷駅,https://goo.gl/maps/r9hJarUNQgBCPoHX8,,,,,ハフェ村,2.0,False
631.0,アームウッドコテージ,カフェレストラン,,東京都,東京都新宿区新宿1丁目10-52階,359358897.0,新宿御苑駅,https://goo.gl/maps/rMR4nNZp7JRocDhx9,http://atticroom.jp/arm/,,,https://www.instagram.com/armwoodcottage/,アームウッドコテージ,2.0,False
634.0,そば 北山 権兵衛,,,京都府,京都府京都市左京区下鴨南芝町44-1,757914534.0,,https://g.page/gonbe?share,,,,,そば 北山 権兵衛,2.0,False
635.0,ワインバー,ワインバー,,石川県,石川県金沢市高岡町１８−２,762246288.0,金沢駅,https://goo.gl/maps/vtHPKDXsyScfGkhR7,,,,https://instagram.com/wineshop_bruecke?igshid=1vlrzrf5r38kj,ワインバー,2.0,False
636.0,ハナイグチ,イタリアン,ワインや日本酒、きのこを使った料理,東京都,東京都杉並区久我山4-2-52階,359419226.0,久我山駅,https://maps.app.goo.gl/9hwfuVPZk9ierw1F9,,https://twitter.com/hanaiguchi3,,,ハナイグチ,2.0,False
637.0,ほわいえ,フレンチ,,東京都,東京都杉並区久我山4丁目2-23,359419393.0,久我山駅,https://maps.app.goo.gl/NstEATG4tWsPiYcW8,,,https://facebook.com/BISTROFOYER/photos/a.220136525085430/221272834971799/?type=3,,ほわいえ,2.0,False
638.0,SPICE JOURNEY ハイカレ,カレー,,富山県,富山県富山市桜町2丁目6-8T-ONEビル3F,9037637148.0,新富町駅,https://goo.gl/maps/Wc3882DnwKYRJLpU8,,,,https://instagram.com/haikare_toyama/,SPICE JOURNEY ハイカレ,2.0,False
639.0,tamaya ohyama,イタリアン,,東京都,東京都板橋区大山東町58-58-8,359441413.0,大山駅,https://goo.gl/maps/UztopB5wpauJQYAZA,https://tamaya-tokyo.com/ohyama/,,https://facebook.com/ohyama.tamaya/,,tamaya ohyama,1.0,False
640.0,馬料理 天國姉妹店 桜詩,和食,,東京都,東京都港区南青山1丁目19-14,359441670.0,乃木坂駅,https://goo.gl/maps/Xvg33Y13KtfY9rqC7,,https://twitter.com/sakurauta40,https://www.facebook.com/%E6%A1%9C%E8%A9%A9-135140440398240/?fref=ts,https://www.instagram.com/sakurauta.nogizaka/,馬料理 天國姉妹店 桜詩,2.0,False
641.0,味処まつ,居酒屋・ダイニングバー,,福岡県,福岡県福岡市南区玉川町１２−１０,925527630.0,高宮駅,https://goo.gl/maps/J2fUSUzHjXfWM6HJ8,http://matsu.atukan.com,,https://facebook.com/matsuatukan,https://instagram.com/matsu_atukan/,味処まつ,2.0,False
642.0,TOKYO UNDERGROUND RAMEN 頑者,ラーメン・つけ麺,つけ麺,東京都,東京都豊島区西池袋1-1-30,359507880.0,池袋,"https://maps.google.com/maps?ll=35.730961,139.710115&z=14&t=m&hl=ja&gl=US&mapclient=embed&q=%E3%80%92171-0021%20%E6%9D%B1%E4%BA%AC%E9%83%BD%E8%B1%8A%E5%B3%B6%E5%8C%BA%E8%A5%BF%E6%B1%A0%E8%A2%8B%EF%BC%91%E4%B8%81%E7%9B%AE%EF%BC%91%E2%88%92%EF%BC%93%EF%BC%90",,,,,TOKYO UNDERGROUND RAMEN 頑者,2.0,False
643.0,路地裏カレー Tiki（ティキ）,カレー,,福岡県,福岡県福岡市中央区渡辺通５丁目２４−３８,927382008.0,西鉄福岡（天神）駅,https://goo.gl/maps/kr4VgNMPYWbGYLy77,,,https://facebook.com/Tiki.Fukuoka/,,路地裏カレー Tiki,2.0,False
645.0,ERICK SOUTH MASALA DINER 神宮前,カレー,,東京都,東京都渋谷区神宮前６丁目１９−１７５FGEMS,359627888.0,渋谷駅,https://goo.gl/maps/CCQwVPjwHUejzwEYA,,https://twitter.com/ESmasaladiner?s=20,,,ERICK SOUTH MASALA DINER 神宮前,2.0,False
646.0,ALTRO!,イタリアン,,東京都,東京都渋谷区広尾1-1-36PASEO恵比寿3F,359627924.0,恵比寿駅,https://goo.gl/maps/YZHcfW42jSjkSwSg6,https://ebisu-altro.com,,https://facebook.com/Altro-164431414425540/,https://instagram.com/ebisu_altro/,ALTRO!,2.0,False
648.0,BISTROT JUN,フレンチ,,東京都,東京都北区王子1-2-4第二リバーサイドビル1F,359807210.0,王子駅,https://goo.gl/maps/qBipKdGMa9DkWfRk6,,,https://facebook.com/Bistrot-JUN-149273305688686,,BISTROT JUN,2.0,False
649.0,TAKAGIYA,ベジ・ヴィーガン,,東京都,東京都豊島区巣鴨2-9-26-102,359808733.0,巣鴨駅,https://goo.gl/maps/5QHhTzjDzU4EE2qc7,http://www.takagi-ya.co.jp,,,,TAKAGIYA,2.0,False
650.0,洋食小林,洋食,,東京都,東京都豊島区巣鴨4-16-8,359809655.0,巣鴨駅,https://goo.gl/maps/jvVwrnpVUJ43cXLu5,,,,,洋食小林,2.0,False
651.0,Organic Kitchen Chikyu,その他,オーガニック料理  OK,北海道,北海道札幌市中央区宮の森3条10丁目3-3ステータスビル2F,112116145.0,円山公園駅,https://goo.gl/maps/QrmAqG8nqHEbuCKb8,https://www.chikyu.life/,,,http://instagram.com/chikyu.organic,Organic Kitchen Chikyu,2.0,False
652.0,VEGETARIAN BEAST,ベジ・ヴィーガン,,東京都,東京都豊島区目白3丁目14-18,359887160.0,目白駅,https://goo.gl/maps/q39W6PTeTy7aYFZQ9,,,,,VEGETARIAN BEAST,2.0,False
653.0,ガチ盛りラーメンアオイロ—,ラーメン・つけ麺,ラーメン,埼玉県,埼玉県川口市幸町２丁目１５−１,359891972.0,川口,"https://maps.google.com/maps?ll=35.806264,139.719731&z=14&t=m&hl=ja&gl=US&mapclient=embed&q=%E3%80%92332-0016%20%E5%9F%BC%E7%8E%89%E7%9C%8C%E5%B7%9D%E5%8F%A3%E5%B8%82%E5%B9%B8%E7%94%BA%EF%BC%92%E4%B8%81%E7%9B%AE%EF%BC%91%EF%BC%95%E2%88%92%EF%BC%91",,,,,ガチ盛りラーメンアオイロ—,2.0,False
654.0,Namaste Indian-Nepalese Restaurant & Bar,カレー,,東京都,東京都板橋区成増2-5-3グリーンビル1F,359985111.0,成増駅,https://goo.gl/maps/CLktM1RGzUzpQA9L6,,,,,Namaste Indian-Nepalese Restaurant & Bar,2.0,False
656.0,シャルキュ,フレンチ,,東京都,東京都港区虎ノ門1-11-5森谷ビル地下1階,362054177.0,虎ノ門駅,https://maps.app.goo.gl/aHCwSAgELrVcFbot8,https://charcut.exblog.jp/,,,,シャルキュ,2.0,False
658.0,肉のヒマラヤbyポルコロ 築地,焼肉,,東京都,東京都中央区新富2-13−2,362228164.0,新富町駅,https://goo.gl/maps/BHEaMpjseh2eFSVd7,https://tabelog.com/tokyo/A1313/A131301/13177492/,,,,肉のヒマラヤbyポルコロ 築地,2.0,False
659.0,シュングルマン,フレンチ,,東京都,東京都中央区新川2-3-7浪商ビル1階,362228464.0,八丁堀,https://maps.app.goo.gl/a4UbFgAoe6hYGhhCA,,,,,シュングルマン,2.0,False
660.0,八丁堀ワイン食堂パパン,フレンチ,,東京都,東京都中央区八丁堀4-14-1ライオンズマンション1階,362229819.0,八丁堀駅,https://goo.gl/maps/yoNCdoSbxMTVBP6S7,,,https://facebook.com/%E5%85%AB%E4%B8%81%E5%A0%80%E3%83%AF%E3%82%A4%E3%83%B3%E9%A3%9F%E5%A0%82%E3%83%91%E3%83%91%E3%83%B3-417983432272332/,,八丁堀ワイン食堂パパン,2.0,False
661.0,NODO(ノード),イタリアン,,東京都,東京都新宿区袋町3,362281149.0,飯田橋駅,https://goo.gl/maps/F6xkhXgWiF9b5FHJ8,,,https://facebook.com/NODO-1724451314244284/,https://www.instagram.com/kagurazaka_nodo/,NODO,2.0,False
662.0,和洋折衷喫茶　ナガヤマレスト,喫茶店・カフェ,,北海道,北海道札幌市中央区北二条東　旧永山武四郎邸及び旧三菱鉱業寮,112151559.0,バスセンター前,https://goo.gl/maps/dS627NoH9U85UxcE7,http://wondercrew.jp/nagayamarest/,,,https://www.instagram.com/Nagayama_Rest/,和洋折衷喫茶 ナガヤマレスト,2.0,False
663.0,肉バルCo-Lab銀座,イタリアン,,東京都,東京都中央区銀座7-7-9山市ビルB1,362285813.0,銀座駅,https://goo.gl/maps/NyVojKSZbWePqWRD9,,,https://facebook.com/ginza.colab/,,肉バルCo-Lab銀座,2.0,False
664.0,銀座いしづか,和食,,東京都,東京都中央区銀座1丁目13-8ハビウル銀座5階,362286908.0,銀座一丁目駅,"https://www.google.com/maps/@35.6733661,139.767249,17z?hl=ja",,,,,銀座いしづか,1.0,False
665.0,みりおんばんぶー,お好み焼き・もんじゃ焼き,,東京都,東京都板橋区赤塚2-2-8阿出川ビル2階みりおんばんぶー,362310333.0,下赤塚駅,https://goo.gl/maps/UHrS9Eqy29HYhX1g7,http://million-bamboo.com/,https://twitter.com/millionbambooo1,,,みりおんばんぶー,2.0,False
666.0,ロットチェント,イタリアン,,東京都,東京都中央区日本橋小網町11-9ザ・パークレックス小網町第2ビル,362310831.0,茅場町駅,https://goo.gl/maps/6KoGuWW5HyZnpE9s8,http://www.lottocento.tokyo/,,https://facebook.com/lottocento/,https://instagram.com/lottocento?igshid=12ptg5r41a4yp,ロットチェント,2.0,False
667.0,La maison du 一升 vin,居酒屋・ダイニングバー,鍬焼き・鉄板焼き・串揚げ,東京都,東京都台東区浅草1-9-5,362316103.0,田原町駅,https://goo.gl/maps/ofzNkpG8a1fDSQY39,http://kettle.tokyo/isshovin,,https://www.facebook.com/La-maison-du-%E4%B8%80%E5%8D%87-vin-112998250383003,,La maison du 一升 vin,2.0,False
668.0,Vegan Store,ベジ・ヴィーガン,,東京都,東京都台東区西浅草2-25-9,362316252.0,浅草駅,https://goo.gl/maps/QHmHUJQCt8XtE9NN6,https://www.veganstore.jp/,,https://facebook.com/veganstore.japan/,,Vegan Store,2.0,False
669.0,GREEN MONDAY,ベジ・ヴィーガン,,東京都,東京都台東区下谷1丁目11-15ソレイユ入谷2F,362317619.0,鶯谷駅,https://goo.gl/maps/rpZ2UQCHogricTvb7,https://www.vegansushi.tokyo/,,,,GREEN MONDAY,2.0,False
670.0,新宿なごみ（水炊き 季節料理）,鍋料理,,東京都,東京都新宿区歌舞伎町2-38-4古屋ビルB1,362337721.0,西武新宿駅,https://goo.gl/maps/nKg1sz31R8NY8Hk4A,http://www.shinjuku-nagomi.com/,https://twitter.com/nagomi_shinjuku,,http://instagram.com/shinjuku_nagomi/,新宿なごみ,2.0,False
671.0,ラーメン札幌一粒庵,ラーメン・つけ麺,その他,北海道,北海道札幌市中央区北4条西1丁目ホクレンビル地下1,112193199.0,札幌,"https://maps.google.com/maps?ll=43.066971,141.354133&z=14&t=m&hl=ja&gl=US&mapclient=embed&cid=6780397045555705103",,,,,ラーメン札幌一粒庵,2.0,False
672.0,RAW FOOD CAFE Lohas(自然食＆ローフードカフェ ロハス),ベジ・ヴィーガン,,北海道,北海道札幌市中央区南2条西7丁目6-1,112225569.0,大通駅,https://goo.gl/maps/vnPSQNmNF5DMBnC46,,,,,RAW FOOD CAFE Lohas,2.0,False
673.0,mosh Kitchen,居酒屋・ダイニングバー,,東京都,東京都新宿区新宿5丁目17-11白鳳ビルB1F,362339255.0,新宿駅,https://goo.gl/maps/D7ktRMhphVYAeRSo7,http://mosh.tokyo/,https://twitter.com/mosh_kitchen,,http://instagram.com/moshkitchen,mosh Kitchen,2.0,False
674.0,レストランTSUMURA,洋食,,東京都,東京都文京区西方1-2-7,362400497.0,春日駅,https://goo.gl/maps/nUErrDsYG7Yz4xVNA,,,,,レストランTSUMURA,2.0,False
675.0,Barあしあと,居酒屋・ダイニングバー,,東京都,東京都文京区湯島3-37-3RMビル2A,362401953.0,御徒町駅,https://maps.app.goo.gl/qiJySVP8qzjDtkUi7,,,,,Barあしあと,2.0,False
676.0,Restaurant & Darts Bar CONNECTS,洋食,,東京都,東京都江東区森下1-5-7小幡ビル2階,362402442.0,森下駅,https://goo.gl/maps/EfhkxakvqJ5Umf6SA,,,,,Restaurant & Darts Bar CONNECTS,2.0,False
677.0,Natural Wine Table 　Organic＋,ベジ・ヴィーガン,,北海道,北海道札幌市中央区南3条西6丁目1-3ティアラ36ビル1F,112236970.0,すすきの駅,https://goo.gl/maps/n8WmgMeeqeTNABEX7,,,,,Natural Wine Table Organic＋,1.0,False
678.0,CAFE & BAR MiDI,カフェレストラン,,東京都,東京都江戸川区東葛西5-12-1,362405868.0,葛西駅,https://goo.gl/maps/N7iqRT4tiiV9vqoZ9,https://edogawa.mypl.net/mpnewshopopen_edogawa/?sid=68061,,,,CAFE & BAR MiDI,2.0,False
679.0,自家焙煎coffeeオトメザ,カフェレストラン,,東京都,東京都江戸川区東葛西6丁目13-6,362405960.0,葛西駅,https://g.page/otomezacoffee?share,,,,https://www.instagram.com/p/B_SdkCblhw8/?utm_source=ig_web_copy_link,自家焙煎coffeeオトメザ,2.0,False
680.0,Kitade Shokudo 北出食堂,メキシコ料理,,東京都,東京都千代田区岩本町１丁目１３−5,362409920.0,岩本町駅,https://goo.gl/maps/HaGctTdJ4ogLZYS88,,,,https://instagram.com/kitade_shokudo,Kitade Shokudo 北出食堂,2.0,False
681.0,ヌガ,フレンチ,,東京都,東京都中央区銀座6丁目12-2東京銀座ビル1F,362545105.0,銀座駅,https://goo.gl/maps/o2nWuiNGSawh6UFF9,https://www.lenougat.jp/,,https://facebook.com/lenougat/,,ヌガ,2.0,False
682.0,道産ワイン応援団winecaféry veraison(ヴェレゾン),ワインバー,ワイン関連,北海道,北海道札幌市中央区南2条東2丁目8-1大都ビルB1,112317901.0,地下鉄大通駅・地下鉄バスセンター駅,,https://r.goope.jp/dosanwine,,https://m.facebook.com/winecafeveraison,,道産ワイン応援団winecaféry veraison,2.0,False
683.0,64 barrack st.,オーストラリア料理,,東京都,東京都港区西新橋2-11-6ニュー西新橋ビル1F,362571020.0,新橋駅,https://goo.gl/maps/wWh6MThwjDDpj2BKA,https://barrackst64.com/,,,,64 barrack st.,2.0,False
685.0,ARASH-Exotic Dining-,カフェレストラン,,東京都,東京都千代田区神田三崎町3-1-1,362612728.0,神保町駅,https://g.page/arashdining?share,https://www.arash-dining.com/,https://twitter.com/iwama_gyouza,https://facebook.com/ARASH-Exotic-Dining-106498517535821/,,ARASH-Exotic Dining-,2.0,False
686.0,肉天ワンダー,居酒屋・ダイニングバー,,北海道,北海道札幌市北区北39条西5丁目2-15アルトンビル1F,112992919.0,,https://goo.gl/maps/WUwm4cyajMq4USDw8,,,,,肉天ワンダー,2.0,False
687.0,ワインバー　マチュアード,ワインバー,ワインバー,東京都,東京都千代田区九段南3-3-141F,362616355.0,市ヶ谷駅,https://goo.gl/maps/yD4CsDLo8rasdXfk6,https://winebar-matured.com/,,https://facebook.com/winebermatured/,https://instagram.com/winebar_matured?igshid=1akgoh9qyicyq,ワインバー マチュアード,1.0,False
688.0,シシニイク 和酒×くんせい＝バル,居酒屋・ダイニングバー,,東京都,東京都千代田区神田須田町1-2-3山勝ビル1F,362629045.0,小川町駅,https://g.page/shishiniiku?share,http://shishiniiku.jp/,,https://facebook.com/%E3%82%B7%E3%82%B7%E3%83%8B%E3%82%A4%E3%82%AF-%E5%92%8C%E9%85%92%E3%81%8F%E3%82%93%E3%81%9B%E3%81%84%E3%83%90%E3%83%AB-547170048990026/,https://instagram.com/shishiniiku,シシニイク 和酒×くんせい＝バル,1.0,False
689.0,鰻ひつまぶし備長 三越銀座店,うなぎ,名古屋名物ひつまぶし,東京都,東京都中央区銀座4-6-16三越銀座11F,362632157.0,銀座駅,https://g.page/hitsumabushi_mitsukoshi?share,https://hitsumabushi.co.jp/,,https://www.facebook.com/hitsumabushibincho/,https://www.instagram.com/hitsumabushi_bincho/,鰻ひつまぶし備長,2.0,False
690.0,THE GRAND GINZA,フレンチ,,東京都,東京都中央区銀座6-10-1,362639740.0,銀座駅,,http://grandginza.com,,,,THE GRAND GINZA,2.0,False
691.0,麺屋高橋,ラーメン・つけ麺,つけ麺,北海道,北海道札幌市豊平区月寒東1条19丁目2-721F,113037688.0,新さっぽろ,"https://maps.google.com/maps?ll=43.028402,141.450401&z=12&t=m&hl=ja&gl=US&mapclient=embed&q=1F%20%E3%80%92062-0051%20%E5%8C%97%E6%B5%B7%E9%81%93%E6%9C%AD%E5%B9%8C%E5%B8%82%E8%B1%8A%E5%B9%B3%E5%8C%BA%E6%9C%88%E5%AF%92%E6%9D%B1%EF%BC%91%E6%9D%A1%EF%BC%91%EF%BC%99%E4%B8%81%E7%9B%AE%EF%BC%92%E2%88%92%EF%BC%97%EF%BC%92",,,,,麺屋高橋,1.0,False
692.0,ハルタ huluta,ベジ・ヴィーガン,,北海道,北海道札幌市中央区大通西23丁目2-25　ラ・メール円山公園,113127157.0,円山公園駅,https://goo.gl/maps/P9o1zTMpvsD26bL6A,,,,,ハルタ huluta,2.0,False
693.0,ビストロシンバ,フレンチ,,東京都,東京都中央区銀座1-27-8,362644218.0,新富町駅,https://goo.gl/maps/FohKSbQxsNQFRN2F7,http://bistrosimba.jp/,https://twitter.com/bistrosimba,https://facebook.com/yuji.kikuchi.505?__tn__=C-R&eid=ARDYej1G59sQNO-PIjRdklC6DbZyCTeRJhd4qZauaVUM_AH2bkhdWOjFxaedvrEsEWft3PegYEbSCFMv&hc_ref=ARRTL05XXhrNYu7aZae3LDOzuKJ01G7wawYojzvHj7RnEtDvWSybpwAH9FPhCag3CH0&fref=nf&__xts__[0]=68.ARBBz4Qr7wpQpFW6JR6H44K-H0ixMkr-HHzyWEd9Ruv57ZnyhwxazicxkfnBNCmW4MUcyOYagKA84rgWbVMUsRLyNWNr6olPkfJ6Fp8KSbPXec-6gTk9K-OoU5kZOg8-DkO6jk2DEs7JUjh3wOk72Y3cOvup0rgaIGw_fPll4vWy16dXKzfYqCUMGCw84l0QhsjQUN-_9UnLmfeGuJfvUZ6zPkyZgymEploAWx4-NyL9MyIKtCtbPNGc9TQXjvfIq3UG_V3spkv8JfNnMjkoOjwPZY23uVn3qeihkBcjR-LPA0R8lRCpngc7In9iw4LJh92zw6GFvZeZkzgi5QSttbKwlQ,,ビストロシンバ,2.0,False
695.0,銀座 米沢牛黄木,和食,米沢牛のすき焼き、ステーキ、しゃぶしゃぶ,東京都,東京都中央区銀座5-7-6iliv（アイリブ）12階,362645495.0,銀座駅,https://g.page/oki-ginza?share,https://oki-tokyo.com/ginza/,,https://www.facebook.com/%E9%8A%80%E5%BA%A7-%E7%B1%B3%E6%B2%A2%E7%89%9B%E9%BB%84%E6%9C%A8-113427810021305/,https://www.instagram.com/ginza_ohki/,銀座 米沢牛黄木,2.0,False
696.0,天ぷら やす田,和食,,東京都,東京都中央区銀座7-11-11-B1F,362646125.0,銀座駅,https://g.page/tempura-yasuda?share,,,,,天ぷら やす田,2.0,False
697.0,ブタキング,ラーメン・つけ麺,ラーメン,北海道,北海道江別市大麻中町５０,113875767.0,大麻,"https://maps.google.com/maps?ll=43.072496,141.497231&z=14&t=m&hl=ja&gl=US&mapclient=embed&q=%E3%80%92069-0854%20%E5%8C%97%E6%B5%B7%E9%81%93%E6%B1%9F%E5%88%A5%E5%B8%82%E5%A4%A7%E9%BA%BB%E4%B8%AD%E7%94%BA%EF%BC%95%EF%BC%90",,,,,ブタキング,2.0,False
699.0,La cantinetta Otanukisan,イタリアン,,東京都,東京都中央区日本橋人形町3丁目13-11,362649524.0,人形町駅,https://maps.app.goo.gl/NFmqY6XxTjzwFL1T6,https://otanukisan.jp/,,https://facebook.com/bar.otanukisan/,https://www.instagram.com/lacantinettaotanukisan/,La cantinetta Otanukisan,2.0,False
700.0,wine&bar Pinot,ワインバー,,東京都,東京都中央区日本橋小伝馬町8-2,362649964.0,小伝馬町駅,https://goo.gl/maps/WPW4xZr72vv6Rq2K9,,,https://facebook.com/Pinot-1543408185897998/,https://instagram.com/pinotwinebar?igshid=10vxq803a998d,wine&bar Pinot,2.0,False
701.0,スパイシースポット,カレー,,北海道,北海道札幌市中央区南13条西14丁目3-26スイスビル１F,115228984.0,西線１４条駅,https://goo.gl/maps/nTAEkUfAGVRq6hkr9,https://spicy-spot.com/,https://twitter.com/spicy_spot,https://facebook.com/%E3%82%B9%E3%83%91%E3%82%A4%E3%82%B7%E3%83%BC%E3%82%B9%E3%83%9D%E3%83%83%E3%83%88-254704345387452/,https://instagram.com/spicyspotsapporo/,スパイシースポット,2.0,False
702.0,レ・ピコロ,フレンチ,,東京都,東京都新宿区神楽坂4-3-11つなしょうテラス1F,362650693.0,飯田橋駅,https://goo.gl/maps/PvAueyu6caxXfapp7,,,,,レ・ピコロ,2.0,False
703.0,Curry & Spice Bar 咖喱人,カレー,,東京都,東京都千代田区飯田橋3-2-6,362656960.0,飯田橋駅,https://goo.gl/maps/6TaMSMVFkscUo3NW8,,https://twitter.com/karibito0911,https://facebook.com/nocurrynolife.karibito/,,Curry & Spice Bar 咖喱人,2.0,False
704.0,Japanese Wine Bar Sirocco,ワインバー,,東京都,東京都新宿区高田馬場２丁目１９−８阿部大竹ビル2F,362659097.0,高田馬場,https://goo.gl/maps/nNRGif878z2G71XH9,https://note.com/marino_wine,,https://www.facebook.com/sirocco.wine/,https://www.instagram.com/sirocco.wine/,Japanese Wine Bar Sirocco,2.0,False
705.0,麺や琥張玖,ラーメン・つけ麺,ラーメン,北海道,北海道札幌市豊平区西岡4条8丁目4-1,115550500.0,澄川,"https://maps.google.com/maps?ll=43.011944,141.385927&z=14&t=m&hl=ja&gl=US&mapclient=embed&q=%E3%80%92062-0034%20%E5%8C%97%E6%B5%B7%E9%81%93%E6%9C%AD%E5%B9%8C%E5%B8%82%E8%B1%8A%E5%B9%B3%E5%8C%BA%E8%A5%BF%E5%B2%A1%EF%BC%94%E6%9D%A1%EF%BC%98%E4%B8%81%E7%9B%AE%EF%BC%94%E2%88%92%EF%BC%91",,,,,麺や琥張玖,2.0,False
706.0,日本ワインの店　かくはち,その他,ワインバー,東京都,東京都港区芝浦2ｰ16ｰ10ラナビル3F,362719618.0,田町駅,https://goo.gl/maps/7DHEGgtkjorcZ9FcA,,,https://facebook.com/kakuhatinihonwine,https://instagram.com/kakuhatinihonwine,日本ワインの店 かくはち,2.0,False
707.0,半蔵門ビストロBrainStorming,焼肉,和牛創作,東京都,東京都千代田区麹町3-1KOJIMACHI　TERRACE　B1,362728608.0,麹町駅,https://g.page/bistro-brainstorming?share,https://r.gnavi.co.jp/8djpesd30000/,,,,半蔵門ビストロBrainStorming,2.0,False
710.0,らーめん バリ男,ラーメン・つけ麺,ラーメン,東京都,東京都港区西新橋1-21-1,362733933.0,虎ノ門,"https://maps.google.com/maps?ll=35.66842,139.752291&z=14&t=m&hl=ja&gl=US&mapclient=embed&q=%E3%80%92105-0003%20%E6%9D%B1%E4%BA%AC%E9%83%BD%E6%B8%AF%E5%8C%BA%E8%A5%BF%E6%96%B0%E6%A9%8B%EF%BC%91%E4%B8%81%E7%9B%AE%EF%BC%92%EF%BC%91%E2%88%92%EF%BC%91",,,,,らーめん バリ男,2.0,False
712.0,特撮カフェ＆バー ぷらんたん,ハンバーガー,,東京都,東京都新宿区新宿5-18谷川ビル5F,362739118.0,新宿三丁目駅,https://goo.gl/maps/Y2LRHMTFVjRPfyyJ9,http://www.pondisfx.jp/,https://twitter.com/pondiSFX,,,特撮カフェ＆バー ぷらんたん,1.0,False
713.0,旭川中華そば風來堂,ラーメン・つけ麺,ラーメン,北海道,北海道札幌市豊平区豊平8条9丁目3-20,115980018.0,豊平公園,"https://maps.google.com/maps?ll=43.04343,141.370601&z=14&t=m&hl=ja&gl=US&mapclient=embed&q=%E3%80%92062-0908%20%E5%8C%97%E6%B5%B7%E9%81%93%E6%9C%AD%E5%B9%8C%E5%B8%82%E8%B1%8A%E5%B9%B3%E5%8C%BA%E8%B1%8A%E5%B9%B3%EF%BC%98%E6%9D%A1%EF%BC%99%E4%B8%81%E7%9B%AE%EF%BC%93%E2%88%92%EF%BC%92%EF%BC%90",,,,,旭川中華そば風來堂,2.0,False
714.0,黒牛むらい,焼肉,,北海道,北海道札幌市中央区宮の森2条16-12-3,116129629.0,西28丁目駅,https://goo.gl/maps/CHJLFDAtkUv6nb6r6,,,,,黒牛むらい,2.0,False
716.0,レストラン アニス,フレンチ,,東京都,東京都渋谷区初台1-9-7,362760026.0,初台駅,https://goo.gl/maps/7kuSno7BLBWWuziG8,http://restaurant-anis.jp/,,https://facebook.com/RestaurantAnis/,https://instagram.com/restaurant_anis/,レストラン アニス,2.0,False
717.0,初台スパイス食堂 和魂印才たんどーる,カレー,,東京都,東京都新宿区西新宿4-41-10スカイコート西新宿,362762225.0,初台駅,https://goo.gl/maps/JsfJXFjEmQvVeZnn7,,,,,初台スパイス食堂 和魂印才たんどーる,2.0,False
719.0,でんでん串　阿佐ヶ谷本店,居酒屋・ダイニングバー,,東京都,東京都杉並区阿佐谷南3-37-5紺野ビル1F,362769673.0,阿佐ヶ谷駅,https://goo.gl/maps/guY9Ekwm4f1hrr9F8,,https://mobile.twitter.com/dendenkushi,,,でんでん串 阿佐ヶ谷,2.0,False
720.0,ベッカライ　ブラウベルグ,喫茶店・カフェ,,東京都,東京都港区白金3-9-6,362770003.0,白金高輪,https://goo.gl/maps/JbSFSfKi4YQGDTAR6,https://bakery-88.business.site/,,https://facebook.com/blauberg2015,,ベッカライ ブラウベルグ,2.0,False
721.0,青い空流れる雲,ベジ・ヴィーガン,,北海道,北海道札幌市中央区南1条西22丁目1-7,116233887.0,西18丁目駅,https://goo.gl/maps/N21PxKWWMqL7xdSu5,,,https://facebook.com/aoisorasapporo/?locale2=ja_JP,,青い空流れる雲,2.0,False
722.0,Holistic Bio Cafe Veggy Way,ベジ・ヴィーガン,,北海道,北海道札幌市中央区大通り西27丁目2-3　円山桂和West271F,116247632.0,円山公園駅,https://goo.gl/maps/Lgv3ZjkbdyvFNedG7,https://veggy-way.com,,https://facebook.com/Veggy-Way-2111174795566960/?eid=ARAvwK9afJOgtpL6RMZKLkxF15T7FeGGyJIpbcZQIX1-LUCGVY0ARiljUyclEFRfJodLFwrIvlzt18-4,https://instagram.com/veggy_way/,Holistic Bio Cafe Veggy Way,2.0,False
723.0,vivo daily stand 目黒店,フレンチ,,東京都,東京都品川区上大崎2-15-5,362772785.0,目黒駅,https://maps.app.goo.gl/MDdFewCX5rUof6Rr8,,,,,vivo daily stand,3.0,False
725.0,Bar Mogutaco's（バール モグタコス）,その他,イタリアン及び地中海料理等,東京都,東京都中央区築地7丁目9-19,362788416.0,築地駅,https://goo.gl/maps/e31cDALJJBTa9xS18,,,,,Bar Mogutaco's,2.0,False
726.0,GREAT LAKES,ベジ・ヴィーガン,,東京都,東京都新宿区西早稲田3-27-4第一キャラット河脵ビル1F,362789286.0,高田馬場,https://g.page/greatlakestokyo?share,,,https://facebook.com/greatlakestokyo/?ref=py_c,https://instagram.com/greatlakestokyo?igshid=165b6554230sk,GREAT LAKES,2.0,False
728.0,ヴィネリア ソルクオーレ,イタリアン,,東京都,東京都墨田区緑１丁目６−３あさみパレス,362840446.0,両国駅,https://maps.google.com/?cid=15011736378099407563,https://veneria-sorcuore.jimdosite.com,,,https://instagram.com/vineriasorcuore1213,ヴィネリア ソルクオーレ,2.0,False
729.0,ヴェヌス サウス インディアン ダイニング 錦糸町店,カレー,,東京都,東京都墨田区錦糸2丁目6-11,362841711.0,錦糸町駅,https://goo.gl/maps/f69FLiHP2SCjUgp58,https://venus-south-indian-dining.business.site/,,,,ヴェヌス サウス インディアン ダイニング,2.0,False
730.0,よつえだ,居酒屋・ダイニングバー,,東京都,東京都台東区台東4丁目29-15,362844919.0,新御徒町駅,https://maps.app.goo.gl/WyvPV2DJwegDjfYM6,https://www.hotpepper.jp/strJ001216545/yoyaku/?vos=othpporgzzzzx00000001,,,,よつえだ,2.0,False
731.0,プリヤマハル東京,カレー,,東京都,東京都渋谷区笹塚2-7-9ライブイン笹塚1階,363000050.0,笹塚駅,https://g.page/Priyamahal?share,https://www.priyamahal-tokyo.com/,https://twitter.com/PriyaMahalTokyo,https://facebook.com/PRIYA-MAHAL-TOKYO-105379557470622/,https://instagram.com/priyamahaltokyo/,プリヤマハル東京,2.0,False
732.0,オーガニック・キッチン,ベジ・ヴィーガン,,東京都,東京都中野区弥生町3-27-17,363000686.0,中野新橋駅,https://goo.gl/maps/GWQC2WYYVd8eocpS8,https://www.organic-kitchen.co.jp/,,https://www.facebook.com/organic.kitchen.2009/,,オーガニック・キッチン,2.0,False
733.0,LUG hatagaya,イタリアン,,東京都,東京都渋谷区幡ヶ谷2-19-1,363004616.0,幡ヶ谷駅,https://maps.app.goo.gl/dG7aBNoVKrGWi2sV7,https://lug-hatagaya.com/,,,,LUG hatagaya,2.0,False
734.0,いただき膳,ベジ・ヴィーガン,,北海道,北海道札幌市中央区南2条西23丁目2-1,116768436.0,札幌円山公園駅,https://goo.gl/maps/oxUyKB2yGkQMyHys6,,,,,いただき膳,2.0,False
735.0,Bistrot Nobu,フレンチ,,東京都,東京都渋谷区幡ヶ谷2-9-12コートリーブル105,363009373.0,笹塚駅,https://goo.gl/maps/c7aHQHyikJU3xbGk8,,,https://facebook.com/bistrotnobu/?locale2=ja_JP,https://instagram.com/p/B-f4hgYgjHp/?igshid=77kt54cxgbc2,Bistrot Nobu,2.0,False
736.0,天吉屋 新宿店,天ぷら,天丼,東京都,東京都新宿区西新宿1-26-2新宿野村ビルB2F,363020779.0,新宿駅,https://g.page/tenkichiya?share,,,,,天吉屋,2.0,False
737.0,ランタン 池尻大橋店,居酒屋・ダイニングバー,,東京都,東京都目黒区東山3-1-11-106,363030140.0,池尻大橋駅,https://goo.gl/maps/DN5fTjJrNgJQdaF4A,https://lanterne.jp,,,https://www.instagram.com/lanterne_ikejiriohashi/?hl=ja,ランタン,2.0,False
738.0,中目黒 肉バル Salt（ソルト）,イタリアン,,東京都,東京都目黒区上目黒2丁目18-13,363030829.0,中目黒駅,https://goo.gl/maps/WQ2sdK22AYRcnHxw5,http://t-f-m.co.jp/shop/salt/,,,,中目黒 肉バル Salt,2.0,False
739.0,umineko ebisu,イタリアン,,東京都,東京都渋谷区恵比寿南3-1-25アイスキューブB1,363031939.0,恵比寿駅,https://g.page/uminek?share,https://tabelog.com/tokyo/A1303/A130302/13199518/,https://twitter.com/uminekoebisu,https://facebook.com/pages/category/Italian-Restaurant/Umineko-ebisu-1893355544028977/,https://www.instagram.com/umineko_ebisu/,umineko ebisu,1.0,False
740.0,東京ハンズ,ワインバー,,東京都,東京都目黒区目黒3-1-23,363032303.0,中目黒駅,https://g.page/tokyohandsmeguro?share,,,,,東京ハンズ,2.0,False
741.0,コクエレ,中華料理,,東京都,東京都目黒区原町1-16-17-1F,363032543.0,西小山駅,https://goo.gl/maps/UfLsmpByiJL1LQFB6,,,https://m.facebook.com/pages/category/Local-Business/Coqere-コクエレ-347547155437285/?locale2=ja_JP,,コクエレ,2.0,False
742.0,オステリアバル リ カーリカ,イタリアン,,東京都,東京都目黒区鷹番２丁目１６−１４,363033297.0,学芸大学駅,https://maps.google.com/?cid=8058067899075977428,,,https://facebook.com/osteriabar.ricarica,,オステリアバル リ カーリカ,1.0,False
743.0,八雲,ラーメン・つけ麺,ラーメン,東京都,東京都目黒区東山3-6-15エビヤビル1F,363033663.0,池尻大橋,"https://maps.google.com/maps?ll=35.650429,139.686216&z=16&t=m&hl=ja&gl=US&mapclient=embed&q=%E3%82%A8%E3%83%93%E3%83%A4%E3%83%93%E3%83%AB%201F%20%E3%80%92153-0043%20%E6%9D%B1%E4%BA%AC%E9%83%BD%E7%9B%AE%E9%BB%92%E5%8C%BA%E6%9D%B1%E5%B1%B1%EF%BC%93%E4%B8%81%E7%9B%AE%EF%BC%96%E2%88%92%EF%BC%91%EF%BC%95",,,,,八雲,2.0,False
744.0,恵比寿山の上バル,イタリアン,洋食,東京都,東京都渋谷区恵比寿南1-16-3,363034774.0,恵比寿駅,https://g.page/ebisuyamanouebar?share,https://www.ebisuyamanouebar.com/,,https://facebook.com/ebisuyamanouebar/,https://instagram.com/ebisuyamanouebar/,恵比寿山の上バル,2.0,False
745.0,NIDO,イタリアン,,東京都,東京都品川区大井1-55-12　ベルフルーレ1F,363037499.0,大井町駅,"https://www.google.com/maps/place/%E3%80%92140-0014+%E6%9D%B1%E4%BA%AC%E9%83%BD%E5%93%81%E5%B7%9D%E5%8C%BA%E5%A4%A7%E4%BA%95%EF%BC%91%E4%B8%81%E7%9B%AE%EF%BC%95%EF%BC%95%E2%88%92%EF%BC%91%EF%BC%92+%E3%83%99%E3%83%AB%E3%83%95%E3%83%AB%E3%83%BC%E3%83%AC+%E3%83%8B%E3%83%89/@35.6043162,139.7330901,16z/data=!4m2!3m1!1s0x60188a7de6540001:0x28960a6475f5227b?hl=ja",,,,,NIDO,2.0,False
746.0,ビストロ ポーカー（Bistro Porker）五反田,フレンチ,ビストロ,東京都,東京都品川区大崎5丁目7-14五反田ロイヤルハイツ104,363039558.0,五反田駅,https://g.page/porker?share,https://porker.jp/,https://twitter.com/bowydesu,https://facebook.com/bistroporker/,https://instagram.com/bistroporker/,ビストロ ポーカー（Bistro Porker）五反田,1.0,False
750.0,IL DOGE,イタリアン,,東京都,東京都杉並区高円寺南3-45-11Ric高円寺1F,363049525.0,高円寺駅,https://goo.gl/maps/g2iSFCGdisJF6iaRA,https://il-doge.com/,,,,IL DOGE,2.0,False
751.0,cafebar LOCO,タイ料理,,東京都,東京都世田谷区宮坂1-25-2,363106052.0,宮の坂駅,https://goo.gl/maps/6t6tioCdhXN31CYQ9,,https://twitter.com/locomino,https://facebook.com/cafebarLOCO/,https://www.instagram.com/locomino/?hl=ja,cafebar LOCO,2.0,False
752.0,酒・蕎麦 田治,和食,,東京都,東京都品川区西五反田8−2−6クリオ五反田1F,363109493.0,五反田駅,https://g.page/sakesobataji,https://www.sakesobataji.com,https://twitter.com/gotandamanoa,https://facebook.com/sakesobataji/,https://instagram.com/sake_soba_taji/,酒・蕎麦 田治,1.0,False
753.0,十香 立呑和バル,カレー,,東京都,東京都世田谷区上馬4-7-8,363109720.0,駒沢大学駅,https://goo.gl/maps/aAaCZcbLBzeA3WjL6,,,https://facebook.com/tokasakebar/,https://instagram.com/to_ka_sakebar/,十香 立呑和バル,2.0,False
754.0,和香,居酒屋・ダイニングバー,寿司 うどん,東京都,東京都中野区新井1丁目8-7,363126232.0,中野駅 薬師あいロード商店街,https://goo.gl/maps/t9i7mUn3pyMbfZ7r6,https://www.ai-road.com/,,https://www.facebook.com/waka.iroad0828/,,和香,2.0,False
755.0,モッキンバード,焼き鳥,,東京都,東京都杉並区荻窪5丁目8-1,363166434.0,荻窪駅,https://goo.gl/maps/GrSAAezYvzqKWeJq5,,,,,モッキンバード,2.0,False
756.0,孤高のからあげ 用賀店,天ぷら,,東京都,東京都世田谷区用賀4-2-1,363201418.0,用賀駅,https://goo.gl/maps/MF5yZTQU8c3W94RC9,https://twitter.com/kokou_youga,https://twitter.com/kokou_youga,,,孤高のからあげ,2.0,False
757.0,こそだて喫茶cotoca,ベジ・ヴィーガン,,東京都,東京都足立区千住2-18,363202736.0,北千住駅,https://goo.gl/maps/juwNtshYf3HC3yMH8,https://cotoca-senju.jp,https://mobile.twitter.com/kosodate_cotoca,https://facebook.com/cotoca.senju/,https://instagram.com/kosodatekissa_cotoca/,こそだて喫茶cotoca,2.0,False
758.0,チーボ サーノ,イタリアン,,東京都,東京都杉並区阿佐谷南1‐12‐5,363213536.0,阿佐ヶ谷駅,https://goo.gl/maps/uhrzYgouKR6Gr49E6,https://cibo-sano.crayonsite.com/,,https://facebook.com/piccoloristorantecibosano/,,チーボ サーノ,2.0,False
759.0,PONTE,イタリアン,,東京都,東京都板橋区小豆沢2-16-20,363214256.0,志村坂上駅,https://goo.gl/maps/kC7DiMbS5riCvSv4A,https://ponte-itabashi.com/,,,,PONTE,2.0,False
760.0,ギャラリー＆カフェ niwa-coya,喫茶店・カフェ,,東京都,東京都調布市若葉町1-28-28,363221848.0,仙川駅,https://goo.gl/maps/qu9f8r5ormSC69Z18,,https://twitter.com/niwa_coya,https://facebook.com/niwacoya/,,ギャラリー＆カフェ niwa-coya,1.0,False
761.0,petit CACO,ベジ・ヴィーガン,,北海道,北海道札幌市北区北6条西8丁目8-11,117378150.0,札幌駅,https://goo.gl/maps/NyBpzSovdW5hT6yF9,http://petit-caco.com/,,,https://www.instagram.com/petit_caco/,petit CACO,2.0,False
763.0,apéro. wine bar aoyama,ワインバー,,東京都,"東京都港区南青山3丁目4-6,Aoyama346,3F",363253893.0,外苑前駅,https://g.page/aperowinebaraoyama?share,https://apero.co.jp/,,https://www.facebook.com/aperowinebaraoyama/,https://www.instagram.com/aperowinebaraoyama/,apéro. wine bar aoyama,2.0,False
764.0,蕎楽亭 もがみ,和食,,東京都,東京都新宿区中里町３,363262330.0,神楽坂駅,https://goo.gl/maps/UtUPqhp32ku8fVak8,,,,,蕎楽亭 もがみ,1.0,False
765.0,高円寺ウシータ,イタリアン,,東京都,東京都杉並区高円寺北3-22-5,363364451.0,高円寺駅,https://maps.app.goo.gl/JjNJeZuRjpRKbK77A,,https://twitter.com/uscita315,,https://instagram.com/uscita315/,高円寺ウシータ,1.0,False
766.0,永福町ichi,イタリアン,,東京都,東京都杉並区永福1-44-8中根ビル1F,363790114.0,永福町駅,https://goo.gl/maps/EFVFrMqUqaYVc9Lg8,,,https://facebook.com/eifuku.ichi/,https://instagram.com/eifuku_ichi/,永福町ichi,2.0,False
768.0,KIBOKO,ベジ・ヴィーガン,,東京都,東京都新宿区新宿2-5-8志村ビル4F,363801709.0,新宿三丁目,https://goo.gl/maps/jRnwqn48G1biHwfs8,https://www.vegan-kiboko.com/,,https://facebook.com/vegan.organicwinebar/?ref=page_internal,,KIBOKO,2.0,False
769.0,炭火焼きアジアン酒場アローイ兄弟,タイ料理,,東京都,東京都渋谷区千駄ヶ谷5-20-11ほぼ新宿のれん街内,363801940.0,代々木駅,https://goo.gl/maps/B8rfn8aKwB827Gic7,,,https://facebook.com/409477616078808/,https://instagram.com/p/B97_OCIAGTP/?igshid=z87ktpmo004n,炭火焼きアジアン酒場アローイ兄弟,2.0,False
771.0,坂本,和食,,東京都,東京都新宿区四谷1-23-9YOKビルドゥ1階,363804643.0,四ツ谷駅,https://goo.gl/maps/Q1oCyiJVCcjHfMe48,,,https://facebook.com/%E7%82%AD%E7%81%AB%E9%AD%9A%E6%97%AC%E8%8F%9C%E6%96%99%E7%90%86-%E5%9D%82%E6%9C%AC-338760462802795/,,坂本,2.0,False
772.0,らーめん侘助,ラーメン・つけ麺,ラーメン,北海道,北海道札幌市東区北21条東16丁目2-29,118077149.0,元町,"https://maps.google.com/maps?ll=43.090818,141.373669&z=14&t=m&hl=ja&gl=US&mapclient=embed&q=%E3%80%92065-0021%20%E5%8C%97%E6%B5%B7%E9%81%93%E6%9C%AD%E5%B9%8C%E5%B8%82%E6%9D%B1%E5%8C%BA%E5%8C%97%EF%BC%92%EF%BC%91%E6%9D%A1%E6%9D%B1%EF%BC%91%EF%BC%96%E4%B8%81%E7%9B%AE%EF%BC%92%E2%88%92%EF%BC%92%EF%BC%99",,,,,らーめん侘助,2.0,False
773.0,カフェ・トリオンプ,カフェレストラン,,東京都,東京都千代田区外神田5-6-4メトロビル1階,363809540.0,末広町駅,https://goo.gl/maps/k3vwBaz4KghEcPrx8,https://sweettrip.biz/,https://twitter.com/cafetriomphe,https://facebook.com/cafetriomphe/,https://instagram.com/cafetriomphe,カフェ・トリオンプ,2.0,False
774.0,綱取物語,ラーメン・つけ麺,ラーメン,北海道,北海道札幌市白石区菊水3条3丁目2-15,118158356.0,菊水,"https://maps.google.com/maps?ll=43.057843,141.374103&z=14&t=m&hl=ja&gl=US&mapclient=embed&q=%E3%80%92003-0803%20%E5%8C%97%E6%B5%B7%E9%81%93%E6%9C%AD%E5%B9%8C%E5%B8%82%E7%99%BD%E7%9F%B3%E5%8C%BA%E8%8F%8A%E6%B0%B4%EF%BC%93%E6%9D%A1%EF%BC%93%E4%B8%81%E7%9B%AE%EF%BC%92%E2%88%92%EF%BC%91%EF%BC%95",,,,,綱取物語,2.0,False
775.0,泪橋,居酒屋・ダイニングバー,チキン南蛮　地鶏串焼き,東京都,東京都中野区中野5丁目53-10,363832900.0,中野駅,https://goo.gl/maps/gM6DHNRGBoWcBhLa7,,,,,泪橋,2.0,False
776.0,リクレアツィオーネ　シマ,イタリアン,,東京都,東京都杉並区高円寺北3-2-10T-WEST1F,363852121.0,高円寺駅,https://maps.app.goo.gl/cfSrNCJoDHw5r1Ni6,https://r-sima.jimdofree.com/,,https://www.facebook.com/pastasima/,,リクレアツィオーネ シマ,2.0,False
777.0,ICON,ハンバーガー,,東京都,東京都渋谷区代々木2-30-3,363852587.0,代々木駅,https://goo.gl/maps/z6NN7aRzYRGJgejDA,http://burger.tokyo/,https://twitter.com/ICON_yoyogi,https://facebook.com/ICONyoyogi/,https://instagram.com/and_y.k/,ICON,2.0,False
778.0,パルコフィエラ,イタリアン,,北海道,北海道札幌市手稲区稲穂1条4丁目8-10８−１０,118388498.0,稲穂駅,https://goo.gl/maps/yS3uKzQHRBtqMtZ26,https://www.parcofiera-sapporo.com/,,https://facebook.com/parcofiera.sapporo/,,パルコフィエラ,2.0,False
779.0,KOMUGI,ラーメン・つけ麺,,福岡県,福岡県福岡市城南区別府５丁目２４−１,0.0,別府駅,https://goo.gl/maps/WAHns9gzBkFZzct59,,https://twitter.com/wan_chan_ramen,https://facebook.com/Komugi-大文字使用不可orz-554697891306235/,,KOMUGI,2.0,False
781.0,ロブソンフライズ,ハンバーガー,,東京都,東京都世田谷区北沢2丁目31-5,364071485.0,下北沢駅,https://goo.gl/maps/bF51wc9G73qMShVk8,https://www.robsonfries.com/,https://twitter.com/RobsonFries,https://facebook.com/robsonfries/,https://instagram.com/robsonfries/,ロブソンフライズ,2.0,False
782.0,風乗りメリー,カレー,,東京都,東京都世田谷区北沢２丁目９−3-2F,364071507.0,下北沢駅,https://maps.google.com/?cid=12745224942027924924,,https://twitter.com/kazenorimerry,https://facebook.com/kazenorimerry/,https://instagram.com/kazenorimerry,風乗りメリー,2.0,False
783.0,オーガニックカフェ知恵の木,ベジ・ヴィーガン,,北海道,北海道札幌市豊平区福住1条6丁目11-10,118535134.0,福住駅,https://goo.gl/maps/cqmFtos7aP27vqSv5,https://chienokiinfo.com,,,,オーガニックカフェ知恵の木,2.0,False
784.0,SHIBUYA CHEESE STAND,その他,チーズ専門店,東京都,東京都渋谷区神山町5-8,364079806.0,,https://goo.gl/maps/AuaQQoQxP9SZmznq5,,,,,SHIBUYA CHEESE STAND,2.0,False
786.0,トラットリア　デッラ　ランテルナ  マジカ,イタリアン,,東京都,東京都品川区上大崎2-9-26T&Hメモリー1F,364081488.0,目黒駅,https://goo.gl/maps/BWwkwkTQJ6AtZKH67,http://www.lanternamagica.jp/,,https://facebook.com/Trattoria.della.LanternaMagica,,トラットリア デッラ ランテルナ マジカ,2.0,False
787.0,このむ白金,居酒屋・ダイニングバー,,東京都,東京都港区白金2-1-5,364081900.0,白金高輪,https://goo.gl/maps/kRdeixse5VMyUMnd8,http://www.konomu.com/,,,,このむ白金,2.0,False
788.0,タランテッラ・ダ・ルイジ,イタリアン,,東京都,東京都港区白金3-22-2-1F,364085552.0,白金高輪,https://goo.gl/maps/vX2wB5SaTC68Dn8R8,http://tarantella-da-luigi.com/,,,,タランテッラ・ダ・ルイジ,2.0,False
789.0,ジャックマカレル サンドウィッチ,カフェレストラン,,東京都,東京都港区高輪3-9-15オーク高輪ビル1F,364086400.0,高輪台駅,https://goo.gl/maps/EJsi2tMgCaHyo86N8,http://jackmackerel-sandwich.com/,,https://facebook.com/jackmackerelsandwich/,https://instagram.com/jackmackerel_sandwich/,ジャックマカレル サンドウィッチ,2.0,False
790.0,Baru恵比寿,スペイン料理,,東京都,東京都渋谷区恵比寿1-21-13,364086630.0,恵比寿駅,https://goo.gl/maps/zRRTnTRz5EDx8Uau6,https://s.tabelog.com/tokyo/A1303/A130302/13057202/,,,https://www.instagram.com/baruebisu/,Baru恵比寿,2.0,False
791.0,Maho's Table,その他,世界各国料理,東京都,東京都港区高輪2-2-21高輪台マンション101,364086650.0,白金高輪駅,https://goo.gl/maps/MqcrKrK3oCr89tM39,http://mahos-table.com/,,https://facebook.com/Mahos-Table-605567496131729/,https://instagram.com/mahos.table/,Maho's Table,2.0,False
793.0,トラットリア クレデンツァ,イタリアン,,東京都,東京都大田区南久が原2-1-5シティ久が原2階,364102590.0,久が原駅,https://goo.gl/maps/LzoTcdrmzhqrsHL4A,https://ihaveasae.wixsite.com/credenza,,,https://instagram.com/trattoria_credenza/,トラットリア クレデンツァ,2.0,False
795.0,ことはじめ,和食,,東京都,東京都世田谷区砧8-9-8島屋ビル2階,364110663.0,祖師ヶ谷大蔵,https://goo.gl/maps/eXVs2q3A1JFB9wEd9,,,https://facebook.com/kotohajimesoshigaya/,https://instagram.com/kotohajime_soshigaya,ことはじめ,2.0,False
797.0,春風駘蕩,各国料理,欧風料理,東京都,東京都世田谷区祖師谷3-34-9OKビルB1,364113265.0,祖師ヶ谷大蔵駅,https://maps.google.com/?cid=17444847277475208802,https://shunpu-taitou.info/,,https://facebook.com/shunputaitou/?refsrc=http%3A%2F%2Fshunpu-taitou.info%2F,https://instagram.com/shunpu_taitou_soshigaya/?hl=ja,春風駘蕩,2.0,False
798.0,kitchenfumi,フレンチ,,東京都,東京都世田谷区祖師谷1-9-14,364115259.0,祖師ヶ谷大蔵駅,https://g.page/kitchenfumi?share,,,,https://instagram.com/kitchenfumi/?hl=ja,kitchenfumi,2.0,False
799.0,アオジソシガヤ,イタリアン,,東京都,東京都世田谷区祖師谷２丁目４−７,364119676.0,祖師ヶ谷大蔵駅,https://maps.google.com/?cid=16210770035276940278,http://aogisosigaya.com,https://twitter.com/aogisosigaya,,https://instagram.com/aogisosigaya/,アオジソシガヤ,2.0,False
800.0,サンプルテスト中,ステーキ・ハンバーグ,,東京都,東京都台東区東上野１－１－１,120117117.0,上野,,,,,,サンプルテスト中,1.0,False
801.0,のひのひ,居酒屋・ダイニングバー,,東京都,東京都目黒区上目黒3-16-4長岡ビル3階,364128680.0,中目黒駅,https://goo.gl/maps/uZxG6niEfHXBuf1J6,,,,https://instagram.com/nohinohi_nakameguro/,のひのひ,2.0,False
802.0,オリエンタルビストロK,タイ料理,,東京都,東京都目黒区原町1-9-9,364128828.0,西小山駅,https://goo.gl/maps/VLu53HA1Bbmyi3wJA,,,https://m.facebook.com/pages/category/Asian-Fusion-Restaurant/オリエンタルビストロk-483667111785832/,,オリエンタルビストロK,2.0,False
803.0,焼肉チャンピオン NAKAME+ -Yakiniku Champion NAKAME+-,焼肉,,東京都,東京都目黒区東山２丁目３−５ビラ・アペックスタワー１F・２F,364128916.0,中目黒駅,https://g.page/yakinikuchampion-nakameplus?share,https://www.yakiniku-champion.com/jp/nakame/,,https://facebook.com/yakinikuchampion/,,焼肉チャンピオン NAKAME+ -Yakiniku Champion NAKAME+-,2.0,False
804.0,日本ワイン酒場マルノヒ,居酒屋・ダイニングバー,,東京都,東京都世田谷区桜新町１丁目１２−９4F,364131768.0,桜新町,https://g.page/marunohi?share,https://marunohi.amebaownd.com/,,https://www.facebook.com/marunohi19/,https://www.instagram.com/marunohi19/?hl=ja,日本ワイン酒場マルノヒ,2.0,False
805.0,サンプルテスト,ピザ,,福島県,福島県福島市１－１－１,120123456.0,福島,,,,,,サンプルテスト,1.0,False
807.0,Your Daily Coffee,喫茶店・カフェ,,東京都,東京都世田谷区世田谷2-14-3,364135297.0,上町駅,https://goo.gl/maps/88sNNc6SKpz9octK9,https://yourdaily.coffee/,,https://facebook.com/Your-Daily-Coffee-1158126794263810,,Your Daily Coffee,2.0,False
808.0,風雲児,ラーメン・つけ麺,つけ麺,東京都,東京都渋谷区代々木2-14-3北斗第一ビル,364138480.0,新宿駅,"https://maps.google.com/maps?ll=35.686845,139.696646&z=14&t=m&hl=ja&gl=US&mapclient=embed&cid=3272539110311166620",,,,,風雲児,2.0,False
810.0,ぬか処Virgin Swan,居酒屋・ダイニングバー,,東京都,東京都渋谷区恵比寿西1-14-6ハギワラビル6地下1階,364160200.0,恵比寿駅,https://goo.gl/maps/1SpeHbD8xVLmNFcm8,https://nuka.virgin-swan.com/,,,,ぬか処Virgin Swan,2.0,False
811.0,肉の万世　秋葉原本店,その他,ファミリーレストラン,東京都,東京都千代田区神田須田町2-21,120412901.0,秋葉原駅,https://goo.gl/maps/XLbJCumrxmZro4Ve6,,https://twitter.com/manseimark,,,肉の万世 秋葉原,2.0,False
812.0,下田寿司,寿司,,神奈川県,神奈川県横浜市港北区下田町5-29-17,120520304.0,日吉駅,https://goo.gl/maps/aKD31E3wBQYecqUQ6,,,,,下田寿司,2.0,False
813.0,よあけ会館,和食,,福岡県,福岡県うきは市浮羽町西隈の上１１−２,120774016.0,うきは駅,https://g.page/ukiha_no_yoake,,,https://facebook.com/よあけ会館-102398128048654/,https://www.instagram.com/yoake_inoue/,よあけ会館,2.0,False
814.0,成都酒家,中華料理,,栃木県,栃木県栃木市薗部町1-14-37,120818615.0,栃木駅,https://goo.gl/maps/GwzKumKmL333r5mY7,,,,,成都酒家,2.0,False
815.0,スパイラル,イタリアン,,東京都,東京都渋谷区円山町14-2福富ビル1F,364161213.0,神泉駅,https://maps.app.goo.gl/PWC87eY4dCxdyie36,https://spiral-shibuya.com/,,https://www.facebook.com/oyster.spiral/,https://www.instagram.com/spiral_oyster/,スパイラル,2.0,False
818.0,居酒屋佐藤　恵比寿,居酒屋・ダイニングバー,,東京都,東京都渋谷区恵比寿西1-8-2ウエストパレスビル103,364163703.0,恵比寿駅,https://maps.app.goo.gl/hJANpruJc4WYak3k6,https://www.google.com/amp/s/amp.retty.me/r/100001015583/,,https://facebook.com/izakayasato/,https://instagram.com/izakaya_sato.ebisu/,居酒屋佐藤 恵比寿,2.0,False
819.0,スパイスダイニングDIYO 岩見沢店,カレー,ネパールカレー,北海道,北海道岩見沢市10条東6丁目5−1,126356480.0,岩見沢駅,https://goo.gl/maps/RLJmqSPd1kfKrwzj7,https://www.diyo.jp,,,https://www.instagram.com/diyo.iwamizawa/,スパイスダイニングDIYO,2.0,False
820.0,heREa＋　ヒアー,ベジ・ヴィーガン,,北海道,北海道石狩郡当別町園生294番地53,133232239.0,石狩当別駅,https://g.page/hereat?share,,,,,heREa＋ ヒアー,1.0,False
821.0,An Dining,和食,,北海道,北海道虻田郡倶知安町字山田183-43木ニセコ1階,136225151.0,倶知安駅,https://goo.gl/maps/bK6jdm1pyiPWcyzPA,https://www.kiniseko.com/dining,,,https://www.instagram.com/sushichefshin/?hl=en,An Dining,2.0,False
822.0,はてな代官山,ベジ・ヴィーガン,,東京都,東京都渋谷区代官山町10-3代官山不動産1階,364164270.0,代官山駅,https://goo.gl/maps/1J4iEo5z6JQvm3Fa7,,,https://www.instagram.com/hatenadaikanyama/,,はてな代官山,2.0,False
823.0,バザールバザール　函館,カフェレストラン,,北海道,北海道函館市末広町17-19,138838606.0,十字街駅,https://goo.gl/maps/SDZLgQR2N7rXpBfa9,,,,,バザールバザール 函館,2.0,False
824.0,隠れ酒場  円空,居酒屋・ダイニングバー,,東京都,東京都渋谷区道玄坂１５１－１５－７アネックスサクマ201,364165290.0,,https://goo.gl/maps/PKZWhHzhgZUAgenE9,,,,,隠れ酒場 円空,2.0,False
825.0,オトナノイザカヤ中戸川,イタリアン,,東京都,東京都渋谷区上原1-33−12,364168086.0,代々木上原駅,https://goo.gl/maps/QpBVBjFrX2W1QkCu9,,,https://facebook.com/otonanoizakayanakatogawa/,,オトナノイザカヤ中戸川,2.0,False
826.0,スパイスMARKET,タイ料理,,東京都,東京都渋谷区西原1-21-1,364168550.0,幡ヶ谷駅,https://goo.gl/maps/S5QpWCcWQc91cFwg8,https://spicemarket.jp/,https://twitter.com/spice_m_abc,https://facebook.com/SpiceMarket.Hatagaya/,https://instagram.com/spicemarket_hatagaya/?hl=ja,スパイスMARKET,2.0,False
827.0,ｍａｔｓｕ（まつ）,イタリアン,,北海道,北海道函館市梁川町18-3　ハイルックビル1F,138856332.0,五稜郭駅,https://g.page/matsu-hakodate?share,,,,,ｍａｔｓｕ,1.0,False
830.0,たい焼き工房 広小路店,カフェレストラン,,北海道,北海道帯広市東３条南８丁目１,155242522.0,,https://goo.gl/maps/bTvi4zHd3C6UPyZs8,,,,,たい焼き工房,2.0,False
831.0,TOKOMURO Cafe,カフェレストラン,,北海道,北海道十勝郡浦幌町字字常室51番地1,155787580.0,,https://goo.gl/maps/1yh3r8vVHjE81BS68,,,,,TOKOMURO Cafe,2.0,False
832.0,ワイン場CataCata,各国料理,ワインバー,東京都,東京都大田区山王３－３１－３,364171301.0,大森駅,https://goo.gl/maps/Q9eTT1y1pw5zAv726,http://catacata8.wixsite.com/catacata,,https://facebook.com/winebarcatacata/,https://instagram.com/winebarcatacat/?hl=ja,ワイン場CataCata,2.0,False
833.0,銀座　いし井,ラーメン・つけ麺,つけ麺,東京都,東京都品川区西五反田1-24-4,364174797.0,大崎広小路,"https://maps.google.com/maps?ll=35.62364,139.722225&z=14&t=m&hl=ja&gl=US&mapclient=embed&q=%E3%80%92141-0031%20%E6%9D%B1%E4%BA%AC%E9%83%BD%E5%93%81%E5%B7%9D%E5%8C%BA%E8%A5%BF%E4%BA%94%E5%8F%8D%E7%94%B0%EF%BC%91%E4%B8%81%E7%9B%AE%EF%BC%92%EF%BC%94%E2%88%92%EF%BC%94",,,,,銀座 いし井,3.0,False
834.0,バンコク食堂ポーモンコン,タイ料理,,東京都,東京都品川区大崎5丁目7-14五反田ロイヤルハイツ105-2,364179778.0,五反田駅,https://g.page/phomongkhon?share,http://www.phomongkon.com/,,https://facebook.com/mongkhon2011/,https://instagram.com/bkk_phomongkhon/,バンコク食堂ポーモンコン,2.0,False
835.0,紋別セントラルホテル,定食・食堂,,北海道,北海道紋別市港町7-1-58,158233111.0,遠軽駅,https://goo.gl/maps/ifacSjDs2R5JacFu9,,,,,紋別セントラルホテル,2.0,False
836.0,エノテカ イル ジェンティーレ,イタリアン,,北海道,北海道旭川市三条通8丁目1705-60AYLiTビル1階,166213691.0,JR旭川駅,https://goo.gl/maps/JwBNFkR9KgcxjxRm7,https://gentile.owst.jp/,,https://www.facebook.com/Enoteca-IL-Gentile-%E3%82%A8%E3%83%8E%E3%83%86%E3%82%AB-%E3%82%A4%E3%83%AB-%E3%82%B8%E3%82%A7%E3%83%B3%E3%83%86%E3%82%A3%E3%83%BC%E3%83%AC-1519516538332832/,https://www.instagram.com/enoteca_il_gentile/?hl=ja,エノテカ イル ジェンティーレ,2.0,False
837.0,factory,カフェレストラン,,東京都,東京都渋谷区渋谷2-8-7青山宮野ビル1階,364197739.0,渋谷駅,https://goo.gl/maps/udfm2pkGGUt1ud1e8,http://factory.cr,https://twitter.com/factory1124,,https://instagram.com/factory1124/,factory,2.0,False
838.0,仁泰（キミヒロ）,イタリアン,,北海道,北海道旭川市四条通5-1316-1,166268138.0,JR旭川駅,https://goo.gl/maps/UC7pdNgmgoVG5fHC7,https://tabelog.com/hokkaido/A0104/A010401/1049578/,,,,仁泰,2.0,False
839.0,雪の美術館（スノーナ）,カフェレストラン,,北海道,北海道旭川市南が丘3丁目1-1雪の美術館,166737017.0,,https://goo.gl/maps/wDFnd69BeYFAWNFU8,,,,,雪の美術館,2.0,False
840.0,富良野とみ川,ラーメン・つけ麺,ラーメン,北海道,北海道富良野市麓郷市街地5,167292666.0,富良野,"https://maps.google.com/maps?ll=43.33576,142.541511&z=11&t=m&hl=ja&gl=US&mapclient=embed&q=%E3%80%92076-0161%20%E5%8C%97%E6%B5%B7%E9%81%93%E5%AF%8C%E8%89%AF%E9%87%8E%E5%B8%82%E5%AD%97%E9%BA%93%E9%83%B7%E5%B8%82%E8%A1%97%E5%9C%B0%EF%BC%95",,,,,富良野とみ川,2.0,False
841.0,ピザバーナポリ,イタリアン,,青森県,青森県弘前市新鍛冶99-12F,172403393.0,中央弘前駅,https://goo.gl/maps/irh5FPJudpQCtZNe6,,https://twitter.com/PizzaBarNAPOLI,https://www.facebook.com/PizzaBarNAPOLI/,https://www.instagram.com/pizza_bar_napoli/?hl=ja,ピザバーナポリ,2.0,False
842.0,ふくら,居酒屋・ダイニングバー,居酒屋と和食の中間　日本酒もいろいろテイクアウト,青森県,青森県五所川原市上平井町105-1,173267573.0,五所川原駅,https://goo.gl/maps/y9E79Rm4cRxW9C5q6,,,,https://instagram.com/toshikensan?igshid=1cs0vf7wfkl06,ふくら,2.0,False
843.0,すぱげ亭,イタリアン,,青森県,青森県十和田市東三番町2-20,176226362.0,七戸十和田駅,https://goo.gl/maps/WYxYHRoigYhqx97w6,,,,,すぱげ亭,2.0,False
844.0,イタリア料理Y,イタリアン,,東京都,東京都品川区小山6-7-6タクシティハイツ西小山,364215654.0,西小山駅,https://goo.gl/maps/r2YqGZxoNpxbpSP98,,,https://m.facebook.com/イタリア料理-Ｙ-278328058876068/?fref=ts,,イタリア料理Y,2.0,False
845.0,麺屋 こころ,ラーメン・つけ麺,スープなし麺,東京都,東京都大田区南千束3-6-9,364219375.0,大岡山,"https://maps.google.com/maps?ll=35.605271,139.686219&z=14&t=m&hl=ja&gl=US&mapclient=embed&q=%E3%80%92145-0063%20%E6%9D%B1%E4%BA%AC%E9%83%BD%E5%A4%A7%E7%94%B0%E5%8C%BA%E5%8D%97%E5%8D%83%E6%9D%9F%EF%BC%93%E4%B8%81%E7%9B%AE%EF%BC%96%E2%88%92%EF%BC%99",,,,,麺屋 こころ,2.0,False
847.0,中華ソバ ちゃるめ,ラーメン・つけ麺,スープなし麺,東京都,東京都大田区萩中2-1-4丸栄ビルEAST1F,364232598.0,大鳥居,"https://maps.google.com/maps?ll=35.553147,139.730376&z=14&t=m&hl=ja&gl=US&mapclient=embed&cid=13732440979815783511",,,,,中華ソバ ちゃるめ,2.0,False
848.0,麺場voyage,ラーメン・つけ麺,ラーメン,東京都,東京都大田区蒲田4-37-7,364245596.0,蒲田,"https://www.google.com/maps?ll=35.559014,139.721977&z=14&t=m&hl=ja&gl=US&mapclient=embed&q=%E3%80%92144-0052+%E6%9D%B1%E4%BA%AC%E9%83%BD%E5%A4%A7%E7%94%B0%E5%8C%BA%E8%92%B2%E7%94%B0%EF%BC%94%E4%B8%81%E7%9B%AE%EF%BC%93%EF%BC%97%E2%88%92%EF%BC%97",,,,,麺場voyage,2.0,False
850.0,ここから食堂,定食・食堂,,青森県,青森県十和田市大字三本木下平210-1,176232775.0,七戸十和田駅,https://goo.gl/maps/fWWeofDGdDrVErfw7,https://kokokara-towada.jp/news_20181105.php,https://twitter.com/kokokara27,,,ここから食堂,2.0,False
851.0,創作和食　零,和食,,東京都,東京都大田区仲六郷2-12-7ゲストハウス代田102,364248949.0,雑色駅,https://goo.gl/maps/3VQVBf192HKnESoA7,https://www.washoku-zero.com/smart/,,,,創作和食 零,2.0,False
852.0,Alaska zwei,ベジ・ヴィーガン,,東京都,東京都目黒区東山2-5-7,364257399.0,中目黒,https://goo.gl/maps/gfRw2FPC1XkuHeSw9,,,https://www.facebook.com/alaskazwei/,https://www.instagram.com/alaska_zwei/,Alaska zwei,2.0,False
853.0,Gravy,洋食,,青森県,青森県十和田市東三番町8-43,176240844.0,七戸十和田駅,https://goo.gl/maps/B5ZUNSr4DAFCnBZ26,,,,,Gravy,2.0,False
854.0,やきとり夢屋,居酒屋・ダイニングバー,,青森県,青森県十和田市東三番町1-1,176253227.0,七戸十和田駅,https://goo.gl/maps/iby8fgBPxewDzhqK8,,https://twitter.com/sarkeeeee/status/1254270774552064001,,,やきとり夢屋,2.0,False
855.0,酒菜処悠々,居酒屋・ダイニングバー,,青森県,青森県十和田市東三番町2-6,176253644.0,七戸十和田駅,https://goo.gl/maps/ijMzBi63XaJmQfyc8,,,,,酒菜処悠々,2.0,False
856.0,肉汁餃子　ふく肉,中華料理,,東京都,東京都品川区小山2-6-16,364264484.0,武蔵小山駅,https://goo.gl/maps/h8yLm2zs4irjXV8i7,,,,,肉汁餃子 ふく肉,2.0,False
857.0,赤坂麺処 友,ラーメン・つけ麺,ラーメン,東京都,東京都港区赤坂2－13－13　１Ｆ,364265120.0,赤坂,"https://maps.google.com/maps?ll=35.671929,139.738511&z=14&t=m&hl=ja&gl=US&mapclient=embed&q=%EF%BC%91%EF%BC%A6%20%E3%80%92107-0052%20%E6%9D%B1%E4%BA%AC%E9%83%BD%E6%B8%AF%E5%8C%BA%E8%B5%A4%E5%9D%82%EF%BC%92%E4%B8%81%E7%9B%AE%EF%BC%91%EF%BC%93%E2%88%92%EF%BC%91%EF%BC%93",,,,,赤坂麺処 友,2.0,False
858.0,中国菜老四川 飄香（ぴゃおしゃん）,ラーメン・つけ麺,スープなし麺,東京都,東京都港区麻布十番1-3-8,364265664.0,麻布十番,"https://maps.google.com/maps?ll=35.656695,139.736367&z=16&t=m&hl=ja&gl=US&mapclient=embed&q=%E3%80%92106-0045%20%E6%9D%B1%E4%BA%AC%E9%83%BD%E6%B8%AF%E5%8C%BA%E9%BA%BB%E5%B8%83%E5%8D%81%E7%95%AA%EF%BC%91%E4%B8%81%E7%9B%AE%EF%BC%93%E2%88%92%EF%BC%98",,,,,中国菜老四川 飄香,1.0,False
859.0,農園カフェ日々木,カフェレストラン,,青森県,青森県十和田市相坂高見147-89,176276626.0,,https://goo.gl/maps/Wwquwe4PkLyqFUUb6,,,,,農園カフェ日々木,2.0,False
860.0,スプラウト,居酒屋・ダイニングバー,,東京都,東京都品川区二葉２-14-8,364269844.0,西大井駅,https://goo.gl/maps/qrSpCu5NVc5jvPXA7,https://www.hotpepper.jp/strJ001044536/,,https://facebook.com/%E3%82%B9%E3%83%97%E3%83%A9%E3%82%A6%E3%83%88sprout-362255560521280/,,スプラウト,2.0,False
861.0,琉球どさんこ　しぶ猫,居酒屋・ダイニングバー,,東京都,東京都渋谷区神泉町9-12カサデチェーロ1階,364270012.0,渋谷駅,https://goo.gl/maps/pzfDbdWtMcqMcctb7,,https://twitter.com/nyanchu0720,,https://instagram.com/shibuneko,琉球どさんこ しぶ猫,2.0,False
862.0,Momo's Izakaya 福-Huku-,居酒屋・ダイニングバー,,青森県,青森県三沢市幸町1-7-5,176531492.0,三沢駅,https://goo.gl/maps/V4ifMQcxiB4SHDoeA,https://misawa-huku.com,,https://facebook.com/huku1492/,https://instagram.com/momonagahori?igshid=1lhv0upm7xcjt,Momo's Izakaya 福-Huku-,2.0,False
863.0,宿屋つばき,その他,温泉宿泊施設,青森県,青森県青森市大字浅虫蛍谷25,177522001.0,浅虫温泉駅,https://g.page/yadoyatsubaki?share,https://www.448108.com/,https://twitter.com/TAsamushi,,,宿屋つばき,2.0,False
864.0,YANEURA,居酒屋・ダイニングバー,,東京都,東京都渋谷区宇田川町26-11,364270647.0,,https://goo.gl/maps/yaRJWmW1SsCzDVZf8,,,,,YANEURA,2.0,False
865.0,クルン・サイアム　GEMS神宮前,タイ料理,,東京都,東京都渋谷区神宮前6-19-17,364272508.0,渋谷駅,https://goo.gl/maps/TmFcrXQ8GyoYBuag8,,,https://facebook.com/krungsiamjingumae/,,クルン・サイアム GEMS神宮前,1.0,False
866.0,青森居酒屋いい友,居酒屋・ダイニングバー,,青森県,青森県青森市古川1-20-9,177620278.0,青森駅,https://goo.gl/maps/qFvNwGNBav4RkLPh8,https://japanese-izakaya-restaurant-19550.business.site/?utm_source=gmb&utm_medium=referral,https://twitter.com/izakayaiitomo,https://www.facebook.com/izakayaiitomo/,,青森居酒屋いい友,2.0,False
867.0,GRAPES OMOTESANDO - CHEESE & CHOCOLATE,ワインバー,,東京都,東京都渋谷区渋谷2-8-12ラ・グリスィーヌB1F,364274984.0,表参道駅,https://g.page/GRAPESOMOTESANDO,http://omotesando.grapes.tokyo,,https://facebook.com/GRAPESOMOTESANDO/,,GRAPES OMOTESANDO - CHEESE & CHOCOLATE,2.0,False
868.0,壽修,和食,,東京都,東京都港区西麻布2-16-1,364275167.0,表参道駅,https://g.page/jyusyuu-tokyo?share,http://www.jyusyuu.tokyo/,,,,壽修,2.0,False
869.0,Italian dining&Bar Kei,イタリアン,,青森県,青森県青森市橋本1-5-16コーポ下山102,177775767.0,青森駅,https://goo.gl/maps/7WhDeVUz8Z1WuNoz6,,https://twitter.com/ItalianKei,https://www.facebook.com/Italiandiningkei/,,Italian dining&Bar Kei,2.0,False
870.0,アルド ALDO,ペルー料理,,東京都,東京都港区南青山3-3-23Sta-bldB1F,364277223.0,表参道駅,https://goo.gl/maps/3qp3x6JiczX9Z9Zj9,https://aldoperu.com/,,,https://instagram.com/baraldoperu?igshid=rsur66uujvpb,アルド ALDO,2.0,False
871.0,寿司鶴,寿司,,青森県,青森県青森市千刈2-6-20,177810775.0,青森駅,https://goo.gl/maps/bgjF7yETTeKd4P2e7,,https://twitter.com/PzW3PxkAtLCtAdO,,,寿司鶴,2.0,False
872.0,軽食喫茶UN,喫茶店・カフェ,,青森県,青森県三戸郡五戸町字下字中崎18-2,178387930.0,剣吉駅,https://goo.gl/maps/5h2bXQx7EZi6feBG9,,https://twitter.com/UN98633917,,,軽食喫茶UN,2.0,False
873.0,渋谷の日本酒ダイニング sakeba,居酒屋・ダイニングバー,,東京都,東京都渋谷区渋谷3-15-2,364279142.0,,https://g.page/sakeba_shibuya?share,,,,,渋谷の日本酒ダイニング sakeba,2.0,False
874.0,BAR TAMBI,バー,,東京都,東京都渋谷区東３丁目２５−８PVB恵比寿ビル6階,364279400.0,,https://goo.gl/maps/Mtcy5i4oi1RUe4gv9,,,,,BAR TAMBI,2.0,False
875.0,Cafe.maison de K. カフェ．メゾンドケー．,洋食,,東京都,東京都世田谷区奥沢6-11-7田園コーポラス１０３,364321515.0,九品仏駅,https://goo.gl/maps/YWKoKv1nd1Qz98E68,https://cafe-maison-de-k.owst.jp/,,,,Cafe.maison de K. カフェ．メゾンドケー．,1.0,False
876.0,レ シュヴルイユ,フレンチ,,東京都,東京都世田谷区等々力４丁目１−９宮坂ビル101,364321816.0,尾山台,https://goo.gl/maps/ya7rn4gz2iTivR1j9,https://www.instagram.com/chevreuilschef/,,https://instagram.com/chevreuilschef/,,レ シュヴルイユ,2.0,False
877.0,にんにく専門 だるま食堂,定食・食堂,,青森県,青森県三戸郡三戸町大字川守田雀舘３３−３,179230850.0,三戸駅,https://goo.gl/maps/VCmTMYWZ3YvY4xqe7,https://darumagarlic.com/,https://twitter.com/DarumaGarlic,,https://www.instagram.com/darumagarlic/,にんにく専門 だるま食堂,2.0,False
878.0,ランブロア,スペイン料理,バスク料理,東京都,東京都世田谷区用賀３丁目１１−１５,364327017.0,用賀駅,https://goo.gl/maps/xzyrh3wH5nKLibv99,,,,,ランブロア,2.0,False
879.0,錦大館本店,ラーメン・つけ麺,,秋田県,秋田県大館市釈迦内街道上142-3,186486689.0,大館駅,https://goo.gl/maps/ZQ8m4wdm3VtCDaqH7,http://nishiki-diner.com,,,,錦大館,2.0,False
881.0,VEGANIC TO GO,ベジ・ヴィーガン,,東京都,東京都港区六本木7-4-14乃木坂スタジオ1F,364340211.0,乃木坂駅,https://goo.gl/maps/4DRvLjR4haB1PLso7,https://25.veganic.jp/,https://twitter.com/veganic25/,https://instagram.com/veganic25/,,VEGANIC TO GO,2.0,False
882.0,convivio,イタリアン,,東京都,東京都渋谷区千駄ヶ谷3-17-12カミムラビル,364347907.0,北参道駅,https://goo.gl/maps/3BTvZt9MrxCDYRvF8,http://www.convivio.jp/,,https://instagram.com/convivio_japan/,,convivio,2.0,False
884.0,麺一徹,中華料理,,秋田県,秋田県秋田市土崎港東　2-12-33,188571014.0,秋田駅,https://goo.gl/maps/NudGwy5ei1tiAiZdA,,https://twitter.com/bondsakita,,,麺一徹,2.0,False
885.0,カレーハウス林,カレー,,東京都,東京都港区芝3-32-14上野ビル1F,364350774.0,三田駅,https://goo.gl/maps/RvRd19sa7tvbBhMeA,,,,,カレーハウス林,2.0,False
886.0,AlberoNero,イタリアン,,東京都,東京都港区白金台5-15-1　フォルマ白金B1F,364352822.0,白金台駅,https://g.page/Alberonero0212?share,https://www.alberonero.jp/,,https://instagram.com/alberonero/,,AlberoNero,2.0,False
887.0,麻布十番 炭火焼き鳥 焼酉 川島,和食,,東京都,東京都港区麻布十番3丁目5-42F,364353929.0,麻布十番駅,https://goo.gl/maps/nrBnC6dbXw8MyjrL8,,,,,麻布十番 炭火焼き鳥 焼酉 川島,1.0,False
888.0,中通chillout,フレンチ,,秋田県,秋田県秋田市中通5-8-12-1F,188875881.0,秋田駅,https://goo.gl/maps/737AvFmhM6qVbijG6,,,https://facebook.com/chillout.jp/,https://instagram.com/sayaka0415/?hl=ja,中通chillout,2.0,False
889.0,Trattoria Cicci Fantastico（トラットリア・チッチ・ファンタスティコ）,イタリアン,,東京都,東京都港区大門1-15-3GEMS大門,364359365.0,大門駅,https://g.page/daimon_italian_ciccifantastico?share,https://tabelog.com/tokyo/A1314/A131401/13192431/,,https://instagram.com/cicci.fantastico_daimon/?hl=ja,,Trattoria Cicci Fantastico,2.0,False
890.0,ORGANIC TABLE BY LAPAZ,ベジ・ヴィーガン,,東京都,東京都渋谷区神宮前3丁目38-11原宿ニューロイヤルビル1F15号,364389624.0,外苑前駅,,https://www.lapaz-tokyo.com/,,,,ORGANIC TABLE BY LAPAZ,2.0,False
891.0,ビストロアンバロン,フレンチ,,東京都,東京都港区西麻布1-9-7,364389699.0,六本木駅,https://goo.gl/maps/KMWT5AQw6wZUfPax7,https://bistroenballon.com/,,https://facebook.com/taro.morozumi.1/,,ビストロアンバロン,2.0,False
892.0,粲sun,和食,,東京都,東京都港区六本木4-10-3第V大栄ビル7F,364471943.0,六本木駅,https://g.page/roppongisun?share,https://sun-since2018.jp/,,https://instagram.com/restaurant_sun?igshid=1ptda3whlkmgi,,粲sun,2.0,False
893.0,#uni Safood,魚介・海鮮料理,シーフード料理,東京都,東京都港区六本木7-12-23六本木フォルトゥーナビル1F,364474832.0,六本木駅,https://goo.gl/maps/Lbi4czvyaePwPRcg7,http://uni-seafood.com,https://twitter.com/uni_seafood?lang=ja,https://instagram.com/uni_seafood/?hl=ja,,#uni Safood,2.0,False
894.0,An Di,ベトナム料理,,東京都,東京都渋谷区神宮前３丁目４２−１２,364475447.0,外苑前駅,https://maps.google.com/?cid=6666078147770526590,http://andivietnamese.com,,https://instagram.com/andivietnamese,,An Di,2.0,False
895.0,トロイカ,ロシア料理,,岩手県,岩手県北上市上江釣子16地割53-1,197624365.0,江釣子駅,https://goo.gl/maps/pi2ET9Cs9DXzV99S7,https://troika-kitakami.com,,,,トロイカ,2.0,False
896.0,焼きたてPizza 910,ピザ,,東京都,東京都世田谷区用賀2-36-13,364479345.0,用賀駅,https://goo.gl/maps/5g4iEdpCWv9ERAph6,https://www.yakitate-pizza.com/shop_list/ps_yoga.html,,,,焼きたてPizza 910,2.0,False
897.0,マルカンビル大食堂,定食・食堂,,岩手県,岩手県花巻市上町6-2,198295588.0,花巻駅,https://goo.gl/maps/L3ELaWFyLb5ogfUx8,,https://twitter.com/MarukanShokudo,https://www.facebook.com/marukanshokudo/,,マルカンビル大食堂,2.0,False
898.0,俺たちの焼肉屋 横綱,焼肉,,宮城県,宮城県仙台市青葉区国分町2-12-3　第六吉岡屋ビル2階,222247751.0,勾当台公園,https://g.page/yokozuna-029?share,https://yokozuna.shop/,https://twitter.com/yokozuna_niku,https://www.facebook.com/yokozuna.029,https://www.instagram.com/yokozuna_yakiniku,俺たちの焼肉屋 横綱,2.0,False
899.0,立ち飲みビストロシン　サンテ,居酒屋・ダイニングバー,ビストロ,東京都,東京都品川区上大崎3-1-1目黒セントラルスクエア一階,364504295.0,目黒駅,https://maps.app.goo.gl/6E4VaJ99vGYYL5o5A,,,,,立ち飲みビストロシン サンテ,2.0,False
900.0,サカバルレレレ(肉バルデリバリー),イタリアン,,東京都,東京都渋谷区恵比寿1-11-9グランベルⅢ2階,364504448.0,恵比寿駅,https://g.page/sakabaru?share,https://tabelog.com/tokyo/A1303/A130302/13221357/,,https://www.instagram.com/sakabarurerere/?hl=ja,,サカバルレレレ,1.0,False
901.0,Cellier セリエ,フレンチ,,東京都,東京都渋谷区広尾1−4-10鴻貴ビル1F,364504455.0,恵比寿駅,https://maps.app.goo.gl/ctY6QbpDJN29D3cB9,,,,,Cellier セリエ,2.0,False
902.0,28CafÉ南青山,カレー,,東京都,東京都港区南青山7−7−21,364505407.0,表参道駅,https://goo.gl/maps/nZFauEahadwbLNdK7,https://www.28cafe.jp,,https://instagram.com/28cafe_aoyama/,,28CafÉ南青山,2.0,False
903.0,Niru,ワインバー,自然派ワインと煮込み料理,東京都,東京都渋谷区東１丁目２５−５1F,364506014.0,渋谷,https://g.page/niru_shibuya?share,https://note.com/westfumi13/n/na8d825e582c8,,,,Niru,2.0,False
904.0,仙台牛焼肉　と文字,焼肉,,宮城県,宮城県仙台市青葉区一番町4-6-16,222248366.0,勾当台公園駅,https://goo.gl/maps/KxaCekAN2QugZV436,,,,,仙台牛焼肉 と文字,2.0,False
905.0,本屋B&B,ビールバー,ビアバー＆本屋,東京都,東京都世田谷区代田２丁目３６−１５BONUSTRACK2F,364508272.0,,https://goo.gl/maps/6R6uMMnBYszVfhJP6,,,,,本屋B&B,2.0,False
906.0,k'sbar ケーズバー,バー,,宮城県,宮城県仙台市青葉区中央１丁目７−４０大野第一ビル2F,222642882.0,,https://goo.gl/maps/N5a8aEFhFQtrYLwE6,,,,,k'sbar ケーズバー,2.0,False
907.0,恵比寿 肉バル Salt（ソルト）,イタリアン,,東京都,東京都渋谷区恵比寿南1丁目3-2B1F,364510176.0,恵比寿駅,https://goo.gl/maps/dy8YYUnr2eANSn45A,http://t-f-m.co.jp/shop/salt/,,,,恵比寿 肉バル Salt,2.0,False
908.0,仙台炉端料理縁側,和食,,宮城県,宮城県仙台市青葉区一番町4-4-44,222651025.0,広瀬通駅,https://goo.gl/maps/Se1bcGaZ8AV3xQPF7,,,,,仙台炉端料理縁側,2.0,False
909.0,cafe&dining nurikabe,カフェレストラン,,東京都,東京都渋谷区恵比寿南3-1-2サウスビル4階,364512022.0,恵比寿駅,https://goo.gl/maps/ye41PL5hm8j9ScMF9,https://tabelog.com/tokyo/A1303/A130302/13167701/,,https://www.instagram.com/nurikabe_ebisu/?hl=ja,,cafe&dining nurikabe,1.0,False
910.0,おらい食堂,定食・食堂,,東京都,東京都目黒区上目黒2-12-13イマイマエダビル1F,364512040.0,中目黒駅,https://goo.gl/maps/n7pQ8M66tYjLH9SF8,,,,,おらい食堂,2.0,False
911.0,Nonnkey仙台,ベジ・ヴィーガン,,宮城県,宮城県仙台市青葉区一番町1-5-31,222672889.0,,https://goo.gl/maps/Xj6WDNvziotvnwQN6,https://pscmsasaki.wixsite.com/nonnkey-sendai,,,,Nonnkey仙台,2.0,False
912.0,miroku,ベジ・ヴィーガン,,宮城県,宮城県仙台市青葉区五橋2-11-18第三ショーケービル101,222676339.0,五橋駅,https://goo.gl/maps/DRNT121fSgWLq77D8,,,,,miroku,2.0,False
913.0,オステリア・ダ・ピンチョ,イタリアン,,東京都,東京都大田区上池台2-14-4,364517813.0,洗足池駅,https://goo.gl/maps/LkzPGQtM8jdVm2xh7,https://osteria-da-pincio.business.site,,https://instagram.com/osteria_da_pincio/,,オステリア・ダ・ピンチョ,2.0,False
914.0,海鮮酒場ととろ,居酒屋・ダイニングバー,,宮城県,宮城県仙台市宮城野区榴岡4-4-3,222950867.0,宮城野通駅,https://goo.gl/maps/yVGwUX6PmwWPz7Lw7,,,,,海鮮酒場ととろ,2.0,False
915.0,ワインファームTAMURA,イタリアン,,東京都,東京都目黒区上目黒2-16-9サンハイツナカムラ1F,364522798.0,中目黒駅,https://goo.gl/maps/CYrVYJvcUt7Lz1mJ7,https://www.wine-farm-tamura-nakameguro.com/sp/,,https://instagram.com/wine.farm.tamura/,,ワインファームTAMURA,2.0,False
916.0,トスカネリア,イタリアン,,東京都,東京都渋谷区恵比寿南１－１７－６,364522960.0,恵比寿,https://goo.gl/maps/tnA4nayFeiADondj8,,,,,トスカネリア,2.0,False
917.0,大衆酒場BEETLE仙台,焼き鳥,,宮城県,宮城県仙台市青葉区中央3丁目2-16第2MKビル1階,223026366.0,あおば通駅,https://goo.gl/maps/3rTnxiG3Gj7ztACR6,https://tabelog.com/miyagi/A0401/A040101/4020731/,,,,大衆酒場BEETLE仙台,2.0,False
918.0,麦酒食堂3F-22,ビールバー,,宮城県,宮城県仙台市青葉区二日町14-10八百吉ビル3F,223027933.0,北四番丁駅,https://goo.gl/maps/fv8yJpFUaTvbky8V8,,https://mobile.twitter.com/223ceo,https://facebook.com/223ceo/,https://www.instagram.com/bakusyu3f22/,麦酒食堂3F-22,2.0,False
919.0,珀狼,イタリアン,,東京都,東京都港区西麻布4-4-9B1,364526953.0,広尾駅,https://goo.gl/maps/Tp8c38ETHGzHorhLA,,,https://instagram.com/hakuro_nishiazabu/,,珀狼,2.0,False
920.0,魚介料理　銀鱗,居酒屋・ダイニングバー,,宮城県,宮城県多賀城市八幡４丁目２−１２,223649661.0,,https://goo.gl/maps/N6qk7Z4KWQpwxDQ87,,,,,魚介料理 銀鱗,2.0,False
921.0,イタリアンプリモ,イタリアン,,宮城県,宮城県名取市杜せきのした1丁目2-12,223845722.0,杜せきのした駅,https://maps.app.goo.gl/URbRd9G1dNwaynrA9,,,,,イタリアンプリモ,2.0,False
922.0,ドン・ジョバンニ,イタリアン,,東京都,東京都世田谷区池尻3-21-33セリーヌ池尻大橋,364532697.0,,https://goo.gl/maps/VkaRDRfCZVNUuXFD8,,,,,ドン・ジョバンニ,2.0,False
923.0,ラーメン☆ビリー,ラーメン・つけ麺,ラーメン,宮城県,宮城県仙台市宮城野区東仙台4丁目6-31,223856383.0,東仙台,"https://maps.google.com/maps?ll=38.275293,140.908509&z=14&t=m&hl=ja&gl=US&mapclient=embed&q=%E3%80%92983-0833%20%E5%AE%AE%E5%9F%8E%E7%9C%8C%E4%BB%99%E5%8F%B0%E5%B8%82%E5%AE%AE%E5%9F%8E%E9%87%8E%E5%8C%BA%E6%9D%B1%E4%BB%99%E5%8F%B0%EF%BC%94%E4%B8%81%E7%9B%AE%EF%BC%96%E2%88%92%EF%BC%93%EF%BC%91",,,,,ラーメン☆ビリー,2.0,False
924.0,belts,その他,NY料理、イタリアン、野菜直売,東京都,東京都港区三田5-6-51F,364538232.0,白金高輪駅,https://g.page/beltsmitatokyo?share,https://www.belts-mita.com/,,https://instagram.com/beltsmitatokyo/,,belts,1.0,False
925.0,Abbraccio,イタリアン,,東京都,東京都港区芝浦４丁目５−９THEHARBOUR1F,364539588.0,田町駅,https://maps.google.com/?cid=14435139655344518951,https://abbraccio.owst.jp,,https://instagram.com/abbraccio.apetokyo.unclepanino/,,Abbraccio,2.0,False
926.0,カントニクス,創作料理・無国籍料理,日本酒専門店,東京都,東京都杉並区西荻南3丁目17-1リン西荻窪2F,364542214.0,西荻窪,https://goo.gl/maps/37yHRqMpECFVP8no9,,https://twitter.com/kantonics,,,カントニクス,2.0,False
927.0,GRILLED MEAT Koba.,焼肉,,東京都,東京都北区志茂2-52-5,364544487.0,赤羽駅,https://g.page/grilled-meat-koba-?share,,,,,GRILLED MEAT Koba.,2.0,False
928.0,みかさ食堂（ダイニングみかさ）,和食,,福岡県,福岡県太宰府市御笠1丁目13番5号,0.0,太宰府駅,https://goo.gl/maps/gKAAMEFqkDcchGN67,,,,,みかさ食堂,1.0,False
930.0,弁慶鮨,寿司,,宮城県,宮城県本吉郡南三陸町志津川五日町51,226465141.0,志津川駅,https://goo.gl/maps/UyF3VVREWZYuFDcJ9,https://www.benkeizushi.com/,https://twitter.com/VOLANTE99435310,,,弁慶鮨,2.0,False
931.0,和達,居酒屋・ダイニングバー,,東京都,東京都渋谷区宇田川町11-2宇田川柳光ビル3F,364551656.0,,https://goo.gl/maps/fRhtmf9whja8krXw5,,,,,和達,2.0,False
932.0,calme （カルム）,フレンチ,,東京都,東京都目黒区大橋1-2-5新村ビル2F,364551932.0,池尻大橋駅,,https://calmenagisa.wixsite.com/calme-tokyo/contact,,https://instagram.com/calme2016/,,calme,2.0,False
934.0,酒膳　ひろ,和食,,宮城県,宮城県仙台市青葉区国分町２丁目１２−３０,227210174.0,,https://goo.gl/maps/nS5VxAtvxpLKdq9Y9,,,,,酒膳 ひろ,2.0,False
935.0,白金荘製麺所,和食,,東京都,東京都港区白金3丁目9-7,364556887.0,白金高輪,https://goo.gl/maps/qHiMHaedbmTZWHGSA,,,,,白金荘製麺所,2.0,False
936.0,ＩＬ　ＢＡＴＴＩＣＵＯＲＥ,メキシコ料理,,東京都,東京都港区白金台4-9-18　barbizon32B１階,364556922.0,白金台駅,https://g.page/shirokanedai-ilbatticuore?share,,,https://instagram.com/batticuoreil/,,ＩＬ ＢＡＴＴＩＣＵＯＲＥ,1.0,False
937.0,和酒バル 二喬,居酒屋・ダイニングバー,,宮城県,宮城県仙台市青葉区昭和町５−５５,227282033.0,北仙台,https://goo.gl/maps/fJGtpiXp7oPBPijZ9,http://nikyo.net/,https://twitter.com/dragonstar_k,https://www.facebook.com/%E5%92%8C%E9%85%92%E3%83%90%E3%83%AB-%E4%BA%8C%E5%96%ACNIKYO-454573251229948/,,和酒バル 二喬,2.0,False
938.0,ENERGY,カフェレストラン,,東京都,東京都渋谷区恵比寿1-12-5萩原ビルIII6階,364564343.0,恵比寿駅,https://g.co/kgs/aCQyWt,,https://mobile.twitter.com/cafe_energy99,https://instagram.com/cafe_energy99/,,ENERGY,2.0,False
939.0,札幌味噌らーめん 葵葉,ラーメン・つけ麺,,宮城県,宮城県仙台市青葉区一番町1-6-22　シャンボール一番町B1F,227962603.0,青葉一番町,https://goo.gl/maps/aU9HpSjnoEKxBoiv8,https://tabelog.com/miyagi/A0401/A040101/4022682/,https://twitter.com/aoba0207sendai,https://www.facebook.com/aoba0207sendai,https://www.instagram.com/aoba0207sendai,札幌味噌らーめん 葵葉,2.0,False
941.0,タシデレ,アジア・エスニック,,東京都,東京都新宿区四谷坂町12-18四谷坂町永谷ビル1F,364574255.0,曙橋・市ヶ谷・四谷・四谷三丁目,https://goo.gl/maps/Ym8rxvHnL4BXdRLa7,http://tashidelek.jp/,,,,タシデレ,2.0,False
942.0,シップストリートカフェ,ベジ・ヴィーガン,,宮城県,宮城県仙台市太白区茂庭中谷地南44-12,227968259.0,愛子駅,https://goo.gl/maps/MXX6pJP2Rn7tsFxK6,,,,,シップストリートカフェ,2.0,False
943.0,Gather by UNPLAN(ギャザーバイアンプラン),カフェレストラン,,東京都,東京都新宿区天神町23-1,364575171.0,神楽坂駅,https://goo.gl/maps/8A5idLqaZAkCdNsM9,https://unplan.jp/kagurazaka/cafe,,https://instagram.com/gatherbyunplan/?hl=ja,,Gather by UNPLAN,2.0,False
944.0,一葉本店,和食,,山形県,山形県新庄市本町４−８,233222425.0,,https://goo.gl/maps/XKfC8nQVT1BsVcYFA,,,,,一葉,2.0,False
945.0,本家　第一旭　新宿店,ラーメン・つけ麺,ラーメン,東京都,東京都新宿区新宿1-13-7東宝ビル1F,364577012.0,新宿御苑前,"https://maps.google.com/maps?ll=35.68916,139.711074&z=14&t=m&hl=ja&gl=US&mapclient=embed&q=%E6%9D%B1%E5%AE%9D%E3%83%93%E3%83%AB%201F%20%E3%80%92160-0022%20%E6%9D%B1%E4%BA%AC%E9%83%BD%E6%96%B0%E5%AE%BF%E5%8C%BA%E6%96%B0%E5%AE%BF%EF%BC%91%E4%B8%81%E7%9B%AE%EF%BC%91%EF%BC%93%E2%88%92%EF%BC%97",,,,,本家 第一旭,2.0,False
946.0,t.（ティードット）,カフェレストラン,,東京都,東京都新宿区荒木町16第二歯朶ビル1F/B1F,364578126.0,曙橋駅,https://goo.gl/maps/V97s1yjKdHyESp2T9,,https://twitter.com/t_beerwinefood,https://instagram.com/t_beerwinefood/,,t.,2.0,False
947.0,かくれん穂,ベジ・ヴィーガン,,東京都,東京都荒川区町屋2丁目2-20,364582432.0,町屋駅,https://goo.gl/maps/CXJeRZizzVW76RXi6,,,,,かくれん穂,2.0,False
948.0,日本酒場　へべれけ,居酒屋・ダイニングバー,,東京都,東京都江東区古石場１-2-11F,364585070.0,門前仲町駅,https://goo.gl/maps/sZWAqVdFzKNjXNR97,,,,,日本酒場 へべれけ,1.0,False
949.0,モンナカーノ,イタリアン,,東京都,東京都江東区富岡1-14-14,364585295.0,門前仲町駅,https://goo.gl/maps/SXTbqCQUyFgsk4Fo6,,,,,モンナカーノ,2.0,False
950.0,野菜のちから,カフェレストラン,,東京都,東京都江東区清澄2丁目7-9,364585508.0,清澄白河駅,https://goo.gl/maps/BgLjdGZFsWEFwBbi6,http://food-voice.com/yasai-no-chikara,,https://instagram.com/yasai_no_chikara/,,野菜のちから,2.0,False
951.0,O2,中華料理,,東京都,東京都江東区三好2-15-12峯岸ビル1F,364588988.0,清澄白河駅,https://goo.gl/maps/akvqghcPNErzs3eVA,,,https://instagram.com/o2_kiyosumishirakawa/,,O2,3.0,False
952.0,横浜家系ラーメン　作田家,ラーメン・つけ麺,ラーメン,東京都,東京都江戸川区西小岩１－２９－６　１F,364589057.0,小岩,"https://maps.google.com/maps?ll=35.735509,139.882971&z=14&t=m&hl=ja&gl=US&mapclient=embed&q=%EF%BC%91F%20%E3%80%92133-0057%20%E6%9D%B1%E4%BA%AC%E9%83%BD%E6%B1%9F%E6%88%B8%E5%B7%9D%E5%8C%BA%E8%A5%BF%E5%B0%8F%E5%B2%A9%EF%BC%91%E4%B8%81%E7%9B%AE%EF%BC%92%EF%BC%99%E2%88%92%EF%BC%96",,,,,横浜家系ラーメン 作田家,2.0,False
953.0,麺武者,ラーメン・つけ麺,ラーメン,山形県,山形県新庄市五日町字清水川1280-37,233223797.0,新庄,"https://maps.google.com/maps?ll=38.770809,140.299558&z=13&t=m&hl=ja&gl=US&mapclient=embed&cid=17620246485063681963",,,,,麺武者,2.0,False
954.0,中国料理 栄慶,中華料理,,東京都,東京都港区虎ノ門5-3-3神谷町プレイス1A,364590988.0,神谷町駅,https://goo.gl/maps/D6pS5JfQT7saNWUZA,https://eikei.owst.jp/,,,,中国料理 栄慶,2.0,False
955.0,L for You,カフェレストラン,,東京都,東京都港区南青山3-9-3池上ビル1階,364592504.0,表参道,https://goo.gl/maps/ySXZQ6L7pBMhSE8E7,https://www.lforyou.tokyo,,https://instagram.com/lforyouaoyama/,,L for You,2.0,False
956.0,ファラフェルブラザーズ六本木,ベジ・ヴィーガン,,東京都,東京都港区六本木5-1-10,364592844.0,六本木駅,https://goo.gl/maps/eYxTpKapx86EtfRL6,https://www.tokyofootrip.com/falafelbrothers,,,,ファラフェルブラザーズ六本木,2.0,False
957.0,やきとり嶋家,焼き鳥,,東京都,東京都港区南麻布2-7-25ストーク麻布1階,364594004.0,白金高輪駅,https://goo.gl/maps/dyQUtyQz7DKrQ2Ta7,https://www.shimaya315.com,,https://instagram.com/yakitorishimaya/?hl=ja,,やきとり嶋家,2.0,False
958.0,SHIBAURA GRILL,イタリアン,,東京都,東京都港区芝浦2-15-6,364594253.0,田町駅,https://goo.gl/maps/zH5BruiqA6ky4Uvi6,https://s-grill.com/,,https://instagram.com/shibauragrill_tamachi/,,SHIBAURA GRILL,2.0,False
959.0,赤星とくまがい,和食,,東京都,東京都港区麻布十番3-3-9COMSAZABUJYUBAN7F,364594589.0,東京麻布十番駅,https://g.page/akakuma_azabu?share,,,https://maps.google.com?q=%E6%9D%B1%E4%BA%AC%E9%83%BD%E6%B8%AF%E5%8C%BA%E9%BA%BB%E5%B8%83%E5%8D%81%E7%95%AA%EF%BC%93%E4%B8%81%E7%9B%AE%EF%BC%93%20%E8%B5%A4%E6%98%9F%E3%81%A8%E3%81%8F%E3%81%BE%E3%81%8C%E3%81%84&ftid=0x60188ba1a28a9daf:0x8c81a89767200f06&hl=ja-JP&gl=jp,,赤星とくまがい,2.0,False
960.0,新旬屋 麺　新庄本店,ラーメン・つけ麺,ラーメン,山形県,山形県新庄市沖の町３－２０,233234634.0,新庄,"https://maps.google.com/maps?ll=38.761943,140.303401&z=14&t=m&hl=ja&gl=US&mapclient=embed&q=%E3%80%92996-0023%20%E5%B1%B1%E5%BD%A2%E7%9C%8C%E6%96%B0%E5%BA%84%E5%B8%82%E6%B2%96%E3%81%AE%E7%94%BA%EF%BC%93%E2%88%92%EF%BC%92%EF%BC%90",,,,,新旬屋 麺 新庄,2.0,False
961.0,焼鳥さくら,焼き鳥,,山形県,山形県新庄市若葉町１６−６,233320454.0,,https://goo.gl/maps/9AR46VBMto6u1yu57,,,,,焼鳥さくら,2.0,False
962.0,リザラン　新橋,スペイン料理,,東京都,東京都港区新橋2-11-10　HULIC＆NewSHINBASHI1F,365508787.0,新橋駅,https://g.page/lizarran-shinbashi?share,http://lizarranjp.jp/,https://mobile.twitter.com/lizarran03,,,リザラン 新橋,1.0,False
963.0,ルンゴ,イタリアン,,東京都,東京都千代田区大手町1-1-1大手町パークビルB1F,365512503.0,大手町駅,https://goo.gl/maps/vm8yLZWtkDYwrerm9,https://tabelog.com/tokyo/A1302/A130201/13205370/,,https://instagram.com/lungootemachi0223/?hl=ja,,ルンゴ,2.0,False
964.0,Pizzeria luna e Dolce,イタリアン,,東京都,東京都葛飾区柴又7-1-101F,366579244.0,柴又駅,https://maps.app.goo.gl/hqcvnFhUf8LpZQCA7,https://luna-e-dolce.amebaownd.com/,https://twitter.com/Naolunaedolce,,,Pizzeria luna e Dolce,1.0,False
965.0,ADDRESS NO.9(アドレスナンバーナイン),洋食,,山形県,山形県新庄市若葉町９−６アポロビル1F-2,233321139.0,,https://goo.gl/maps/k5BLcTL9fEYGRMS77,,,,,ADDRESS NO.9,2.0,False
966.0,飯家かたばみ,和食,,東京都,東京都江東区森下2-19-9-1,366593297.0,森下駅,https://maps.app.goo.gl/drb5F2bwo1e3yJ7h7,,,,,飯家かたばみ,2.0,False
967.0,居酒屋 れんがや,居酒屋・ダイニングバー,,山形県,山形県新庄市１７−８,233321168.0,,https://goo.gl/maps/d6MAhgpZdpWX85fS6,,,,,居酒屋 れんがや,2.0,False
968.0,パスタバル　マルナカ商店,イタリアン,,東京都,東京都葛飾区亀有3-21-1,366629396.0,亀有駅,https://goo.gl/maps/HGWT2CG3mCPnNnpdA,https://r.gnavi.co.jp/mhvb5a950000/,,https://instagram.com/p/B-_p8aEDfUB/?igshid=lfqpbhptqpm8,,パスタバル,2.0,False
969.0,ノンナ   青戸店,イタリアン,,東京都,東京都葛飾区青戸3-41-12,366629538.0,青砥駅,https://goo.gl/maps/MubQMj4sk9sovrvu5,,,,,ノンナ,2.0,False
970.0,居酒屋だんだん,居酒屋・ダイニングバー,,山形県,山形県新庄市若葉町１４−３６,233321777.0,,https://goo.gl/maps/NrXQ5sBP2VAm3HvB8,,,,,居酒屋だんだん,2.0,False
971.0,ジュールファスト,イタリアン,,山形県,山形県鶴岡市錦町13-9,235225623.0,鶴岡駅,https://goo.gl/maps/JbCNwU9wKrR3gLQV8,https://blog.goo.ne.jp/jour_faste_0235225623,,,,ジュールファスト,2.0,False
972.0,緑のイスキア,イタリアン,ナポリピッツァなど南イタリア料理,山形県,山形県鶴岡市羽黒町押口字川端37-7,235230303.0,鶴岡駅,https://goo.gl/maps/puwH4XqubirRpCF6A,,,,,緑のイスキア,2.0,False
974.0,庄内ざっこ,和食,,山形県,山形県鶴岡市本町1丁目8-41,235241613.0,鶴岡駅,https://goo.gl/maps/acqEPAzFqRQXxZRv9,http://s-zakko.com,,https://facebook.com/庄内ざっこ-153128108040332/,,庄内ざっこ,2.0,False
975.0,サロン クスダ,フレンチ,,東京都,東京都渋谷区恵比寿西2-7-10えびす第3ビルB1F,367127713.0,恵比寿駅,https://goo.gl/maps/6ZUrcPx9Rv9eeHry7,https://salonkusuda.jp/,https://twitter.com/Salon_Kusuda,https://instagram.com/salon_kusuda_official/,,サロン クスダ,2.0,False
976.0,呑ん処二〇九,和食,大衆酒場,東京都,東京都渋谷区道玄坂2-9-10松本ビル1階,367127781.0,渋谷駅,https://goo.gl/maps/AbJN4YrfmUwnXAXf7,https://tabelog.com/tokyo/A1303/A130301/13215584/,,https://instagram.com/nondoko209,,呑ん処二〇九,1.0,False
977.0,安兵衛寿し,寿司,,山形県,山形県鶴岡市本町1-8-14,235245806.0,鶴岡駅,https://goo.gl/maps/nRBCr5u5521AE79X8,https://yasube-sushi.jimdosite.com/,,https://facebook.com/yasube.sushi/,https://www.instagram.com/yasubee-sushi,安兵衛寿し,2.0,False
978.0,なっぱsun,居酒屋・ダイニングバー,各種料理,東京都,東京都大田区西蒲田７丁目５１−９ベルコーサ２F,367158910.0,蒲田駅,https://goo.gl/maps/8saNjtjnmiQgiY7w9,http://nappa-juicy.com/,https://twitter.com/nappainfo,https://instagram.com/nappa.info/,,なっぱsun,2.0,False
979.0,大衆酒場BEETLE 蒲田東,焼き鳥,,東京都,東京都大田区蒲田5丁目20-4アスレチッタ蒲田ビル1F,367159228.0,蒲田駅,https://goo.gl/maps/RpEwEKrFRGyK1pbc6,https://tabelog.com/tokyo/A1315/A131503/13238592/,,,,大衆酒場BEETLE 蒲田東,2.0,False
980.0,LOS VINOS,ワインバー,,東京都,東京都品川区東大井５丁目１５−１０カンナビル3F,367184210.0,大井町,https://goo.gl/maps/SKvmJCSwa1893uyY6,http://www.losvinos.jp/,https://twitter.com/WineBarLOSVINOS,https://www.instagram.com/losvinos_ooimachi/,,LOS VINOS,2.0,False
981.0,つかさや旅館,和食,旅館,山形県,山形県鶴岡市湯田川乙52,235352301.0,羽前水沢駅,https://g.page/tsukasayaryokan?share,https://www.tsukasaya.gr.jp/,https://twitter.com/tsukasayaosake/status/1250561661167001601?s=20,https://facebook.com/tsukasayaryokan/photos/a.217672551627191/2991549104239508/?type=3&theater,https://instagram.com/tsukasayaryokan_shonai/,つかさや旅館,2.0,False
982.0,ビストロ・デ・ポン,フレンチ,,山形県,山形県東田川郡三川町押切新田字桜木23-9,235663523.0,鶴岡駅,https://goo.gl/maps/FjwfS17uS3gswtM48,,,https://facebook.com/keishi.satou.10,,ビストロ・デ・ポン,2.0,False
983.0,S'ACCAPAU (サッカパウ),イタリアン,,東京都,東京都港区西麻布1丁目12-4B1F,367210935.0,六本木駅,https://g.page/saccapau?share,http://saccapau.jp,,,,S'ACCAPAU,2.0,False
984.0,听屋　六本木,ステーキ・ハンバーグ,,東京都,東京都港区六本木4丁目5-8KAZビル1F,367211895.0,六本木駅,https://g.page/poundya-roppongi?share,http://www.pound-ya.com,,https://instagram.com/poundya_roppongi/,,听屋 六本木,2.0,False
985.0,エンパイアステーキハウス六本木,ハンバーガー,ステーキ,東京都,東京都港区六本木6丁目7-11,367211909.0,六本木駅,https://goo.gl/maps/eWcebYbuZjWBPP5s7,http://www.empire-steakhouse-japan.com/,https://twitter.com/EmpireSteakJP,https://instagram.com/empiresteakhouse.roppongi/,,エンパイアステーキハウス六本木,1.0,False
986.0,Salon du kuma3 麻布,焼肉,,東京都,東京都港区麻布十番2-18-8B1F,367220468.0,,https://goo.gl/maps/ZoXHxq9SLiXUiJUD6,,,,,Salon du kuma3 麻布,2.0,False
987.0,琴平荘（こんぴらそう）,ラーメン・つけ麺,ラーメン,山形県,山形県鶴岡市三瀬己381-46,235733230.0,三瀬,"https://maps.google.com/maps?ll=38.706203,139.66201&z=14&t=m&hl=ja&gl=US&mapclient=embed&cid=11484381618170117783",,,,,琴平荘,2.0,False
988.0,あべくん珈琲,喫茶店・カフェ,,山形県,山形県上山市矢来4-17-56,236006256.0,かみのやま温泉駅,https://goo.gl/maps/ciTfR1YFzjMSy69c9,,,https://facebook.com/mametomugito/?locale2=ja_JP,,あべくん珈琲,2.0,False
989.0,肉そば　まると,そば・うどん,,山形県,山形県山形市元木2丁目9-37,236330501.0,山形駅,https://goo.gl/maps/tg83sCZhJg7rgpvx9,,,,,肉そば まると,2.0,False
990.0,CICLO,イタリアン,,東京都,東京都杉並区西荻南２丁目２２−６,367559713.0,西荻窪駅,https://maps.google.com/?cid=6905036508997075617,https://ciclo2017.business.site,,https://instagram.com/ciclo_nishiogi,,CICLO,2.0,False
991.0,麺処 若武者,ラーメン・つけ麺,ラーメン,福島県,福島県二本松市本町2-86-1,243227107.0,二本松,"https://maps.google.com/maps?ll=37.591251,140.437345&z=14&t=m&hl=ja&gl=US&mapclient=embed&q=%E3%80%92964-0917%20%E7%A6%8F%E5%B3%B6%E7%9C%8C%E4%BA%8C%E6%9C%AC%E6%9D%BE%E5%B8%82%E6%9C%AC%E7%94%BA%EF%BC%92%E4%B8%81%E7%9B%AE%EF%BC%98%EF%BC%96%E2%88%92%EF%BC%91",,,,,麺処 若武者,2.0,False
992.0,久保田食堂,イタリアン,,東京都,東京都練馬区石神井町3丁目19-14MSPビル3F石神井公園,367941573.0,石神井公園駅,https://goo.gl/maps/nmcp4KCpebgkrHBs8,,,,,久保田食堂,2.0,False
993.0,ビストロマエダ,フレンチ,,東京都,東京都台東区駒形1-12-10駒形茜日伸ハイツ1階,367950268.0,浅草駅,https://maps.app.goo.gl/JsG2JzTdEUwgaRZv9,http://www.bistro-maeda.com,,,,ビストロマエダ,2.0,False
994.0,しましまカフェ,カフェレストラン,,東京都,東京都杉並区高井戸東2-29-23永谷マンション106,367955611.0,高井戸駅,https://goo.gl/maps/xwhMg8q3RufXM5Qs6,,https://twitter.com/shimashimacafe,https://instagram.com/shimashimacafe?igshid=p914a7qxw30,,しましまカフェ,2.0,False
995.0,ごはん×カフェ madei,カフェレストラン,,東京都,東京都台東区浅草7-3-12テイトビル聖天1F,368024590.0,浅草駅,https://goo.gl/maps/gcv6S82MTkFUE23y7,https://www.madeigohan.com/,,https://instagram.com/madei_asakusa,,ごはん×カフェ madei,2.0,False
996.0,トラットリア・Ｌａ・Ｗａｓａｂｉ,イタリアン,,福島県,福島県伊達市保原町市柳町1-1,245755363.0,上保原駅,https://goo.gl/maps/3WBMwVK98b1WDry4A,,,https://www.facebook.com/La.Wasabi2002/,,トラットリア・Ｌａ・Ｗａｓａｂｉ,1.0,False
997.0,落語・小料理 やきもち,和食,,東京都,東京都台東区台東1丁目12-11青木ビル1階Ｂ号室,368032050.0,秋葉原駅,https://maps.app.goo.gl/3HgJc7MnPMrEMHSv8,http://yakimochi.info/,https://twitter.com/yakimochi_okami,,,落語・小料理 やきもち,2.0,False
999.0,ビストロティロワ,フレンチ,,東京都,東京都渋谷区神宮前2丁目13-1,368041269.0,外苑前駅,https://g.page/bistrotiroir?share,,,https://instagram.com/bistro.tiroir/,,ビストロティロワ,2.0,False
1000.0,Brasserie Tours,フレンチ,洋食　フレンチ,東京都,東京都港区北青山3-5-192階,368041345.0,表参道駅,https://goo.gl/maps/LKu3nHKgRGEfR1GTA,,,,,Brasserie Tours,2.0,False
1001.0,ベポカ,ペルー料理,,東京都,東京都渋谷区神宮前2丁目17-6,368041377.0,原宿駅,https://goo.gl/maps/DJKLpak7pe4mypNLA,http://www.bepocah.com,,https://instagram.com/bepocah/?hl=ja,,ベポカ,2.0,False
1002.0,焼肉レストラン天山,焼肉,,福島県,福島県須賀川市岡東町64-1　焼肉レストラン天山,248762794.0,須賀川駅,https://goo.gl/maps/jaCDHPjH5rjBcsSX8,http://sukagawa-tenzan.com/,https://twitter.com/sukagawa_tenzan,,,焼肉レストラン天山,2.0,False
1003.0,駅南ビアホール アマリロ,ビールバー,,新潟県,新潟県新潟市中央区天神1-19-7,252907070.0,新潟駅,https://goo.gl/maps/vS53BxcbS9GWYkcq8,https://akr0921758558.owst.jp/,,,,駅南ビアホール アマリロ,2.0,False
1004.0,Abysse,フレンチ,,東京都,東京都渋谷区恵比寿西1-30-12ebisuhills1階,368043846.0,恵比寿駅,https://goo.gl/maps/ZZSMfbEfG4NqmPD88,https://abysse.jp,,,,Abysse,2.0,False
1005.0,nabaita (ナバイタ),イタリアン,,新潟県,新潟県新潟市中央区関屋大川前2-3-12,253785422.0,関屋駅,https://maps.app.goo.gl/Y9tgx4dWuTUpUZm1A,http://nabaita.com,,,,nabaita,2.0,False
1006.0,六本木　真おか,うなぎ,,東京都,東京都港区六本木7-6-3喜楽ビル103,368045225.0,乃木坂,https://goo.gl/maps/8ou64yKuJdnwzm979,,,,,六本木 真おか,2.0,False
1007.0,ピアットジョルニ  DELI&RESTAURANT piatto giorni,イタリアン,,新潟県,新潟県新潟市中央区万代島2-14　ピア万代内,253844955.0,新潟駅,https://goo.gl/maps/eda1TgkVk2PDsj1N6,,https://mobile.twitter.com/piattogiorni,https://facebook.com/DelirestaurantPiattoGiorni/?locale2=ja_JP,https://www.instagram.com/piattogiorni/,ピアットジョルニ DELI&RESTAURANT piatto giorni,2.0,False
1008.0,韓国旬菜ハル,韓国料理,,東京都,東京都港区南青山3丁目2-6,368046305.0,外苑前駅,https://goo.gl/maps/xHoP8e4f2YvK3vxN6,,,https://instagram.com/halu.k.s/,,韓国旬菜ハル,2.0,False
1009.0,ワイナリー＆レストランフェルミエ,フレンチ,,新潟県,新潟県新潟市西蒲区越前浜4501,256702646.0,越後曾根駅　よりタクシーで約15分,https://goo.gl/maps/8D3uDhs8kEB3Zfdg7,http://fermier.jp,,https://facebook.com/fermier.winery/,,ワイナリー＆レストランフェルミエ,1.0,False
1010.0,sio,フレンチ,クリエイティブ,東京都,東京都渋谷区上原１丁目３５−３,368047607.0,代々木上原,https://goo.gl/maps/grtYXJkPbLqf8mNV9,http://sio-yoyogiuehara.com/,https://twitter.com/sio_inc,https://www.instagram.com/sioyoyogiuehara/,,sio,2.0,False
1011.0,DIALOGUE,フレンチ,,東京都,東京都世田谷区北沢3-23-21-1F,368048820.0,下北沢駅,https://goo.gl/maps/Nwgna7PK6SKsJpcp9,https://dialoguefrench.wixsite.com/home,,,,DIALOGUE,2.0,False
1012.0,Bojun Tomigaya,ベジ・ヴィーガン,,東京都,東京都渋谷区富ケ谷1丁目35-20スプリングス2F,368049550.0,代々木八幡駅,https://goo.gl/maps/Eey2MQY1Ro9JBEtA7,,,,,Bojun Tomigaya,2.0,False
1013.0,おそうざいと煎餅もんじゃさとう,和食,,東京都,東京都渋谷区富ケ谷1丁目9番22号富ヶ谷AIUビル1F,368049703.0,代々木公園駅,https://goo.gl/maps/CRzj8pa6GdpwHUf77,http://www.cristianos.jp/satou/,,,,おそうざいと煎餅もんじゃさとう,2.0,False
1014.0,FICO&POMUM JUICE 青山店,カフェレストラン,,東京都,東京都渋谷区神宮前5丁目52-2青山オーバルビル1F,368050480.0,表参道駅,https://goo.gl/maps/kc1hwcNkwAmqCCiP7,http://ficoandpomum.com/,,,,FICO&POMUM JUICE,2.0,False
1015.0,ブルックリンダイナー,その他,アメリカ料理,東京都,東京都世田谷区駒沢1丁目5-9ニックアーバンハイム駒沢公園1F,368052981.0,駒沢大学駅,https://goo.gl/maps/Uz2CUzPQTUFcc2Pw7,https://brooklyndiner.net/,,https://instagram.com/brooklyndiner_/,,ブルックリンダイナー,2.0,False
1016.0,ウエスタンバーForty-Niners,バー,,新潟県,新潟県長岡市東坂之上町２丁目３−４いこいビル１Ｆ,258371807.0,,https://goo.gl/maps/dD3i6xf3BNQPnPW56,,,,,ウエスタンバーForty-Niners,2.0,False
1018.0,essence,中華料理,,東京都,東京都港区南青山３丁目８−２サンブリッジ青山１F,368053905.0,表参道駅,https://maps.google.com/?cid=14866798211433752971,https://essence.tokyo,,https://facebook.com/minamiaoymaessence/,,essence,2.0,False
1019.0,自然派喫茶 Sol,ベジ・ヴィーガン,,長野県,長野県北安曇郡白馬村神城22184-10,261752101.0,神城駅,https://goo.gl/maps/X95CFcEV2NjWWSM89,http://solorganicfood.com/,,,,自然派喫茶 Sol,2.0,False
1020.0,白玉蘭-MOKUREN,中華料理,,長野県,長野県長野市安茂里小市2-18-5,262138181.0,安茂里駅,https://maps.app.goo.gl/66ZkQ94uCKMJ4a1u8,http://www.mokuren-c.com,,,,白玉蘭-MOKUREN,2.0,False
1022.0,バール ア フロマージュ スーヴォワル,フレンチ,フレンチ・イタリアン・ビストロ,東京都,東京都世田谷区玉川4-5-61F,368056399.0,二子玉川駅,https://goo.gl/maps/oBz85vnRJw5v6x8G6,https://sousvoile.owst.jp/,,https://facebook.com/pages/category/Bar/Bar-%C3%A0-Fromage-sous-voil%C7%9D-%E3%83%90%E3%83%BC%E3%83%AB-%E3%82%A2-%E3%83%95%E3%83%AD%E3%83%9E%E3%83%BC%E3%82%B8%E3%83%A5-%E3%82%B9%E3%83%BC%E3%83%B4%E3%82%A9%E3%83%AF%E3%83%AB-1935360419821337/,https://instagram.com/sousvoile/,バール ア フロマージュ スーヴォワル,1.0,False
1023.0,蒼い月,イタリアン,,東京都,東京都世田谷区玉川3-9-3B1,368056407.0,二子玉川駅,https://goo.gl/maps/UoG5DDbBWPbZ2U1T8,,,,,蒼い月,2.0,False
1024.0,イクラバル,洋食,,東京都,東京都世田谷区用賀3-14-9,368057910.0,用賀駅,https://g.page/ikurabar?share,https://ikurabar.com/,,https://facebook.com/ikurabar/,https://www.instagram.com/ikurabar/,イクラバル,2.0,False
1025.0,SPIRITO LIBERO,イタリアン,,東京都,東京都世田谷区奥沢6-31-8ロカーサ自由が丘1F,368059009.0,自由が丘駅,https://goo.gl/maps/qS4zo5aDiNS2aBHX8,,,https://facebook.com/pages/category/Italian-Restaurant/Spirito-Libero-スピリト-リベロ-452322962165984/,,SPIRITO LIBERO,1.0,False
1026.0,ブラッスリー ロノマトペ,フレンチ,,東京都,東京都足立区千住仲町18-11　田中ビル　1階,368062273.0,北千住駅,https://goo.gl/maps/eMNL3cQtaER3tf9R9,,,,,ブラッスリー ロノマトペ,2.0,False
1027.0,和かふぇよろづや,カフェレストラン,,長野県,長野県千曲市桜堂521-1,262140039.0,屋代駅,https://goo.gl/maps/BXJmBrqGfX6RyTow8,http://wacafe-yorozuya.com/,,https://wwxw.facebook.com/wacafe-yorozuya.com/,https://wwm.instagram.com/wacafe_yorozuya,和かふぇよろづや,2.0,False
1028.0,リストランテ　フローリア,イタリアン,,長野県,長野県長野市篠ノ井杵淵48-7,262143446.0,篠ノ井駅,https://goo.gl/maps/nd35C9S9DNvkr8Nq6,https://www.ristorante-floria.com/,https://twitter.com/ropia515,,https://instagram.com/chef_ropia/,リストランテ フローリア,2.0,False
1029.0,BOUTARY ブタリ,フレンチ,,東京都,東京都港区赤坂5-1-29富士屋ビル1階,368074268.0,赤坂見附駅,https://g.page/boutary?share,http://www.boutary.tokyo/,,https://instagram.com/boutary_akasaka/,,BOUTARY ブタリ,2.0,False
1030.0,居酒屋台　中松,鍋料理,もつ鍋,東京都,東京都江戸川区中葛西3-35-2FPビル3F,368083979.0,葛西駅,https://goo.gl/maps/tHS4onBXGHwWY6pE8,https://www.hotpepper.jp/strJ001146023/,,https://instagram.com/nakamatsudemae,,居酒屋台 中松,2.0,False
1031.0,Taverna e Pizzeria Salute（タヴェルナ・エ・ピッツェリア　サルーテ）,イタリアン,,東京都,東京都江戸川区東葛西5-13-1マインコーポ葛西1F,368084570.0,葛西駅,https://goo.gl/maps/XdWetPPTsRVHbTkN8,,,https://instagram.com/taverna.e.pizzeria.salute/,,Taverna e Pizzeria Salute,2.0,False
1032.0,葫,ラーメン・つけ麺,ラーメン,東京都,東京都江戸川区東葛西5-5-1,368086248.0,葛西,"https://maps.google.com/maps?ll=35.667043,139.873644&z=14&t=m&hl=ja&gl=US&mapclient=embed&q=%E3%80%92134-0084%20%E6%9D%B1%E4%BA%AC%E9%83%BD%E6%B1%9F%E6%88%B8%E5%B7%9D%E5%8C%BA%E6%9D%B1%E8%91%9B%E8%A5%BF%EF%BC%95%E4%B8%81%E7%9B%AE%EF%BC%95%E2%88%92%EF%BC%91",,,,,葫,2.0,False
1033.0,とんかつ田（でん）,和食,,東京都,東京都江戸川区東葛西６丁目２−７,368087168.0,葛西駅,https://goo.gl/maps/E83PJPGAB9jLc7n79,,,,,とんかつ田,2.0,False
1034.0,担々麺 猿麻 エンマ,中華料理,,長野県,長野県長野市南千歳1-28-3長野NCビルB1,262174129.0,長野駅,https://goo.gl/maps/r8HePnnMvrM9tEim8,,https://twitter.com/DandanEnma,https://facebook.com/dandan.enma/,https://instagram.com/dandan.enma/,担々麺 猿麻 エンマ,2.0,False
1035.0,串もん酒場 ちゃい九炉 浜松町 芝大門店,その他,居酒屋,東京都,東京都港区芝大門2-1-6BCGビル1階・2階,368091399.0,浜松町駅,https://goo.gl/maps/YCAz8Jh4KrKtzjP57,http://chiclo.jp/,https://twitter.com/ChiClo96,https://instagram.com/chiclo96/,,串もん酒場 ちゃい九炉 浜松町,2.0,False
1036.0,ラ・パスタイオーネ,イタリアン,,東京都,東京都港区南麻布１丁目６−３ＹＲＥビル１F,368093420.0,麻布十番駅,https://maps.google.com/?cid=1146743060817361227,http://www.la-pastaione.com,,https://instagram.com/la_pastaione/,,ラ・パスタイオーネ,2.0,False
1037.0,オステリア ラディーチ,イタリアン,,東京都,東京都港区芝4丁目9-9ワコー三田マンション101,368094025.0,三田駅,https://goo.gl/maps/CG79hQyE3YZeeABt5,http://osteria-radici.com/,,https://www.instagram.com/osteria_radici/,,オステリア ラディーチ,2.0,False
1038.0,肉バル肉リーマン,イタリアン,,東京都,東京都港区芝浦3-6-8TOKIビル1階,36809416.0,田町駅,https://goo.gl/maps/VbDALAvDaDPLwSt56,https://r.gnavi.co.jp/44nk62590000/,https://twitter.com/nikuri_man_niku,,,肉バル肉リーマン,2.0,False
1039.0,クラージュ,洋食,,東京都,東京都港区麻布十番2-7-14,368095533.0,麻布十番駅,https://goo.gl/maps/YyTn5QNp6tenJMfC8,,,https://instagram.com/couragetokyo?igshid=1kunvef03yods,,クラージュ,2.0,False
1040.0,居酒屋あぼんど,居酒屋・ダイニングバー,,長野県,長野県長野市南石堂町1418ダイトービル3F,262175554.0,長野駅,https://goo.gl/maps/EZCGro4hpU5iA4mw9,,,,,居酒屋あぼんど,1.0,False
1041.0,酒場BEETLE,焼き鳥,焼鳥,東京都,東京都港区芝浦3丁目1-211階,368096514.0,田町駅,https://goo.gl/maps/QDT4wY58E1MPoTqr9,https://tabelog.com/tokyo/A1314/A131402/13227117/,,,,酒場BEETLE,2.0,False
1042.0,和-ku どんく,居酒屋・ダイニングバー,,長野県,長野県長野市北石堂町1398-1、2階,262176607.0,長野駅,https://maps.app.goo.gl/cB5CBUvHkVXL2CzKA,https://hitosara.com/0006128890/,,,,和-ku どんく,2.0,False
1043.0,ゆめママキッチン,和食,,長野県,長野県長野市県町495あがたまちテラス1F,262176912.0,権堂駅,https://goo.gl/maps/dURLXFTUBZTeFtv27,,,,https://instagram.com/yumemamakitchen/,ゆめママキッチン,2.0,False
1044.0,Le bage,ベジ・ヴィーガン,ベーグル専門カフェ,東京都,東京都台東区谷中2-5-13,368742538.0,千駄木駅,https://goo.gl/maps/cvfEJmzQwNbM58qX8,https://lebage.com/,,,,Le bage,2.0,False
1045.0,ネムクリュ,ベトナム料理,,東京都,東京都世田谷区砧6-36-6FLAPビル2F,368744034.0,祖師ヶ谷大蔵駅,https://goo.gl/maps/KAUkRuZRMyZ1AqJJ9,https://nemcru.com/,,https://instagram.com/nemcru/,,ネムクリュ,2.0,False
1046.0,朝〆鶏　信州神恵,和食,,長野県,長野県長野市北石堂町1383,262177722.0,長野駅,https://goo.gl/maps/vJinEJoNmuohpzFf6,,,,,朝〆鶏 信州神恵,2.0,False
1047.0,ハナアカリ,カフェレストラン,,長野県,長野県上水内郡信濃町柏原2568-6,262193278.0,黒姫駅,https://goo.gl/maps/14qWnsve1P6B6KiN7,https://www.nagano-hanaakari.jp/,,https://facebook.com/%E3%83%8F%E3%83%8A%E3%82%A2%E3%82%AB%E3%83%AA-172114183444902/,https://instagram.com/nagano_hanaakari/?hl=ja,ハナアカリ,2.0,False
1048.0,イタリア料理 DA MASSA,イタリアン,,東京都,東京都大田区田園調布本町28-5金山ビル1階,368754582.0,沼部駅,https://goo.gl/maps/kpa59NrQLSwm2oG9A,,,https://instagram.com/da__massa/,,イタリア料理 DA MASSA,2.0,False
1049.0,アジアの屋台飯LOTUS（ロータス）,ベトナム料理,,東京都,東京都練馬区練馬1-7-2,368768267.0,練馬駅,https://goo.gl/maps/eYzwqCAwnF2JhF1RA,,,,,アジアの屋台飯LOTUS,2.0,False
1050.0,かつお食堂,和食,かつお専門店,東京都,東京都渋谷区鶯谷町7-12GranDuo渋谷B1,368775324.0,渋谷駅,https://goo.gl/maps/31n6jNJ29BR7mmv2A,,,https://instagram.com/katsuoshokudou?igshid=7ermk1bgmth8,,かつお食堂,2.0,False
1051.0,ネパール料理プルジャダイニング 巣鴨,カレー,ネパール料理,東京都,東京都豊島区巣鴨1-34-4メゾン春日1F,368823013.0,巣鴨駅,https://goo.gl/maps/N8djwC4nhVyHGbDy7,http://purjadining.com/,https://twitter.com/purja99,,,ネパール料理プルジャダイニング 巣鴨,2.0,False
1052.0,あめいろ たこやき＆ダイニングバー,居酒屋・ダイニングバー,,長野県,長野県長野市北石堂町1398-4西光寺ビル1階,262196039.0,長野駅,https://g.co/kgs/63Ny9s,https://ameiro.owst.jp/,,,https://instagram.com/ameiro8,あめいろ たこやき＆ダイニングバー,1.0,False
1053.0,eatreat.CHAYA,カレー,,東京都,東京都世田谷区太子堂2-17-5佐藤ビル3階,368831319.0,三軒茶屋駅,https://goo.gl/maps/xXcZYE1XktwXwkvr9,,,http://instagram.com/eatreat._,,eatreat.CHAYA,2.0,False
1054.0,Onggi,韓国料理,,東京都,東京都杉並区西荻南3丁目19-13,368833268.0,西荻窪駅,https://goo.gl/maps/fVuUoJdhBBF4NFXp8,,,https://instagram.com/nishiogi_onggi/,,Onggi,2.0,False
1055.0,菜食ごはんの店　hallelu peacefood,ベジ・ヴィーガン,,東京都,東京都世田谷区奥沢4-15-13ジュネス奥沢1F,368836640.0,奥沢駅,,https://hallelupeacefood.jimdofree.com/,,,,菜食ごはんの店 hallelu peacefood,2.0,False
1056.0,DINER&BAR BASE.,ハンバーガー,,長野県,長野県長野市南千歳1-6-1,262232203.0,長野駅,https://g.co/kgs/kZt6GE,,,,,DINER&BAR BASE.,2.0,False
1057.0,おすし磯部,寿司,,東京都,東京都渋谷区元代々木町2-11-101,368857515.0,代々木八幡駅,https://goo.gl/maps/tmwjRtURkShwy2Kp7,,,,,おすし磯部,2.0,False
1058.0,牡蠣貝鮮 かいり 渋谷,居酒屋・ダイニングバー,,東京都,東京都渋谷区道玄坂２丁目６−１５鈴井ビル２F,368861851.0,,https://goo.gl/maps/NjvYFdx4pYVMapH39,,,,,牡蠣貝鮮 かいり 渋谷,2.0,False
1059.0,小さかった女,カレー,,東京都,東京都品川区小山5丁目25-14,368872292.0,西小山駅,https://goo.gl/maps/6gFhoWyb494qGEDf8,,https://twitter.com/chiisakattaonna?lang=ja,https://www.instagram.com/chiisakattaonna/,,小さかった女,2.0,False
1060.0,カレーショップ山小屋,カレー,,長野県,長野県長野市南長野北石堂町1408,262243139.0,長野駅,https://goo.gl/maps/WaEPzgueteusUgS58,,,https://facebook.com/pages/category/Restaurant/カレーショップ山小屋-381623245619865/,https://instagram.com/curryshop.yamagoya1973/,カレーショップ山小屋,2.0,False
1061.0,味噌麺処　花道,ラーメン・つけ麺,ラーメン,東京都,東京都中野区野方6-23-12,369022619.0,野方,"https://maps.google.com/maps?ll=35.72239,139.652469&z=14&t=m&hl=ja&gl=US&mapclient=embed&q=%E3%80%92165-0027%20%E6%9D%B1%E4%BA%AC%E9%83%BD%E4%B8%AD%E9%87%8E%E5%8C%BA%E9%87%8E%E6%96%B9%EF%BC%96%E4%B8%81%E7%9B%AE%EF%BC%92%EF%BC%93%E2%88%92%EF%BC%91%EF%BC%92",,,,,味噌麺処 花道,2.0,False
1062.0,食堂citta,イタリアン,,長野県,長野県長野市南千歳1-3-9,262246877.0,長野駅,https://goo.gl/maps/mDigHYtaw8TCs2mYA,,,,,食堂citta,2.0,False
1063.0,大衆肉ビストロLit,イタリアン,,東京都,東京都北区赤羽1-40-6,369039199.0,赤羽駅,https://goo.gl/maps/2R8kYfDXdCvHnrUq5,,,,,大衆肉ビストロLit,2.0,False
1064.0,東京スタイルみそらーめん ど・みそ,ラーメン・つけ麺,ラーメン,東京都,東京都中央区京橋3-4-31F,369043700.0,京橋,"https://maps.google.com/maps?ll=35.675403,139.76815&z=14&t=m&hl=ja&gl=US&mapclient=embed&q=1F%20%E3%80%92104-0031%20%E6%9D%B1%E4%BA%AC%E9%83%BD%E4%B8%AD%E5%A4%AE%E5%8C%BA%E4%BA%AC%E6%A9%8B%EF%BC%93%E4%B8%81%E7%9B%AE%EF%BC%94%E2%88%92%EF%BC%93",,,,,東京スタイルみそらーめん ど・みそ,1.0,False
1065.0,炭火焼鳥 月木乃 つきの,居酒屋・ダイニングバー,,東京都,東京都練馬区上石神井1-13-11,369047284.0,上石神井駅,https://g.page/7023tsukinaga?share,,https://twitter.com/4wax4jmlucsvuen,,,炭火焼鳥 月木乃 つきの,2.0,False
1066.0,AC上石神井,ワインバー,,東京都,東京都練馬区上石神井2-23-8,369048639.0,上石神井駅,https://goo.gl/maps/uW5iDx3fWfcSVBfF8,,,https://instagram.com/ackamishakujii?igshid=fj6xurtcu8gd,,AC上石神井,2.0,False
1067.0,和フレンチKomorebi,フレンチ,,東京都,東京都練馬区上石神井1-39-25メゾンヤマザキ1F,369048797.0,上石神井駅,https://goo.gl/maps/Dnc2r3ABhd1Ck8Pc8,https://r.goope.jp/komorebi2017,https://twitter.com/wa_komorebi,https://instagram.com/wafrench_komorebi/,,和フレンチKomorebi,2.0,False
1068.0,cafe hanahana カフェはなはな,カフェレストラン,,東京都,東京都板橋区高島平8-9-1-105,369068741.0,高島平駅,https://goo.gl/maps/gHAjqKXTvV46Za5J7,,,https://instagram.com/cafehanahana,,cafe hanahana カフェはなはな,2.0,False
1069.0,源希 下赤塚,居酒屋・ダイニングバー,,東京都,東京都練馬区北町8丁目36-2,369069681.0,下赤塚駅,https://goo.gl/maps/MrPhT9tqsUuxN2bb8,,,,,源希 下赤塚,2.0,False
1070.0,シュエットルージュ,フレンチ,,東京都,東京都豊島区東池袋1-8-6DKY12ビル1F,369072122.0,池袋駅,https://goo.gl/maps/9ehcC7pDZdACUwEe7,,,https://instagram.com/chouetterouge,,シュエットルージュ,2.0,False
1071.0,RESTAURANT Chez Masa,フレンチ,,長野県,長野県長野市南千歳2-7-12ウィンベル大通り館2F,262248007.0,長野駅,https://goo.gl/maps/TE9fnCqvLSfiYBji8,http://chezmasa.com/,,,https://instagram.com/chez_masa/,RESTAURANT Chez Masa,2.0,False
1072.0,さんぱち食堂,フレンチ,,東京都,東京都世田谷区南烏山6-27-1宿谷ビル101,369091738.0,千歳烏山駅,https://goo.gl/maps/tPF3eR6sWng72wGK7,https://38shokudou.jimdofree.com/,,,,さんぱち食堂,2.0,False
1073.0,グランカルロス96,フレンチ,,東京都,東京都練馬区北町2-20-8双葉ビル1階,369096696.0,東武練馬駅,https://goo.gl/maps/2UfdF92Pnt1xPeyK8,,"https://twitter.com/grandcarlos96,",https://instagram.com/grandcarlos96?igshid=v8nqq2hhoek1,,グランカルロス96,2.0,False
1074.0,ドゥエイタリアン,ラーメン・つけ麺,ラーメン,東京都,東京都千代田区九段南４丁目７−１７杉喜ビル,369100770.0,市ヶ谷,"https://maps.google.com/maps?ll=35.691533,139.738525&z=15&t=m&hl=ja&gl=US&mapclient=embed&q=%E6%9D%89%E5%96%9C%E3%83%93%E3%83%AB%20%E3%80%92102-0074%20%E6%9D%B1%E4%BA%AC%E9%83%BD%E5%8D%83%E4%BB%A3%E7%94%B0%E5%8C%BA%E4%B9%9D%E6%AE%B5%E5%8D%97%EF%BC%94%E4%B8%81%E7%9B%AE%EF%BC%97%E2%88%92%EF%BC%91%EF%BC%97",,,,,ドゥエイタリアン,2.0,False
1075.0,Pokkur（ポックル）,イタリアン,,東京都,東京都豊島区南大塚2丁目33-11めぞん・ど・ふるーる1F,369122970.0,大塚駅,https://g.page/pokkur?share,,https://twitter.com/pokurun2929,https://instagram.com/pokkur_ootuka/,,Pokkur,2.0,False
1076.0,鮨湯もと,寿司,,長野県,長野県長野市大字南長野西後町1558-1ダイビシマンション1F,262259487.0,長野駅,https://goo.gl/maps/PfMPCQpqYNBevQXZ7,,,,,鮨湯もと,2.0,False
1077.0,ゴーゴーカレー池袋東口スタジアム,カレー,,東京都,東京都豊島区南池袋1-23-2ティワイズビルB1F,369125587.0,池袋駅,https://goo.gl/maps/QeDcUtEzatfYo3i78,http://www.gogocurry.com/shop/121/index.html,,https://instagram.com/gogocurry_ikebukurohigashi/,,ゴーゴーカレー池袋東口スタジアム,2.0,False
1078.0,ソラノイロ食堂,中華料理,,東京都,東京都豊島区池袋２丁目２２−５東仙第2ビル1F,369126715.0,池袋駅,https://goo.gl/maps/5VkM3LAZpVGDqvBq8,,,https://instagram.com/soranoirosyokudou?igshid=1on69gt4lwy2v,,ソラノイロ食堂,2.0,False
1079.0,洋食酒場chelu(チェルー),イタリアン,,長野県,長野県長野市大字鶴賀南千歳860-24ビトロアレイ2.2階B室,262259798.0,長野駅,https://goo.gl/maps/CpVcKnGMdEbae1aa9,https://chelu1234.owst.jp/,,https://facebook.com/chelu.nobu,https://instagram.com/cheluysksakaba,洋食酒場chelu,2.0,False
1080.0,MAHOROBA,その他,麺・どんぶり,東京都,東京都杉並区西荻北4-26-10山愛コーポラス101,369138475.0,西荻窪駅,https://goo.gl/maps/Twg1uFctk4yY2duS7,,,,,MAHOROBA,2.0,False
1081.0,飲み喰い処にしやま,中華料理,,長野県,長野県長野市南県町1136,262276557.0,長野駅,https://goo.gl/maps/9KjVkDxz6Vmo6iBo6,,,,,飲み喰い処にしやま,2.0,False
1082.0,タイストリートフード　池袋店,タイ料理,,東京都,東京都豊島区西池袋1-1-25B1東武イケチカDining,369142212.0,池袋駅,https://goo.gl/maps/Aeyci9ZRDWPtGLWm8,http://www.sscy.co.jp/street.html,,https://instagram.com/thaistreetfood_ikebukuro/,,タイストリートフード,1.0,False
1083.0,池袋 壬生,ラーメン・つけ麺,その他,東京都,東京都豊島区池袋２－７３－３サンスプレンダー池袋１階,369142880.0,池袋,"https://maps.google.com/maps?ll=35.736117,139.709906&z=14&t=m&hl=ja&gl=US&mapclient=embed&q=%E3%82%B5%E3%83%B3%E3%82%B9%E3%83%97%E3%83%AC%E3%83%B3%E3%83%80%E3%83%BC%E6%B1%A0%E8%A2%8B%20%EF%BC%91%E9%9A%8E%20%E3%80%92171-0014%20%E6%9D%B1%E4%BA%AC%E9%83%BD%E8%B1%8A%E5%B3%B6%E5%8C%BA%E6%B1%A0%E8%A2%8B%EF%BC%92%E4%B8%81%E7%9B%AE%EF%BC%97%EF%BC%93%E2%88%92%EF%BC%93",,,,,池袋 壬生,2.0,False
1084.0,BashiBargerChance,ハンバーガー,,東京都,東京都豊島区南池袋2-5-1島一ビル1F,369143620.0,東池袋,https://goo.gl/maps/eCZCPtZALF67iaHv8,http://www.bashiburgerchance.com/index.html,,https://instagram.com/bashi_burger_chance?igshid=1b57p542mahf2,,BashiBargerChance,2.0,False
1085.0,ラッキー食堂まとや,ラーメン・つけ麺,ラーメン,長野県,長野県長野市南千歳町876-13,262288485.0,長野,"https://maps.google.com/maps?ll=36.647308,138.18825&z=14&t=m&hl=ja&gl=US&mapclient=embed&q=%E9%95%B7%E9%87%8E%E7%9C%8C%E9%95%B7%E9%87%8E%E5%B8%82%E5%8D%97%E5%8D%83%E6%AD%B3%E7%94%BA876-13",,,,,ラッキー食堂まとや,2.0,False
1086.0,ネコノワイン（旧オステリア・ガット）,その他,NAGANO WINE専門店,長野県,長野県長野市北石堂町1366-1千石ジャシィビル１F,262288816.0,JR長野駅,https://goo.gl/maps/uycu4VFcJX7AF7aL8,https://sakaki.wine/retail/osteria/,,https://www.facebook.com/osteria.gatto/,,ネコノワイン,2.0,False
1087.0,門前茶寮弥生座,和食,,長野県,長野県長野市大門町503,262322311.0,長野駅,https://goo.gl/maps/WseiUCVMTsjd6sRA9,http://www.yayoiza.jp,,,,門前茶寮弥生座,2.0,False
1089.0,炭火焼きとお酒が楽しめる店 おおぜき,居酒屋・ダイニングバー,,長野県,長野県長野市稲田1丁目31-8,262419887.0,北長野駅,https://g.page/kuimonoyaoozeki?share,https://www.deli-koma.com/dk/shop/menu-detail/?id=55137&clid=1020488,https://twitter.com/KuimonoyaOozeki,https://facebook.com/kuimonoyaoozeki/?ref=bookmarks,https://instagram.com/kuimonoya.oozeki/,炭火焼きとお酒が楽しめる店 おおぜき,2.0,False
1090.0,にしまきごはん,ベジ・ヴィーガン,,東京都,東京都小金井市中町2-13-10,422032418.0,武蔵小金井駅,https://goo.gl/maps/ryY2y81acwusa9FU9,,,,,にしまきごはん,2.0,False
1091.0,bistro la page(ラパージュ),フレンチ,,東京都,東京都国分寺市南町3-13-8マルサカビル1F,422035578.0,国分寺駅,https://g.page/bistrolapage?share,https://lapage.therestaurant.jp/,,https://www.instagram.com/bistrot_la_page/,,bistro la page,2.0,False
1092.0,日本酒や,和食,,東京都,東京都武蔵野市吉祥寺本町２丁目２−７−１３,422201722.0,吉祥寺駅,https://maps.google.com/?cid=13770537964096684154,http://web-farmer.jp,https://twitter.com/nihonsyuya/,,,日本酒や,2.0,False
1093.0,アウボラーダ,ブラジル料理,,東京都,東京都武蔵野市吉祥寺本町1-32-9モトハシビルB1F,422202797.0,吉祥寺駅,https://goo.gl/maps/UDGrV4eiAP3P8ehm6,http://www.alvorada.jp,https://twitter.com/alvorada9638?lang=ja,https://instagram.com/kichijoji_alvorada/?hl=ja,,アウボラーダ,2.0,False
1094.0,Le Bon Viviant,フレンチ,,東京都,東京都武蔵野市吉祥寺本町2-14-5,422212936.0,吉祥寺駅,https://goo.gl/maps/MWZ9rQKoYW3V5QaF8,https://hitosara.com/0006129501/,,https://www.instagram.com/lebonvivant_kichijoji/,,Le Bon Viviant,2.0,False
1095.0,クチーナ・イタリアーナ・パーチェ,イタリアン,,長野県,長野県上高井郡小布施町小布施林2255-5,262476685.0,小布施駅,https://goo.gl/maps/L9UXs9qqwAvVzPDX6,http://pace.naganoblog.jp,https://twitter.com/PACEobuse,https://facebook.com/pace.obuse/,https://www.instagram.com/paceobuse/,クチーナ・イタリアーナ・パーチェ,2.0,False
1096.0,サンクゼール,カフェレストラン,,長野県,長野県上水内郡飯綱町大字芋川1260,262538070.0,牟礼駅,https://goo.gl/maps/8Xs54r87dib6xptL6,http://www.stcousair.co.jp/,,,,サンクゼール,2.0,False
1097.0,アムリタ食堂,タイ料理,,東京都,東京都武蔵野市吉祥寺本町2-17-12,422231112.0,吉祥寺駅,https://goo.gl/maps/WwzUddozFWp4HayC6,http://cafeamrita.jp/,,https://instagram.com/amritashokudou/?hl=ja,,アムリタ食堂,2.0,False
1098.0,ごはんのお宿　ほっこり,和食,,長野県,長野県上水内郡信濃町大字野尻3884-39,262555757.0,黒姫駅,https://goo.gl/maps/BL3CqpeeLB1HbGX97,,,https://facebook.com/profile.php?id=100013294963752,https://instagram.com/katsuyukiuenishi/?hl=ja,ごはんのお宿 ほっこり,2.0,False
1099.0,野生酵母パン・焼き菓子　Shop＆Cafe　 ソノマノ,ベーカリーカフェ,素材を生かした野生酵母（天然酵母）パンや焼き菓子,長野県,長野県長野市鬼無里日影419,262621819.0,長野,"https://www.google.co.jp/maps/place/36%C2%B040'34.2%22N+138%C2%B000'39.4%22E/@36.676176,138.0101013,18z/data=!3m1!4b1!4m13!1m6!3m5!1s0x5ff7d4b89f8f93b1:0xbc1bc1413884c4b!2z6YeO55Sf6YW15q-N44OR44Oz44O754S844GN6I-T5a2QIFNob3AmY2FmZSDjgr3jg47jg57jg44!8m2!3d36.676145!4d138.010965!3m5!1s0x0:0x0!7e2!8m2!3d36.6761764!4d138.0109513",http://www.sonomano.jp,,https://www.facebook.com/kinasasonomano/,https://www.instagram.com/sonomano.kinasa/,野生酵母パン・焼き菓子 Shop＆Cafe ソノマノ,1.0,False
1100.0,ラザニ屋LABO,イタリアン,,東京都,東京都三鷹市野崎2丁目1-17,422261354.0,三鷹駅,https://goo.gl/maps/nJXdhj9zXt2dAyDQ9,http://lazaniya.com/,,https://www.instagram.com/lazaniya.tokyo/,,ラザニ屋LABO,2.0,False
1101.0,KHUCHAI,タイ料理,,東京都,東京都武蔵野市吉祥寺南町1-1-7,422265697.0,吉祥寺駅,https://g.page/khuchai_kcjj?share,,,https://instagram.com/khuchai_kcjj/,,KHUCHAI,2.0,False
1102.0,やきにく黒ちゃん,焼肉,,長野県,長野県長野市北石堂町1373,262660829.0,長野駅,https://goo.gl/maps/tdKtSqFCmbMM9SPB6,,,https://facebook.com/やきにく黒ちゃん-2191637137745372/,https://instagram.com/yakiniku_kurochan,やきにく黒ちゃん,2.0,False
1103.0,MONZEN TERRACE ENYA,和食,,長野県,長野県長野市大門町57-2,262660885.0,権堂駅,https://g.page/MONZENTERRACEENYA?share,https://monzen-terrace-enya.com,,https://facebook.com/MONZENTERRACEENYA/?modal=admin_todo_tour,https://instagram.com/monzenterraceenya/,MONZEN TERRACE ENYA,2.0,False
1104.0,エクラ,フレンチ,,東京都,東京都武蔵野市吉祥寺本町2-24-1キューブB1,422276171.0,吉祥寺,https://goo.gl/maps/GxLWfH22QTs9dFL89,http://french-eclat.com/,,,,エクラ,2.0,False
1105.0,HAKKO MONZEN,和食,,長野県,長野県長野市東後町16-1-1F,262660909.0,権堂駅,https://g.page/hakko-monzen,,,https://www.facebook.com/hakko.monzen/,https://www.instagram.com/hakko.monzen/,HAKKO MONZEN,2.0,False
1108.0,信州そば処　一松亭,そば・うどん,,長野県,長野県千曲市屋代2783,262731102.0,屋代高校前駅,https://goo.gl/maps/Q4ir1RodkFA5qDXCA,,https://twitter.com/Isshotei_soba,https://www.facebook.com/isshotei/,,信州そば処 一松亭,2.0,False
1110.0,ムサシノ野菜食堂ミルナーナ,カフェレストラン,,東京都,東京都武蔵野市境南町2-17-5,422309195.0,武蔵境駅,https://goo.gl/maps/G6ehuUVn6eYYLdKv8,,,,,ムサシノ野菜食堂ミルナーナ,2.0,False
1111.0,落日酒楽,居酒屋・ダイニングバー,,東京都,東京都武蔵野市境南町2-1-6ライザビル　B1F,422322185.0,武蔵境駅,https://goo.gl/maps/VuCZvqHuHopXvLck8,,,https://instagram.com/rakujitsu00/?utm_source=ig_embed&utm_campaign=loading&hl=de,,落日酒楽,2.0,False
1112.0,インドダイニング ニキタ【NIKITA】,カレー,,東京都,東京都武蔵野市境南町2-8-6正和ビル101,422323675.0,武蔵境駅,https://goo.gl/maps/pVJS9vjNVDaM8Vk26,https://nikita-indian-restaurant.business.site/?m=true,,,,インドダイニング ニキタ,2.0,False
1113.0,シタール,カレー,,東京都,東京都武蔵野市境南町3-25-12,422327440.0,武蔵境駅,https://goo.gl/maps/4Tvcb2JHWrkWwUP49,,,,,シタール,2.0,False
1114.0,イル カプリッチョ,イタリアン,,東京都,東京都武蔵野市境南町2-13-6,422330012.0,武蔵境駅,https://goo.gl/maps/E5qPPgMx6RwvszAr6,,,,,イル カプリッチョ,2.0,False
1116.0,八つ浜,うなぎ,天ぷら,東京都,東京都武蔵野市中町1-24-16,422367280.0,三鷹駅,https://goo.gl/maps/goEuNYWndu7BUnEF6,,,,,八つ浜,2.0,False
1117.0,Ond craft food+,カフェレストラン,,東京都,東京都武蔵野市境南町3-2-13,422385500.0,武蔵境駅,https://goo.gl/maps/Z56Yy1FGv1F5157H9,https://ond-craftfood.com/,,,,Ond craft food+,2.0,False
1118.0,すし処泰　松本,和食,,長野県,長野県松本市野溝東1-16-6,263242883.0,平田駅,https://goo.gl/maps/Htw8z7GSf8cN9rhx8,,,,,すし処泰 松本,2.0,False
1119.0,ハイファミリア,カフェレストラン,,東京都,東京都三鷹市下連雀3丁目38-4,422388311.0,三鷹駅,https://goo.gl/maps/LXDsL751L3ZoCLd3A,,,https://www.instagram.com/p/B-tILFIl0YC/?utm_source=ig_web_copy_link,,ハイファミリア,2.0,False
1120.0,ピザハウス樹安亭Due,イタリアン,,長野県,長野県安曇野市穂高有明8154-1,263310430.0,穂高駅,https://goo.gl/maps/u1d5LcD3EAU4dZBN6,,,https://ja-jp.facebook.com/pizzahousekianteidue/,,ピザハウス樹安亭Due,2.0,False
1121.0,matsumoto MT.BARU,イタリアン,,長野県,長野県松本市中央1-19-15,263310636.0,松本駅,https://goo.gl/maps/NRUG9MPfYK4S4vxGA,https://www.mt-baru.com,,https://facebook.com/matsumotoMt.BARU/,,matsumoto MT.BARU,2.0,False
1122.0,ワイン食堂Sautoir-ソトワ-,イタリアン,フランス イタリア,東京都,東京都三鷹市上連雀1-2-8,422389066.0,三鷹駅,https://maps.app.goo.gl/d5Niz9RzkRZ6H4Qw5,,,,,ワイン食堂Sautoir-ソトワ-,2.0,False
1123.0,ビストロ・ロジエ,ワインバー,,東京都,東京都武蔵野市境1-3-14,422389155.0,武蔵境駅,https://goo.gl/maps/5zyU3HrWR9zY5yhv6,https://bistrorosier.owst.jp/,,,,ビストロ・ロジエ,2.0,False
1124.0,ラ フェリチタァ,イタリアン,,長野県,長野県安曇野市三郷温40-1,263313199.0,一日市場駅,https://goo.gl/maps/gTiy9ap129MjSEPk9,http://www.lcv.ne.jp/~felicita/,,http://facebook.com/lafelicita2003,,ラ フェリチタァ,2.0,False
1125.0,per sorriso ペールソリッソ,イタリアン,,東京都,東京都武蔵野市西久保2丁目26-12,422398788.0,三鷹駅,https://goo.gl/maps/Hg1TSEK8f5ZfXqth9,https://per-sorriso.business.site/,,https://www.instagram.com/persorriso_jibi/,,per sorriso ペールソリッソ,2.0,False
1126.0,自家製十割蕎麦　や乃家,そば・うどん,,東京都,東京都三鷹市下連雀3‐16‐10,422412011.0,三鷹駅,https://goo.gl/maps/4BXc3gQUbfMRTcRo6,,,,,自家製十割蕎麦 や乃家,2.0,False
1127.0,BAR&GRILL BURGER CHOP -STEAK HAMBURGER-,ハンバーガー,,長野県,長野県松本市大手2丁目2-42階,263313628.0,松本駅,https://goo.gl/maps/HEcJipstLjE5yjEE7,,,https://facebook.com/burger.chop36/,,BAR&GRILL BURGER CHOP -STEAK HAMBURGER-,2.0,False
1128.0,ゾンネブルーメ,その他,イタリアン・ドイツ料理,長野県,長野県松本市大手2-3-2,263316636.0,松本駅,https://goo.gl/maps/5AXD5EW3FkmsQaPY9,https://sonnenblumen.jp/,,https://facebook.com/BiaresutoranZonneburume/,https://instagram.com/sonnenblume.0301/,ゾンネブルーメ,2.0,False
1129.0,つけ麺えん寺,ラーメン・つけ麺,つけ麺,東京都,東京都武蔵野市吉祥寺南町1-1-11F,422445303.0,三鷹,"https://maps.google.com/maps?ll=35.704907,139.58194&z=13&t=m&hl=ja&gl=US&mapclient=embed&q=1F%20%E3%80%92180-0003%20%E6%9D%B1%E4%BA%AC%E9%83%BD%E6%AD%A6%E8%94%B5%E9%87%8E%E5%B8%82%E5%90%89%E7%A5%A5%E5%AF%BA%E5%8D%97%E7%94%BA%EF%BC%91%E4%B8%81%E7%9B%AE%EF%BC%91%E2%88%92%EF%BC%91",,,,,つけ麺えん寺,1.0,False
1130.0,little star restaurant,カフェレストラン,,東京都,東京都三鷹市下連雀3丁目33-6三京ユニオンビル3F,422453331.0,三鷹駅,https://goo.gl/maps/UTVUyqxgRFggoYBr9,http://www.little-star.ws/home/,https://twitter.com/little_star_ws/,https://www.instagram.com/littlestarws/,,little star restaurant,2.0,False
1131.0,リスボン,喫茶店・カフェ,,東京都,東京都三鷹市下連雀3-27-9,422471427.0,三鷹駅,https://goo.gl/maps/ZUBNhVUEtGmNStwJ8,,,https://www.instagram.com/p/B_1W_gYAdoI/,,リスボン,2.0,False
1132.0,コミュニティーカフェ りん,喫茶店・カフェ,,福岡県,福岡県太宰府市大字内山663-5,0.0,太宰府駅,https://goo.gl/maps/6A8bZ848Dj2d57Q2A,,,,,コミュニティーカフェ りん,1.0,False
1133.0,ビアンカーラ,ワインバー,,東京都,東京都三鷹市井の頭3-31-1,42249303.0,,,,,,,ビアンカーラ,2.0,False
1134.0,珍珍亭,ラーメン・つけ麺,,東京都,東京都武蔵野市境5-17-21,422512041.0,武蔵境駅,https://maps.app.goo.gl/NZvdCsf5NxgAGKUE6,,,,,珍珍亭,2.0,False
1135.0,中華料理 安楽,中華料理,,東京都,東京都武蔵野市中町1-10-5,422545533.0,三鷹駅,https://goo.gl/maps/d3H3LGwCGbA8mrGt6,https://tabelog.com/tokyo/A1320/A132002/13063341/,,,,中華料理 安楽,2.0,False
1136.0,ヒマラヤ,アジア・エスニック,ネパール料理,東京都,東京都武蔵野市西久保2-2-14,422550306.0,三鷹駅,https://goo.gl/maps/N7rtHBY7MqZb1YAw5,http://www.himalayas.co.jp/,,,,ヒマラヤ,3.0,False
1137.0,シェガーノ,イタリアン,,東京都,東京都武蔵野市西久保1-5-8,422561389.0,三鷹駅,https://goo.gl/maps/HjmkwuxrfZKKiSfs7,,,,,シェガーノ,2.0,False
1138.0,SITAL 三鷹店,カレー,,東京都,東京都武蔵野市中町1-17-2,422566733.0,三鷹駅,https://goo.gl/maps/JK8qhGDNktF7u91S6,https://tabelog.com/tokyo/A1320/A132002/13194070/,,,,SITAL,2.0,False
1139.0,ビストロ ジュール,フレンチ,,東京都,東京都武蔵野市中町1-19-10ルビナス武蔵野103,422568585.0,三鷹駅,https://goo.gl/maps/BgskwofyQxduUL3L9,,,https://instagram.com/bistro.ju.ru/,,ビストロ ジュール,2.0,False
1140.0,珈琲美学アベ,カフェレストラン,,長野県,長野県松本市深志1丁目2-8,263320174.0,松本駅,https://goo.gl/maps/PMdWdyhjep9Vifmy9,,,,,珈琲美学アベ,2.0,False
1141.0,ラクシュミー,カレー,,東京都,東京都武蔵野市境1-12-2シーザースパレス1F,422574684.0,武蔵境駅,https://goo.gl/maps/L1TVE7oYJrkbLuQU7,https://localplace.jp/t100464444/,,,,ラクシュミー,2.0,False
1142.0,ビストロ　アンプティポン,フレンチ,,東京都,東京都三鷹市大沢6-5-1,422577319.0,多磨駅,https://goo.gl/maps/F6BgEth48ZXxMxY69,http://un-petit-pont.com/,,,,ビストロ アンプティポン,2.0,False
1143.0,トラットリア　ジラソーレ,イタリアン,,長野県,長野県松本市巾上4-32,263322900.0,松本駅,https://goo.gl/maps/uWYyrA6Qek8LTDZd8,http://www.gira-sole.com/,,https://facebook.com/girasolecom/,,トラットリア ジラソーレ,2.0,False
1144.0,弁当一揆,和食,,東京都,東京都三鷹市北野1-2-28フラッツ三鷹1F,422692960.0,仙川駅,https://goo.gl/maps/kGcgyAgLrsg6aRmC7,https://bento-riot.com/,,,,弁当一揆,2.0,False
1145.0,四文屋　吉祥寺店,焼きとん,,東京都,東京都武蔵野市吉祥寺南町1-1-5,422763877.0,吉祥寺駅,https://goo.gl/maps/MzvkHgZTgvBVNssM8,https://tabelog.com/tokyo/A1320/A132001/13156436/,https://twitter.com/shimonya_group,,,四文屋,2.0,False
1146.0,吉祥寺武蔵家,ラーメン・つけ麺,ラーメン,東京都,東京都武蔵野市吉祥寺南町1-8-11弥生ビル1F,422770180.0,吉祥寺,"https://maps.google.com/maps?ll=35.702135,139.578673&z=14&t=m&hl=ja&gl=US&mapclient=embed&q=%E5%BC%A5%E7%94%9F%E3%83%93%E3%83%AB%201F%20%E3%80%92180-0003%20%E6%9D%B1%E4%BA%AC%E9%83%BD%E6%AD%A6%E8%94%B5%E9%87%8E%E5%B8%82%E5%90%89%E7%A5%A5%E5%AF%BA%E5%8D%97%E7%94%BA%EF%BC%91%E4%B8%81%E7%9B%AE%EF%BC%98%E2%88%92%EF%BC%91%EF%BC%91",,,,,吉祥寺武蔵家,2.0,False
1147.0,月和茶,中華料理,,東京都,東京都武蔵野市吉祥寺本町2-14-28,422770554.0,吉祥寺駅,https://goo.gl/maps/YksqKt1acmqH9JRz5,http://yue-he-cha.com/,https://twitter.com/YueHeCha,https://www.instagram.com/yuehecha/,,月和茶,2.0,False
1148.0,芛堂寺,ラーメン・つけ麺,,茨城県,茨城県つくば市天久保2丁目6-36,0.0,つくば駅,https://goo.gl/maps/DZeKzbeC4x3B69K28,,https://twitter.com/idouji,,http://instagram.com/idouji,芛堂寺,1.0,False
1149.0,CAFE FLAっと,カフェレストラン,,東京都,東京都国分寺市泉町2-9-1西国分寺ライフタワー1F,423000222.0,国立駅,https://goo.gl/maps/JNvcri8tqsxxwVS79,https://www.cafe-fla.com/,,https://www.instagram.com/cafe_fla/?hl=ja,,CAFE FLAっと,2.0,False
1150.0,ぼんまり,和食,,東京都,東京都国分寺市泉町3-26-1,423010007.0,西国分寺駅,https://goo.gl/maps/XRmbDrUaoF4QzJ3D9,https://www.bon-mariage.jp/index.html,,https://www.instagram.com/bonmari0311/,,ぼんまり,2.0,False
1151.0,料理人のいる魚屋 かず家,居酒屋・ダイニングバー,海鮮,東京都,東京都小金井市東町4-38-17水沢ビルB1,423011717.0,東小金井駅,https://goo.gl/maps/B9Ej5PBBgiJy7J587,https://tabelog.com/tokyo/A1325/A132501/13197725/,https://twitter.com/ryourininkazuya,https://www.instagram.com/ryourininkazuya/,,料理人のいる魚屋 かず家,2.0,False
1152.0,酒美飯囲ひろし,居酒屋・ダイニングバー,,東京都,東京都小金井市東町4丁目41-2,423015533.0,東小金井駅,https://goo.gl/maps/d6JhihUCN1KDYzeC9,https://tabelog.com/tokyo/A1325/A132501/13133614/,https://twitter.com/hiroshixxxxx,https://instagram.com/sakaguchu_hiroshi,,酒美飯囲ひろし,2.0,False
1153.0,軽食小木曽,ピザ,,東京都,東京都府中市宮西町4-12-5エスケービル1F,423023522.0,府中駅,https://goo.gl/maps/xKxUBkKrd6hJyc2y7,,,,,軽食小木曽,2.0,False
1154.0,和風ダイニングきらり,居酒屋・ダイニングバー,,東京都,東京都府中市宮町２丁目１８−２パークサイドK2F,423028808.0,,https://goo.gl/maps/1rFfdNMcifedmANF6,,,,,和風ダイニングきらり,2.0,False
1155.0,BAL BACARO,イタリアン,,東京都,東京都府中市八幡町１丁目３−１４,423065134.0,府中駅,https://goo.gl/maps/qiP2KhpWzurUXdY6A,,,https://instagram.com/bacaro_fucyu?igshid=1sombajltgdmy,,BAL BACARO,2.0,False
1156.0,the Angie Ave.,カフェレストラン,,東京都,東京都府中市片町２丁目１８−３,423109663.0,,https://goo.gl/maps/APE91WgLmbRVNxyB8,,,,,the Angie Ave.,2.0,False
1157.0,ワヰン酒場 かもしや,居酒屋・ダイニングバー,,長野県,長野県松本市１０中央１丁目１０−３４公園通りビル１０３,263326338.0,松本,https://goo.gl/maps/qKkjdyHF2r4qRszC9,https://l.facebook.com/l.php?u=http%3A%2F%2Fkamoshiya.naganoblog.jp%2F%3Ffbclid%3DIwAR2ycoD5p91YK-fHYqvmubLFNt9xKk0-LTOZM7Z2IViRgKwy2eaz5xYzqKo&h=AT3m8yJKLpqHU71K2S0NRg-cNY9hmfusJu06oroAi5aTDBosmNhIFORMKPEibFi9qLq2lHR-YqdjjKq4qW5HfGuZR4xpAbRC6P7mhvfTUqnMefaM4Ua_PfLc5CY2T5SDf_o,,https://www.facebook.com/bistroKamoshiya/,,ワヰン酒場 かもしや,2.0,False
1158.0,ポルトガル食堂　casa do Fernando,ポルトガル料理,西洋料理,長野県,長野県松本市中央1-23-2Mウィング北棟,263328818.0,松本駅,https://goo.gl/maps/p4NTuLMg6bcLpG2W7,https://morris-k-point.com/fernando/,,https://facebook.com/casadofernando18/,https://instagram.com/casa.do.fernando/,ポルトガル食堂 casa do Fernando,2.0,False
1159.0,アジアン居酒屋 ２階のぞうさん 国分寺店,タイ料理,,東京都,東京都国分寺市本町3-9-6,423120884.0,国分寺駅,https://g.page/2ndfloor-elephant?share,https://nikainozousan.owst.jp/,https://twitter.com/elephant2f,https://www.instagram.com/elephant2f/,,アジアン居酒屋 ２階のぞうさん,1.0,False
1160.0,ジッカデダイニング,イタリアン,,東京都,東京都小金井市本町2-20-4,423161443.0,武蔵小金井駅,https://goo.gl/maps/AnaR9dwWJ2WEqYri6,,,,,ジッカデダイニング,2.0,False
1161.0,ジュレ　ブランシュ,その他,チーズ,長野県,長野県松本市大手2-10-2,263332252.0,松本駅,https://goo.gl/maps/MuKRh3ogENJHDDoZ6,http://love.ap.teacup.com,,https://facebook.com/geleeblanche/,,ジュレ ブランシュ,2.0,False
1162.0,麺屋もろ,ラーメン・つけ麺,,東京都,東京都府中市美好町3丁目9-10,423190963.0,分倍河原駅,https://goo.gl/maps/GN2y1faUHBD2SnKc8,,https://mobile.twitter.com/menyamoro,,,麺屋もろ,2.0,False
1163.0,アマンキッチン,カレー,,東京都,東京都国分寺市13南町3-13-102F,423202237.0,国分寺駅,https://goo.gl/maps/7reyLaSioXDRZCUn7,,,,,アマンキッチン,2.0,False
1164.0,ほっともっと 守谷店,洋食,,茨城県,茨城県守谷市松並2024-71,0.0,守谷駅,https://goo.gl/maps/1kfLG2s7xiMVC5U86,https://www.hottomotto.com/menu/,https://twitter.com/HottoMotto294,,,ほっともっと,1.0,False
1165.0,カフェ食堂enishi,定食・食堂,,東京都,東京都国分寺市本町２丁目９−３,423240833.0,国分寺駅,https://goo.gl/maps/mrJp6pPMpfej4FM79,,https://twitter.com/enishi_cafe,https://instagram.com/enishi_kokubunji/,,カフェ食堂enishi,2.0,False
1166.0,オトメ,中華料理,,東京都,東京都国分寺市南町3-13-10,423260678.0,国分寺駅,,,,,,オトメ,2.0,False
1167.0,タイガー亭　国分寺,中華料理,,東京都,東京都国分寺市本町2-2-13,423271950.0,国分寺駅,https://goo.gl/maps/zDxgbeagyeRQCVNj8,,,,,タイガー亭 国分寺,2.0,False
1168.0,中華レストラン紅,中華料理,,東京都,東京都府中市紅葉丘2-13-3,423342338.0,多磨駅,https://goo.gl/maps/v9GfcBvmJeX3BDp78,,https://twitter.com/wiHqU6YXw6qqaGN,,,中華レストラン紅,2.0,False
1169.0,アラカラバル,居酒屋・ダイニングバー,,東京都,東京都府中市本町２丁目１９−１９−５５オルジュ本町1F,423348280.0,,https://goo.gl/maps/22WeD82HgxKVoffD6,,,,,アラカラバル,2.0,False
1170.0,銀龍,中華料理,最強町中華,東京都,東京都多摩市関戸5丁目9-11,423383386.0,聖蹟桜ヶ丘駅,https://goo.gl/maps/LEHXYTGzf4YqYud37,,,,,銀龍,2.0,False
1171.0,くりや,和食,,長野県,長野県松本市中央2丁目5-15クリヴィーレ増田1F,263358387.0,松本駅,https://goo.gl/maps/ZgR9qWsdTUoocG4XA,http://www.kuriya.info/,,https://facebook.com/soba.kuriya/,,くりや,2.0,False
1172.0,アンシャルムカフェ（Un Charme Cafe）,喫茶店・カフェ,,東京都,東京都府中市府中町１丁目７−３恩田ビル2F,423677066.0,,https://g.page/UnCharmeCafe?share,,,,,アンシャルムカフェ,2.0,False
1174.0,YAHHOO KEBAB　ヤッホーケバブ,その他,ケバブ,埼玉県,埼玉県さいたま市大宮区仲町1-1-15大宮東宝会館1階,0.0,大宮駅,https://goo.gl/maps/SNkpweutDHQjD6PW9,,,https://facebook.com/pages/Yahhoo-kebab/110001313775619,,YAHHOO KEBAB ヤッホーケバブ,1.0,False
1175.0,家庭居酒屋「絆」きずな,居酒屋・ダイニングバー,,東京都,東京都多摩市鶴牧2丁目23-16ビクトリーパレス1階,424000226.0,唐木田駅,https://goo.gl/maps/DrJRwniVjbGqSnN2A,http://kizuna-tama.tokyo/index.html,,,,家庭居酒屋「絆」きずな,2.0,False
1176.0,Mascot.,イタリアン,,東京都,東京都多摩市関戸2丁目23-23-18,424007441.0,聖蹟桜ヶ丘駅,https://goo.gl/maps/tJaApSm3JNFByqFQ6,,,https://instagram.com/mascot2014?igshid=175gjs6nnmnu9,,Mascot.,2.0,False
1178.0,Sirena,イタリアン,,東京都,東京都国分寺市本町2-13-9カーサ・クレール1F,424010755.0,国分寺駅,https://goo.gl/maps/CpYzzEntMXFLLgTb7,,https://twitter.com/KokubunjiSirena,https://instagram.com/sirena.kokubunji/?hl=ja,,Sirena,2.0,False
1179.0,笠置そば 北与野店,そば・うどん,,埼玉県,埼玉県さいたま市中央区上落合２丁目３−１,0.0,北与野駅,https://goo.gl/maps/eeNCUtcAVAhXViRU9,,,,,笠置そば,1.0,False
1180.0,気まぐれkappo 魚true,ハンバーガー,,東京都,東京都東久留米市滝山4-1-40,424207552.0,花小金井駅,https://goo.gl/maps/qGfxNzjCZMgSto1p6,https://romis.cafe/,https://twitter.com/ROMIs_COMPANY,https://instagram.com/romis_cafe/,,気まぐれkappo 魚true,1.0,False
1182.0,おにくとワイン。フィガロ,フレンチ,,長野県,長野県松本市中央1丁目4-12,263362815.0,松本駅,https://goo.gl/maps/zTPqzqTXcM3ux9LM9,http://bistro-figaro.jp/index.html,,https://facebook.com/%E3%81%8A%E8%82%89%E3%81%A8%E3%83%AF%E3%82%A4%E3%83%B3-figaro-190848028365496/,,おにくとワイン。フィガロ,2.0,False
1183.0,IKOKA,バー,,埼玉県,埼玉県さいたま市浦和区北浦和４丁目１−１０海田ビル,0.0,北浦和駅,https://goo.gl/maps/NiEdncSgQsDNphJC6,,,,https://instagram.com/ikoka_kitaurawa/,IKOKA,1.0,False
1184.0,食堂キッチナ,和食,,埼玉県,"埼玉県川越市新富町2-32-4,2F",0.0,川越駅,https://goo.gl/maps/SV7E6E3vjmSW1hdGA,https://kitchena.mimoza.jp/,,,,食堂キッチナ,1.0,False
1185.0,炭火処 炙ゃいち,焼き鳥,,東京都,東京都調布市布田1-20-2ロンブス調布店舗c,424442611.0,調布駅,https://goo.gl/maps/HZpWBA1YAjTdXQxj6,https://r.gnavi.co.jp/amp/dnupuc9w0000/,https://twitter.com/aburiyaichi?ref_src=twsrc%5Egoogle%7Ctwcamp%5Eserp%7Ctwgr%5Eauthor,https://instagram.com/yusuke_hatakeyama/?hl=ja,,炭火処 炙ゃいち,2.0,False
1186.0,青のこと,和食,,東京都,東京都調布市布田1-14-12,424444347.0,調布駅,https://goo.gl/maps/qVxfQGoyLUTTbho6A,http://www.tsuchitoao.com,,,,青のこと,2.0,False
1187.0,食助,和食,,東京都,東京都西東京市南町4-4-2プリンスプラザ田無1F,424522339.0,田無駅,https://goo.gl/maps/5RKNWGUjxmqvZgA47,http://syokusuke.com/,,,,食助,2.0,False
1188.0,焼肉いのうえ　花小金井店,焼肉,,東京都,東京都小平市花小金井1-1-11　エメラルドビル2Ｆ,424605588.0,花小金井駅,https://g.page/yakinikuinoue_hanakoganei?share,,,,,焼肉いのうえ,2.0,False
1190.0,デリーキッチン　シャンティ　東久留米店,カレー,インド料理,東京都,東京都東久留米市前沢5-1-14,424729611.0,花小金井駅,https://maps.app.goo.gl/pTqwroEAQgtC1Kwm9,https://www.shanti-net.com/,,,,デリーキッチン シャンティ,2.0,False
1191.0,焼肉グルメ 296（ニクロー)東久留米店,焼肉,,東京都,東京都東久留米市本町1-3-91F,424730296.0,東久留米駅,https://g.page/yakiniku296?share,,,,,焼肉グルメ,2.0,False
1192.0,福海楼,中華料理,,東京都,東京都東久留米市東本町15-6-1F,424743518.0,東久留米駅,https://goo.gl/maps/m9CGy1xBiYvmwQ918,https://higashikurume.net/shop/1074/shop.html,,,,福海楼,2.0,False
1193.0,丸め,ラーメン・つけ麺,ラーメン,東京都,東京都東久留米市中央町6-1-24,424794030.0,東久留米,"https://maps.google.com/maps?ll=35.756089,139.51919&z=14&t=m&hl=ja&gl=US&mapclient=embed&q=%E3%80%92203-0054%20%E6%9D%B1%E4%BA%AC%E9%83%BD%E6%9D%B1%E4%B9%85%E7%95%99%E7%B1%B3%E5%B8%82%E4%B8%AD%E5%A4%AE%E7%94%BA%EF%BC%96%E4%B8%81%E7%9B%AE%EF%BC%91%E2%88%92%EF%BC%92%EF%BC%94",,,,,丸め,2.0,False
1194.0,くしのはな,洋食,,東京都,東京都調布市西つつじケ丘3-25-1,424806570.0,つつじヶ丘駅,https://goo.gl/maps/ayq9phGd32HKkB9A9,http://part007.oops.jp/30676_kushi/,,,,くしのはな,2.0,False
1195.0,THELONICA(セロニカ)地中海料理＆ワイン,その他,地中海料理,長野県,長野県松本市中央1丁目3-11,263369097.0,松本駅,https://goo.gl/maps/UpUUGJ6WDhzgqDPJ6,https://www.thelonica.com/sp/,,https://facebook.com/thelonica/,,THELONICA(セロニカ)地中海料理＆ワイン,1.0,False
1196.0,トラットリアジリオロッソ,イタリアン,,東京都,東京都調布市国領町1-4-5,424851167.0,布田駅,https://maps.app.goo.gl/J85HfrXcsbFRmQav9,,,,,トラットリアジリオロッソ,2.0,False
1197.0,キッチンスズキ,洋食,,東京都,東京都清瀬市松山1丁目20-8,424910160.0,清瀬駅,https://goo.gl/maps/tNaerM23YPxasP2E6,https://tabelog.com/tokyo/A1328/A132803/13016215/,,,,キッチンスズキ,2.0,False
1199.0,同心居　清瀬店,中華料理,,東京都,東京都清瀬市元町1-1-20第1KSビル,424960808.0,清瀬駅,https://goo.gl/maps/6fnVY1KggJKuavt89,http://www.tonshinju.jp/tonshinju,,,,同心居,2.0,False
1200.0,炭火ホルモン焼　MIYAGI,焼肉,,東京都,東京都清瀬市松山1-27-4,424978462.0,清瀬駅,https://goo.gl/maps/vpcfDmA4jNz3RCyYA,,,,,炭火ホルモン焼 MIYAGI,2.0,False
1201.0,chuff,カフェレストラン,,東京都,東京都国立市東1-16-29ハーツ国立2F,425055237.0,国立駅,https://goo.gl/maps/cwMgj3brT4PXC8P57,http://www.chuff.co.jp/,,https://instagram.com/chuff_azukitencho/,,chuff,2.0,False
1202.0,ワインカフェ　サルト,イタリアン,,長野県,長野県松本市大手2丁目6-22,263369333.0,松本駅,https://goo.gl/maps/vNBW4juZF1osJdZ57,https://www.winecafe-sarto.com/,,https://facebook.com/%E3%83%AF%E3%82%A4%E3%83%B3%E3%82%AB%E3%83%95%E3%82%A7-Sarto-%E3%82%B5%E3%83%AB%E3%83%88--1896106830664908/,,ワインカフェ サルト,2.0,False
1203.0,えん処 こばく亭,居酒屋・ダイニングバー,,長野県,長野県松本市大字島内3465,263483838.0,島内駅,https://maps.app.goo.gl/S4nMuW6iAmCEZZzT8,,,,,えん処 こばく亭,2.0,False
1204.0,ル･コタージュ,喫茶店・カフェ,,埼玉県,埼玉県川越市的場北2丁目23-6,0.0,霞ヶ関駅,https://goo.gl/maps/kdvyrDuBggx8saJm8,,,,,ル･コタージュ,1.0,False
1205.0,安曇野焼肉王国,焼肉,,長野県,長野県安曇野市豊科4319-20,263508929.0,,,https://ohkoku2.wixsite.com/yakinikuohkoku8929,,,,安曇野焼肉王国,1.0,False
1206.0,OLD NEW DINER,ハンバーガー,,東京都,東京都立川市錦町1-8-5イーグル立川1F,425129864.0,立川駅,https://goo.gl/maps/169uAu2GBthPEVHp6,https://www.oldnewdiner.jp/,,https://www.instagram.com/oldnewdiner/,,OLD NEW DINER,2.0,False
1207.0,テキサス＆メキシカンレストラン マイクス横田店,メキシコ料理,,東京都,東京都福生市加美平2-3-1,425135210.0,福生駅,https://goo.gl/maps/FGNDfHSoPbpnPoFL7,http://mikes.jp/shopinfo09.html,,,,テキサス＆メキシカンレストラン,1.0,False
1208.0,ハンバーグ ペレ,洋食,,東京都,東京都昭島市中神町1244-1,425194023.0,中神駅,https://goo.gl/maps/c9pMRbdqyaUgNV2B8,,,,,ハンバーグ ペレ,2.0,False
1209.0,シンボパン,カフェレストラン,,東京都,東京都立川市曙町2-21-5,425226211.0,立川駅,https://goo.gl/maps/bxWDWD7win5cWBV98,http://www.shinbopan.com/index.html,https://twitter.com/shinbopan,,,シンボパン,2.0,False
1210.0,中国料理五十番,中華料理,,東京都,東京都立川市錦町1-4-5,425227472.0,立川駅,,,,,,中国料理五十番,2.0,False
1211.0,シェいなば,ベジ・ヴィーガン,,東京都,東京都立川市錦町5-19−9-A,425295921.0,柴崎体育館駅,https://goo.gl/maps/w6YWrt1htWwxxqmT6,,,,,シェいなば,2.0,False
1214.0,カッパ64,ラーメン・つけ麺,,東京都,東京都福生市北田園1-6-9,425538449.0,牛浜駅,https://goo.gl/maps/4nhgFMo48fignaGz7,,https://twitter.com/fussakappa,,,カッパ64,2.0,False
1217.0,リストランテ国立文流,イタリアン,,東京都,東京都国立市東1-6-30パティオマグノリア1F,425715552.0,国立駅,https://g.page/bunryu?share,,,,,リストランテ国立文流,2.0,False
1218.0,PIZZA365,イタリアン,,東京都,東京都国立市中1-16-20　ピイチビル２Ａ,425718365.0,国立駅,https://goo.gl/maps/2EDaeaRjNmuJVdA2A,https://pizza365.tokyo/index.html,,https://instagram.com/pizza.365?igshid=1e8fbm9y6qzhi,,PIZZA365,2.0,False
1219.0,ワインバル うららかくにたち,スペイン料理,地中海料理を中心したフランス、イタリア含む,東京都,東京都国分寺市光町1-39-19MSYビル1階,425738503.0,国立駅,https://goo.gl/maps/iRvfJ5a9yraLedHr9,http://www.ulalaca.net/,https://twitter.com/ulalacakunitach,https://www.instagram.com/ulalacakunitachi/,,ワインバル うららかくにたち,2.0,False
1220.0,ランコントル,フレンチ,,東京都,東京都国立市中1-16-72メラージュ富士102,425741811.0,国立駅,https://goo.gl/maps/8edePk2y2xywsXsY8,https://la-rencontre.gorp.jp/,,https://instagram.com/chef_la.rencontre/,,ランコントル,2.0,False
1221.0,深川つり舟,寿司,,東京都,東京都国立市東1丁目15-18白野ビル2Ｆ,425769910.0,国立駅,https://goo.gl/maps/Kt8vnpxtDbFKJYGQA,https://s.tabelog.com/tokyo/A1325/A132503/13043865/top_amp/,https://mobile.twitter.com/_tsuribune_,https://instagram.com/f_tsuribune/?hl=ja,,深川つり舟,2.0,False
1223.0,立川カフェ Stephan and Joe,カフェレストラン,,東京都,東京都立川市柴崎町2-10-14矢沢ビル一階,425956718.0,立川駅,,,,https://instagram.com/stephanandjoe/,,立川カフェ Stephan and Joe,3.0,False
1224.0,シンガポールホーカーズ 立川,アジア・エスニック,,東京都,東京都立川市柴崎町2丁目3-7松本ビル2F,425959699.0,立川駅,https://g.page/SINGAPOREHAWKERZ?share,,https://twitter.com/sg_hawkerz,,,シンガポールホーカーズ 立川,2.0,False
1225.0,麺処 はなぶさ,ラーメン・つけ麺,,埼玉県,埼玉県川越市田町28-19,0.0,川越市駅,https://goo.gl/maps/aB4rkZUzaKnec6Y97,,https://twitter.com/hanabusatukemen,https://facebook.com/mendokoro.hanabusa,,麺処 はなぶさ,1.0,False
1226.0,洋食ことり亭,洋食,,東京都,東京都八王子市みなみ野３-11-4,426361081.0,八王子みなみ野駅,https://maps.app.goo.gl/zEzpMjHPvBDY8jBN9,https://kotoritei.com,https://twitter.com/kotoritei1020?s=09,,,洋食ことり亭,2.0,False
1227.0,ビストロボンクール,フレンチ,,東京都,東京都八王子市中町3-20426スプリングガーデン1階奥,426421020.0,八王子駅,https://goo.gl/maps/Ji2Xmx2TWfkRCZEt6,http://www.bistrotboncorur.com/,,,,ビストロボンクール,2.0,False
1228.0,TUBOCAFE,カフェレストラン,,東京都,東京都八王子市旭町12-6ロイビル3F,426452434.0,八王子駅,https://g.page/TUBOCAFE?share,https://www.tubocafe.com/,https://twitter.com/tubo_cafe,https://instagram.com/tubocafe/,,TUBOCAFE,2.0,False
1229.0,BrasserieのでVin,フレンチ,,長野県,長野県塩尻市大門8番町9-39田中ビル２F,263538780.0,塩尻駅,https://goo.gl/maps/3cNhC1B9B4QxM22q7,,,,,BrasserieのでVin,2.0,False
1230.0,Asian Station Matsumoto（アジアンステーション）,カレー,,長野県,長野県松本市大手4-3-20,263550644.0,松本駅,https://g.page/asianstation2019?share,http://niconico-asian-shokudou.com/,,,,Asian Station Matsumoto,2.0,False
1231.0,焼肉大関,焼肉,,東京都,東京都八王子市子安町1-29-1,426492429.0,八王子駅,https://maps.app.goo.gl/zk43jMeLQ9vuKvHx6,https://yakinikuozeki.com,https://twitter.com/yaki29ozeki,https://instagram.com/yakiniku.ozeki,,焼肉大関,2.0,False
1232.0,BENCH,カフェレストラン,,長野県,長野県松本市中央4-1-1,263554164.0,松本駅,https://goo.gl/maps/jTfWgTPVCztk5o7M7,,,,,BENCH,2.0,False
1233.0,Le Temps,フレンチ,,東京都,東京都八王子市めじろ台1-9-12F,426682218.0,めじろ台駅,https://goo.gl/maps/utKud7DpAT71xoWTA,,,https://instagram.com/letemps2008?igshid=1sfuz6bz5onnn,,Le Temps,2.0,False
1234.0,LA　CHIAVE,イタリアン,,長野県,長野県松本市中央1-11-11センターイン伊勢町ビル1階,263556838.0,松本駅,https://goo.gl/maps/dshnA1cMDsJ68U4p8,https://lachiave-matsumoto.com/,,https://facebook.com/LACHIAVE.MATSUMOTO/,,LA CHIAVE,2.0,False
1235.0,町田汁場しおらーめん進化,ラーメン・つけ麺,ラーメン,東京都,東京都町田市森野3-18-17,427057122.0,町田,"https://maps.google.com/maps?ll=35.548364,139.443221&z=14&t=m&hl=ja&gl=US&mapclient=embed&q=%E3%80%92194-0022%20%E6%9D%B1%E4%BA%AC%E9%83%BD%E7%94%BA%E7%94%B0%E5%B8%82%E6%A3%AE%E9%87%8E%EF%BC%93%E4%B8%81%E7%9B%AE%EF%BC%91%EF%BC%98%E2%88%92%EF%BC%91%EF%BC%97",,,,,町田汁場しおらーめん進化,2.0,False
1236.0,ROCKEN ROLL,カレー,,埼玉県,埼玉県川越市六軒町1丁目16-1,0.0,川越市駅,https://goo.gl/maps/P5muoghv2MvDXtuF7,,,https://facebook.com/SteakCurry-RockenRoll-%E3%82%B9%E3%83%86%E3%83%BC%E3%82%AD%E3%82%AB%E3%83%AC%E3%83%BC-%E5%85%AD%E8%BB%92%E3%83%AD%E3%83%BC%E3%83%AB-613350322416477/,,ROCKEN ROLL,1.0,False
1239.0,街角グラス,居酒屋・ダイニングバー,ワインダイニング,東京都,東京都町田市森野１丁目３５−４,427209220.0,町田,https://goo.gl/maps/1AabDovkGPzW48x47,http://machikadoglass.com/,,,,街角グラス,2.0,False
1240.0,カンボジア＆エスニックレストラン　アンコール・トム,アジア・エスニック,カンボジア＆エスニック料理のレストラン,東京都,東京都町田市原町田6-11-14菊甚ビル3F,427267662.0,町田駅,https://goo.gl/maps/3pzCnjLCEyY4g8Fx5,http://cambodia-angkorthom.jimdofree.com,,,,カンボジア＆エスニックレストラン アンコール・トム,1.0,False
1241.0,洋食航旅莉屋,洋食,,東京都,東京都町田市森野2丁目2-31-4Ⅱ1Fスカイハイツ渋谷,427277072.0,町田駅,https://goo.gl/maps/b66fhugaAd8rUHqA8,http://r.goope.jp/koryoriya,https://twitter.com/koryoriya,https://instagram.com/koryoriya2005/,,洋食航旅莉屋,2.0,False
1242.0,ダイニングキッチン ライフ,イタリアン,,埼玉県,埼玉県川越市六軒町1丁目16-1,0.0,本川越駅,https://goo.gl/maps/JxufHnQBUpnBzHzj6,,,https://facebook.com/diningkitchenLIFE/,,ダイニングキッチン ライフ,1.0,False
1245.0,大人の隠れ家イタリアン　ルチェルナ,イタリアン,,長野県,長野県松本市梓川倭88-4,263787277.0,一日市場駅,https://goo.gl/maps/WHLiR6s9V1mwNs8s9,https://www.lucerna2006.jp/,,https://facebook.com/%E3%82%A4%E3%82%BF%E3%83%AA%E3%82%A2%E6%96%99%E7%90%86%E3%83%AB%E3%83%81%E3%82%A7%E3%83%AB%E3%83%8A-570581633035773/timeline/,,大人の隠れ家イタリアン ルチェルナ,2.0,False
1246.0,めし酒場 しろくま,居酒屋・ダイニングバー,,富山県,富山県富山市南田町1丁目1-11,0.0,上本町駅（市電）,https://goo.gl/maps/vB15C5S9kAHz7xpC6,,,,https://www.instagram.com/p/B_CMRl-gDr4SBq7oLUQDuHmVDFrFoEL9Om9Bgc0/,めし酒場 しろくま,1.0,False
1247.0,うなぎ双葉 木曽,うなぎ,,東京都,東京都町田市木曽東3丁目9-27,427936003.0,古淵駅,https://goo.gl/maps/PC4c1SKnc5tbSNNV7,,https://mobile.twitter.com/kiso_unagi,https://instagram.com/kiso_unagifutaba/,,うなぎ双葉 木曽,2.0,False
1248.0,超純水採麺天国屋,ラーメン・つけ麺,ラーメン,東京都,東京都町田市金森４丁目１−１,427994878.0,成瀬,"https://maps.google.com/maps?ll=35.526319,139.465257&z=14&t=m&hl=ja&gl=US&mapclient=embed&q=%E3%80%92194-0012%20%E6%9D%B1%E4%BA%AC%E9%83%BD%E7%94%BA%E7%94%B0%E5%B8%82%E9%87%91%E6%A3%AE%EF%BC%94%E4%B8%81%E7%9B%AE%EF%BC%91%E2%88%92%EF%BC%91",,,,,超純水採麺天国屋,2.0,False
1250.0,トスカーナ,イタリアン,,東京都,東京都青梅市河辺町10丁目5-4,428243755.0,河辺駅,https://goo.gl/maps/acTrfBYJwhePgSNH7,,https://twitter.com/toscowaitress,,,トスカーナ,2.0,False
1251.0,ダンチキンダン,イタリアン,,東京都,東京都町田市原町田4丁目10-18,428508228.0,町田駅,https://goo.gl/maps/5LQ5gTEhDxprshZCA,https://www.danchickendan.com/,,https://instagram.com/danchickendan/?hl=ja,,ダンチキンダン,2.0,False
1252.0,ワイン食堂 Boulevard,ワインバー,,東京都,東京都青梅市河辺町10丁目1-1-12,428840342.0,河辺駅,,http://wine-curry.tokyo/,,https://instagram.com/boulevard_oume/,,ワイン食堂 Boulevard,2.0,False
1253.0,すし処泰　安曇野,寿司,和食,長野県,長野県安曇野市穂高1796,263822247.0,柏矢町駅,https://goo.gl/maps/iQeCSfJHT3ZvHaZA6,,,,,すし処泰 安曇野,2.0,False
1254.0,八千代,定食・食堂,,長野県,長野県安曇野市穂高北穂高3039,263823010.0,安曇追分駅,https://goo.gl/maps/82wRuBgrnUcvmz6a7,,,,,八千代,2.0,False
1255.0,ナカムラ食堂,定食・食堂,,長野県,長野県安曇野市穂高6729-8,263824645.0,柏矢町駅,https://goo.gl/maps/hEVWhxiUtS18EGW18,,,,,ナカムラ食堂,2.0,False
1256.0,そば処 安留賀,そば・うどん,,長野県,長野県安曇野市穂高737-1,263828282.0,柏矢町駅,https://goo.gl/maps/UWaaEZBGBd6FV1cb7,https://www.aruga-soba.jp/,https://twitter.com/azumino_aruga/,https://facebook.com/azumino.aruga/,https://instagram.com/azuminoaruga/,そば処 安留賀,2.0,False
1257.0,トレンタトレ,イタリアン,,長野県,長野県安曇野市穂高6468,263828333.0,穂高駅,https://maps.app.goo.gl/6vLKsHks4RM9Q33m9,,,,,トレンタトレ,2.0,False
1258.0,やきにく食堂ふーさん,焼肉,,長野県,長野県安曇野市穂高有明9688,263838066.0,穂高駅,https://goo.gl/maps/buyzuE8Q7EFMEXW49,https://www.yakiniku-fusan.com/,,,,やきにく食堂ふーさん,2.0,False
1259.0,音楽喫茶モジョ MOJO,定食・食堂,,埼玉県,埼玉県所沢市東住吉7-9ティーイングビル201,429233323.0,所沢駅,https://goo.gl/maps/n1FU6JMmm9DBe2Fe6,http://mojo-m.com/,https://twitter.com/tokorozawa_mojo?ref_src=twsrc%5Egoogle%7Ctwcamp%5Eserp%7Ctwgr%5Eauthor,https://www.instagram.com/ongakukissamojo/?hl=ja,,音楽喫茶モジョ MOJO,2.0,False
1260.0,eden,カフェレストラン,,石川県,石川県金沢市長町１丁目４すみれハウス3号室,0.0,金沢駅,https://goo.gl/maps/9y9dDSTPX2eRREr66,,,,https://instagram.com/s.s_eden?igshid=48xeo4rkq1jn,eden,1.0,False
1261.0,LatteArt Junkies RoastingShop 3rd,,,京都府,京都府京都市西京区川島六ノ坪町,0.0,,https://goo.gl/maps/wV4k4rhHz2gfrYVV9,,,,,LatteArt Junkies RoastingShop 3rd,1.0,False
1262.0,見本２,イタリアン,,東京都,東京都千代田区千代田１−１,0.0,,,,,,,見本２,1.0,False
1263.0,アカデミーカフェ,喫茶店・カフェ,,大阪府,大阪府大阪市中央区谷町6-17-43,0.0,松屋町駅,https://g.page/ACADEMYCAFE?share,,https://twitter.com/academycafelen,https://www.facebook.com/%E3%82%A2%E3%82%AB%E3%83%87%E3%83%9F%E3%83%BC%E3%82%AB%E3%83%95%E3%82%A7-309072189640153,https://www.instagram.com/academycafe_matsuya/,アカデミーカフェ,1.0,False
1264.0,Caféまちかど×クナーファとチャイの店 あらじん,その他,中東スイーツ,東京都,東京都小平市学園東町1-16-2,0.0,一橋学園駅,https://goo.gl/maps/L9ZtfKLMsyKKhqr48,,,https://www.facebook.com/machikado.arazin/,,Caféまちかど×クナーファとチャイの店 あらじん,1.0,False
1265.0,レストラン・ミルポワ,フレンチ,,長野県,長野県塩尻市広丘吉田552-3,263883918.0,村井駅,https://goo.gl/maps/hXQGRo9xfHkKaiKD9,http://restaurant-mirepoix.com/,,https://facebook.com/restaurant.mirepoix/?ref=bookmarks,,レストラン・ミルポワ,2.0,False
1268.0,そば処　志水庵,そば・うどん,,長野県,長野県安曇野市穂高有明7348-24,263888197.0,あずみ追分駅,https://goo.gl/maps/HMBzFQc9zBLQp8yw8,,,,https://instagram.com/shimizu64shisuian?igshid=1klib3ze98qkd,そば処 志水庵,2.0,False
1269.0,ヒルトップ,洋食,,長野県,長野県木曽郡木曽町新開130,264238031.0,木曽福島駅,https://goo.gl/maps/TuaaPiroqetYkaro6,http://hilltop.jp,,,,ヒルトップ,2.0,False
1270.0,コメダ珈琲店　飯田店,喫茶店・カフェ,,長野県,長野県飯田市鼎一色190-1,265243340.0,鼎駅,https://goo.gl/maps/UjMmj91pTufBUFe36,,,https://facebook.com/komedaiidaten,,コメダ珈琲店,2.0,False
1271.0,たなこころ,ベジ・ヴィーガン,,長野県,長野県岡谷市天竜町2-3-2,266234795.0,岡谷駅,https://goo.gl/maps/RoZzVu1sJrHnPT9p8,,,https://facebook.com/tanakokoro/,,たなこころ,2.0,False
1272.0,ハルピンラーメン本店,中華料理,,長野県,長野県諏訪市四賀2336-2,266531557.0,上諏訪駅,https://g.page/harupinhonten?share,,,,,ハルピンラーメン,2.0,False
1273.0,イザカヤTOMBO 新所沢本店,イタリアン,,埼玉県,埼玉県所沢市緑町2丁目1-5,429394010.0,新所沢駅,https://goo.gl/maps/B7rgz7MuiZmpFQKt5,,,https://instagram.com/izakayatombo?igshid=11x304j1hfmh6,,イザカヤTOMBO 新所沢,2.0,False
1274.0,自家製酵母ぱんと手づくりあんこの店 いちあん,その他,ベーカリーカフェ,埼玉県,埼玉県所沢市旭町27-23,429416862.0,所沢駅,https://maps.app.goo.gl/Hgh2EHWc3y6hWVnGA,http://ichian.co.jp/index.html,,https://instagram.com/_ichian_?igshid=13z7wfa38xuix,,自家製酵母ぱんと手づくりあんこの店 いちあん,2.0,False
1275.0,上諏訪駅前バル　わびさび,ワインバー,,長野県,長野県諏訪市大手1-14-5,266587111.0,上諏訪駅,https://goo.gl/maps/oCC28zbatwxTH86A9,,,,,上諏訪駅前バル わびさび,2.0,False
1276.0,デリ＆カフェ「K」,カフェレストラン,,長野県,長野県諏訪郡原村17217-1613八ヶ岳自然文化園内,266742684.0,青柳駅,https://goo.gl/maps/HvXJmmQnQ7ybSuR68,https://www.facebook.com/604627333237423/,,https://facebook.com/604627333237423/,https://instagram.com/deliandcafek?igshid=1nvp8pod1z1fu,デリ＆カフェ「K」,1.0,False
1277.0,多国籍バルGado gado,その他,多国籍料理,長野県,長野県諏訪市高島2丁目1201-44諏訪湖ホワイトモール1F,266755324.0,上諏訪駅,https://goo.gl/maps/E1U23rXWZXPxTHqz9,,,,,多国籍バルGado gado,2.0,False
1279.0,北欧料理ガムラスタン,その他,北欧料理,長野県,長野県茅野市北山4947-1,266773466.0,茅野駅,https://goo.gl/maps/NUyTVrwbjmf2J9QG9,,,https://m.facebook.com/%E5%8C%97%E6%AC%A7%E6%96%99%E7%90%86%E3%82%AC%E3%83%A0%E3%83%A9%E3%82%B9%E3%82%BF%E3%83%B3-138127832977627/,,北欧料理ガムラスタン,2.0,False
1280.0,CARVAAN,その他,アラビア料理（一部ベジ・ヴィーガンメニューあり）,埼玉県,埼玉県飯能市大河原32−1,429737000.0,飯能駅,https://goo.gl/maps/pigJuBQaVr8BAZ2MA,https://carvaan.jp/,https://twitter.com/inc_far,http://instagram.com/carvaan_official,,CARVAAN,2.0,False
1281.0,CARVAAN CRAFT BEER & GRILL,カレー,アルコール類テイクアウトもあります,埼玉県,埼玉県飯能市仲町11-21西武ぺぺ館外北口ロータリー前,429787907.0,飯能駅,https://goo.gl/maps/2brbcsThYgHMcid8A,https://taproom.carvaan.jp/,https://twitter.com/CarvaanG,https://www.instagram.com/carvaan_official/,,CARVAAN CRAFT BEER & GRILL,2.0,False
1282.0,Harada,その他,そば、パスタ,長野県,長野県小諸市相生町2丁目2-1,267220253.0,小諸駅,https://goo.gl/maps/AnhA2xupY8LEWA1x9,,,,,Harada,2.0,False
1283.0,BISTRO AOKUBI,イタリアン,,長野県,長野県小諸市本町3-2-18,267271395.0,小諸駅,"https://www.google.co.jp/maps/@36.3327843,138.4228123,16.08z?hl=ja",,,,,BISTRO AOKUBI,2.0,False
1284.0,AU DEPART (オーデパール),ワインバー,,長野県,長野県北佐久郡軽井沢町大字軽井沢1178,267316233.0,,https://goo.gl/maps/ficgC9b1eyTPtmcu7,,,,,AU DEPART,2.0,False
1285.0,緑友食堂&Space,ベジ・ヴィーガン,,長野県,長野県北佐久郡軽井沢町大字長倉727-4,267410682.0,軽井沢駅,https://goo.gl/maps/gNXdK4G7dHvydbBs8,,,,,緑友食堂&Space,2.0,False
1286.0,のみくい処 いなせ,居酒屋・ダイニングバー,,長野県,長野県北佐久郡軽井沢町軽井沢東7-7,267426533.0,軽井沢駅,https://goo.gl/maps/Lbujac6VioXs96Fw7,https://inase.oov.jp/,,,,のみくい処 いなせ,2.0,False
1287.0,無彩庵池田,フレンチ,,長野県,長野県北佐久郡軽井沢町大字長倉1891-50,267443930.0,中軽井沢駅,https://goo.gl/maps/YJxAYEb6NCezxZ7i6,,,,,無彩庵池田,2.0,False
1288.0,ル カレ,フレンチ,,長野県,長野県佐久市中込3030-2,267777605.0,佐久平駅,https://goo.gl/maps/3mG9dSBm1f32C7jG7,,,,,ル カレ,2.0,False
1291.0,Bistro Récolte (ビストロ レコルト),フレンチ,ビストロ,千葉県,千葉県千葉市中央区富士見2-13-1第2山崎ビル1F,432162402.0,千葉駅,https://goo.gl/maps/JQK9ebuMSm7THWBH8,,,https://instagram.com/recolte_0624/,,Bistro Récolte,2.0,False
1292.0,イナノテ,和食,,千葉県,千葉県千葉市中央区中央1-1-8　中央28ビル　1F,432227607.0,千葉,https://g.page/inanote?share,https://chuo-chiba.mypl.net/shop/00000357601/,https://twitter.com/inanote,https://www.instagram.com/u_ina17/,,イナノテ,2.0,False
1295.0,印度料理シタール,カレー,,千葉県,千葉県千葉市花見川区検見川町1-106-16,432710581.0,検見川駅,https://g.page/sitar_kemigawa?share,https://sitar.co.jp/,https://twitter.com/sitarltd,https://instagram.com/sitar_kemigawa/?hl=ja,,印度料理シタール,2.0,False
1296.0,ヴァン・ウタセ,フレンチ,,千葉県,千葉県千葉市美浜区打瀬3丁目4-109パティオス20番街,432722100.0,海浜幕張駅,https://goo.gl/maps/ZNKP18Ac5w2XLwcn8,,,https://instagram.com/vingtutase?igshid=1nmbjdoyy6vmi,,ヴァン・ウタセ,2.0,False
1298.0,芳葉（グーグルマップでは「YOSHIBA」）,中華料理,,千葉県,千葉県千葉市花見川区幕張町5丁目477-18,432766300.0,幕張駅,https://goo.gl/maps/WeQU4JcS5Asn8K3X6,,,,,芳葉,2.0,False
1299.0,稲毛海岸北口の串屋横丁,居酒屋・ダイニングバー,,千葉県,千葉県千葉市美浜区高洲1-22-22エジリビル2F,432776781.0,稲毛海岸駅,https://g.page/kushiyayokocyou?share,http://www.modyoi.com/shoplist/shopinfo,,,,稲毛海岸北口の串屋横丁,2.0,False
1300.0,麺処まるわ,ラーメン・つけ麺,つけ麺,千葉県,千葉県千葉市稲毛区轟町４丁目１−１３,432843767.0,西千葉,"https://maps.google.com/maps?ll=35.625154,140.114207&z=14&t=m&hl=ja&gl=US&mapclient=embed&q=%E3%80%92263-0021%20%E5%8D%83%E8%91%89%E7%9C%8C%E5%8D%83%E8%91%89%E5%B8%82%E7%A8%B2%E6%AF%9B%E5%8C%BA%E8%BD%9F%E7%94%BA%EF%BC%94%E4%B8%81%E7%9B%AE%EF%BC%91%E2%88%92%EF%BC%91%EF%BC%93",,,,,麺処まるわ,2.0,False
1302.0,スバカマナ,カレー,,千葉県,千葉県千葉市花見川区幕張本郷2-6-22,433074447.0,幕張本郷駅,https://goo.gl/maps/rCDtxzRKD6RWx4tP6,https://foodplace.jp/subakamana/,,,,スバカマナ,2.0,False
1303.0,居酒屋 花火,居酒屋・ダイニングバー,,千葉県,千葉県千葉市中央区南町2-17-13,433122920.0,蘇我駅,https://goo.gl/maps/ts6AVFApKv6skM8m7,,,,,居酒屋 花火,2.0,False
1306.0,食堂ひらりん,とんかつ,,千葉県,千葉県印旛郡酒々井町中川58-6,434966669.0,酒々井駅,https://goo.gl/maps/CQyNaqzHbukoBoxP6,https://syokudouhirarin.on.omisenomikata.jp/,,,,食堂ひらりん,2.0,False
1307.0,ちばから,ラーメン・つけ麺,ラーメン,千葉県,千葉県市原市西国分寺台1-3-16,436238807.0,上総村上,"https://maps.google.com/maps?ll=35.502557,140.114586&z=14&t=m&hl=ja&gl=US&mapclient=embed&q=%E3%80%92290-0072%20%E5%8D%83%E8%91%89%E7%9C%8C%E5%B8%82%E5%8E%9F%E5%B8%82%E8%A5%BF%E5%9B%BD%E5%88%86%E5%AF%BA%E5%8F%B0%EF%BC%91%E4%B8%81%E7%9B%AE%EF%BC%93%E2%88%92%EF%BC%91%EF%BC%96",,,,,ちばから,2.0,False
1308.0,大衆食堂&沖縄料理ゆいま〜る,その他,沖縄料理,長野県,長野県佐久市岩村田3140-15,267785279.0,岩村田駅,https://goo.gl/maps/NuTyDn7vfgZWVamJ9,http://r.goope.jp/yuimaru,,https://facebook.com/driveinkusabue,https://instagram.com/yuimaru2014/,大衆食堂&沖縄料理ゆいま〜る,2.0,False
1311.0,夜カフェイタリアン カフカ,イタリアン,,千葉県,千葉県木更津市東中央2丁目10-19,438386046.0,木更津駅,https://goo.gl/maps/viifQ6Fic5BFzEgBA,,https://twitter.com/yorucafekafka,,,夜カフェイタリアン カフカ,2.0,False
1312.0,居酒屋れいちゃん,居酒屋・ダイニングバー,,千葉県,千葉県袖ケ浦市福王台1-11-27,438717889.0,袖ヶ浦駅,https://goo.gl/maps/4PPQYNZgRkmxxesV8,https://reichan-sodegaura.jp/,,https://www.instagram.com/izakaya.reichan/,,居酒屋れいちゃん,2.0,False
1313.0,おいしい薬膳 AriHa cafe,和食,,千葉県,千葉県木更津市朝日1-6-7ハピーハイツ木更津103,438809206.0,木更津駅,https://g.page/arihacafe?share,,,,,おいしい薬膳 AriHa cafe,2.0,False
1314.0,中国料理・秀桜,中華料理,,千葉県,千葉県君津市南子安7-1-35,439271881.0,君津駅,https://goo.gl/maps/UpChdM4jdLGbQyC67,,,,,中国料理・秀桜,2.0,False
1315.0,らーめん愛彩流,中華料理,,千葉県,千葉県君津市向郷1687-1,439295551.0,君津駅,https://goo.gl/maps/AccFzN9EnTyxYkqQA,http://kazusa-aisai.net/,,,,らーめん愛彩流,2.0,False
1317.0,プリマヴェーラ,イタリアン,,千葉県,千葉県君津市南子安4-21-5,439547787.0,君津駅,https://goo.gl/maps/qQfpJcpjjMVZujwu9,,,,,プリマヴェーラ,2.0,False
1318.0,なんどう,焼肉,,千葉県,千葉県君津市南子安3丁目25-9,439558989.0,君津駅,https://goo.gl/maps/BhsEdopdt4dCYsCc6,,,https://instagram.com/p/B_Cq5dJApPL/,,なんどう,2.0,False
1319.0,居酒屋うたげ,居酒屋・ダイニングバー,,千葉県,千葉県富津市大堀1丁目16-16-1,439870234.0,青堀駅,https://goo.gl/maps/fE7WFEoJWJaLFLqF6,https://okomen.jp/archives/2114,,,,居酒屋うたげ,2.0,False
1320.0,イタリア料理モナリザン,イタリアン,,神奈川県,神奈川県川崎市川崎区東田町4-10,442227445.0,川崎駅,https://g.page/monarizan?share,http://www.monarizan.co.jp/,https://twitter.com/italiamonarizan,https://instagram.com/monarizan.co.jp/,,イタリア料理モナリザン,1.0,False
1321.0,九尾の狐,中華料理,,長野県,長野県佐久市岩村田5009-6,267785670.0,岩村田駅,https://maps.app.goo.gl/FcyipGmB7eMks3dy7,,,,,九尾の狐,2.0,False
1322.0,鶏バル　 ワインのぐっさん,その他,洋風居酒屋,長野県,長野県佐久市佐久平駅南15-3永存第二ビル1F,267886117.0,佐久平駅,https://goo.gl/maps/a51kQYdBMajDka267,https://s.tabelog.com/nagano/A2003/A200302/20020897/,,https://facebook.com/鶏バル-ワインのぐっさん-1582733401755185/,https://instagram.com/good_sun_gram/,鶏バル ワインのぐっさん,2.0,False
1323.0,なっぱjuicy,居酒屋・ダイニングバー,各種料理,神奈川県,神奈川県川崎市川崎区南町１６−７かわさきスカイビルB1F,442766087.0,川崎駅,https://goo.gl/maps/zLvRbP3z2haSem7n8,http://nappa-juicy.com/,https://twitter.com/nappainfo,https://instagram.com/nappa.info/,,なっぱjuicy,2.0,False
1324.0,BAR PetitLucky（プチラッキー）,居酒屋・ダイニングバー,まぜそば　おつまみ,神奈川県,神奈川県川崎市多摩区菅４丁目３−３２ベルヴィル1F,442996585.0,京王稲田堤駅,https://goo.gl/maps/fxGPBc4yC77cAHWL9,http://petitlucky.info/,https://twitter.com/petitlucky7,https://www.instagram.com/petitlucky7/?hl=ja,,BAR PetitLucky,2.0,False
1325.0,ムビリンゴ,カレー,,神奈川県,神奈川県川崎市多摩区西生田1-9-1,442996858.0,読売ランド前駅,https://goo.gl/maps/ER26jAaeEW3Dxz588,,,https://instagram.com/mviringo0729/,,ムビリンゴ,2.0,False
1326.0,Fete le marche,カフェレストラン,,神奈川県,神奈川県川崎市多摩区登戸1831-1メビウス店舗2,442999833.0,向ヶ丘遊園駅,https://goo.gl/maps/BPbEfvCTW2bNBiJt9,https://fetele-marche.com/,,https://instagram.com/p/B-tKz5igNzv/?igshid=d9hsenb1yxnf,,Fete le marche,2.0,False
1327.0,IRORI〜炭火焼きと自然派ワイン〜,イタリアン,イタリアンワインバー,神奈川県,神奈川県川崎市多摩区西生田2-12-6,443851939.0,読売ランド前駅,https://goo.gl/maps/2r2ju9XXBAEaDQjU9,,,https://www.instagram.com/irori_yl/,,IRORI〜炭火焼きと自然派ワイン〜,1.0,False
1328.0,CRAFTHOUSE TALKIE'S,ビールバー,,神奈川県,神奈川県川崎市高津区二子２丁目７−２９ヴィラアヴィリティ,443878810.0,,https://goo.gl/maps/Vo1VniZejFjEdbTX6,,,,,CRAFTHOUSE TALKIE'S,2.0,False
1329.0,オステリア ボッカーノ,イタリアン,,神奈川県,神奈川県川崎市中原区木月3-17-16荒井ビルB1,444111003.0,元住吉駅,https://goo.gl/maps/DAEcYASJmPSYPGiq6,,,,,オステリア ボッカーノ,2.0,False
1330.0,アル ソリーソ,イタリアン,,長野県,長野県佐久市佐久平駅南7-5,267887570.0,佐久平駅,https://goo.gl/maps/zyVeixafLWwsnUEd6,,,https://facebook.com/%E8%87%AA%E5%AE%B6%E8%A3%BD-%E3%82%BD%E3%83%BC%E3%82%BB%E3%83%BC%E3%82%B8%E3%83%8F%E3%83%A0%E7%94%B7-373733602806159/,,アル ソリーソ,2.0,False
1331.0,ボン・デール,イタリアン,,長野県,長野県上田市御所115-12,268253886.0,上田駅,https://goo.gl/maps/YXt8gBaJuPR38VKF8,,,,,ボン・デール,2.0,False
1332.0,トラットリアノンノ,イタリアン,,長野県,長野県上田市中央1-2-23,268285700.0,上田駅,https://goo.gl/maps/KjqQ4uDVPezVksTR9,,,,,トラットリアノンノ,2.0,False
1333.0,Brown Rice+ 木月キッチン,和食,,神奈川県,神奈川県川崎市中原区木月2-3-15,445723214.0,元住吉,https://goo.gl/maps/X8LA5pJJ5kpNMSGN6,,,,,Brown Rice+ 木月キッチン,2.0,False
1334.0,洋菜酒房ほんだ,フレンチ,,神奈川県,神奈川県川崎市中原区上小田中6丁目10-1,447120558.0,武蔵中原駅,https://goo.gl/maps/iSVvVCavz3suYRrNA,https://yousaisyubou-honda.com/,,,,洋菜酒房ほんだ,2.0,False
1335.0,伊佐木商店　武蔵小杉店,居酒屋・ダイニングバー,,神奈川県,神奈川県川崎市中原区小杉町1−526−6コスモ武蔵小杉105,447221008.0,武蔵小杉駅,https://goo.gl/maps/h26Exw249rzJTBNE8,https://tabelog.com/kanagawa/A1405/A140504/14039733/,,,,伊佐木商店,2.0,False
1336.0,キッチン　エ・メール,フレンチ,,神奈川県,神奈川県川崎市中原区新城5-10-11,447526736.0,武蔵新城駅,https://retty.me/area/PRE14/ARE37/SUB3502/100001518989/map/,,,,,キッチン エ・メール,2.0,False
1338.0,ルコネッサンス,フレンチ,,神奈川県,神奈川県川崎市高津区千年新町7-2サンホワイト新城,447898196.0,武蔵新城駅,https://goo.gl/maps/qRS8N5kmP48ujBkg9,,,,,ルコネッサンス,2.0,False
1339.0,北海寿し,和食,,神奈川県,神奈川県川崎市高津区二子1-1-22,448126401.0,二子新地駅,http://goo.gl/maps/MJnpcqzeWEYPgTVU8,,,,,北海寿し,2.0,False
1340.0,とさかーな,焼き鳥,,神奈川県,神奈川県川崎市高津区溝口2-7-18ktビーンズ1F,448136080.0,溝の口駅,https://g.page/tosaka-nokuchi?share,,,https://instagram.com/tosamizogram?igshid=lg5dahr3flh5,,とさかーな,1.0,False
1341.0,DRILL’S YOKOHAMA,バー,,神奈川県,神奈川県警川崎市高津区溝口4-1-14コア80,448197477.0,,https://goo.gl/maps/N4W3JG5c1hJdx3jQ7,,,,,DRILL’S YOKOHAMA,2.0,False
1342.0,BAR potluck,バー,,神奈川県,神奈川県川崎市高津区二子1-1-8渡辺ビル1F,448201661.0,,https://goo.gl/maps/xjEzcuL86HR5Ud9b7,,,,,BAR potluck,2.0,False
1343.0,松籟亭,和食,,長野県,長野県上田市別所温泉1674-1,268398080.0,別所温泉駅,https://goo.gl/maps/qWSGRaxBMMFHhk8LA,,,,,松籟亭,2.0,False
1344.0,蕎麦処　更科,そば・うどん,,神奈川県,神奈川県川崎市高津区溝口6-22-40,448332644.0,高津駅,https://goo.gl/maps/aRdAGXXTmXiE9WkH8,,,,,蕎麦処 更科,2.0,False
1345.0,カパンナ,イタリアン,,神奈川県,神奈川県川崎市高津区溝口3-1-12-101,448336777.0,溝の口駅,https://goo.gl/maps/LNQJfQZUSBSG8pn88,,,,,カパンナ,2.0,False
1346.0,ババリゾートカフェ,ビールバー,,神奈川県,神奈川県川崎市高津区溝口1-22-6,448338663.0,溝の口駅,https://goo.gl/maps/M1HzqXWKzt63u3ut5,,,,,ババリゾートカフェ,2.0,False
1348.0,和蔵,ラーメン・つけ麺,ラーメン,神奈川県,神奈川県川崎市高津区２高津区久本1-2-2SKIPSビルB1F,448712680.0,溝の口,"https://maps.google.com/maps?ll=35.600083,139.609333&z=16&t=m&hl=ja&gl=US&mapclient=embed&cid=4573449606235910831",,,,,和蔵,2.0,False
1349.0,気まぐれkappo 魚〇,寿司,,神奈川県,神奈川県川崎市中原区新城3丁目17-6,448728039.0,武蔵新城駅,https://goo.gl/maps/VhZGNsJa8kvqtNQA9,,,,,気まぐれkappo 魚〇,1.0,False
1350.0,延（えん）,カフェレストラン,,神奈川県,神奈川県川崎市宮前区鷺沼3-4-18,448770555.0,鷺沼駅,https://goo.gl/maps/YikNNqQTfbijRYQP6,,https://twitter.com/en_saginuma,https://instagram.com/en_saginuma/,,延,2.0,False
1352.0,おそまつくん,居酒屋・ダイニングバー,,神奈川県,神奈川県川崎市多摩区菅1-3-15第一セントラルビル,449465595.0,稲田堤駅,https://goo.gl/maps/VaP63DYd9i7ecdLY7,,,,,おそまつくん,2.0,False
1353.0,SALT,イタリアン,,神奈川県,神奈川県川崎市宮前区宮前平１丁目１０−１２桔梗ビル１０５,449488679.0,宮前平駅,https://goo.gl/maps/FKxyRtjZh28CyDHg6,,,,,SALT,2.0,False
1354.0,生姜料理　しょうが,創作料理・無国籍料理,,神奈川県,神奈川県川崎市麻生区上麻生1-6-3新百合ヶ丘マプレ2F,449519797.0,新百合ヶ丘駅,https://goo.gl/maps/ZhcvLa1miXeMQQjn7,,,,,生姜料理 しょうが,2.0,False
1355.0,生姜料理　がらがら,創作料理・無国籍料理,,神奈川県,神奈川県川崎市麻生区上麻生1-6-3新百合ヶ丘マプレB1F,449520553.0,新百合ヶ丘駅,https://g.page/WeLoveGinger?share,,,,,生姜料理 がらがら,2.0,False
1356.0,トラットリア　ラ・カンパァーナ,イタリアン,,神奈川県,神奈川県川崎市麻生区上麻生1-6-3,449522670.0,新百合ヶ丘駅,https://goo.gl/maps/ZSka2NPG5zZtT3FW8,https://tabelog.com/kanagawa/A1405/A140508/14005188/,,https://instagram.com/lacampagna1018/,,トラットリア ラ・カンパァーナ,2.0,False
1357.0,横浜 鳥ぎん みなとみらい店,焼き鳥,やきとり 釜めし 専門店,神奈川県,神奈川県横浜市中区桜木町1-101-1クロスゲートビル3F,452100311.0,桜木町駅,https://goo.gl/maps/4aViPboCnFdjVzLA9,https://www.torigin.com/,,,,横浜 鳥ぎん,2.0,False
1358.0,レストランアルティザン,フレンチ,,神奈川県,神奈川県横浜市中区日本大通36シティタワー横濱2階,452288189.0,日本大通り駅,https://goo.gl/maps/VuvdTW2VqHe7GA6G8,http://artisan-yokohama.com/restaurant/,https://twitter.com/restaurantArti,https://instagram.com/restaurantartisan2018/,,レストランアルティザン,2.0,False
1359.0,ソーセージハム男,フレンチ,ビストロ,長野県,長野県東御市田中190-1,268559371.0,田中駅,https://goo.gl/maps/tJ8r6UsrTnAt2QDF6,,,https://facebook.com/%E8%87%AA%E5%AE%B6%E8%A3%BD-%E3%82%BD%E3%83%BC%E3%82%BB%E3%83%BC%E3%82%B8%E3%83%8F%E3%83%A0%E7%94%B7-373733602806159/,,ソーセージハム男,2.0,False
1360.0,丿貫,ラーメン・つけ麺,ラーメン,神奈川県,神奈川県横浜市中区福富町仲通2-4,452512041.0,関内,"https://maps.google.com/maps?ll=35.445723,139.631816&z=14&t=m&hl=ja&gl=US&mapclient=embed&q=%E3%80%92231-0043%20%E7%A5%9E%E5%A5%88%E5%B7%9D%E7%9C%8C%E6%A8%AA%E6%B5%9C%E5%B8%82%E4%B8%AD%E5%8C%BA%E7%A6%8F%E5%AF%8C%E7%94%BA%E4%BB%B2%E9%80%9A%EF%BC%92%E2%88%92%EF%BC%94",,,,,丿貫,2.0,False
1361.0,イタリアンバールBACCO,イタリアン,,神奈川県,神奈川県横浜市中区福富町仲通1-6,452613640.0,関内駅,https://g.page/italianbarbacco?share,,,,,イタリアンバールBACCO,2.0,False
1362.0,ノンナジーニャ,イタリアン,,長野県,長野県東御市加沢682-2,268626780.0,田中駅,https://goo.gl/maps/YZiuqqGLpVQYqDDDA,https://www.facebook.com/nonnaginia/,,https://facebook.com/nonnaginia/,,ノンナジーニャ,2.0,False
1363.0,SHIMOMURA,和食,,神奈川県,神奈川県横浜市中区石川町3-107,452638989.0,石川町駅,https://goo.gl/maps/6g9jkWjQR8cRpbyL6,https://www.shimomura-kunikazu.com/,,,,SHIMOMURA,2.0,False
1364.0,P izzeria gelateria RAZZO,イタリアン,,神奈川県,神奈川県横浜市中区石川町1-22-6,452646265.0,石川町駅,https://goo.gl/maps/XGbQ9XGvVYzbuhpP8,,,,,P izzeria gelateria RAZZO,2.0,False
1365.0,KAKURENBO,カフェレストラン,,神奈川県,神奈川県横浜市金沢区寺前1丁目3-17,452949522.0,金沢文庫駅,https://goo.gl/maps/idzzqT2jVv1TRFsB8,https://kakurenbo-craftbeercafe.owst.jp,,https://instagram.com/kakurenbo1317/?hl=ja,,KAKURENBO,1.0,False
1366.0,Papa Vasy パパバジィ,フレンチ,,神奈川県,神奈川県横浜市戸塚区戸塚町3953金子ビル101,452983156.0,戸塚駅,https://goo.gl/maps/GTQtL4Ub2utoTr4w6,https://papavasy.jimdofree.com/,,https://instagram.com/papavasy?igshid=1dcvkhqtda8sh,,Papa Vasy パパバジィ,2.0,False
1367.0,deli＆cafeジェニーとボストン,カフェレストラン,,神奈川県,神奈川県横浜市中区元町4-160-3-1F,452985685.0,元町中華街駅,https://goo.gl/maps/mLvpBhJG8zQGXuMh8,,,,,deli＆cafeジェニーとボストン,1.0,False
1368.0,アトリエ・ド・フロマージュ 本店（カフェ）,イタリアン,,長野県,長野県東御市新張504-6,268642767.0,滋野駅,https://goo.gl/maps/3KxBSkpDeUVUb4S86,,,,,アトリエ・ド・フロマージュ,2.0,False
1369.0,Fleur de Pêcher MOMOCA,フレンチ,,長野県,長野県東御市滋野乙2213,268643220.0,滋野駅,https://goo.gl/maps/DD4SW8DMAjjiHyGL9,,,,,Fleur de Pêcher MOMOCA,2.0,False
1370.0,HITSUJI,フレンチ,ビストロ,神奈川県,神奈川県横浜市中区野毛町1-24-5,453089208.0,桜木町駅,https://goo.gl/maps/x2BeLXPtadPCvT3b7,,,https://instagram.com/hitsuji0622/,,HITSUJI,2.0,False
1371.0,麺場 浜虎,ラーメン・つけ麺,,神奈川県,神奈川県横浜市神奈川区鶴屋町2-12-1横浜カリオカビル1F,453113336.0,横浜駅,https://maps.app.goo.gl/dGUKLk3YosPesMcN7,http://hamatora.co.jp/yokohama/,,,,麺場 浜虎,2.0,False
1372.0,Yokohama GRASSROOTS,居酒屋・ダイニングバー,,神奈川県,神奈川県横浜市神奈川区鶴屋町2-13-3渡辺ビルB1F,453120180.0,,https://g.page/grassrootsyokohama?share,,,,,Yokohama GRASSROOTS,2.0,False
1373.0,トラットリア　ビコローレ　ヨコハマ,イタリアン,,神奈川県,神奈川県横浜市西区平沼1-40-17モンテベルデ横浜101,453120553.0,平沼橋駅,https://goo.gl/maps/QhZrPBesiArETxq48,https://trattoriabicolore.wixsite.com/yokohama,,,,トラットリア ビコローレ ヨコハマ,2.0,False
1374.0,G麺７,ラーメン・つけ麺,ラーメン,神奈川県,神奈川県横浜市南区六ッ川１－６８９－１マルエツサニーロード内,453152009.0,弘明寺,"https://maps.google.com/maps?ll=35.423507,139.586204&z=14&t=m&hl=ja&gl=US&mapclient=embed&cid=4651341387812850251",,,,,G麺７,1.0,False
1375.0,若鶏焼　雅,焼き鳥,鶏料理,神奈川県,神奈川県横浜市中区中区花咲町2丁目71-3,453152214.0,桜木町駅,https://maps.app.goo.gl/gWgKs6urDbAYikkh9,,,,,若鶏焼 雅,1.0,False
1376.0,リュードヴァン,フレンチ,,長野県,長野県東御市祢津405リュードヴァン,268715973.0,田中駅,https://www.google.com/search?q=%E3%83%AA%E3%83%A5%E3%83%BC%E3%83%89%E3%83%B4%E3%82%A1%E3%83%B3,https://ruedevin.jp/,,,https://instagram.com/ruedevin.jp?igshid=vh0cq4tkbiuy,リュードヴァン,2.0,False
1377.0,Bistro Un Coeur,フレンチ,,神奈川県,神奈川県横浜市中区野毛町1-53SOPHIA野毛1F,453156924.0,桜木町駅,https://maps.app.goo.gl/EC5gFYSH9Jz7m3ZJ8,,,,,Bistro Un Coeur,1.0,False
1378.0,地球の中華そば,ラーメン・つけ麺,ラーメン,神奈川県,神奈川県横浜市中区長者町２丁目５−４,453194248.0,関内,"https://maps.google.com/maps?ll=35.441183,139.635531&z=14&t=m&hl=ja&gl=US&mapclient=embed&q=%E3%80%92231-0033%20%E7%A5%9E%E5%A5%88%E5%B7%9D%E7%9C%8C%E6%A8%AA%E6%B5%9C%E5%B8%82%E4%B8%AD%E5%8C%BA%E9%95%B7%E8%80%85%E7%94%BA%EF%BC%92%E4%B8%81%E7%9B%AE%EF%BC%95%E2%88%92%EF%BC%94",,,,,地球の中華そば,2.0,False
1379.0,Vers par Naomi OGAKI,フレンチ,,神奈川県,神奈川県横浜市中区北仲通2-30,453239338.0,日本大通り駅,https://goo.gl/maps/3HPuxkzRsXPUkt8Z8,,,https://www.instagram.com/vers.par.naomi.ogaki/,,Vers par Naomi OGAKI,2.0,False
1382.0,信州ちょうざめ家,和食,ご当地カレー,長野県,長野県小県郡長和町長久保2191-21,268716488.0,大屋駅,https://goo.gl/maps/uSxCdaYu6CCo2LpS8,https://d-wings.jp/,,https://facebook.com/sturgeonfood/,https://instagram.com/shinshu_sturgeon/,信州ちょうざめ家,2.0,False
1383.0,拉麺 大公,ラーメン・つけ麺,ラーメン,神奈川県,神奈川県横浜市南区南太田1-8-24,453259061.0,吉野町,"https://maps.google.com/maps?ll=35.436693,139.614448&z=14&t=m&hl=ja&gl=US&mapclient=embed&q=%E3%80%92232-0006%20%E7%A5%9E%E5%A5%88%E5%B7%9D%E7%9C%8C%E6%A8%AA%E6%B5%9C%E5%B8%82%E5%8D%97%E5%8C%BA%E5%8D%97%E5%A4%AA%E7%94%B0%EF%BC%91%E4%B8%81%E7%9B%AE%EF%BC%98%E2%88%92%EF%BC%92%EF%BC%94",,,,,拉麺 大公,2.0,False
1384.0,BAR SANCTUARY～Singing&Drinking～,バー,,神奈川県,神奈川県横浜市中区福富町西通35-3日宝ジュビレいせざき3F,453259533.0,,https://g.page/yokohama-bar-sanctuary?share,,,,,BAR SANCTUARY～Singing&Drinking～,1.0,False
1385.0,ジンギスカン万蔵,焼肉,,長野県,長野県東御市田中256-5,268716647.0,田中駅,https://goo.gl/maps/XVfRw1So8zAkfx8d7,,,,,ジンギスカン万蔵,2.0,False
1386.0,しおとめぐみ　Sel et Vendange,フレンチ,,神奈川県,神奈川県横浜市金沢区六浦1-1-13大嶋ビル1階,453538025.0,金沢八景駅,https://goo.gl/maps/NsRVEzeCadB9Zs41A,,https://mobile.twitter.com/seletvendange,https://instagram.com/seletvendange/?hl=ja,,しおとめぐみ Sel et Vendange,2.0,False
1387.0,ラーメン大津家,ラーメン・つけ麺,ラーメン,神奈川県,神奈川県横浜市金沢区谷津町378-1,453538330.0,金沢文庫,"https://maps.google.com/maps?ll=35.342254,139.621947&z=14&t=m&hl=ja&gl=US&mapclient=embed&q=%E3%80%92236-0016%20%E7%A5%9E%E5%A5%88%E5%B7%9D%E7%9C%8C%E6%A8%AA%E6%B5%9C%E5%B8%82%E9%87%91%E6%B2%A2%E5%8C%BA%E8%B0%B7%E6%B4%A5%E7%94%BA%EF%BC%93%EF%BC%97%EF%BC%98%E2%88%92%EF%BC%91",,,,,ラーメン大津家,2.0,False
1388.0,福宝,中華料理,,神奈川県,神奈川県横浜市旭区柏町35-10,453642366.0,南万騎が原駅,https://goo.gl/maps/NHDev1pHHHENu3xN8,,,,,福宝,2.0,False
1389.0,啜磨専科,ラーメン・つけ麺,つけ麺,神奈川県,神奈川県横浜市港南区上大岡西2-14-15,453709417.0,上大岡,"https://maps.google.com/maps?ll=35.408179,139.59627&z=15&t=m&hl=ja&gl=US&mapclient=embed&q=%E3%80%92233-0002%20%E7%A5%9E%E5%A5%88%E5%B7%9D%E7%9C%8C%E6%A8%AA%E6%B5%9C%E5%B8%82%E6%B8%AF%E5%8D%97%E5%8C%BA%E4%B8%8A%E5%A4%A7%E5%B2%A1%E8%A5%BF%EF%BC%92%E4%B8%81%E7%9B%AE%EF%BC%91%EF%BC%94%E2%88%92%EF%BC%91%EF%BC%95",,,,,啜磨専科,2.0,False
1391.0,牛たん　永助,焼肉,,神奈川県,神奈川県横浜市戸塚区戸塚町8ラピス戸塚2ビルB1,453923383.0,戸塚駅,https://g.page/gyutaneisuke?share,https://eisuke.business.site/?utm_source=gmb&utm_medium=referral,,https://instagram.com/gyutaneisuke/?utm_source=ig_embed&hl=ja,,牛たん 永助,1.0,False
1392.0,はすみふぁーむ＆ワイナリーshop&cafe@上田柳町,カフェレストラン,,長野県,長野県上田市中央4−7−34,268750450.0,上田駅,https://goo.gl/maps/E6y9KjPRFCh13Ttu5,http://hasumifarm.com/,https://twitter.com/Hasumifarm,,https://instagram.com/hasumifarm/,はすみふぁーむ＆ワイナリーshop&cafe@上田柳町,1.0,False
1393.0,くり山,ラーメン・つけ麺,ラーメン,神奈川県,神奈川県横浜市神奈川区六角橋１−１７−２９,454210537.0,東白楽,"https://maps.google.com/maps?ll=35.487373,139.629496&z=14&t=m&hl=ja&gl=US&mapclient=embed&q=%E3%80%92221-0802%20%E7%A5%9E%E5%A5%88%E5%B7%9D%E7%9C%8C%E6%A8%AA%E6%B5%9C%E5%B8%82%E7%A5%9E%E5%A5%88%E5%B7%9D%E5%8C%BA%E5%85%AD%E8%A7%92%E6%A9%8B%EF%BC%91%E4%B8%81%E7%9B%AE%EF%BC%91%EF%BC%97%E2%88%92%EF%BC%92%EF%BC%99",,,,,くり山,2.0,False
1394.0,金剛商店138番地,フレンチ,,神奈川県,神奈川県横浜市神奈川区七島町138,454214902.0,子安駅,https://maps.app.goo.gl/P5LKVKvnKR2WtS458,,,,,金剛商店138番地,2.0,False
1395.0,すずき家,ラーメン・つけ麺,ラーメン,神奈川県,神奈川県横浜市神奈川区子安通１－５－４,454530612.0,神奈川新町,"https://maps.google.com/maps?ll=35.484531,139.645606&z=14&t=m&hl=ja&gl=US&mapclient=embed&q=%E3%80%92221-0021%20%E7%A5%9E%E5%A5%88%E5%B7%9D%E7%9C%8C%E6%A8%AA%E6%B5%9C%E5%B8%82%E7%A5%9E%E5%A5%88%E5%B7%9D%E5%8C%BA%E5%AD%90%E5%AE%89%E9%80%9A%EF%BC%91%E4%B8%81%E7%9B%AE%EF%BC%95%E2%88%92%EF%BC%94",,,,,すずき家,2.0,False
1396.0,2bananeira.（ドイスバナネイラ）,ベジ・ヴィーガン,,神奈川県,神奈川県横浜市青葉区柿の木台3-20,454827871.0,藤が丘駅,https://goo.gl/maps/9dGHhwVTsrtVTUARA,http://2bananeira.com/,https://twitter.com/2bananeira/,https://instagram.com/2bananeira/,,2bananeira.,2.0,False
1397.0,大鶴見食堂,和食,,神奈川県,神奈川県横浜市鶴見区鶴見中央1-7-11ネオマイム鶴見デュークレア弐番館B1F,455005833.0,鶴見駅,https://goo.gl/maps/Ne5QrmdGWX6kdhVL7,https://tabelog.com/kanagawa/A1401/A140210/14049986/,,,,大鶴見食堂,2.0,False
1398.0,らー麺土俵鶴嶺峰,ラーメン・つけ麺,つけ麺,神奈川県,神奈川県横浜市鶴見区鶴見中央4-25-6,455042207.0,鶴見,"https://maps.google.com/maps?ll=35.50745,139.679517&z=14&t=m&hl=ja&gl=US&mapclient=embed&q=%E3%80%92230-0051%20%E7%A5%9E%E5%A5%88%E5%B7%9D%E7%9C%8C%E6%A8%AA%E6%B5%9C%E5%B8%82%E9%B6%B4%E8%A6%8B%E5%8C%BA%E9%B6%B4%E8%A6%8B%E4%B8%AD%E5%A4%AE%EF%BC%94%E4%B8%81%E7%9B%AE%EF%BC%92%EF%BC%95%E2%88%92%EF%BC%96",,,,,らー麺土俵鶴嶺峰,2.0,False
1399.0,信楽茶屋（しがらきぢゃや）,ラーメン・つけ麺,ラーメン,神奈川県,神奈川県横浜市鶴見区鶴見中央1-18-21F,455045668.0,鶴見,"https://maps.google.com/maps?ll=35.510034,139.677999&z=14&t=m&hl=ja&gl=US&mapclient=embed&q=1F%20%E3%80%92230-0051%20%E7%A5%9E%E5%A5%88%E5%B7%9D%E7%9C%8C%E6%A8%AA%E6%B5%9C%E5%B8%82%E9%B6%B4%E8%A6%8B%E5%8C%BA%E9%B6%B4%E8%A6%8B%E4%B8%AD%E5%A4%AE%EF%BC%91%E4%B8%81%E7%9B%AE%EF%BC%91%EF%BC%98%E2%88%92%EF%BC%92",,,,,信楽茶屋,1.0,False
1401.0,Le Cadre（ル・カドル）,フレンチ,,長野県,長野県上田市中央2丁目1-15,268750463.0,上田駅,https://goo.gl/maps/SmCa2hAq7uMbcdqN8,,,,,Le Cadre,2.0,False
1402.0,Osteria RIMA,イタリアン,,神奈川県,神奈川県横浜市青葉区美しが丘4-6-7美しが丘レヂデンス102,455300840.0,たまプラーザ駅,https://goo.gl/maps/E7w6EN94QEkX4PGs7,,,,,Osteria RIMA,2.0,False
1403.0,グレーヌマルシェ　綱島店,フレンチ,,神奈川県,神奈川県横浜市港北区綱島西1丁目11-10,455418858.0,綱島駅,https://goo.gl/maps/ZQVwU3JLikbiomNv5,,,,,グレーヌマルシェ,2.0,False
1404.0,ポートオブコール横浜,カフェレストラン,,神奈川県,神奈川県横浜市西区南幸2-15-13横浜ビブレ1F,455483683.0,横浜駅,https://goo.gl/maps/1Uphrvsejpk4bGgw5,,,,,ポートオブコール横浜,2.0,False
1405.0,"HI, HOW ARE YOU",カレー,,神奈川県,神奈川県横浜市港北区日吉本町1丁目21-5,455488153.0,日吉駅,https://goo.gl/maps/gocvH5DzTgqPfnes7,,,,,"HI, HOW ARE YOU",2.0,False
1406.0,プライム・リブ,アメリカ料理,,神奈川県,神奈川県横浜市鶴見区豊岡町４−１９,455567123.0,鶴見駅,https://goo.gl/maps/pBRsLjus6HeTCr227,,,,,プライム・リブ,2.0,False
1407.0,アル・ピノ,イタリアン,,神奈川県,神奈川県横浜市港北区日吉本町1丁目3-4,455610932.0,日吉駅,https://goo.gl/maps/9SNdvi7gp7NAzFhC9,,,,,アル・ピノ,2.0,False
1408.0,マ・カシェット ワイン＆米沢牛A5ステーキ,各国料理,西洋各国料理,神奈川県,神奈川県横浜市港北区日吉本町1丁目24-1,455616905.0,日吉駅,https://goo.gl/maps/EkJt86vJv3uZGc1r8,http://ma-cachette.jp/,https://twitter.com/macachette1,https://www.instagram.com/ma.cachette/,,マ・カシェット ワイン＆米沢牛A5ステーキ,1.0,False
1409.0,日吉 小満津（こまつ）,定食・食堂,,神奈川県,神奈川県横浜市港北区日吉本町1丁目23-13　旭ビル1F,455619047.0,日吉駅,https://goo.gl/maps/1q3euejTMKcjKYSf9,,,,,日吉 小満津,2.0,False
1410.0,Bistro GHIOTTO ギオット,イタリアン,,神奈川県,神奈川県横浜市港北区日吉本町1丁目19-2,455633388.0,日吉駅,https://g.page/ghiotto?share,,,,,Bistro GHIOTTO ギオット,1.0,False
1413.0,立ち食い鮨 鈴な凛,和食,,神奈川県,神奈川県横浜市西区高島2-14-9アソビル　1F,455946381.0,横浜駅,https://goo.gl/maps/QJWB6G1uPXEzo8LY7,https://tachigui.sushi-suzunari.com/,https://twitter.com/tachi_suzunari,https://instagram.com/tachigui.suzunari?igshid=aeo3m1wuuase,,立ち食い鮨 鈴な凛,2.0,False
1414.0,DA HÔRI ダホーリー,イタリアン,,神奈川県,神奈川県横浜市神奈川区反町3-19-6浅井ビル一階,455959688.0,横浜駅,,https://dahori2019.base.shop/items/27597706,,,,DA HÔRI ダホーリー,1.0,False
1415.0,のどか牧場直営たまご屋キッチン,その他,たまご料理専門店,長野県,長野県小県郡長和町大門5-2,268755453.0,大屋駅,https://maps.app.goo.gl/gMCzm3DVxTces6UL8,https://tma58-kitchen.business.site/,,,,のどか牧場直営たまご屋キッチン,2.0,False
1416.0,アジアンビストロDai 日吉店,アジア・エスニック,,神奈川県,神奈川県横浜市港北区日吉本町1丁目20-8,456204582.0,日吉駅,https://goo.gl/maps/ZXiY9zAgnpENXK7D7,,,,,アジアンビストロDai,2.0,False
1417.0,goffo,イタリアン,,神奈川県,神奈川県横浜市西区浅間町1-2-6HY'sYOKOHAMAFelice1階,456207077.0,横浜駅,https://maps.app.goo.gl/EAYrH94opE7pMHt5A,,,https://instagram.com/goffo_takeout/,,goffo,2.0,False
1418.0,MUCCH(マッチ),ビールバー,,長野県,長野県上田市中央2丁目5-3,268755537.0,上田駅,https://goo.gl/maps/q4GY44zcmziqiuUT9,,,,,MUCCH,2.0,False
1419.0,立ち呑みエイト/bar eight,和食,,神奈川県,神奈川県横浜市港北区綱島西1-7-11BF1,456338181.0,綱島駅,https://goo.gl/maps/s47jZjZ91c45HUBa8,https://bareighttsunasima.owst.jp,https://twitter.com/bareight8,https://instagram.com/tachinomi.bar_eight_tsunashima/?hl=ja,,立ち呑みエイト/bar eight,2.0,False
1420.0,DELHI Dining デリーダイニング,カレー,動物性（お肉、シーフード）メニューのほか、ベジタリアン、ハラルの対応メニューもあります。,神奈川県,神奈川県横浜市中区山下町207関内JSビル1F,456339393.0,関内駅,https://goo.gl/maps/e4hmnEzAmWaR1qwW6,https://tabelog.com/kanagawa/A1401/A140104/14045727/,,,,DELHI Dining デリーダイニング,2.0,False
1421.0,ロティスリー・レイ,フレンチ,,神奈川県,神奈川県横浜市西区みなとみらい4-6-2MMグランドセントラルタワー2F,456501450.0,みなとみらい駅,https://goo.gl/maps/QiztcXcw8GC6jGWe8,https://ray-ts.com/,,,,ロティスリー・レイ,2.0,False
1422.0,インドカレー＆ナン ムンバイ みなとみらい店,カレー,,神奈川県,神奈川県横浜市西区みなとみらい３丁目５−１マークイズみなとみらいB1F,456508011.0,みなとみらい駅,https://goo.gl/maps/JLCB7Fgxqifd5hii9,https://mumbaijapan.com/minatomirai/,https://twitter.com/MumbaiPink/,https://instagram.com/mumbaijapan/,,インドカレー＆ナン ムンバイ,1.0,False
1423.0,SALONE2007,イタリアン,,神奈川県,神奈川県横浜市中区山下町36-1バーニーズニューヨーク横浜店B1F,456510113.0,元町・中華街駅,https://maps.app.goo.gl/FyUumnsjSoHT8JWH8,http://www.salone2007.com/,,https://www.instagram.com/salone2007yokohama/,,SALONE2007,2.0,False
1424.0,Sot l'y laisse (ソリレス),フレンチ,,長野県,長野県上田市上田1684-3,268758973.0,上田駅,https://goo.gl/maps/SweKbpZyDuyz1erX7,http://sotlylaisse.jp/,,,,Sot l'y laisse,2.0,False
1425.0,翡翠楼本店,中華料理,,神奈川県,神奈川県横浜市中区山下町139,456517108.0,元町中華街駅,https://goo.gl/maps/Suh2j8cQcEofJTiz9,,https://twitter.com/hisuirou/status/1243384252126789641,https://instagram.com/chinatown_hisuirou/,,翡翠楼,1.0,False
1426.0,Vino della Gatta SAKAKI,イタリアン,,長野県,長野県埴科郡坂城町坂城9586-47,268822208.0,坂城駅,https://goo.gl/maps/1MzC37E6hKkaFggg6,https://sakaki.wine/,,,,Vino della Gatta SAKAKI,2.0,False
1427.0,鳳林,中華料理,,神奈川県,神奈川県横浜市中区山下町187,456622225.0,元町•中華街駅,https://goo.gl/maps/6NQ9vznyxLNRBUqp7,https://gamp800.gorp.jp/,,https://instagram.com/yokohama_horin?igshid=1qwmef7qy5cj,,鳳林,2.0,False
1428.0,横浜中華街　一楽,中華料理,,神奈川県,神奈川県横浜市中区山下町150,456626396.0,元町中華街駅,https://goo.gl/maps/Rhg7oR3PorymP3f27,https://www.hotpepper.jp/strJ000104724/?vos=nhpp01,https://twitter.com/ichiraku_tencho,,,横浜中華街 一楽,1.0,False
1429.0,横浜中華街　獅門酒楼,中華料理,,神奈川県,神奈川県横浜市中区山下町145番地,456627675.0,元町中華街駅,https://goo.gl/maps/MQaWqDojMobYG9uQ6,,,,,横浜中華街 獅門酒楼,1.0,False
1430.0,ダイニングバーＹＯＵ,和食,,神奈川県,神奈川県横浜市中区相生町３丁目６１泰生ビル１０１,456638586.0,関内駅,https://goo.gl/maps/iVL68YcyYUpvWgM26,,http://twitter.com/youinoueyuko,,,ダイニングバーＹＯＵ,1.0,False
1431.0,アサドール　ケリコ,フレンチ,,神奈川県,神奈川県横浜市港北区大倉山1丁目15-17,457176620.0,大倉山駅,https://goo.gl/maps/McrPuK2PE3VDYz6y9,http://asador-querico.com/,,https://instagram.com/asadorquerico/,,アサドール ケリコ,1.0,False
1432.0,こしたんたん,そば・うどん,,神奈川県,神奈川県横浜市港北区大倉山1-28-11大倉山シュロス1階,457177235.0,大倉山駅,https://goo.gl/maps/EFtr4Wdr9T6NyHi56,https://koshitantan.com,,https://instagram.com/koshitantan_okurayama/,,こしたんたん,2.0,False
1433.0,鳳城,中華料理,,神奈川県,神奈川県横浜市金沢区六浦1-1-7　１Ｆ,457862584.0,金沢八景駅,https://goo.gl/maps/dTu2eD6yAQQYkaVu9,,,,,鳳城,2.0,False
1434.0,中華そば うめや　金沢文庫,ラーメン・つけ麺,ラーメン,神奈川県,神奈川県横浜市金沢区釜利谷東2-16-13ソシアルマンション金沢文庫1F,457883112.0,金沢文庫,"https://maps.google.com/maps?ll=35.342986,139.619271&z=14&t=m&hl=ja&gl=US&mapclient=embed&q=%E3%82%BD%E3%82%B7%E3%82%A2%E3%83%AB%E3%83%9E%E3%83%B3%E3%82%B7%E3%83%A7%E3%83%B3%E9%87%91%E6%B2%A2%E6%96%87%E5%BA%AB%201F%20%E3%80%92236-0042%20%E7%A5%9E%E5%A5%88%E5%B7%9D%E7%9C%8C%E6%A8%AA%E6%B5%9C%E5%B8%82%E9%87%91%E6%B2%A2%E5%8C%BA%E9%87%9C%E5%88%A9%E8%B0%B7%E6%9D%B1%EF%BC%92%E4%B8%81%E7%9B%AE%EF%BC%91%EF%BC%96%E2%88%92%EF%BC%91%EF%BC%93",,,,,中華そば うめや 金沢文庫,2.0,False
1435.0,カウボーイ家族 金沢八景店,洋食,,神奈川県,神奈川県横浜市金沢区六浦1丁目16-1,457903105.0,金沢八景駅,https://goo.gl/maps/9VajFNArNF2PB7RB7,https://www.cowboy-family.jp/,,,,カウボーイ家族,2.0,False
1436.0,3B coffee,カフェレストラン,,静岡県,静岡県伊豆市関野318-1,558999253.0,修善寺駅,https://goo.gl/maps/ixrsRG1ZZHZRCLVL9,,,,,3B coffee,2.0,False
1437.0,Bマーリン,イタリアン,,神奈川県,神奈川県横浜市泉区領家3-12-9,458121993.0,戸塚駅,https://goo.gl/maps/T8Rztui53RtC2Kg5A,https://www.google.co.jp/amp/s/s.tabelog.com/kanagawa/A1401/A140304/14023112/top_amp/,,https://instagram.com/b.marlin_official?igshid=s6jiy97kqydo,,Bマーリン,2.0,False
1438.0,神勝軒（シェンシェンシュアン）,ラーメン・つけ麺,つけ麺,神奈川県,神奈川県横浜市港南区下永谷3-28-13,458234397.0,下永谷,"https://www.google.com/maps/place/%E6%97%A5%E6%9C%AC%E3%80%81%E3%80%92233-0016+%E7%A5%9E%E5%A5%88%E5%B7%9D%E7%9C%8C%E6%A8%AA%E6%B5%9C%E5%B8%82%E6%B8%AF%E5%8D%97%E5%8C%BA%E4%B8%8B%E6%B0%B8%E8%B0%B7%EF%BC%93%E4%B8%81%E7%9B%AE%EF%BC%92%EF%BC%98%E2%88%92%EF%BC%91%EF%BC%93/@35.407846,139.564367,14z/data=!4m5!3m4!1s0x60185ae3e5372531:0x454b59bdbc5e76f9!8m2!3d35.4078456!4d139.5643672?hl=ja",,,,,神勝軒,2.0,False
1439.0,さんじゅうまる,居酒屋・ダイニングバー,,東京都,東京都世田谷区太子堂4-20-25サンセールカマタ2F,334185950.0,三軒茶屋駅,https://goo.gl/maps/82etuW2SUf1hA2mB7,https://www.facebook.com/pages/%E9%AD%9A%E5%AE%B6-%E3%81%95%E3%82%93%E3%81%98%E3%82%85%E3%81%86%E3%81%BE%E3%82%8B/107320092661722,,https://www.instagram.com/sakanaya_sanjumaru/?hl=ja,,さんじゅうまる,2.0,False
1440.0,銀座フランス屋　港南台バーズ店,洋食,,神奈川県,神奈川県横浜市港南区港南台3丁目1−3,458318099.0,港南台駅,https://goo.gl/maps/YkRzEu1Bw4LQ5kA7A,https://www.mikasakaikan.co.jp/restaurant/ginza-france-ya/kounandai/index/,,https://www.instagram.com/ginza_france_ya/,,銀座フランス屋,2.0,False
1441.0,鉄板バルHANANOKI,その他,鉄板焼き,神奈川県,神奈川県横浜市港南区上大岡西1-4-16さんるーとビル1階,458462760.0,上大岡駅横,https://goo.gl/maps/9M2KS1LB3Vwobg7b7,https://tabelog.com/kanagawa/A1401/A140307/14034422/,,https://instagram.com/yokohamahananoki/,,鉄板バルHANANOKI,2.0,False
1442.0,Hitotsu,フレンチ,,神奈川県,神奈川県横浜市戸塚区戸塚町6003-3レックヒルズ1F,458711705.0,戸塚駅,https://maps.app.goo.gl/iagvEWekcorQPoxi8,http://www.restaurant-hitotsu.com/,Kazu Noda https://twitter.com/Hitotsu〜横浜市戸塚区〜 (https://twitter.com/NodaKazutoshi)さんをチェックしよう https://twitter.com/NodaKazutoshi?s=09,https://instagram.com/hitotsu___/,,Hitotsu,2.0,False
1443.0,È mer,フレンチ,,神奈川県,神奈川県横浜市中区福富町3-3,458843467.0,関内駅,https://maps.app.goo.gl/visikrBVufc2BqTc9,,,,,È mer,2.0,False
1444.0,そば処  花むら,そば・うどん,,神奈川県,神奈川県横浜市青葉区美しが丘1-12-3,459011503.0,たまプラーザ駅,https://maps.app.goo.gl/NhR2ds5VZpwtgaSg8,,,,,そば処 花むら,2.0,False
1445.0,PIZZA SALVATORE CUOMO センター南,イタリアン,,神奈川県,神奈川県横浜市都筑区茅ヶ崎中央2-1　オズマークスセンター南1F,459484065.0,センター南,https://maps.app.goo.gl/akR6HFw6gbuC1Jqi8,http://www.salvatore.jp/restaurant/centerminami/index.html,,,,PIZZA SALVATORE CUOMO センター南,1.0,False
1446.0,Fresco,イタリアン,,神奈川県,神奈川県横浜市都筑区仲町台1-33-31,459493050.0,仲町台駅,https://goo.gl/maps/wevjJnxmiCeiEV357,https://tabelog.com/kanagawa/A1401/A140203/14001983/,,https://instagram.com/fresco_nakamachidai/?hl=ja,,Fresco,1.0,False
1447.0,Solaia(ソライア),イタリアン,,神奈川県,神奈川県横浜市緑区長津田4-3-2HTMビル2F,459811551.0,長津田駅,https://maps.app.goo.gl/KPyCVHpTKMpu1SAm6,,,https://instagram.com/solaia_nagatsuta/,,Solaia,2.0,False
1448.0,グルメ倶楽部,洋食,大衆洋食,神奈川県,神奈川県横浜市緑区長津田4-2-22,459829100.0,長津田駅,https://maps.app.goo.gl/hvJvwRxrWeBGEhfXA,http://home.p06.itscom.net/gurume/,,,,グルメ倶楽部,2.0,False
1449.0,横浜鳥鮮,和食,,神奈川県,神奈川県横浜市青葉区青葉台1丁目29-28,459844129.0,青葉台駅,https://maps.app.goo.gl/PMhYu6XCJqm4f92n8,,,,,横浜鳥鮮,2.0,False
1450.0,麺屋小林,ラーメン・つけ麺,,神奈川県,神奈川県横浜市青葉区しらとり台34-7,459851233.0,青葉台駅,https://maps.app.goo.gl/cvvYECbDtnEFdods5,,,,,麺屋小林,2.0,False
1451.0,大衆酒場 桃の花,和食,,神奈川県,神奈川県大和市大和東1-7-8,462046500.0,大和駅,https://goo.gl/maps/uRSUGzQKMiSBE87b8,https://www.momono-hana.com/,,,,大衆酒場 桃の花,2.0,False
1452.0,MacArthurGarage,バー,,神奈川県,神奈川県厚木市泉町１４−１１,462283388.0,,https://goo.gl/maps/myVmn5geTfpyHV3L6,,,,,MacArthurGarage,2.0,False
1453.0,ラ・ロッシュ,フレンチ,,長野県,長野県上田市殿城3320-1,268840405.0,大屋駅,https://goo.gl/maps/3c6dutTVqfw2Xves5,,,,,ラ・ロッシュ,2.0,False
1456.0,DA★Butchers 本店,イタリアン,,神奈川県,神奈川県厚木市中町2-9-171F,462598622.0,本厚木駅,https://g.page/dabutchers2015?share,https://dabutchers2015.business.site/?m=true,,https://instagram.com/dabutchers2015/,,DA★Butchers,1.0,False
1457.0,ベーカリーアンドビア ブッチャーズ（BBB）,ハンバーガー,,神奈川県,神奈川県厚木市中町2-7内田ビル1F,462599125.0,本厚木駅,https://g.page/BBB2018?share,https://www.instagram.com/bbbutchers2018/,,,,ベーカリーアンドビア ブッチャーズ,2.0,False
1458.0,TAcme,ステーキ・ハンバーグ,,神奈川県,神奈川県大和市中央林間4丁目18-17,462599290.0,中央林間駅,https://goo.gl/maps/VwxH27GDzzcAYsBk8,,,,,TAcme,2.0,False
1460.0,燦坐,和食,,神奈川県,神奈川県大和市中央林間5丁目10−1,46271303.0,中央林間駅,https://goo.gl/maps/qq7hSnrEXZvPPAJw5,,,,,燦坐,2.0,False
1461.0,炭火・七輪　ホルモン焼　珍満,焼肉,,神奈川県,神奈川県大和市南林間2-10-9,462750590.0,南林間駅,https://g.page/chinman2929?share,https://r.gnavi.co.jp/g710200/menu3/,,https://instagram.com/chinman1967_official/,,炭火・七輪 ホルモン焼 珍満,2.0,False
1462.0,ステーキハウス　キングス,ステーキ・ハンバーグ,,神奈川県,神奈川県大和市南林間1-11-12,462760249.0,南林間駅,https://g.page/ZIOUKINGS?share,https://www.ziou.net/top/,https://twitter.com/NanrinKings,https://instagram.com/zioukings/,,ステーキハウス キングス,2.0,False
1463.0,やきとり 鳥一番,居酒屋・ダイニングバー,,神奈川県,神奈川県大和市南林間2-3-5,462763429.0,南林間駅,https://goo.gl/maps/5jfoUEws6QTsf1R16,https://www.hotpepper.jp/strJ000220404/,,,,やきとり 鳥一番,2.0,False
1465.0,焼肉ホルモンやまちゃん,焼肉,,神奈川県,神奈川県座間市入谷東4-55-1第1熊切ビルB1,462835855.0,座間駅,https://goo.gl/maps/ZSMind36B2qU8c6g7,http://air-green.net/yakinikuhorumonyamachan/index.html,,,,焼肉ホルモンやまちゃん,1.0,False
1466.0,アモーレ厚木,ペルー料理,,神奈川県,神奈川県厚木市中町2丁目13−13グランデ本厚木2Ｆ,462957373.0,本厚木駅,https://goo.gl/maps/iRcpuzq8iZTop9KM6,,https://twitter.com/amoreatsugi,https://instagram.com/p/BjCvOHrgMh0/,,アモーレ厚木,2.0,False
1467.0,イタリア料理 ラ・パチャーダ,イタリアン,,神奈川県,神奈川県伊勢原市伊勢原1‐3‐6,463688298.0,伊勢原駅,http://goo.gl/maps/dyMSYDdvWbABWn1K6,,,,,イタリア料理 ラ・パチャーダ,2.0,False
1468.0,チャイナガーデン,中華料理,,神奈川県,神奈川県秦野市平沢496-1,463820266.0,秦野駅,https://maps.app.goo.gl/ri7teACbJmHC2GQF8,http://www.chinagarden.co.jp,,,,チャイナガーデン,2.0,False
1469.0,なんつッ亭,ラーメン・つけ麺,ラーメン,神奈川県,神奈川県秦野市松原町1-2,463878081.0,渋沢,"https://maps.google.com/maps?ll=35.374766,139.188354&z=14&t=m&hl=ja&gl=US&mapclient=embed&q=%E3%80%92259-1313%20%E7%A5%9E%E5%A5%88%E5%B7%9D%E7%9C%8C%E7%A7%A6%E9%87%8E%E5%B8%82%E6%9D%BE%E5%8E%9F%E7%94%BA%EF%BC%91%E2%88%92%EF%BC%92",,,,,なんつッ亭,2.0,False
1470.0,彩酒亭 洞,和食,,神奈川県,神奈川県小田原市栄町2-5-5,465244383.0,小田原駅,https://g.page/0465244383holla?share,https://tabelog.com/kanagawa/A1409/A140901/14060088/  [食べログアプリ] ↓ アプリのダウンロードはこちらから https://s.tabelog.com/appli_campaign/?cid=share_button,https://twitter.com/settings/your_twitter_data?native=1,https://instagram.com/,,彩酒亭 洞,2.0,False
1471.0,らぁ麺 飯田商店,ラーメン・つけ麺,ラーメン,神奈川県,神奈川県足柄下郡湯河原町土肥2-12-14,465624147.0,湯河原,"https://maps.google.com/maps?ll=35.144616,139.109756&z=14&t=m&hl=ja&gl=US&mapclient=embed&q=%E3%80%92259-0303%20%E7%A5%9E%E5%A5%88%E5%B7%9D%E7%9C%8C%E8%B6%B3%E6%9F%84%E4%B8%8B%E9%83%A1%E6%B9%AF%E6%B2%B3%E5%8E%9F%E7%94%BA%E5%9C%9F%E8%82%A5%EF%BC%92%E4%B8%81%E7%9B%AE%EF%BC%91%EF%BC%92%E2%88%92%EF%BC%91%EF%BC%94",,,,,らぁ麺,2.0,False
1472.0,藤沢名物 里のうどん 本店,そば・うどん,,神奈川県,神奈川県藤沢市村岡東２丁目１９−２,466268625.0,,https://g.page/satonoudon?share,,,,,藤沢名物 里のうどん,2.0,False
1473.0,セーンスック,タイ料理,,神奈川県,神奈川県藤沢市藤沢537,466275227.0,藤沢駅,https://goo.gl/maps/RQ7VYJsNzVd7F1qa6,https://seansuk.wixsite.com/seansuk,,,,セーンスック,2.0,False
1474.0,ラ・バレーナ,イタリアン,,神奈川県,神奈川県藤沢市南藤沢22-14アツタビルB1,466282825.0,藤沢駅,https://goo.gl/maps/rdxfuSmmtjbTTTCQ7,https://tavernabalena.com,,https://instagram.com/LA_BALENA777/,,ラ・バレーナ,2.0,False
1475.0,ベトナム料理シクロ☆くげぬま,ベトナム料理,,神奈川県,神奈川県藤沢市本鵠沼3-12-30-2F,466335378.0,本鵠沼駅,https://goo.gl/maps/Lk2keUM1Jcss7ueQ8,,,https://instagram.com/sikuro.kugenuma.shonan/,,ベトナム料理シクロ☆くげぬま,2.0,False
1476.0,三笠会館　鵠沼店,フレンチ,,神奈川県,神奈川県藤沢市鵠沼海岸1丁目11−23,466345851.0,鵠沼海岸駅,https://goo.gl/maps/PvVSnbPm3MUC5LL39,https://www.mikasakaikan.co.jp/restaurant/french/mikasa-kugenuma/index/,,https://www.instagram.com/mikasakaikan_kugenuma/,,三笠会館,2.0,False
1477.0,湘南肉豚屋,焼肉,,神奈川県,神奈川県藤沢市南藤沢７−１０英邦第一ビル1F,466500200.0,藤沢駅,https://maps.app.goo.gl/v7bLwbN8TfX82kVN8,http://yongdong.jp/nikudonya.html,,https://instagram.com/nikudonya,,湘南肉豚屋,2.0,False
1478.0,café & meal greenhorn,カフェレストラン,,神奈川県,神奈川県藤沢市大鋸1-3-27,466539356.0,藤沢駅,https://goo.gl/maps/psdi7o9pr74naU7U9,,,,,café & meal greenhorn,2.0,False
1479.0,キッチン アトリエ リル,イタリアン,,神奈川県,神奈川県藤沢市辻堂太平台1-3-6,466547506.0,辻堂駅,https://goo.gl/maps/Xsx2MC1VzGorDMmn6,http://tsujidou-lil.com,,https://instagram.com/atelier.lil/,,キッチン アトリエ リル,2.0,False
1480.0,㠀舎 | TOUSHA COFFEE&TEISHOKU,和食,,神奈川県,神奈川県藤沢市江の島2-6-10,466666252.0,片瀬江ノ島駅,https://g.page/tousha?share,,https://twitter.com/TOUSHA_JP,https://instagram.com/tousha.jp/,,㠀舎 | TOUSHA COFFEE&TEISHOKU,2.0,False
1481.0,MONK,イタリアン,,神奈川県,神奈川県藤沢市辻堂2-8-18,466666409.0,辻堂駅,https://goo.gl/maps/5u799U72c8Q3hArt9,https://monk-tsujido.tumblr.co,,https://instagram.com/monk_tsujido/,,MONK,2.0,False
1482.0,ポポロ,洋食,,神奈川県,神奈川県藤沢市善行7-5-4,466827903.0,善行駅,https://goo.gl/maps/R9ex91huGwYwhiZE6,http://www.cityfujisawa.ne.jp/~popolo/,https://twitter.com/PopoloZengyou,https://www.instagram.com/popolo_zengyo/,,ポポロ,2.0,False
1483.0,韓国料理とサムギョプサル 豚まる,韓国料理,,神奈川県,神奈川県藤沢市鵠沼花沢町2-16,466867886.0,藤沢駅,https://maps.app.goo.gl/peDp9rC3G8To8XJb8,,https://twitter.com/tonmaru0405,,,韓国料理とサムギョプサル 豚まる,2.0,False
1484.0,藤澤家,ラーメン・つけ麺,ラーメン,神奈川県,神奈川県藤沢市遠藤937-6,466903229.0,湘南台,"https://maps.google.com/maps?ll=35.372184,139.429504&z=14&t=m&hl=ja&gl=US&mapclient=embed&q=%E3%80%92252-0816%20%E7%A5%9E%E5%A5%88%E5%B7%9D%E7%9C%8C%E8%97%A4%E6%B2%A2%E5%B8%82%E9%81%A0%E8%97%A4%EF%BC%99%EF%BC%93%EF%BC%97%E2%88%92%EF%BC%96",,,,,藤澤家,2.0,False
1485.0,Cafe de TRONC ~カフェ ド トロン~,カフェレストラン,,神奈川県,神奈川県藤沢市大庭5349-7-104,466904474.0,辻堂駅,https://goo.gl/maps/1rsgULVXMueAz8BFA,http://tronc.iza-yoi.net/,,,,Cafe de TRONC ~カフェ ド トロン~,2.0,False
1486.0,PRONTO湘南藤沢OPA,喫茶店・カフェ,Cafe & Bar,神奈川県,神奈川県藤沢市南藤沢22-3湘南藤沢OPA1階,466905228.0,藤沢駅,https://goo.gl/maps/qBZSViQCbTKyMFuR9,https://www.pronto.co.jp/sp/shop/detail?shopid=PR00000277&prefcode=14&freewordtext=&pageno=2&service=&shopstyle=,,,,PRONTO湘南藤沢OPA,2.0,False
1487.0,鯛とおばんざいの店 「モダン割烹 銀平」,和食,,神奈川県,神奈川県藤沢市藤沢1006ｰ1ｰ105,466973020.0,藤沢駅,https://goo.gl/maps/H9SvnnDwBL7Gf4tx9,,,,,鯛とおばんざいの店 「モダン割烹 銀平」,2.0,False
1488.0,蕎麦・酒　青海波,そば・うどん,,神奈川県,神奈川県鎌倉市浄明寺4-2-31,467233777.0,鎌倉駅,https://goo.gl/maps/K4bfaLjwWSWY4Y6L7,http://www.seikaiha.info/,,https://instagram.com/seikaiha_kamakura/,,蕎麦・酒 青海波,2.0,False
1489.0,はますかむすび,和食,,神奈川県,神奈川県茅ヶ崎市浜須賀2-25,467271886.0,辻堂駅,https://goo.gl/maps/gwhBqS9zsyWThMuV7,,http://twitter.com/hamasukamusubi,http://instagram.com/hamasukamusubi,,はますかむすび,2.0,False
1491.0,ベルタカギーBell Cafe,喫茶店・カフェ,,長野県,長野県中野市中央2-2-3,269223787.0,信州中野駅,https://g.page/belltakagi-3929?share,https://3929lindbergh.wixsite.com/mysite-1,https://twitter.com/yamadachiaki2,https://facebook.com/belltakagi.1106/?ref=profile_intro_card,,ベルタカギーBell Cafe,2.0,False
1492.0,SUGITA,フレンチ,,神奈川県,神奈川県茅ケ崎市松が丘2-10-40,467678768.0,茅ヶ崎駅,https://goo.gl/maps/feZ4ujra4dTzX9Rf7,http://te.nyanta.jp/sugita/,,,,SUGITA,2.0,False
1493.0,koyagi-ya delicatessen & co.,カフェレストラン,,神奈川県,神奈川県鎌倉市長谷2丁目11-41,467814118.0,長谷駅,https://goo.gl/maps/xsFBuMeiNw5qebx68,,,,,koyagi-ya delicatessen & co.,2.0,False
1494.0,季節料理　和喜多,和食,,長野県,長野県中野市中央1丁目10-4,269225127.0,信州中野駅,https://goo.gl/maps/9yQYD14pNVmLZWdQ7,,,,,季節料理 和喜多,2.0,False
1495.0,御料理 柳長,和食,,長野県,長野県中野市中央2-4-6,269263024.0,信州中野駅,https://goo.gl/maps/4JMV9gqny6NYGbhC7,,,,,御料理 柳長,2.0,False
1496.0,3RD Cafe ＆ More,カフェレストラン,,長野県,長野県中野市三好町2-4-28,269274138.0,信州中野駅,https://goo.gl/maps/FL8bfdotA6u2We5G7,,,,,3RD Cafe ＆ More,1.0,False
1497.0,cafe RUSTIC,カフェレストラン,,長野県,長野県中野市中野1933-7,269289015.0,松川駅,https://goo.gl/maps/tScmJEEUkkhmS1m6A,,,,,cafe RUSTIC,2.0,False
1498.0,JAPANESE DINING GOEN,和食,,長野県,長野県下高井郡山ノ内町平穏3227-1,269380550.0,湯田中駅,https://goo.gl/maps/EmvXh7VyokX1uuAdA,https://japanese-dining-goen.com,,https://facebook.com/goen.yudanaka/,https://instagram.com/goen_japanesedining.official/,JAPANESE DINING GOEN,2.0,False
1499.0,御影石焼Pizza カルカル,ハンバーガー,,長野県,長野県中野市上今井3077-1,269385018.0,替佐駅,https://goo.gl/maps/gwzgEmv9VRFHbyEm7,,,,,御影石焼Pizza カルカル,2.0,False
1500.0,らーめんりあん,ラーメン・つけ麺,定食,群馬県,群馬県伊勢崎市連取町3107-15,270500115.0,伊勢崎駅,https://goo.gl/maps/SqMxRkPA7gJQpbDg8,,,,https://instagram.com/rianramen?igshid=sug2pjzhtd37,らーめんりあん,2.0,False
1501.0,海茶屋,和食,,群馬県,群馬県前橋市千代田町4-4-2,272356655.0,前橋駅,https://goo.gl/maps/vqQ4TQ7ubyMc9oEn7,,,,https://instagram.com/kaichaya4219?igshid=10s79ya9spdzh,海茶屋,2.0,False
1502.0,レヴァンテ,イタリアン,,群馬県,群馬県高崎市江木町1498,273284693.0,高崎駅,https://goo.gl/maps/WT3vUMMYuJBY6Jsp9,,,,,レヴァンテ,2.0,False
1503.0,Le Canari （ルカナリ）,フレンチ,,神奈川県,神奈川県三浦郡葉山町下山口1417-6,468031417.0,逗子駅,https://goo.gl/maps/R5mAHxzBGn7T1eqE8,,,https://www.instagram.com/le_canari/,,Le Canari,2.0,False
1504.0,Bistro J'ai Faim,フレンチ,,神奈川県,神奈川県横浜市久里浜4-8-2ハイムカリン1階,468341206.0,久里浜駅,https://goo.gl/maps/rDF29GB33btK3xTc6,,,,,Bistro J'ai Faim,2.0,False
1505.0,ニューカリーハウス,カレー,,神奈川県,神奈川県横須賀市太田和1-5-9,468575292.0,横須賀中央駅,https://goo.gl/maps/MzcR1GSg4SKmf5K58,,,,,ニューカリーハウス,2.0,False
1506.0,エベレストキッチン,カレー,,神奈川県,神奈川県逗子市沼間1-4-31-1F,468716737.0,東逗子駅,https://goo.gl/maps/KkXVeyAjd8fsQm767,https://everestkitchen.business.site,,,,エベレストキッチン,2.0,False
1507.0,都野菜 賀茂　烏丸店,ベジ・ヴィーガン,,京都府,京都府京都市下京区東洞院通綾小路下る扇酒屋町276,753512732.0,四条駅,https://goo.gl/maps/Vt789GWkNJuhrGmv8,https://nasukamo.net/,,,,都野菜 賀茂,2.0,False
1508.0,ラーメン神豚,ラーメン・つけ麺,ラーメン,神奈川県,神奈川県横須賀市若松町1-2三橋ビル　1F,468746911.0,横須賀中央,"https://maps.google.com/maps?ll=35.279694,139.670725&z=14&t=m&hl=ja&gl=US&mapclient=embed&q=%E7%A5%9E%E5%A5%88%E5%B7%9D%E7%9C%8C%E6%A8%AA%E9%A0%88%E8%B3%80%E5%B8%82%E8%8B%A5%E6%9D%BE%E7%94%BA1-2%20%E4%B8%89%E6%A9%8B%E3%83%93%E3%83%AB%E3%80%801F",,,,,ラーメン神豚,2.0,False
1509.0,Becquet CAFE&GASTRO PUB,カフェレストラン,,神奈川県,神奈川県逗子市逗子7-13-4,468749089.0,逗子駅,https://goo.gl/maps/ubeB24VnLZxG7Eua6,,,,,Becquet CAFE&GASTRO PUB,2.0,False
1510.0,厨 lot eat,カフェレストラン,,神奈川県,神奈川県横須賀市芦名2-8-45,468848282.0,逗子駅,https://goo.gl/maps/PhcpAW3C3gC9fxQt6,https://loteat.com/,,https://instagram.com/lot_eat/,,厨 lot eat,2.0,False
1511.0,たこ焼きお好み焼き花車,お好み焼き・もんじゃ焼き,たこ焼き,神奈川県,神奈川県横須賀市米が浜通1-2岡田BLD6101,468971192.0,横須賀中央駅,https://goo.gl/maps/uhC9TEzADp8wqRiFA,https://instagram.com/takoyakihanaguruma/,,,,たこ焼きお好み焼き花車,2.0,False
1512.0,焼肉家東貴,焼肉,,千葉県,千葉県館山市南条238−1,470225801.0,館山駅,https://goo.gl/maps/zh2tNBaErYAEJWXn8,,,,,焼肉家東貴,2.0,False
1513.0,トックブランシュ,洋食,,千葉県,千葉県館山市南条238−1,470255524.0,館山駅,https://g.page/toqueblanche-tateyama?share,,,,,トックブランシュ,2.0,False
1514.0,イタリア食堂　Cucinare クッチナーレ,イタリアン,,千葉県,千葉県柏市南増尾1-27-25,471082234.0,逆井,,https://tabelog.com/chiba/A1203/A120301/12041584/,,,,イタリア食堂 Cucinare クッチナーレ,2.0,False
1516.0,Ma Cuisine( マ・キュイジーヌ）,フレンチ,,千葉県,千葉県柏市柏3-6-16磯野ビル2階,471287455.0,柏駅,https://g.page/macuisinekashiwa?share,https://macuisine.owst.jp/,https://twitter.com/BMaCuisine1,,,Ma Cuisine,2.0,False
1517.0,魚浜~さかな~,居酒屋・ダイニングバー,,千葉県,千葉県柏市柏３丁目４−８トキワ第２ビル１Ｆ,471288011.0,,https://goo.gl/maps/6RjT8KFwERymNQRq6,,,,,魚浜~さかな~,2.0,False
1518.0,クアトロ・スタジオーネ,イタリアン,,千葉県,千葉県柏市豊四季126-7,471427444.0,豊四季駅,https://goo.gl/maps/sSxB7HVDkyovAjLk7,http://quattro-stagione.co.jp/,,,,クアトロ・スタジオーネ,2.0,False
1519.0,こってりらーめん誉,ラーメン・つけ麺,ラーメン,千葉県,千葉県柏市旭町1-7-11,471459700.0,南柏,"https://maps.google.com/maps?ll=35.860304,139.970667&z=14&t=m&hl=ja&gl=US&mapclient=embed&q=%E3%80%92277-0852%20%E5%8D%83%E8%91%89%E7%9C%8C%E6%9F%8F%E5%B8%82%E6%97%AD%E7%94%BA%EF%BC%91%E4%B8%81%E7%9B%AE%EF%BC%97%E2%88%92%EF%BC%91%EF%BC%91",,,,,こってりらーめん誉,2.0,False
1520.0,焼肉処くらちゃん,焼肉,,千葉県,千葉県柏市高田837−1,471465848.0,柏駅,https://goo.gl/maps/oGVuUD9vmV35M2kV8,http://new.y-kurachan.com/,,,,焼肉処くらちゃん,2.0,False
1521.0,泰山 柏店,中華料理,,千葉県,千葉県柏市末広町１０−２０,471474301.0,,https://goo.gl/maps/zVmt84cwj2Bf2qc18,,,,,泰山,2.0,False
1522.0,割主烹従 hiryu 飛竜,ベジ・ヴィーガン,,千葉県,千葉県柏市中央町2-32,471638399.0,柏駅,https://goo.gl/maps/TKuAVPydM7yAn5Cr7,,,,,割主烹従 hiryu 飛竜,2.0,False
1523.0,東京らぁめんちよだ,ラーメン・つけ麺,ラーメン,千葉県,千葉県柏市逆井239-1,471758883.0,逆井,"https://maps.google.com/maps?ll=35.82184,139.991135&z=14&t=m&hl=ja&gl=US&mapclient=embed&q=%E3%80%92277-0042%20%E5%8D%83%E8%91%89%E7%9C%8C%E6%9F%8F%E5%B8%82%E9%80%86%E4%BA%95%EF%BC%92%EF%BC%93%EF%BC%99%E2%88%92%EF%BC%91",,,,,東京らぁめんちよだ,2.0,False
1524.0,夜空の下のビアガーデン アーユーボーワン,居酒屋・ダイニングバー,,千葉県,千葉県柏市東上町２−２４1F,471866587.0,,https://goo.gl/maps/N41KzRYPwfhoZeDL8,,,,,夜空の下のビアガーデン アーユーボーワン,2.0,False
1527.0,ソウルフードキッチン,,,千葉県,千葉県浦安市当代島１丁目５−３３,473547857.0,,https://goo.gl/maps/mF4Q2EwRfdNUVcBL9,,,,,ソウルフードキッチン,2.0,False
1528.0,洋食yabu kara bou,洋食,,千葉県,千葉県市川市妙典3-22-11-1F,473593311.0,妙典駅,https://goo.gl/maps/pRfaEMRiwaeGU59V9,http://www.yabukarabou.com/,,https://instagram.com/yabu.kara.bou?igshid=17ik1xo7cz4eb,,洋食yabu kara bou,2.0,False
1529.0,和食レストランとんでん 松戸小根本店,和食,,千葉県,千葉県松戸市小根本172-1,473602118.0,松戸駅,https://goo.gl/maps/eNK37fQs5YNuU6Lb6,,,,,和食レストランとんでん 松戸小根,2.0,False
1530.0,肉玉そば おとど,ラーメン・つけ麺,ラーメン,千葉県,千葉県松戸市上本郷901,473605858.0,松戸,"https://maps.google.com/maps?ll=35.80041,139.912438&z=14&t=m&hl=ja&gl=US&mapclient=embed&q=%E3%80%92271-0064%20%E5%8D%83%E8%91%89%E7%9C%8C%E6%9D%BE%E6%88%B8%E5%B8%82%E4%B8%8A%E6%9C%AC%E9%83%B7%EF%BC%99%EF%BC%90%EF%BC%91",,,,,肉玉そば おとど,2.0,False
1531.0,雷本店,ラーメン・つけ麺,ラーメン,千葉県,千葉県松戸市北松戸3-1-76,473665455.0,北松戸,"https://maps.google.com/maps?ll=35.801612,139.913838&z=14&t=m&hl=ja&gl=US&mapclient=embed&q=%E3%80%92271-0063%20%E5%8D%83%E8%91%89%E7%9C%8C%E6%9D%BE%E6%88%B8%E5%B8%82%E5%8C%97%E6%9D%BE%E6%88%B8%EF%BC%93%E4%B8%81%E7%9B%AE%EF%BC%91%E2%88%92%EF%BC%97%EF%BC%96",,,,,雷,2.0,False
1532.0,中華蕎麦 とみ田,ラーメン・つけ麺,つけ麺,千葉県,千葉県松戸市松戸1339,473688860.0,松戸,"https://maps.google.com/maps?ll=35.781761,139.900957&z=14&t=m&hl=ja&gl=US&mapclient=embed&q=%E3%80%92271-0092%20%E5%8D%83%E8%91%89%E7%9C%8C%E6%9D%BE%E6%88%B8%E5%B8%82%E6%9D%BE%E6%88%B8%EF%BC%91%EF%BC%93%EF%BC%93%EF%BC%99",,,,,中華蕎麦 とみ田,2.0,False
1535.0,トロピカルパラダイス [TROPICAL PARADISE],カレー,インド,千葉県,千葉県市川市南行徳3丁目2-2,473968078.0,南行徳駅,https://goo.gl/maps/xC4PnGz3fqZdGKMa7,https://www.tropicalparadise.jp/,,,,トロピカルパラダイス,2.0,False
1536.0,ビーチ・マフィン,ベジ・ヴィーガン,,神奈川県,神奈川県逗子市桜山8-3-22,468725204.0,逗子駅,https://maps.app.goo.gl/sMKnjDcPEbdfxs497,https://www.beachmuffin.com/,,https://www.facebook.com/beachmuffin/,https://instagram.com/beach_muffin?igshid=l44tbe6g3ny7,ビーチ・マフィン,1.0,False
1537.0,菜食ベジカフェはっちとみつ,ベジ・ヴィーガン,,千葉県,千葉県船橋市夏見3-24-21,474248442.0,船橋駅,https://g.page/hattiandmieze?share,,,,,菜食ベジカフェはっちとみつ,2.0,False
1538.0,FusionDinningびすとろ屋,ラーメン・つけ麺,スープなし麺,群馬県,群馬県沼田市上之町180-7,278237484.0,沼田,"https://maps.google.com/maps?ll=36.646115,139.048334&z=14&t=m&hl=ja&gl=US&mapclient=embed&q=%E3%80%92378-0047%20%E7%BE%A4%E9%A6%AC%E7%9C%8C%E6%B2%BC%E7%94%B0%E5%B8%82%E4%B8%8A%E4%B9%8B%E7%94%BA%EF%BC%91%EF%BC%98%EF%BC%90%E2%88%92%EF%BC%97",,,,,FusionDinningびすとろ屋,2.0,False
1541.0,どろそば屋ひろし,ラーメン・つけ麺,ラーメン,千葉県,千葉県習志野市大久保3-12-5,474735551.0,京成大久保,"https://maps.google.com/maps?ll=35.691194,140.050114&z=14&t=m&hl=ja&gl=US&mapclient=embed&q=%E3%80%92275-0011%20%E5%8D%83%E8%91%89%E7%9C%8C%E7%BF%92%E5%BF%97%E9%87%8E%E5%B8%82%E5%A4%A7%E4%B9%85%E4%BF%9D%EF%BC%93%E4%B8%81%E7%9B%AE%EF%BC%91%EF%BC%92%E2%88%92%EF%BC%95",,,,,どろそば屋ひろし,2.0,False
1542.0,ラシェット,フレンチ,,千葉県,千葉県習志野市谷津7-8-7AOYAGIビル1F,474766619.0,津田沼駅,https://goo.gl/maps/pdGfL5cYqBeR1foy7,http://lassiette-m.com/,,,,ラシェット,2.0,False
1544.0,レストランワイキキ,アメリカ料理,ハワイアン,千葉県,千葉県八千代市米本2150,474880080.0,村上駅,https://goo.gl/maps/G8K9dsbnMXxShd6u5,http://waikiki-aloha.com/spn/index.html,,https://instagram.com/restaurant_waikiki_yachiyo/,,レストランワイキキ,2.0,False
1546.0,RED ROSE,カレー,,千葉県,千葉県松戸市上本郷2202,477005534.0,北松戸駅,"https://www.google.com/maps/place/%E3%80%92271-0064+%E5%8D%83%E8%91%89%E7%9C%8C%E6%9D%BE%E6%88%B8%E5%B8%82%E4%B8%8A%E6%9C%AC%E9%83%B7%EF%BC%92%EF%BC%92%EF%BC%90%EF%BC%92+RED+ROSE/@35.7990715,139.9140567,13z/data=!4m2!3m1!1s0x601885f153e3ca87:0xacce0cf5487d956d?hl=ja",,,,,RED ROSE,2.0,False
1547.0,Mogu-Mogu Cafe,カフェレストラン,,千葉県,千葉県市川市市川1-23-27,477130164.0,,https://goo.gl/maps/VPACw2jtxTHWeshY9,,https://mobile.twitter.com/mogu_mogucafe,https://instagram.com/mogu_mogu.cafe/,,Mogu-Mogu Cafe,2.0,False
1549.0,蒙麺火の豚,ラーメン・つけ麺,ラーメン,埼玉県,埼玉県久喜市栗原3-2-1,480210772.0,幸手,"https://maps.google.com/maps?ll=36.074463,139.706634&z=14&t=m&hl=ja&gl=US&mapclient=embed&q=%E3%80%92346-0012%20%E5%9F%BC%E7%8E%89%E7%9C%8C%E4%B9%85%E5%96%9C%E5%B8%82%E6%A0%97%E5%8E%9F%EF%BC%93%E4%B8%81%E7%9B%AE%EF%BC%92%E2%88%92%EF%BC%91",,,,,蒙麺火の豚,2.0,False
1551.0,魚進,魚介・海鮮料理,鮮魚・惣菜店,埼玉県,埼玉県加須市元町６−２０,480610942.0,加須,https://g.page/uossiii?share,http://sakanaya-uoshin.com/,https://twitter.com/uossiiiii,https://www.instagram.com/uossi_main/?hl=ja,,魚進,2.0,False
1553.0,松五郎,居酒屋・ダイニングバー,,埼玉県,埼玉県川口市本町４丁目６−１０,482242351.0,,https://goo.gl/maps/nkQMufP3ngZDKSJ36,,,,,松五郎,2.0,False
1555.0,とん多,とんかつ,,埼玉県,埼玉県川口市芝中田１丁目８−１２,482687505.0,,https://goo.gl/maps/3vrDTbmX45VtodpJ6,,,,,とん多,2.0,False
1558.0,炭火焼酒房 譽(ほまれ),焼きとん,,埼玉県,埼玉県川口市東本郷1-6-10,482866100.0,鳩ヶ谷駅,https://goo.gl/maps/6ymtduPxKXAxmnKp6,,,,,炭火焼酒房 譽,2.0,False
1560.0,季節料理　八しま,居酒屋・ダイニングバー,,埼玉県,埼玉県川口市戸塚2-24-30,482958483.0,東川口駅,https://goo.gl/maps/4FZUXFhvr9kbxFZL7,https://tabelog.com/saitama/A1102/A110201/11015966/,,,,季節料理 八しま,2.0,False
1561.0,自家製麺 竜葵,ラーメン・つけ麺,ラーメン,埼玉県,埼玉県川口市栄町3-5-15,482999942.0,川口,"https://maps.google.com/maps?ll=35.803621,139.718539&z=14&t=m&hl=ja&gl=US&mapclient=embed&q=%E3%80%92332-0017%20%E5%9F%BC%E7%8E%89%E7%9C%8C%E5%B7%9D%E5%8F%A3%E5%B8%82%E6%A0%84%E7%94%BA%EF%BC%93%E4%B8%81%E7%9B%AE%EF%BC%95%E2%88%92%EF%BC%91%EF%BC%95",,,,,自家製麺 竜葵,2.0,False
1562.0,mahler's parlor,ベジ・ヴィーガン,,栃木県,栃木県足利市家富町2213-7ドラゴンビル1階,284215580.0,足利駅,https://goo.gl/maps/WcSn5vrZqmQuqNH48,,,https://facebook.com/MahlersParlor/,,mahler's parlor,2.0,False
1563.0,麺屋あがら,ラーメン・つけ麺,ラーメン,埼玉県,埼玉県戸田市上戸田３－１０－８,484345770.0,戸田公園,"https://www.google.com/maps?ll=35.811066,139.674333&z=14&t=m&hl=ja&gl=US&mapclient=embed&q=%E3%80%92335-0022+%E5%9F%BC%E7%8E%89%E7%9C%8C%E6%88%B8%E7%94%B0%E5%B8%82%E4%B8%8A%E6%88%B8%E7%94%B0%EF%BC%93%E4%B8%81%E7%9B%AE%EF%BC%91%EF%BC%90%E2%88%92%EF%BC%98",,,,,麺屋あがら,2.0,False
1564.0,日本料理くりはら,和食,,埼玉県,埼玉県蕨市塚越1-9-18めぞんきくの1階,484430950.0,蕨駅,https://maps.app.goo.gl/dxAxok8u2pLhCMKH7,,,,,日本料理くりはら,2.0,False
1566.0,濃厚鶏そば葵,ラーメン・つけ麺,ラーメン,埼玉県,埼玉県蕨市中央３丁目５−１,484469707.0,蕨,"https://maps.google.com/maps?ll=35.826206,139.688591&z=14&t=m&hl=ja&gl=US&mapclient=embed&q=%E3%80%92335-0004%20%E5%9F%BC%E7%8E%89%E7%9C%8C%E8%95%A8%E5%B8%82%E4%B8%AD%E5%A4%AE%EF%BC%93%E4%B8%81%E7%9B%AE%EF%BC%95%E2%88%92%EF%BC%91",,,,,濃厚鶏そば葵,2.0,False
1567.0,中華そば葵,ラーメン・つけ麺,スープなし麺,埼玉県,埼玉県川口市芝下3-9-21,484580481.0,蕨,"https://maps.google.com/maps?ll=35.840213,139.699429&z=14&t=m&hl=ja&gl=US&mapclient=embed&q=%E3%80%92333-0848%20%E5%9F%BC%E7%8E%89%E7%9C%8C%E5%B7%9D%E5%8F%A3%E5%B8%82%E8%8A%9D%E4%B8%8B%EF%BC%93%E4%B8%81%E7%9B%AE%EF%BC%99%E2%88%92%EF%BC%92%EF%BC%91",,,,,中華そば葵,2.0,False
1569.0,JAMES american food,その他,サンドウィッチ屋,埼玉県,埼玉県朝霞市西弁財1丁目5-13,484666577.0,朝霞台駅,https://g.page/james-asakadai?share,http://james-sandwich.com/,,https://www.instagram.com/j_a_m_e_s_1513/?hl=ja,,JAMES american food,2.0,False
1571.0,ココ・スプーン,カフェレストラン,洋食、和食,栃木県,栃木県足利市伊勢南町11-4,284413399.0,足利駅,https://goo.gl/maps/3N1gEvLoCcgQtn2G9,,,,https://www.instagram.com/coco__spoon/,ココ・スプーン,2.0,False
1577.0,和食レストランとんでん 北本店,和食,,埼玉県,埼玉県北本市北本4-229,485927531.0,北本駅,https://goo.gl/maps/7ux6qEwusrMPULnt9,,,,,和食レストランとんでん 北,2.0,False
1578.0,カレー食堂 心 さいたま新都心店,カレー,,埼玉県,埼玉県さいたま市中央区新都心１０けやきひろば1F,486000080.0,さいたま新都心駅,https://goo.gl/maps/R8uW7M9yLeAXjkLg6,http://cocoro-soupcurry.com/ja/,https://twitter.com/cocorosaitama,https://instagram.com/cocorosaitamashintoshin/,,カレー食堂 心,2.0,False
1580.0,ラーメンの店どでん,ラーメン・つけ麺,ラーメン,埼玉県,埼玉県さいたま市緑区三室1207-4,486071129.0,北浦和,"https://www.google.com/maps?ll=35.880002,139.672641&z=14&t=m&hl=ja&gl=US&mapclient=embed&q=%E3%80%92336-0911+%E5%9F%BC%E7%8E%89%E7%9C%8C%E3%81%95%E3%81%84%E3%81%9F%E3%81%BE%E5%B8%82%E7%B7%91%E5%8C%BA%E5%A4%A7%E5%AD%97%E4%B8%89%E5%AE%A4%EF%BC%91%EF%BC%92%EF%BC%90%EF%BC%97%E2%88%92%EF%BC%94",,,,,ラーメンの店どでん,2.0,False
1581.0,ザヤカリ,アジア・エスニック,,埼玉県,埼玉県さいたま市西区大字清河寺１２４４−１小川ビル1F,486232655.0,西大宮駅,https://goo.gl/maps/35wtERCWtzWaF3UU9,,,,,ザヤカリ,2.0,False
1582.0,えちごや,中華料理,,埼玉県,埼玉県さいたま市西区三橋６丁目１７４３−８６,486236338.0,西大宮駅,https://goo.gl/maps/7Jm7wDfcNLvYqdpk8,http://etigoya.yukigesho.com/,https://twitter.com/ramenetigoya5,,,えちごや,2.0,False
1583.0,多満利屋,居酒屋・ダイニングバー,,埼玉県,埼玉県さいたま市西区大字指扇２３４０,486238161.0,指扇駅,https://goo.gl/maps/PzXUezEHZNJYhX7Q6,,,https://www.instagram.com/tamariya8/,,多満利屋,2.0,False
1584.0,鰻正,うなぎ,,埼玉県,埼玉県さいたま市西区大字西遊馬１２７２−４,486243571.0,指扇駅,https://goo.gl/maps/WVAc7m857P7KYcZw6,,,,,鰻正,2.0,False
1585.0,ボワ・トスカーナ,ピザ,,埼玉県,埼玉県さいたま市西区宮前町５００−１,486251071.0,西大宮駅,https://goo.gl/maps/TEu3Fgnn3P2R5KbP9,http://www.romantic-kaido.co.jp/shop/boistoscana/,https://twitter.com/AXRQ1ZoNV55VnLk,,,ボワ・トスカーナ,2.0,False
1586.0,トラットリア ボナペティ 大和田店,イタリアン,,埼玉県,埼玉県さいたま市見沼区大和田町１丁目６９５−１,486272605.0,大和田駅,https://g.page/trattoria_bonappetit?share,https://trattoriabonappetit.owst.jp/,,,,トラットリア ボナペティ,2.0,False
1587.0,栗豚と彩たまごのお店 Cafe Sangria,カフェレストラン,,埼玉県,埼玉県さいたま市南区文蔵5‐19‐17ヒルズ文蔵1F,486375053.0,南浦和駅,https://g.page/cafesangria?share,https://www.cafesanguria.com/,https://twitter.com/CafeSangria,https://instagram.com/cafesangria/,,栗豚と彩たまごのお店 Cafe Sangria,2.0,False
1588.0,レストラン アキュイ パー ペルショワール,フレンチ,,埼玉県,埼玉県さいたま市大宮区三橋１丁目１３３１,486402532.0,大宮駅,https://goo.gl/maps/oCVm3RKWdUa8K8ga6,https://la-clairiere.jp/mihashi/restaurant/,,,,レストラン アキュイ パー ペルショワール,2.0,False
1589.0,天ぷらあづま,天ぷら,,埼玉県,埼玉県さいたま市大宮区宮町1-67,486410247.0,大宮駅,https://maps.app.goo.gl/7Cz2Ft3Zeo5FdH1m9,,,,,天ぷらあづま,2.0,False
1590.0,やきとり弁慶,焼き鳥,,埼玉県,埼玉県さいたま市大宮区大門町１丁目１４,486412455.0,大宮駅,https://goo.gl/maps/STPPibEHJPrDEdhi7,,,,,やきとり弁慶,2.0,False
1591.0,ごはん家 田島,和食,,埼玉県,埼玉県さいたま市大宮区桜木町２丁目７−７,486416218.0,大宮駅,https://goo.gl/maps/dxbK1bVmeb7kKhk98,,,,,ごはん家 田島,2.0,False
1592.0,アルピーノ,フレンチ,,埼玉県,埼玉県さいたま市大宮区北袋町１丁目１３０,486419489.0,さいたま新都心駅,https://goo.gl/maps/hhiX6JqsSqKx6eMh8,http://www.alpino.co.jp/,,https://instagram.com/alpinomura/,,アルピーノ,2.0,False
1593.0,Danapani,アジア・エスニック,,埼玉県,埼玉県さいたま市大宮区上小町５９９−１,486421500.0,大宮駅,https://goo.gl/maps/PQCgHeFEujwyuXDy7,https://cou5.shimazu-yoshihiro.net/curry/index.html,,,,Danapani,2.0,False
1594.0,神家食堂,イタリアン,,埼玉県,埼玉県さいたま市大宮区大門町３丁目５０VIPROYAL氷川台１F,486423833.0,大宮駅,https://goo.gl/maps/CEZtzFY6VsCoushz6,,,https://instagram.com/kamiya.syokudou/,,神家食堂,2.0,False
1595.0,大宮手打ち蕎麦 吉敷末広,そば・うどん,,埼玉県,埼玉県さいたま市大宮区吉敷町４丁目１３４,486426105.0,さいたま新都心駅,https://goo.gl/maps/AqyBVHRVp9qN6J5Z7,https://kisikisuehiro.com/,https://twitter.com/kisikisuehiro8,https://www.instagram.com/omiyasoba_kisikisuehiro/,,大宮手打ち蕎麦 吉敷末広,2.0,False
1596.0,ティ・トーク のさか,餃子,,埼玉県,埼玉県さいたま市大宮区堀の内町１丁目－１９７,486430509.0,大宮駅,https://goo.gl/maps/j1JEZb31G1A2DHnB6,,,,,ティ・トーク のさか,2.0,False
1597.0,むーんしゃいん,中華料理,,埼玉県,埼玉県さいたま市大宮区大門町２丁目１１３−３,486432674.0,大宮,https://g.page/moonshine_omiya?share,,,https://www.instagram.com/moonshine_omiya/,,むーんしゃいん,2.0,False
1598.0,洋風ごはん アルファ,洋食,,埼玉県,埼玉県さいたま市大宮区桜木町１丁目１７８,486433900.0,大宮駅,https://goo.gl/maps/1LmLG6PVLTAs9xpc8,,,,,洋風ごはん アルファ,2.0,False
1599.0,小山屋,そば・うどん,,埼玉県,埼玉県さいたま市大宮区寿能町１丁目１０５−１０,486434428.0,大宮公園駅,https://goo.gl/maps/foeQgKGckPtJTz1V8,,,,,小山屋,2.0,False
1600.0,一の家,和食,,埼玉県,埼玉県さいたま市大宮区高鼻町2-276,486440165.0,北大宮駅,https://goo.gl/maps/Gsu3gMHxUNEutHqNA,www.ichinoya.info,,https://www.instagram.com/omiya_ichinoya/,,一の家,2.0,False
1601.0,大宮コーヒーロースターズ,カフェレストラン,,埼玉県,埼玉県さいたま市大宮区桜木町１丁目１６０,486446851.0,大宮駅,https://goo.gl/maps/EeczVHYoj9Q9tiSt5,http://www.oomiyacoffeeroastars.com/,,https://www.instagram.com/oomiyacoffee/,,大宮コーヒーロースターズ,2.0,False
1602.0,素敵屋さん,洋食,,埼玉県,埼玉県さいたま市大宮区北袋町1-147アルピーノ村,486449961.0,さいたま新都心駅,https://goo.gl/maps/ZiGAV9vJF96xm9H96,https://www.alpino.co.jp/suteki/,,,,素敵屋さん,2.0,False
1603.0,酒蔵力 大宮西口店,居酒屋・ダイニングバー,,埼玉県,埼玉県さいたま市大宮区桜木町１丁目３−２,486451228.0,大宮駅,https://goo.gl/maps/QS2aNUS5PyPyj8DK6,http://www.ri-ki.co.jp/,,,,酒蔵力,2.0,False
1604.0,大宮 甲羅本店,和食,,埼玉県,埼玉県さいたま市大宮区桜木町４丁目４８９−１,486495522.0,北与野駅,https://goo.gl/maps/rxzrDoWxxACZcgpeA,http://www.kora-honten.jp/e_oomiya/index.html,,https://instagram.com/korahonten_oomiya/,,大宮 甲羅,2.0,False
1606.0,彩とり鶏,居酒屋・ダイニングバー,,埼玉県,埼玉県さいたま市北区植竹町１丁目１－２５７,486515449.0,北大宮駅,https://goo.gl/maps/doaLT8jHazwswdiGA,,https://twitter.com/buco1971,,,彩とり鶏,2.0,False
1607.0,王龍,中華料理,,埼玉県,埼玉県さいたま市浦和区東高砂町３−２,486781616.0,浦和駅,https://goo.gl/maps/osvye1uVYyDggTeX9,http://wongrong.web.fc2.com/,,,,王龍,2.0,False
1608.0,カジュアルフレンチアミー,フレンチ,,埼玉県,埼玉県さいたま市浦和区東高砂町２０−２０T-BRICKビル２階,486783700.0,浦和駅,https://goo.gl/maps/rWDfEQoJz8qdR1QV6,http://amis-table.sweet.coocan.jp/,,https://www.instagram.com/kokoropapa1023/,,カジュアルフレンチアミー,2.0,False
1609.0,やきとり大ちゃん,焼き鳥,,埼玉県,埼玉県さいたま市浦和区東仲町１１−３,486783911.0,浦和駅,https://goo.gl/maps/ThQA69SKxhiuAM14A,http://yakitoridaichan.web.fc2.com/top.html,https://twitter.com/daichan_urawa,,,やきとり大ちゃん,2.0,False
1610.0,ファミリー割烹　みなみ,和食,,埼玉県,埼玉県さいたま市見沼区大字大谷1751-1,486839397.0,七里駅,https://goo.gl/maps/LPgPFRpWd1t2oFw46,,,,,ファミリー割烹 みなみ,2.0,False
1612.0,香草イタリア料理あらじん,イタリアン,,埼玉県,埼玉県さいたま市見沼区卸町1-7,486867569.0,東大宮駅,https://maps.app.goo.gl/CmCv7EnxKP9Tz1Mb6,,,,,香草イタリア料理あらじん,2.0,False
1613.0,ギャラリー喫茶 ArtWay,カフェレストラン,,埼玉県,埼玉県さいたま市見沼区南中丸376-7,486872653.0,大和田駅,https://goo.gl/maps/97RCZXLPYzfJdoYh9,,,https://instagram.com/artway.mai/,,ギャラリー喫茶 ArtWay,2.0,False
1614.0,麺飯菜館じょうじょう,中華料理,,埼玉県,埼玉県さいたま市見沼区東大宮５丁目３０−３０−２,486892233.0,東大宮駅,https://goo.gl/maps/pBTqwcTejkwKuV516,http://red.ap.teacup.com/jo-jo/,,,,麺飯菜館じょうじょう,2.0,False
1615.0,中華そば弌,ラーメン・つけ麺,,埼玉県,埼玉県さいたま市見沼区東大宮５丁目３０−３,486992251.0,東大宮駅,https://goo.gl/maps/bAzuVSoex6gvJbWb9,https://goyell-ichi.com/,https://twitter.com/tyusoba_ichi,,,中華そば弌,2.0,False
1616.0,COVO,バー,,埼玉県,埼玉県さいたま市浦和区北浦和３丁目１−４,487052015.0,北浦和駅,https://goo.gl/maps/MphkRk5tvfWQhDU39,https://tabelog.com/saitama/A1101/A110102/11044800/,,,,COVO,2.0,False
1617.0,cafe&roaster Strange Fruit カフェ＆ロースター ストレンジフルーツ,カフェレストラン,,埼玉県,埼玉県さいたま市中央区上落合５丁目２−２,487081610.0,北与野駅,https://goo.gl/maps/7wtrmXHv3kpqBJpa8,https://caferoaster-strange-fruit.business.site/,https://twitter.com/cafe_roaster,https://www.facebook.com/pages/category/Coffee-Shop/%E3%82%AB%E3%83%95%E3%82%A7%E3%83%AD%E3%83%BC%E3%82%B9%E3%82%BF%E3%83%BC-%E3%82%B9%E3%83%88%E3%83%AC%E3%83%B3%E3%82%B8%E3%83%95%E3%83%AB%E3%83%BC%E3%83%84-1585565574860271/,,cafe&roaster Strange Fruit カフェ＆ロースター ストレンジフルーツ,1.0,False
1618.0,ナチュラルダイニング菜素美,居酒屋・ダイニングバー,,埼玉県,埼玉県さいたま市浦和区高砂１丁目２−１エイペックスタワー浦和1111F,487111148.0,浦和駅,https://goo.gl/maps/guSrDDd2ihsKFeEZ9,,https://twitter.com/0605nasubi,,,ナチュラルダイニング菜素美,2.0,False
1619.0,087cafe ~OHANA~,居酒屋・ダイニングバー,,埼玉県,埼玉県さいたま市緑区東浦和１丁目５−１１,487111243.0,東浦和駅,https://g.page/087cafe?share,https://ohana.works/,https://twitter.com/ohana_works,https://instagram.com/ohana.works/,,087cafe ~OHANA~,2.0,False
1620.0,ワンステップ 南浦和店、ワンステップ浦和店,イタリアン,,埼玉県,埼玉県さいたま市南区南浦和2-35-5,487111992.0,南浦和駅,https://g.page/ONESTEPMINAMIURAWA?share,https://onestep.therestaurant.jp/,https://twitter.com/onestep15,https://instagram.com/onestep.minamiurawa/?hl=ja,,ワンステップ,2.0,False
1621.0,BEETLE浦和,和食,,埼玉県,埼玉県さいたま市浦和区仲町1-10-1PORAMビルディング1F,487113803.0,浦和駅,https://goo.gl/maps/g4c9mEk5knxgudq39,https://tabelog.com/saitama/A1101/A110102/11045239/,,,,BEETLE浦和,2.0,False
1622.0,チーズ料理レストラン VOLENTE-048(ヴォランティゼロヨンハチ),フレンチ,,埼玉県,埼玉県さいたま市浦和区仲町１丁目１０−１５ATビル1F,487114208.0,さいたま新都心駅,https://goo.gl/maps/s7pbNmSbdVvCFmHq6,http://xn--zck4a8fj2b8713bnmwb.com/,https://twitter.com/volente048,https://instagram.com/volente048/,,チーズ料理レストラン VOLENTE-048,1.0,False
1623.0,まめぞう 浦和店,ラーメン・つけ麺,,埼玉県,埼玉県さいたま市緑区大字中尾２３８−１,487114239.0,東浦和駅,https://goo.gl/maps/ejJCcg8cwX54D48W7,http://jincle.com/shop/mamezo,https://twitter.com/mameramen,,,まめぞう,2.0,False
1624.0,燻製居酒屋 いぶし仲町,居酒屋・ダイニングバー,,埼玉県,埼玉県さいたま市浦和区東仲町１５−１２,487114448.0,浦和駅,https://goo.gl/maps/phXiWrvHzAMH69Pt9,,,https://instagram.com/ryutaibushi/,,燻製居酒屋 いぶし仲町,2.0,False
1625.0,洋食居酒屋 akichi,居酒屋・ダイニングバー,,埼玉県,埼玉県さいたま市浦和区仲町１丁目８−１,487116155.0,浦和駅,https://goo.gl/maps/xMX3ZJmvdJi8nuZW9,https://urawa-akichi.owst.jp/,https://twitter.com/urawaakichi,https://instagram.com/akichi2014urawa/,,洋食居酒屋 akichi,2.0,False
1626.0,茶ちゃまる,イタリアン,,埼玉県,埼玉県さいたま市中央区上落合３丁目７−１０,487116637.0,北与野駅,https://goo.gl/maps/AdKE9Loq6S86C5kR6,https://chachamaru-saitama.owst.jp/,,https://instagram.com/chachamaruchachamaru/,,茶ちゃまる,2.0,False
1627.0,自然食cafe木々音,カフェレストラン,,埼玉県,埼玉県さいたま市南区太田窪５丁目７−４,487118141.0,南浦和駅,https://g.page/kokone1129-ne-jp?share,,,https://instagram.com/cafe.kokone/,,自然食cafe木々音,2.0,False
1629.0,むくむく食堂,定食・食堂,,埼玉県,埼玉県さいたま市南区文蔵２丁目１０−７,487411838.0,南浦和駅,https://goo.gl/maps/32B8vynCLxpiPxrE8,https://www.instagram.com/mukumukushokudo/?hl=ja,,https://www.instagram.com/mukumukushokudo/,,むくむく食堂,2.0,False
1630.0,SOMETHING Bella Gioia,イタリアン,,埼玉県,埼玉県さいたま市南区沼影1-13-1　ナリアテラス1F,487491330.0,武蔵浦和駅,https://goo.gl/maps/tDQLJPkrYSpntYvZ9,,,https://www.instagram.com/something_bella_gioia/?hl=ja,,SOMETHING Bella Gioia,2.0,False
1632.0,レストラン ラ・ヴォワール,フレンチ,,埼玉県,埼玉県さいたま市浦和区仲町１丁目１１−１２,487539272.0,浦和駅,https://goo.gl/maps/nroPjWgRTv4rbSf86,https://r.gnavi.co.jp/ga2y600/,,https://instagram.com/la_voile426/,,レストラン ラ・ヴォワール,2.0,False
1633.0,餃子の宮でんでん,餃子,,埼玉県,埼玉県さいたま市中央区上峰１丁目１−３,487539398.0,南与野駅,https://goo.gl/maps/8uL4cSmEHiKEqpjQ9,http://denden-gyouza.com/,,,,餃子の宮でんでん,2.0,False
1634.0,味噌ラーメン専門店　日月堂　与野本町店,ラーメン・つけ麺,,埼玉県,埼玉県さいたま市中央区本町東1-3-18,487559020.0,与野本町駅,https://goo.gl/maps/Unkpt77SBxDVTV3V7,,,,,味噌ラーメン専門店 日月堂,2.0,False
1635.0,永楽,中華料理,,埼玉県,埼玉県さいたま市岩槻区西町１丁目４−７,487562498.0,岩槻駅,https://goo.gl/maps/4huiSyhXEhvmUmSX7,https://eirakushokudou.owst.jp/,,,,永楽,2.0,False
1636.0,食遊楽はっこん家,居酒屋・ダイニングバー,,埼玉県,埼玉県さいたま市岩槻区本町３丁目１３−１５,487579961.0,岩槻駅,https://goo.gl/maps/zm7DvEz1cTRjTsvK9,,https://twitter.com/wakahy,,,食遊楽はっこん家,2.0,False
1637.0,cafe&natural Foods fu.fu.fu plus,ベジ・ヴィーガン,,埼玉県,埼玉県さいたま市岩槻区大字南辻124,487584900.0,岩槻駅,https://goo.gl/maps/PatrG74xGzyUV98q6,,,,,cafe&natural Foods fu.fu.fu plus,2.0,False
1638.0,スペインバル・エルマニータ,スペイン料理,,埼玉県,埼玉県さいたま市浦和区北浦和１丁目２−１５,487623114.0,北浦和駅,https://goo.gl/maps/ZtZqfU51z1Jgfmti9,https://spainhermanita.owst.jp/,,,,スペインバル・エルマニータ,2.0,False
1639.0,ロコズアイナ,アメリカ料理,ハワイアンダイニングバー,埼玉県,埼玉県さいたま市中央区下落合2-19-12,487623753.0,与野駅,https://goo.gl/maps/Qp3k7NSLZDtxYWkZ7,,https://twitter.com/hawaiankafekynV,https://instagram.com/locosaina?igshid=ytcru66jziuv,,ロコズアイナ,2.0,False
1640.0,那須家宗庵,そば・うどん,,埼玉県,埼玉県さいたま市南区関２丁目７−１８,487623806.0,中浦和駅,https://goo.gl/maps/BhxHgLEFYuscG8XZA,http://nasuya.jp/,,,,那須家宗庵,2.0,False
1641.0,王龍餃子房,中華料理,,埼玉県,埼玉県さいたま市浦和区上木崎１丁目３－３２,487626219.0,与野駅,https://goo.gl/maps/AACXs1iD3ynaaFcj7,https://tabelog.com/saitama/A1101/A110101/11043690/,,,,王龍餃子房,2.0,False
1642.0,鮨つかと,寿司,,埼玉県,埼玉県さいたま市浦和区仲町１丁目１０−２３KAMEYAビル1F,487626481.0,浦和駅,https://g.page/sushitukato?share,https://sushitsukato.owst.jp/,https://twitter.com/sushitsukatodeb,,,鮨つかと,2.0,False
1643.0,アクアコッタ,イタリアン,,埼玉県,埼玉県さいたま市中央区下落合７丁目６−１３,487627682.0,与野本町駅,https://goo.gl/maps/bST6y7buymtyKKFs7,http://www.acquacotta2014.com/,,,,アクアコッタ,2.0,False
1644.0,デクの海小屋,魚介・海鮮料理,,埼玉県,埼玉県さいたま市中央区上落合２丁目３−１,487629007.0,北与野駅,https://goo.gl/maps/Ns7Aq6pW9NmXN7oTA,https://dekunoumigoya.owst.jp/,,https://instagram.com/deku.umigoya/,,デクの海小屋,2.0,False
1646.0,ギャラリー南風蔵の家,カフェレストラン,,埼玉県,埼玉県さいたま市中央区本町西２丁目２−２４,487648850.0,与野本町駅,https://goo.gl/maps/jo4abPMjprq1ZrXXA,http://gallery-minakaze.sakura.ne.jp/,,,,ギャラリー南風蔵の家,2.0,False
1647.0,Bistro Coeur,フレンチ,,埼玉県,埼玉県さいたま市浦和区北浦和１丁目１５−１０,487673226.0,北浦和駅,https://goo.gl/maps/hzPQij2aTb4Uax4j8,http://bistrocoeur.com/,https://twitter.com/bistrocoeur,https://instagram.com/bistro_coeur/,,Bistro Coeur,2.0,False
1649.0,くずし割烹sawa,和食,割烹・日本料理,埼玉県,埼玉県さいたま市中央区下落合3-1-20,487676430.0,与野駅,https://goo.gl/maps/qPmuYAWnEufh8Xty8,https://localplace.jp/sp/t200466190/,,https://instagram.com/k_k_sawa?igshid=skaiqfyeckog,,くずし割烹sawa,2.0,False
1653.0,La Tomateria,イタリアン,,埼玉県,埼玉県さいたま市大宮区桜木町２丁目2−１５８−２,487787950.0,大宮駅,https://goo.gl/maps/ARatVgwi3AN14Akn9,https://www.la-tomateria.com/,,https://www.instagram.com/000la.tomateria000/,,La Tomateria,2.0,False
1654.0,やきとり達ちゃん,焼き鳥,,埼玉県,埼玉県さいたま市大宮区寿能町１丁目１２１−３,487798264.0,大宮公園駅,https://goo.gl/maps/CezaptLwYhj76goJ8,https://profile.ameba.jp/ameba/yakitori1001/,https://twitter.com/tatsuya_e0920,,,やきとり達ちゃん,2.0,False
1655.0,ローマピザとチーズのバル ConeYaki-048,イタリアン,,埼玉県,埼玉県さいたま市大宮区大門町３丁目3−１９７星野第２ビル1F,487825059.0,大宮駅,https://g.page/ConeYaki?share,http://coneyaki.com/,https://twitter.com/ConeYaki048,https://instagram.com/coneyaki048/,,ローマピザとチーズのバル ConeYaki-048,2.0,False
1656.0,氷川ブリュワリー,ビールバー,,埼玉県,埼玉県さいたま市大宮区高鼻町１丁目３６−１,487835123.0,大宮駅,https://goo.gl/maps/y6kH1fpD7138Dy497,https://hikawa-brewery.com/,https://twitter.com/hikawabrewery,,,氷川ブリュワリー,2.0,False
1657.0,カフェ＆バー ポコリット,居酒屋・ダイニングバー,,埼玉県,埼玉県さいたま市南区別所７丁目９−９VINESTERRACE#D,487897703.0,武蔵浦和駅,https://goo.gl/maps/aXE22mkQvKZaH9vY9,http://www.poco-rit.jp/aboutus.html,,https://instagram.com/vines_terrace_pocorit/,,カフェ＆バー ポコリット,1.0,False
1658.0,むさしや,そば・うどん,,埼玉県,埼玉県さいたま市中央区本町東４丁目９−８,487897877.0,与野本町駅,https://goo.gl/maps/EwTyx4GD3uuvJJet6,,,,,むさしや,2.0,False
1659.0,ラ プロメッサ,イタリアン,,埼玉県,埼玉県さいたま市浦和区上木崎１丁目３−３２,487992133.0,与野駅,https://goo.gl/maps/qXGqNFCfzjvfbvuJ6,https://la-promessa.gorp.jp/,,https://instagram.com/promessa.2017/,,ラ プロメッサ,2.0,False
1660.0,テッパンバル グリリア,ステーキ・ハンバーグ,,埼玉県,埼玉県さいたま市浦和区仲町１丁目５−２,487992721.0,浦和駅,https://goo.gl/maps/UQz7rqLcXizMoDvL6,https://gfmw100.gorp.jp/,,,,テッパンバル グリリア,2.0,False
1661.0,タイキッチン・ウアムファン,タイ料理,,埼玉県,埼玉県さいたま市浦和区北浦和1丁目6-1,487993558.0,北浦和駅,https://goo.gl/maps/3v7dTeCsnih2jLvn6,https://goo.gl/maps/3v7dTeCsnih2jLvn6,,https://instagram.com/uamfan_nahoko?igshid=11eb1zatzdkny,,タイキッチン・ウアムファン,2.0,False
1662.0,すし 二乃宮,寿司,,埼玉県,埼玉県さいたま市浦和区仲町１丁目４−１７,488143377.0,浦和駅,https://goo.gl/maps/12rsopxMVSs7XQLW9,https://sushi-ninomiya.jp/,,,,すし 二乃宮,2.0,False
1663.0,なつめ庵,その他,薬膳　スープ　粥,埼玉県,埼玉県さいたま市浦和区仲町1-11-2日建プリムローズ201,488150055.0,浦和駅,https://g.page/natsumean?share,,,,,なつめ庵,2.0,False
1664.0,手打そば 尾沼,そば・うどん,,埼玉県,埼玉県さいたま市中央区上落合５丁目２−３,488166836.0,北与野駅,https://goo.gl/maps/Ky8vGY2MgRXCNcyL6,http://www006.upp.so-net.ne.jp/soba-onuma/,,,,手打そば 尾沼,2.0,False
1665.0,SOMETHING　サムシング浦和本店,イタリアン,,埼玉県,埼玉県さいたま市浦和区仲町2-1-5　浦和仲町ＫＳビル1・2Ｆ,488220847.0,浦和駅,https://goo.gl/maps/jmx4Vf7wSw5z1L3v5,,,https://www.instagram.com/something_urawa_italian/?hl=ja,,SOMETHING サムシング浦和,2.0,False
1666.0,うなぎの満寿家,うなぎ,,埼玉県,埼玉県さいたま市浦和区岸町７丁目１−３,488221101.0,浦和駅,https://goo.gl/maps/bpGPJFdYg4sXQJrN8,http://www.unagi-masuya.com/,,,,うなぎの満寿家,2.0,False
1667.0,旬菜料理 でんご,居酒屋・ダイニングバー,,埼玉県,埼玉県さいたま市浦和区仲町２丁目１７−１０柳田ビル1F,488225103.0,浦和駅,https://goo.gl/maps/Uzf2wWXwVY3Kd5ba9,http://www.dengo2008.com/index.html,,https://www.instagram.com/dengo2008/,,旬菜料理 でんご,2.0,False
1668.0,つけ麺R&B,ラーメン・つけ麺,,埼玉県,埼玉県さいたま市中央区下落合1032,488228763.0,与野駅,https://goo.gl/maps/mnsXWED1MWdxvJjM7,,,,,つけ麺R&B,2.0,False
1669.0,すし居酒屋 さかなや道場 与野西口店,和食,居酒屋,埼玉県,埼玉県さいたま市浦和区上木崎1-8-4フレスポ与野2F,488237113.0,与野駅,https://goo.gl/maps/Qp19AMo9rnMLSTDW8,https://r.gnavi.co.jp/g863273/,,,,すし居酒屋 さかなや道場,2.0,False
1670.0,スウィート バジル 与野 本店,イタリアン,,埼玉県,埼玉県さいたま市中央区大字下落合１０３１−１,488238896.0,与野駅,https://goo.gl/maps/QrKFhUEULaBNDqqD7,http://www.italian-sweetbasil.com/,,,,スウィート バジル 与野,2.0,False
1671.0,サムシング・クアトロ,イタリアン,,埼玉県,埼玉県さいたま市浦和区北浦和　4-3-11ココビル2F,488239335.0,北浦和駅,https://goo.gl/maps/f4gsL943hDBUhni67,,,https://www.instagram.com/somethingquattro/?hl=ja,,サムシング・クアトロ,2.0,False
1672.0,バール・トラットリア ディアボラ浦和店,イタリアン,,埼玉県,埼玉県さいたま市浦和区仲町１丁目５−１５,488241511.0,浦和駅,https://goo.gl/maps/KwTUWwwQ5jMcUCRK6,,,https://instagram.com/diavolaurawa/,,バール・トラットリア,1.0,False
1673.0,生駒中華料理,中華料理,,埼玉県,埼玉県さいたま市浦和区常盤7丁目2-1,488245425.0,北浦和駅,https://maps.app.goo.gl/G6ygjF2pmQp42MzG7,,,,,生駒中華料理,2.0,False
1674.0,Bar Ash saitama,バー,,埼玉県,埼玉県さいたま市浦和区仲町１丁目８−３,488246100.0,浦和駅,https://goo.gl/maps/1XuuC8ry9eFLTy326,,https://twitter.com/barashsaitama,https://instagram.com/satoshi5856/,,Bar Ash saitama,2.0,False
1675.0,どうどう 浦和,魚介・海鮮料理,,埼玉県,埼玉県さいたま市浦和区高砂２丁目１４−１７第二高砂ビル1F日建高砂マンション,488250071.0,浦和駅,https://goo.gl/maps/XF35Rcn22oHsZQXn7,,,https://www.instagram.com/doudou19780525/,,どうどう 浦和,2.0,False
1676.0,新arata,和食,,埼玉県,埼玉県さいたま市浦和区仲町１丁目６−４,488251112.0,浦和駅,https://goo.gl/maps/ASR12SMnSkZvs4yq5,http://www.hinihiniarata.com/,,,,新arata,1.0,False
1677.0,楽笑　北浦和西口店,和食,,埼玉県,埼玉県さいたま市浦和区北浦和4-3-16,488252622.0,北浦和駅,https://g.co/kgs/vhC25s,http://homedining2004.com/,,,,楽笑,2.0,False
1678.0,うなぎ彦星,和食,,埼玉県,埼玉県さいたま市浦和区高砂2ｰ8ｰ9ナカギンザビル,488259157.0,浦和駅,https://goo.gl/maps/jf2r4hqXaS3f14Y86,http://unagi-hikoboshi.com/,,,,うなぎ彦星,1.0,False
1679.0,啓徳,中華料理,,埼玉県,埼玉県さいたま市浦和区上木崎1-10-15入江ビル1F,488260115.0,与野駅,https://goo.gl/maps/gDh3BUCcoFovN24L8,,,,,啓徳,2.0,False
1680.0,THE OYSTER BAR YUMMY 浦和店,居酒屋・ダイニングバー,,埼玉県,埼玉県さいたま市浦和区高砂２丁目１４−１３2F,488265434.0,浦和駅,https://goo.gl/maps/fHEV7pKmqvTtDw8b9,https://gg1p101.gorp.jp/,,https://www.instagram.com/tob_yummy/,,THE OYSTER BAR YUMMY,2.0,False
1681.0,神戸焼鳥つくねや　与野店,和食,,埼玉県,埼玉県さいたま市中央区大字下落合1032,488266581.0,与野駅,https://goo.gl/maps/hMq1sdWkmsjZ7urx9,,,,,神戸焼鳥つくねや,2.0,False
1682.0,居酒屋二十六屋,居酒屋・ダイニングバー,,埼玉県,埼玉県さいたま市中央区上落合８丁目３−２６,488297269.0,大宮駅,https://g.page/nijyurokuya,https://nijyurokuya.shopinfo.jp/,https://twitter.com/nijyurokuya,,,居酒屋二十六屋,2.0,False
1683.0,ろばた焼 和和,居酒屋・ダイニングバー,,埼玉県,埼玉県さいたま市浦和区北浦和４丁目５−８吉田ビルB1F,488297538.0,北浦和駅,https://g.page/robatayaki-7575?share,https://www.nagonago.co.jp/,,,,ろばた焼 和和,2.0,False
1684.0,焼肉万里 武蔵浦和店,焼肉,,埼玉県,埼玉県さいたま市南区南７丁目７−７,488299247.0,武蔵浦和駅,https://goo.gl/maps/msrSK5XXHQW59sre8,http://www.sankofoods.com/shop/banri/,,,,焼肉万里,2.0,False
1685.0,中華楼,中華料理,,埼玉県,埼玉県さいたま市浦和区常盤１０丁目９−１３,488311616.0,北浦和駅,https://goo.gl/maps/uh3vGJt88AkH6qhDA,http://xn--fiqr97dmws.com/index.html,https://twitter.com/fukutarow,https://instagram.com/tiger.kk/,,中華楼,2.0,False
1686.0,鮨司,寿司,,埼玉県,埼玉県さいたま市浦和区常盤１０丁目９−１５,488323908.0,北浦和駅,https://goo.gl/maps/M52QdVpEPgwz2GDq7,,,https://www.instagram.com/tsukasaflstf97/,,鮨司,2.0,False
1687.0,和食とおでん 真路n,和食,,埼玉県,埼玉県さいたま市浦和区高砂２丁目２−１ほしみつビル6F,488336868.0,浦和駅,https://goo.gl/maps/ZZA2axutgtZyimTr8,,,https://instagram.com/oden.maron/,,和食とおでん 真路n,2.0,False
1688.0,ビストロアミー,フレンチ,,埼玉県,埼玉県さいたま市浦和区岸町４丁目１−３５,488344333.0,浦和駅,https://goo.gl/maps/vbtRkYgjGGP46B6X7,https://bistroamis.owst.jp/,,,,ビストロアミー,2.0,False
1689.0,朱苑 浦和高砂店,焼肉,,埼玉県,埼玉県さいたま市浦和区高砂２丁目２−１,488352941.0,浦和駅,https://goo.gl/maps/t9mJBcRiVev89XEGA,https://www.hotpepper.jp/strJ000060808/?vos=nhpp03,https://twitter.com/shuenurawatalpq,,,朱苑,2.0,False
1691.0,たぬきや,そば・うどん,,埼玉県,埼玉県さいたま市中央区上落合２丁目１０−６,488521553.0,北与野駅,https://goo.gl/maps/wMLLfauuzz2a2VV67,,,,,たぬきや,2.0,False
1692.0,武蔵野うどん 藤原 北与野本店,そば・うどん,,埼玉県,埼玉県さいたま市中央区上落合３丁目１２−３６ニューシティマンション1F,488527500.0,北与野駅,https://goo.gl/maps/RXFCPEA8f1RFwFRJ6,https://foodplace.jp/udon-fujiwara/,https://twitter.com/udon_fujiwara?ref_src=twsrc%5Egoogle%7Ctwcamp%5Eserp%7Ctwgr%5Eauthor,,,武蔵野うどん 藤原 北与野,2.0,False
1693.0,イタリアンダイニング　ターボラディジロ,イタリアン,,埼玉県,埼玉県さいたま市中央区八王子４丁目１２−１３,488532021.0,与野本町駅,https://goo.gl/maps/t4okMPgikEG5CwwL9,,,,,イタリアンダイニング ターボラディジロ,2.0,False
1694.0,かづや,そば・うどん,,埼玉県,埼玉県さいたま市中央区下落合６丁目７−１０,488535451.0,与野本町駅,https://goo.gl/maps/KYPoc5ri78SDoRRU7,,https://twitter.com/YonohonmachiK,,,かづや,2.0,False
1695.0,いちごいちえ,和食,,埼玉県,埼玉県さいたま市中央区本町西1-13-13,488546268.0,与野本町駅,https://goo.gl/maps/KbwfcDeicyAsNDyp7,https://tabelog.com/saitama/A1101/A110101/11008071/,,,,いちごいちえ,2.0,False
1696.0,すし酒屋ちゃりん,魚介・海鮮料理,,埼玉県,埼玉県さいたま市中央区上落合４丁目５−６1F,488565444.0,北与野駅,https://goo.gl/maps/RDKfhaeJoPfUvuWP7,http://sushi-charin.com/,,,,すし酒屋ちゃりん,2.0,False
1697.0,居酒屋てつ屋,和食,,埼玉県,埼玉県さいたま市中央区上落合3丁目7-10,488579997.0,北与野駅,https://goo.gl/maps/C1o2aSDxmFE3eJLy9,,,,,居酒屋てつ屋,2.0,False
1698.0,京雀(きょうすずめ),和食,,埼玉県,埼玉県さいたま市中央区本町西1-3-24,488585675.0,与野本町駅,https://goo.gl/maps/6VK9CWmT9P9Q1SqU7,http://kyosuzume.onamae.jp/index.html,,,,京雀,2.0,False
1700.0,GALA BAR MIZUNO,居酒屋・ダイニングバー,,埼玉県,埼玉県さいたま市中央区上落合４丁目２−２３,488593511.0,北与野駅,https://goo.gl/maps/uv8h1iizdht1qZxk8,https://gala-mizuno.com/,,,,GALA BAR MIZUNO,2.0,False
1702.0,ＯｐｅｎＫｉｔｃｈｅｎ然,ステーキ・ハンバーグ,,埼玉県,埼玉県さいたま市浦和区仲町４丁目２−１７,488618629.0,浦和駅,https://goo.gl/maps/sFDApR2aT4SNuuVz9,http://urawa-zen.jp/,,,,ＯｐｅｎＫｉｔｃｈｅｎ然,1.0,False
1703.0,Studio Rise,バー,,埼玉県,埼玉県さいたま市南区白幡３丁目１３−２,488630066.0,武蔵浦和駅,https://goo.gl/maps/DirxwcBxwASyuec69,,,,,Studio Rise,2.0,False
1705.0,シャンパンビストロ 泡包-048 (アワヅツミ ゼロヨンハチ),居酒屋・ダイニングバー,,埼玉県,埼玉県さいたま市大宮区宮町１丁目1−５１大宮みのやビル2F,488717186.0,大宮駅,https://g.page/awadsutsumi048?share,http://awadsutsumi-048.com/,,,,シャンパンビストロ 泡包-048,2.0,False
1706.0,インド料理ピアーズ Piaaz,アジア・エスニック,,埼玉県,埼玉県さいたま市緑区東浦和６丁目９−３東浦和グルメ館1F,488741877.0,東浦和駅,https://goo.gl/maps/fo5Jfs9WY9xwhRhq6,https://dmrx.himegimi.jp/curry/,https://twitter.com/PiaazHigashiura,,,インド料理ピアーズ Piaaz,2.0,False
1708.0,デリ&レストランDesmo,イタリアン,,埼玉県,埼玉県さいたま市浦和区常盤９丁目２０−１６,488776203.0,北浦和駅,https://g.page/restaurant_desmo_urawa?share,https://desmo-italian-restaurant.business.site/,,,,デリ&レストランDesmo,2.0,False
1709.0,台湾食堂パイクー屋　桃園,中華料理,,埼玉県,埼玉県さいたま市緑区原山3-9-17,488821127.0,浦和駅,https://goo.gl/maps/H1Co3KNSQbXzN7hVA,http://www.taiwan-toen.com,,,,台湾食堂パイクー屋 桃園,2.0,False
1710.0,蒲焼　小島屋,うなぎ,,埼玉県,埼玉県さいたま市南区太田窪2166,488821382.0,京浜東北線南浦和駅東口,https://goo.gl/maps/4Ez3XTvcy3if2LYM6,https://www.unagi-kojimaya.jp/,,,,蒲焼 小島屋,2.0,False
1711.0,韓美食オンギージョンギー,韓国料理,,埼玉県,埼玉県さいたま市浦和区北浦和1-9-1-102,488838939.0,北浦和駅東口徒歩3分,https://maps.app.goo.gl/YbEsmAbtkFDnziX2A,,,,,韓美食オンギージョンギー,2.0,False
1712.0,炭火焼鳥家 ちきちき,焼き鳥,,埼玉県,埼玉県さいたま市浦和区東仲町８−１６,488851234.0,浦和駅,https://goo.gl/maps/bR9GFSdCDR5TcgzbA,,https://twitter.com/chikichikiya,https://instagram.com/chikichikiya/,,炭火焼鳥家 ちきちき,2.0,False
1713.0,やぶ久,そば・うどん,,埼玉県,埼玉県さいたま市南区南浦和３丁目２８−５,488855751.0,南浦和駅,https://goo.gl/maps/HF5Vi3kJg5GsWXzw6,,,,,やぶ久,2.0,False
1714.0,ダイニングバーかはづ,居酒屋・ダイニングバー,,埼玉県,埼玉県さいたま市南区南浦和２丁目３４−５,488872228.0,南浦和駅,https://goo.gl/maps/AJPWnbN8EfHU6DuK6,https://dining-kawazu.amebaownd.com/,https://twitter.com/kawazu_minami,https://instagram.com/minamiurawa_kawazu/,,ダイニングバーかはづ,2.0,False
1717.0,UMAMI食堂 捷の詩（はやのうた）,定食・食堂,,埼玉県,埼玉県三郷市栄1-293-4,489508752.0,三郷中央駅,https://goo.gl/maps/zA8NmhzsVHBAA8WR7,,,,,UMAMI食堂 捷の詩,2.0,False
1720.0,アンバランス,バー,,埼玉県,埼玉県越谷市蒲生寿町１７−１０,489667165.0,蒲生,https://goo.gl/maps/GM1jycbvnody3ToW8,,,,,アンバランス,2.0,False
1723.0,はすの香カフェ,カフェレストラン,,埼玉県,埼玉県川越市小仙波町1-3-7-2,492141814.0,本川越駅,https://g.page/hasunoka?share,https://cafe.hasunoka.jp/,https://twitter.com/Hasunoka1,,,はすの香カフェ,2.0,False
1724.0,うどん土麦,そば・うどん,,埼玉県,埼玉県川越市連雀町９−１,492143394.0,本川越駅,https://goo.gl/maps/dTASwFpPZxsMA2pm8,http://udon-tsumugi.com/,,https://instagram.com/tsumugi241/,,うどん土麦,2.0,False
1725.0,二軒堂,カフェレストラン,,埼玉県,埼玉県川越市元町１丁目１６−６,492146276.0,川越駅,https://goo.gl/maps/qxvtdkegVYE71GKp8,,,https://instagram.com/gallery_and_cafe_nikendo/,,二軒堂,2.0,False
1726.0,Trattoria e Pizzeria FICO,イタリアン,,埼玉県,埼玉県川越市東田町７−６４,492150791.0,川越駅,https://goo.gl/maps/zRnWzvotkwNpsB6U8,https://fico-kawagoe.therestaurant.jp/,,https://instagram.com/fico_kawagoe/,,Trattoria e Pizzeria FICO,2.0,False
1727.0,イザカヤ瓶燗,居酒屋・ダイニングバー,,埼玉県,埼玉県鶴ヶ島市鶴ヶ丘67,492157520.0,鶴ヶ島駅,https://goo.gl/maps/FHgu3Fq9uqws3ZLt9,,,,,イザカヤ瓶燗,2.0,False
1729.0,初音屋,和食,,埼玉県,埼玉県川越市中原町1丁目2-2-2,492220036.0,本川越駅,https://goo.gl/maps/3Smsn7XcLPYMWYEs7,,,,,初音屋,2.0,False
1730.0,松崎屋 うどん そば,そば・うどん,,埼玉県,埼玉県川越市連雀町24-6,492220349.0,本川越駅,https://goo.gl/maps/yyEn1pRXc33DYKTi9,,https://twitter.com/hZT5hRyzJSaNMQI,https://instagram.com/macco.ubon.soba/,,松崎屋 うどん そば,2.0,False
1731.0,紅茶浪漫館シマ乃,喫茶店・カフェ,,埼玉県,埼玉県川越市仲町5-11,492222715.0,本川越駅,https://goo.gl/maps/8uMtQH3zTZm9d2yp6,http://tea-shimano.jp/,https://twitter.com/tea_shimano,,,紅茶浪漫館シマ乃,2.0,False
1732.0,Mie Coco,その他,ウィーン,埼玉県,埼玉県川越市幸町3-6,492222733.0,本川越駅,https://goo.gl/maps/N91hK1jEcSVvcs9YA,https://tabelog.com/saitama/A1103/A110303/11035721/,https://www.facebook.com/miecoco.katz/,,,Mie Coco,2.0,False
1733.0,CHINCHOGE CAFE/BAR,カフェレストラン,,埼玉県,埼玉県川越市脇田町4-16平和ビル2F,492223366.0,川越駅,https://g.page/chinchoge_?share,,https://twitter.com/chinchoge_,,,CHINCHOGE CAFE/BAR,2.0,False
1734.0,ビストロ エトワール ステラ,洋食,,埼玉県,埼玉県川越市新富町2-7-7,492227515.0,本川越駅,https://maps.app.goo.gl/aV1VXRCBd6L6NXZ49,,,,,ビストロ エトワール ステラ,2.0,False
1736.0,セサミキッチン,イタリアン,,埼玉県,埼玉県川越市幸町6-7ミリオンビル2F,492230988.0,本川越駅,https://goo.gl/maps/PKqaGbPJS2xDi61D7,https://www.sesame-kitchen.com/,,https://instagram.com/sesamekitchen8/,,セサミキッチン,2.0,False
1737.0,レストランModesty,フレンチ,,埼玉県,埼玉県川越市新富町1-3-9アミティ本川越201レストランModesty,492237701.0,本川越駅,https://goo.gl/maps/7UdV74TdJGu7mmkX9,https://restaurantmodesty.studio.design/,https://mobile.twitter.com/modesty_0401,https://instagram.com/restaurant_modesty,,レストランModesty,2.0,False
1738.0,居酒屋葉花集,居酒屋・ダイニングバー,,埼玉県,埼玉県川越市菅原町18-13,492242701.0,川越駅,https://goo.gl/maps/DknmRH4Sybsopr7y7,https://hitosara.com/0005038353/?cid=gm_yoyaku,,,,居酒屋葉花集,2.0,False
1739.0,てんぬま,和食,,埼玉県,埼玉県川越市西小仙波町1-14,492250012.0,本川越駅,https://g.page/tennuma?share,https://www.tennuma.jp/,,https://instagram.com/tempura_tennuma?igshid=124jy2ecq0sam,,てんぬま,2.0,False
1740.0,小江戸オハナ,和食,,埼玉県,埼玉県川越市仲町2-2,492251826.0,本川越駅,https://goo.gl/maps/TM8vE9PydaqMbukeA,http://coedo-ohana.co.jp/,https://twitter.com/kawagoeohana,https://facebook.com/%E5%B0%8F%E6%B1%9F%E6%88%B8-%E3%82%AA%E3%83%8F%E3%83%8A-276787182427471/timeline/,,小江戸オハナ,2.0,False
1741.0,vegetables bar base『T』,居酒屋・ダイニングバー,,埼玉県,埼玉県川越市霞ケ関北4丁目22-24,492273583.0,霞ヶ関駅,https://goo.gl/maps/riz18LakZX5XdBY69,,,,,vegetables bar base『T』,2.0,False
1742.0,めん業一筋善龍,ラーメン・つけ麺,,埼玉県,埼玉県川越市菅原町2-38,492278112.0,川越駅,https://goo.gl/maps/ag9byBkvXTYaDp3m8,,,,,めん業一筋善龍,2.0,False
1743.0,きょうのごはん ゆるりCafe,和食,,埼玉県,埼玉県川越市連雀町32-1,492279133.0,本川越駅,https://g.page/yururicafe?share,https://yururicafe.business.site/,,,,きょうのごはん ゆるりCafe,2.0,False
1744.0,てんこもりラーメン,ラーメン・つけ麺,,埼玉県,埼玉県川越市新富町1丁目3-9,492280222.0,本川越駅,https://maps.app.goo.gl/LyYRpFcq1f9BL3xq6,,,,,てんこもりラーメン,2.0,False
1745.0,黒潮丼丸 霞ヶ関店,寿司,,埼玉県,埼玉県川越市的場北2丁目11-13鈴木コーポ店舗C,492313803.0,霞ヶ関駅,https://goo.gl/maps/bxUYuhhhEJQTydaX7,,,,,黒潮丼丸,2.0,False
1746.0,幸膳,和食,,埼玉県,埼玉県川越市大字笠幡156-323,492341220.0,笠幡駅,https://goo.gl/maps/bJH4UhZ3ffzdoao79,https://fmv3.ikaduchi.com/,,,,幸膳,2.0,False
1747.0,HILL PINE'S ESPRESSO,喫茶店・カフェ,,埼玉県,埼玉県川越市連雀町13-1,492363091.0,川越市駅,https://goo.gl/maps/WhF5XbxLnk6bu5658,http://hill-pines.com/,https://twitter.com/Hill_Pines,https://instagram.com/hp_esp/,,HILL PINE'S ESPRESSO,2.0,False
1748.0,Coedo Tradish Curry Jam3281,カレー,,埼玉県,埼玉県川越市大手町15-9,492363909.0,本川越駅,https://goo.gl/maps/appvzb3bQZwGqTpeA,https://www.jam3281.com/coedo-kawagoe,,https://instagram.com/coedojam3281?igshid=yjh98jp7tufp,,Coedo Tradish Curry Jam3281,2.0,False
1750.0,Restauranteすぺいん亭 本店,スペイン料理,,埼玉県,埼玉県川越市今成4-11-4,492413535.0,西川越駅,https://goo.gl/maps/VdDGyHZpxcGDBvf17,https://spain-ichiba.p-kit.com/,https://twitter.com/spaintei,,,Restauranteすぺいん亭,2.0,False
1751.0,沖縄料理 おいしい時間,居酒屋・ダイニングバー,沖縄料理,埼玉県,埼玉県川越市脇田本町６−３１ＫＪ第２ビル3F,492426378.0,川越駅,https://goo.gl/maps/jda5dS9Mmqq2ayzU7,https://www.oishiijikan2006.com/,,,,沖縄料理 おいしい時間,2.0,False
1752.0,音喫茶一乗,喫茶店・カフェ,,埼玉県,埼玉県川越市熊野町22-1,492467822.0,上福岡駅,https://goo.gl/maps/Sye21RKqPZWECXiK9,https://ameblo.jp/otocaffee/,https://twitter.com/otokissaichijou,,,音喫茶一乗,2.0,False
1753.0,すしやの大将,寿司,,埼玉県,埼玉県川越市砂新田4丁目11-23,492483363.0,新河岸駅,https://goo.gl/maps/sxcByDG5i8oxdZ219,,,,,すしやの大将,2.0,False
1754.0,わら焼酒房 たくみ,居酒屋・ダイニングバー,,埼玉県,埼玉県富士見市大字鶴馬2611-6,492530020.0,鶴瀬駅,https://goo.gl/maps/Lq6oyzpUwXCXLv2E6,,,,,わら焼酒房 たくみ,2.0,False
1755.0,vivi,イタリアン,,埼玉県,埼玉県富士見市鶴瀬東2-17-40,492558600.0,鶴瀬駅,https://goo.gl/maps/9R4eSTFZ4ifeep5g9,,,,,vivi,2.0,False
1756.0,モロッコ料理　ラフェッテ,アジア・エスニック,モロッコ料理,埼玉県,埼玉県入間郡三芳町みよし台11-12,492570202.0,みずほ台駅,https://goo.gl/maps/bNs2cdBhbGsLDHDR9,,,,,モロッコ料理 ラフェッテ,2.0,False
1757.0,HIDEAWAY DINING 555,イタリアン,,埼玉県,埼玉県川越市脇田本町9-5第8アーバンライフビル2F,492575063.0,川越駅,https://g.page/555kawagoe?share,https://tabelog.com/saitama/A1103/A110303/11050729,https://twitter.com/Dining555,,,HIDEAWAY DINING 555,2.0,False
1758.0,川越ベーカリー楽楽,その他,パン・サンドイッチ,埼玉県,埼玉県川越市元町2丁目10-13,492577200.0,本川越駅,https://goo.gl/maps/LFsLpgCws5pAb2aD6,http://www.bakery-rakuraku.com/,https://twitter.com/bakery_rakuraku,,,川越ベーカリー楽楽,2.0,False
1760.0,囲坊主,居酒屋・ダイニングバー,,埼玉県,埼玉県川越市旭町1-11-10,492706708.0,川越駅,https://goo.gl/maps/xpUrc5D5bsBQxodB6,http://www.ibozu.net/,https://twitter.com/sumibisakeibozu,,,囲坊主,2.0,False
1761.0,すずのや おやさいとくだものとお酒と,居酒屋・ダイニングバー,,埼玉県,埼玉県川越市連雀町27丁目1,492727794.0,本川越駅,https://g.page/suzunoya-oden-sake?share,https://www.suzunoya-oyasai.com/,https://twitter.com/suzunoya_0620,,,すずのや おやさいとくだものとお酒と,2.0,False
1762.0,パンチライン ガレージ,メキシコ料理,アメリカ・メキシコ料理,埼玉県,埼玉県川越市菅原町20-4A,492727889.0,川越駅,https://goo.gl/maps/w23zq8RiTYT6MMg97,,,https://instagram.com/punchline_garage/,,パンチライン ガレージ,2.0,False
1763.0,カフェマチルダ,カフェレストラン,,埼玉県,埼玉県川越市中原町1-5-17,492773747.0,本川越駅,https://goo.gl/maps/Gv4xWGtb6WN15yRt6,http://www.cafe-matilda.com/,https://twitter.com/cafe_matilda,,,カフェマチルダ,2.0,False
1764.0,ココ・ファーム・ワイナリー,カフェレストラン,洋食,栃木県,栃木県足利市田島町611,284421194.0,足利駅,https://goo.gl/maps/mQWaURPKV9QvNeuG9,https://cocowine.com/,,https://www.facebook.com/cocofarmwinery/,,ココ・ファーム・ワイナリー,2.0,False
1765.0,手打うどん 長谷沼,そば・うどん,,埼玉県,埼玉県川越市中原町2-1-13,492774838.0,本川越駅,https://goo.gl/maps/m3XAsmh8zNTX2xfH9,http://hasenuma.com/,https://twitter.com/UdonHasenuma,,,手打うどん 長谷沼,2.0,False
1766.0,BurgerCafe honohono,ハンバーガー,,埼玉県,埼玉県川越市元町１丁目８−２５,492775723.0,本川越駅,https://g.page/BurgerCafehonohono?share,http://www.bc-honohono.com/,https://twitter.com/honohonoKawagoe,,,BurgerCafe honohono,2.0,False
1770.0,3552食堂,洋食,ベジ・ヴィーガン,埼玉県,埼玉県富士見市鶴馬3552横田グリーンマンション103,492933611.0,鶴瀬駅,https://www.google.com/search?q=3552%E9%A3%9F%E5%A0%82,https://oishiilabo.shopinfo.jp/,https://twitter.com/3552syokudo,https://www.instagram.com/3552syokudo/,,3552食堂,2.0,False
1771.0,booster,カフェレストラン,,埼玉県,埼玉県富士見市ふじみ野西1-21-2,492937534.0,ふじみ野駅,https://goo.gl/maps/UWWaMvgXv7cxn4bEA,,,,,booster,2.0,False
1772.0,笛木醤油,和食,,埼玉県,埼玉県比企郡川島町大字上伊草660,492970041.0,川越駅,https://goo.gl/maps/SPFUqxaSXThfNgo17,https://kinbue.jp/,,,,笛木醤油,2.0,False
1773.0,レストランバーココシス,居酒屋・ダイニングバー,,埼玉県,埼玉県川越市新富町2-4-2太陽ビル4F,492983398.0,川越駅,https://goo.gl/maps/spNAV2oYE1UiEXFt8,https://r.gnavi.co.jp/gatk700/,,,,レストランバーココシス,2.0,False
1774.0,おむすびとワッフルの店 福々スタンド,喫茶店・カフェ,,埼玉県,埼玉県川越市連雀町10-1,492983468.0,本川越駅,https://goo.gl/maps/nWGaBQYUP8Ct2JwE9,http://fukufuku-stand.jp/,https://twitter.com/fukufuku_stand,,,おむすびとワッフルの店 福々スタンド,2.0,False
1775.0,キッチュ食堂,カフェレストラン,,埼玉県,埼玉県川越市新富町1-9-12,492986880.0,本川越駅,https://goo.gl/maps/qfvAYzJmts6Xsd8SA,,https://twitter.com/kitsch_syokudou,,,キッチュ食堂,2.0,False
1776.0,めんこや 小江戸店,そば・うどん,,埼玉県,埼玉県川越市大手町5-1,492987371.0,本川越駅,https://goo.gl/maps/w1oiiriLfqM1J7Lc7,,https://twitter.com/menkoyakoedoten,,,めんこや,2.0,False
1777.0,dining kitchen  LIFE,カフェレストラン,,埼玉県,埼玉県川越市連雀町10-1,492988331.0,本川越駅,https://g.page/dining-kitchen-life?share,,,,,dining kitchen LIFE,2.0,False
1778.0,Non Lavora Massa,イタリアン,,埼玉県,埼玉県川越市菅原町19-4,492995950.0,川越駅,https://g.page/non-lavora-massa?share,,https://twitter.com/NonMassa,https://instagram.com/non_lavora_massa/,,Non Lavora Massa,2.0,False
1779.0,シントミカリー,カレー,,埼玉県,埼玉県川越市新富町1-12-13,492996369.0,本川越駅,https://maps.app.goo.gl/rd9fa8ssedsE78zr5,,https://twitter.com/shintomi_curry,,,シントミカリー,2.0,False
1780.0,タヴェルナ　デル　ソーレ,イタリアン,イタリア郷土料理,埼玉県,埼玉県川越市久保町8-9,492997772.0,本川越駅,https://goo.gl/maps/224a5d5FS6YZgAPe8,,,,,タヴェルナ デル ソーレ,2.0,False
1781.0,ゆ乃うどん,そば・うどん,,埼玉県,埼玉県川越市元町2-1-40,492998017.0,本川越駅,https://maps.app.goo.gl/YUPMCeHCCtVeNBdU6,,,https://instagram.com/yunoudon/,,ゆ乃うどん,2.0,False
1782.0,Trattoria Caro(トラットリアカーロ),イタリアン,,埼玉県,埼玉県川越市埼玉県川越市連雀町14-2シャトー連雀ビルディング1F,492998959.0,本川越駅,https://goo.gl/maps/VPZzfyE3BYGXYqtB9,https://tabelog.com/saitama/A1103/A110303/11029083/,https://twitter.com/trattoriacaro,,,Trattoria Caro,2.0,False
1784.0,333 SaiGon バーバーバーサイゴン,アジア・エスニック,,福岡県,福岡県大野城市錦町2-1-20,,春日原駅,https://g.page/333Saigon?share,,,https://www.instagram.com/333_saigon/,,333 SaiGon バーバーバーサイゴン,2.0,False
1785.0,BOSQUESO UMA BAR（ボスケソ・ウマバル）,カフェレストラン,,長野県,長野県佐久市春日5928-21,5010375797.0,佐久平駅,https://goo.gl/maps/Ec9G9YxtBjxrm6rM6,,https://twitter.com/bosqueso1,https://instagram.com/bosqueso.uma.bar/,,BOSQUESO UMA BAR,2.0,False
1786.0,天空ダイニング レガーロ Regalo,イタリアン,,栃木県,栃木県宇都宮市陽東5-32-1ホテルデルソル11F,286605000.0,JR宇都宮駅,https://goo.gl/maps/Xq3S8yATmYAxNJ337,,,https://www.facebook.com/%E5%A4%A9%E7%A9%BA%E3%83%80%E3%82%A4%E3%83%8B%E3%83%B3%E3%82%B0Regalo-285448968248256/?__tn__=kCH-R&eid=ARAf7Ua1MMDyweDxDBWZ-dTkwS-tNnIl61rIiCRmAqW-H5WA6qyVp0cznPMeCbq_N1c502Uu2NF7RE_T&hc_ref=ARSMJ_Uw3ZpNYQyELows9hhcdAtu2ePlYa5ur6VdTV8YJpkgAUmNXPtuCMMWOO5DRiU&ref=nf_target,,天空ダイニング レガーロ Regalo,2.0,False
1787.0,Colline de Tara,ベジ・ヴィーガン,,愛知県,愛知県名古屋市中区新栄3-16-21,5011347367.0,千種駅,https://goo.gl/maps/t66zscCUnjLzf8ESA,https://collinedetara.wixsite.com/0909,,,,Colline de Tara,2.0,False
1788.0,Fromagerie LA MARINIERE,ワインバー,,茨城県,茨城県つくば市天久保2丁目10-1,5012034660.0,つくば駅,https://goo.gl/maps/extdSKmVk8ddD6np9,http://www.vtb.co.jp,,,,Fromagerie LA MARINIERE,2.0,False
1789.0,HIKARI SHOKUDO,ベジ・ヴィーガン,,栃木県,栃木県那須塩原市豊町8-39,287799051.0,黒磯駅,https://goo.gl/maps/Ewg53G9avzrVYwcCA,http://www.hikarishokudo.com/,,https://facebook.com/hikarishokudo,https://instagram.com/hikarishokudo?igshid=zuhumpobh3gl,HIKARI SHOKUDO,2.0,False
1790.0,Jimmy’s DINER,ハンバーガー,,東京都,東京都国分寺市本町2-14-5小川コーポ103,5012846832.0,国分寺駅,,,,,,Jimmy’s DINER,2.0,False
1791.0,小料理百けん,和食,,東京都,東京都渋谷区道玄坂２−２０−１０豊田ビル１階,5014070885.0,渋谷駅,https://goo.gl/maps/bQNzD2PMtVNXmMeNA,,,,,小料理百けん,2.0,False
1792.0,イタリア料理ヴェルデ,イタリアン,,神奈川県,神奈川県横浜市神奈川区広台太田町2番4号,5031343090.0,反町駅,https://goo.gl/maps/aocDoDeU1WtaHR8PA,https://cucinaitalianaverde1989.business.site/,,,,イタリア料理ヴェルデ,2.0,False
1793.0,レストラン 西洋堂,フレンチ,,茨城県,茨城県水戸市大町３丁目１−５,292244161.0,水戸駅,https://goo.gl/maps/5Y7LDtRx15bYpR4K8,,https://twitter.com/seiyodo_maitre,https://facebook.com/seiyodo,,レストラン 西洋堂,2.0,False
1796.0,E.stαr(イースター),ハンバーガー,スライダーバーガー,東京都,東京都江戸川区中葛西5-18-14イナガキビル1F,5031842777.0,葛西駅,https://goo.gl/maps/s4Xr6KjLMdtAw4P39,https://www.e-star2020.com/,,https://instagram.com/e.star2020,,E.stαr,2.0,False
1797.0,アディカリー,カレー,スパイスカレー,東京都,東京都港区麻布十番1-4-81階,5031844491.0,麻布十番駅,https://goo.gl/maps/X7CQYUmCAmpmbmA56,,,https://instagram.com/adhicurry_tokyo/?hl=ja,,アディカリー,2.0,False
1798.0,ジャングレ,フレンチ,,東京都,東京都千代田区飯田橋４丁目７−４,5031844741.0,飯田橋駅,https://maps.google.com/?cid=16175689722909875731,https://le-ginglet.food-site.net,,,,ジャングレ,2.0,False
1799.0,cafe RIN カフェリン,喫茶店・カフェ,,茨城県,茨城県水戸市泉町2-2-37,292258487.0,水戸駅,https://maps.google.com/?q=%E3%82%AB%E3%83%95%E3%82%A7%E3%83%AA%E3%83%B3,https://cafe-rin.com,,,,cafe RIN カフェリン,2.0,False
1800.0,PERTICA,その他,,大阪府,大阪府豊中市本町１丁目２−４５,5031881267.0,豊中駅,https://g.page/calros_shiratake_pertica?share,https://www.tablecheck.com/ja/pertica,,https://instagram.com/perticawine/,,PERTICA,2.0,False
1801.0,aozola café,イタリアン,,茨城県,茨城県守谷市けやき台1丁目3-4,5033126752.0,守谷駅,https://goo.gl/maps/Jk8BbQFeoy5gGHKZA,https://aozolacafe.gorp.jp/,,,,aozola café,2.0,False
1802.0,ボンシュマン,フレンチ,,東京都,東京都目黒区五本木2-40-5Beat101,5033126851.0,学芸大学駅,https://goo.gl/maps/UmgnSr8C9nW5TNqM7,http://www.bonchemin.com/index.html,https://twitter.com/boncheminryo,,,ボンシュマン,2.0,False
1804.0,中華そば 浜田屋 本店,ラーメン・つけ麺,,茨城県,茨城県水戸市浜田2丁目247-4,292315939.0,水戸駅,https://g.page/hamadaya310?share,http://hamadayara-men.com/,https://twitter.com/hamadaya310,,,中華そば 浜田屋,2.0,False
1805.0,峰屋,和食,,東京都,東京都墨田区東駒形3-19-13,5033128898.0,本所吾妻橋駅,https://goo.gl/maps/ReDikipgmFCJofe49,https://r.gnavi.co.jp/e094200/,https://twitter.com/MineyaSumida,https://instagram.com/yoshitaketakasawa/,,峰屋,2.0,False
1806.0,銀座伴助　銀座本店,和食,,東京都,東京都中央区銀座5-14-8ワカホビル1F,5033131787.0,東銀座駅,https://goo.gl/maps/4cVakJT2Q3B6ygJc6,https://tabelog.com/tokyo/A1301/A130101/13198276/?lid=owner_rst-top-jitempo_pc,,,,銀座伴助 銀座,2.0,False
1807.0,THE OYSTER BAR YUMMY ヤミー 大宮店,居酒屋・ダイニングバー,,埼玉県,埼玉県さいたま市大宮区仲町１丁目４８−２あひか第二ビル４階,5033135323.0,大宮駅,https://goo.gl/maps/5sYMYDVHb3yphp2w7,https://gg1p100.gorp.jp/,,https://www.instagram.com/tob_yummy/,,THE OYSTER BAR YUMMY ヤミー,2.0,False
1808.0,CRAFTSMAN仙台,洋食,,宮城県,宮城県仙台市青葉区中央２丁目２−３８,5033138128.0,あおば通駅,https://goo.gl/maps/Jr4e9YTRvyC2FNUD7,https://craftsman-sendai.com/?fbclid=IwAR1CqTSYrtXENTMQFZoDVcAojbv8LHO2TX2TOLn14l0q8Ij-LM5qDSSlBEg,,,,CRAFTSMAN仙台,2.0,False
1809.0,和食処 元禄鮨,寿司,,茨城県,茨城県守谷市本町3220-9,5033139357.0,守谷駅,https://goo.gl/maps/5HGaXfYa2sapZvFm7,https://genrokusushi.gorp.jp/,,,,和食処 元禄鮨,2.0,False
1810.0,PIZZERIA ROCCO,イタリアン,,埼玉県,埼玉県川越市連雀町10-3,5033142870.0,本川越駅,https://g.page/pizzeria-rocco-kawagoe?share,https://r.gnavi.co.jp/8z89yhj30000/,https://twitter.com/PizzeriaRocco,,,PIZZERIA ROCCO,2.0,False
1812.0,ビーメスワール,カレー,,東京都,東京都府中市本町2丁目6-14,5033143473.0,府中本町駅,https://goo.gl/maps/SkiyuCSoojBjZadWA,https://r.gnavi.co.jp/nata8e7n0000/,,,,ビーメスワール,2.0,False
1813.0,Bistro バル　Tsuji,フレンチ,,大阪府,大阪府堺市堺区二条通1-2,5033143939.0,百舌鳥駅,https://goo.gl/maps/dpzJFonzcf9gyZ53A,https://bistro-bar-tsuji.gorp.jp/,,,,Bistro バル Tsuji,2.0,False
1814.0,うまいもん太陽,居酒屋・ダイニングバー,,茨城県,茨城県つくば市天久保1丁目1０-1０-22中村マンション1F,5033732013.0,つくば駅,https://goo.gl/maps/DDidgk2RkcPXZDaLA,https://umaimon-taiyo.gorp.jp/,https://twitter.com/taiyou_umaimon,http://instagram.com/taiyo.umaimon,,うまいもん太陽,2.0,False
1815.0,しゃぶしゃぶと鮨とんでん 岩槻店,和食,,埼玉県,埼玉県さいたま市岩槻区東町2丁目7-21,5033732873.0,岩槻駅,https://goo.gl/maps/kVowybVVEtyCMHtM6,,,,,しゃぶしゃぶと鮨とんでん,2.0,False
1816.0,割鮮Nampuもとき,和食,,兵庫県,兵庫県川西市栄根1-7-5サンメゾン戸田1階,5033736850.0,川西池田駅,https://g.co/kgs/8BHW9z,,,,,割鮮Nampuもとき,2.0,False
1817.0,ROCCOMAN 渋谷道玄坂店,居酒屋・ダイニングバー,,東京都,東京都渋谷区道玄坂2丁目15-1ノア道玄坂2F,5033745603.0,渋谷駅,https://goo.gl/maps/wZnjJUAb9LMRATap9,https://r.gnavi.co.jp/4zs5tk840000/,,,,ROCCOMAN,2.0,False
1818.0,炭火焼肉 ふちおか,焼肉,,東京都,東京都世田谷区経堂１丁目５−８ロイヤルハイツ経堂1F,5033746283.0,,https://goo.gl/maps/gcYe6A53nNMaykLN9,,,,,炭火焼肉 ふちおか,2.0,False
1819.0,めしと日本酒と日本ワイン アジート 那覇,居酒屋・ダイニングバー,,沖縄県,沖縄県那覇市久茂地３丁目２５−１２,5033844065.0,美栄橋,https://goo.gl/maps/gLhU75rWSRfvWfu99,https://azyto-naha.localinfo.jp/,,,,めしと日本酒と日本ワイン アジート 那覇,2.0,False
1820.0,よか肉 遊苑,焼肉,,福岡県,福岡県福岡市中央区薬院３丁目９−８,5033899413.0,薬院駅,https://goo.gl/maps/uKFU3it8QKVeL6q58,,https://twitter.com/yu_en0512,https://instagram.com/yu_en0512/,,よか肉 遊苑,2.0,False
1821.0,肉バル×アヒージョ Trim 北浦和店,居酒屋・ダイニングバー,,埼玉県,埼玉県さいたま市浦和区元町２丁目４−４エステートyamazaki1階,5034096036.0,北浦和駅,https://g.page/trim-kitaurawa?share,https://www.hotpepper.jp/strJ001169655/,https://twitter.com/trim_kitaurawa,,,肉バル×アヒージョ Trim,2.0,False
1822.0,ラギャロワーズ,イタリアン,,大阪府,大阪府大阪市西区新町1-23-2TBビル1F,5034608736.0,四ツ橋駅,https://maps.app.goo.gl/LGppaqwaVJetWM9B8,,,https://instagram.com/lagalloise5603/?hl=tl,,ラギャロワーズ,2.0,False
1823.0,串八丁,居酒屋・ダイニングバー,,埼玉県,埼玉県さいたま市大宮区下町１丁目４３−７南銀プラザ1F,5034609377.0,大宮駅,https://goo.gl/maps/CdjyTBwt7yTta6aH6,https://r.gnavi.co.jp/mx2ftfu80000/,https://twitter.com/higepapafuni,https://instagram.com/higepapa/,,串八丁,2.0,False
1824.0,シハチ鮮魚店 北24条店,居酒屋・ダイニングバー,,北海道,北海道札幌市北区北24条西2丁目1-13ベアーズ24ビル1,5034609567.0,,https://goo.gl/maps/9s2ohUN8FCWkjA9D8,,,,,シハチ鮮魚店,2.0,False
1825.0,深井屋,うなぎ,,埼玉県,埼玉県川越市仲町2-8,5034610873.0,本川越駅,https://goo.gl/maps/dDyZdiiwJ5uPqDr2A,http://www.fukaiya.com/,,,,深井屋,2.0,False
1826.0,ふらんす食堂 M,フレンチ,,神奈川県,神奈川県川崎市中原区下沼部1763-381F,5034610921.0,南武線向河原駅,https://maps.app.goo.gl/VMtDgFGPgqLk2tzf7,,,,,ふらんす食堂 M,2.0,False
1827.0,吉祥寺 Mojo Cafe（モジョカフェ）,カレー,,東京都,東京都武蔵野市吉祥寺本町1-12-42,5034616593.0,吉祥寺駅,https://maps.app.goo.gl/8WNZZdjizFfzoFEw6,http://mojocafe.info/,https://twitter.com/mojocafe2010/status/1254239641433026561?s=19,,,吉祥寺 Mojo Cafe,2.0,False
1828.0,なかい天満橋,ビールバー,,大阪府,大阪府大阪市中央区内平野町1-2-6ダイアパレス大手前1F,5034622359.0,天満橋駅,https://goo.gl/maps/rYesWh7ydKxqZ2Mx9,https://search.yahoo.co.jp/amp/s/r.gnavi.co.jp/amp/k191901/%3Fusqp%3Dmq331AQQKAGYAeTq1KaW7qj9YbABIA%253D%253D,,,,なかい天満橋,2.0,False
1829.0,御馥 中之島ダイビル店,中華料理,,大阪府,大阪府大阪市北区中之島３丁目３−２３中之島ダイビル3階,5034622432.0,肥後橋駅,https://goo.gl/maps/8z8ahMjZLCsCCgHW9,,,,,御馥,2.0,False
1830.0,川越トライシクルカフェ,カフェレストラン,,埼玉県,埼玉県川越市菅原町19-5,5034624163.0,川越駅,https://g.page/tricyclecafe?share,https://tricyclecafe.thebase.in/,https://twitter.com/taichiinoue3,,,川越トライシクルカフェ,2.0,False
1831.0,川越 蔵ふと,居酒屋・ダイニングバー,,埼玉県,埼玉県川越市六軒町1丁目6-6-4ランドシステム駅前店舗2号,5034624346.0,川越市駅,https://goo.gl/maps/4YqzVPXWXLg1KsEj7,https://craft.owst.jp/,https://twitter.com/kawagoecraft,,,川越 蔵ふと,2.0,False
1833.0,くいもの屋わん　高松南新町店,居酒屋・ダイニングバー,,香川県,香川県高松市南新町1-4富田ビル2階,5034626321.0,高松駅,https://goo.gl/maps/JoCLSwQe7LZXK2E29,https://www.hotpepper.jp/strJ001144299/,,,,くいもの屋わん,2.0,False
1834.0,京のじどり屋　晃,,,京都府,京都府京都市中京区錦上ル船屋町398,5034627564.0,,https://goo.gl/maps/f5UQJemDxYgF8kK7A,,,,,京のじどり屋 晃,2.0,False
1835.0,酒菜ほくら,和食,,東京都,東京都豊島区北大塚３丁目２５−１１アサヒ大塚ビル1階,5034628100.0,大塚駅,https://maps.google.com/?cid=18153668119465926290,https://shusaihokura.owst.jp,https://twitter.com/shusai_hokura,,,酒菜ほくら,2.0,False
1836.0,焼肉・ステーキ岩井,,,京都府,京都府京都市上京区南伊勢屋町７５７−２ササキビル1F,5034629278.0,,https://goo.gl/maps/pioD8FMWHrktk5WU8,,,,,焼肉・ステーキ岩井,2.0,False
1838.0,Az／ビーフン東 大阪店,その他,,大阪府,大阪府大阪市北区西天満４丁目４−８,5034634468.0,北新地駅,https://goo.gl/maps/Zfdc4gLxCU7pC5EB9,https://az-bifun.gorp.jp/,,https://instagram.com/bistro.az.official/,,Az／ビーフン東,1.0,False
1839.0,洋風厨房ソーシエ,洋食,,埼玉県,埼玉県さいたま市中央区下落合２丁目２３−１９−１０３,5034635962.0,与野駅,https://goo.gl/maps/sQDz2giHZXK8YcbE6,https://saucier.gorp.jp/,,https://instagram.com/saucier_sawamama/,,洋風厨房ソーシエ,2.0,False
1840.0,九州酒場　灯　武蔵小杉店,居酒屋・ダイニングバー,,神奈川県,神奈川県川崎市中原区新丸子町760-102,5034637843.0,新丸子駅,https://goo.gl/maps/u5gdqNHLMunYHxhP7,,,https://instagram.com/explore/locations/666019946/akari,,九州酒場 灯,2.0,False
1841.0,二日市とりかわきくや,居酒屋・ダイニングバー,,福岡県,福岡県筑紫野市二日市中央2-7-6,5034640652.0,二日市駅,https://goo.gl/maps/Ug6JLSWBFVgyHU8i8,https://torikawa-kikuya.gorp.jp/,,,,二日市とりかわきくや,2.0,False
1842.0,かのうや,うなぎ,,埼玉県,埼玉県さいたま市大宮区吉敷町４丁目１０１,5034641084.0,さいたま新都心駅,https://goo.gl/maps/HTULVBHsabCJZXFo6,https://kanouya-honten.gorp.jp/,,,,かのうや,2.0,False
1843.0,下鴨福助,和食,,京都府,京都府京都市左京区下鴨西高木町37,5034641850.0,北大路駅,https://goo.gl/maps/UeFMX3iHX123Lyf56,http://www.shimogamo-fukusuke.co.jp,,https://instagram.com/shimogamo_fukusuke/,,下鴨福助,2.0,False
1844.0,鮮彩もつ焼き わか大将,居酒屋・ダイニングバー,,埼玉県,埼玉県さいたま市浦和区東仲町１１−２３,5034645367.0,浦和駅,https://goo.gl/maps/pZU47gx26A6FFWyk9,https://nanakoko.gorp.jp/,,,,鮮彩もつ焼き わか大将,2.0,False
1845.0,ハルバル,スペイン料理,,京都府,京都府京都市山科区竹鼻竹ノ街道町61-3二階,5034646004.0,山科駅,https://goo.gl/maps/3cAabPxN7UYYXb9j6,,,,,ハルバル,2.0,False
1846.0,喜怒愛楽,居酒屋・ダイニングバー,,埼玉県,埼玉県八潮市中央2-28-12アクアテラス102,5034647186.0,八潮駅,https://goo.gl/maps/VVByZNJsdA3fXNN19,,,,,喜怒愛楽,2.0,False
1847.0,セントロ　門前仲町 ビストロ居酒屋,イタリアン,,東京都,東京都江東区富岡1-6-8,5034648163.0,門前仲町駅,,,,,,セントロ 門前仲町 ビストロ居酒屋,2.0,False
1848.0,Gaudium NewYork ガウディウム ニューヨーク,居酒屋・ダイニングバー,,千葉県,千葉県柏市柏１丁目７−１,5034660895.0,,https://goo.gl/maps/7G2NfQtjdN1yPefe6,,,,,Gaudium NewYork ガウディウム ニューヨーク,2.0,False
1849.0,Cafe Restaurant ＡＵＲＥＯＬＥ（オリオール）,イタリアン,,東京都,東京都新宿区新宿1-3-12,5034661521.0,新宿御苑駅,https://goo.gl/maps/dfVYEvT4M5uPj2PP6,http://r.gnavi.co.jp/g503300/,,,,Cafe Restaurant ＡＵＲＥＯＬＥ,1.0,False
1851.0,ここりこ,居酒屋・ダイニングバー,,福岡県,福岡県福岡市中央区渡辺通１丁目８−３１,5034663484.0,渡辺通駅,https://goo.gl/maps/ZPxWY4uqk3oj7NLv8,https://f459500.gorp.jp,,,,ここりこ,2.0,False
1852.0,麺屋むじゃき,ラーメン・つけ麺,ラーメン,茨城県,茨城県水戸市東台1-5-31,292319008.0,水戸,"https://maps.google.com/maps?ll=36.368821,140.496491&z=15&t=m&hl=ja&gl=US&mapclient=embed&q=%E3%80%92310-0818%20%E8%8C%A8%E5%9F%8E%E7%9C%8C%E6%B0%B4%E6%88%B8%E5%B8%82%E6%9D%B1%E5%8F%B0%EF%BC%91%E4%B8%81%E7%9B%AE%EF%BC%95%E2%88%92%EF%BC%93%EF%BC%91",,,,,麺屋むじゃき,2.0,False
1853.0,ぱるけコーヒー,カフェレストラン,,東京都,東京都武蔵野市吉祥寺南町1丁目17-10F&Wビル1階,5034667442.0,吉祥寺駅,https://goo.gl/maps/FTfBCYBRzXQsd7Nu9,https://b963608.gorp.jp/,,,,ぱるけコーヒー,2.0,False
1854.0,KOMUGI,ラーメン・つけ麺,,福岡県,福岡県福岡市城南区別府5-24-1,0.0,茶山駅,https://goo.gl/maps/gnGaPMu2UBEsxQGf6,,https://twitter.com/wan_chan_ramen,,,KOMUGI,2.0,False
1855.0,ビストロコンフル,フレンチ,,東京都,東京都世田谷区上馬4-3-15,5034668315.0,駒沢大学駅,https://g.co/kgs/SA7f6W,,,https://instagram.com/bistro_confl?igshid=1gclhcui2j2ts,,ビストロコンフル,2.0,False
1856.0,ROCCOMAN 日吉,居酒屋・ダイニングバー,,神奈川県,神奈川県横浜市港北区日吉本町1丁目2-11,5034670374.0,日吉駅,https://goo.gl/maps/JccdFaFnFdPtV8jWA,,,,,ROCCOMAN 日吉,2.0,False
1857.0,庵侍燈,居酒屋・ダイニングバー,,福岡県,福岡県福岡市中央区薬院１丁目１５−１３アントゥール薬院2F,5034671424.0,薬院駅,https://goo.gl/maps/xNqDve7qBKQq2S7J6,https://www.azito-fukuoka.com,,https://instagram.com/azito0314/,,庵侍燈,2.0,False
1858.0,結人,創作料理・無国籍料理,,広島県,広島県広島市中区流川町１−１６ウエストウッドビル2F,5034671481.0,胡町,https://goo.gl/maps/3P5Ad8Qx4UMfYgjc7,,,,,結人,2.0,False
1859.0,綱島ワインバルGato Negro,フレンチ,,神奈川県,神奈川県横浜市港北区綱島西1-7-15地下1階,5034674538.0,綱島駅,https://goo.gl/maps/e2f324H3YzRep7XK9,https://kdppp1229.wixsite.com/gatonegrotakeout,,https://instagram.com/gatonegro0611/,,綱島ワインバルGato Negro,2.0,False
1860.0,餃子酒場りきまる,和食,,福岡県,福岡県筑紫野市二日市中央2丁目6ー1,5034675579.0,二日市駅,https://goo.gl/maps/VAd4HnSR77etoD9r6,https://www.rikimaru-g.com,,,,餃子酒場りきまる,2.0,False
1861.0,瀬戸内キッチン まともや,和食,,愛媛県,愛媛県松山市大街道3丁目3-5,5034677679.0,大街道駅,https://goo.gl/maps/hz9sWgiJeTAU7Td97,https://www.matomoya.jp/,,https://instagram.com/m.a.t.o.m.o.y.a/?hl=ja,,瀬戸内キッチン まともや,2.0,False
1863.0,バンカレッラ,イタリアン,,埼玉県,埼玉県さいたま市浦和区上木崎１丁目３−５,5034683235.0,与野駅,https://goo.gl/maps/eczhAHVgk1kekvtX8,https://gduc200.gorp.jp/,,,,バンカレッラ,2.0,False
1864.0,焼き鳥 大金星,焼き鳥,,福岡県,福岡県福岡市南区高宮２丁目１−４０,5034683874.0,平尾駅,https://goo.gl/maps/BGrHPJWq625m39py7,,,https://instagram.com/daikin.boshi/,,焼き鳥 大金星,2.0,False
1865.0,川越焼肉 Kan,焼肉,,埼玉県,埼玉県川越市中原町2-25-4,5034685209.0,本川越駅,https://goo.gl/maps/pgo4q9bWngv9w3ZU6,,https://twitter.com/yakiniku_kan,,,川越焼肉 Kan,2.0,False
1866.0,リストランテ オガワ,イタリアン,,埼玉県,埼玉県さいたま市大宮区東町２丁目２８８−１鈴木ビル1F,5034685706.0,大宮駅,https://goo.gl/maps/mLZj9z67iwJtVfUN6,https://ristorante-ogawa.gorp.jp/,https://twitter.com/ristoranteogawa,https://www.instagram.com/ristorante.ogawa/,,リストランテ オガワ,2.0,False
1867.0,居酒屋 一徳 西川口店,居酒屋・ダイニングバー,,埼玉県,埼玉県川口市並木３丁目１−161・3F,5034687480.0,,https://goo.gl/maps/HkL9F7ygpoMbtEF89,,,,,居酒屋 一徳,1.0,False
1868.0,真希そば 渋谷店,和食,,東京都,東京都渋谷区渋谷1丁目14-9藤和宮益坂ビルB1,5034688222.0,渋谷駅,https://goo.gl/maps/hi6ai8MnnJg9NrRP6,https://tabelog.com/tokyo/A1303/A130301/13040365/,,https://instagram.com/shinki.shibuya?igshid=1fbswus9s9f43,,真希そば,2.0,False
1869.0,景山 京成百貨店支店,中華料理,,茨城県,茨城県水戸市泉町１丁目６−１,293025105.0,水戸駅,https://goo.gl/maps/EA1wB4PyRSaxGpdC7,,,,,景山,2.0,False
1870.0,イルフォルネッロ,イタリアン,,東京都,東京都中野区中野４丁目７－２ＳＨビル1f,5034689864.0,仲の駅,https://maps.google.com/?cid=6147568848982988645,,,,,イルフォルネッロ,2.0,False
1871.0,水天宮酒場ゴチ！,和食,,東京都,東京都中央区日本橋人形町1-13-9藤和日本橋コープ1F,5034689934.0,人形町駅,https://maps.app.goo.gl/PL6wCB4W7F58P68i8,,https://mobile.twitter.com/gochi48993100,https://instagram.com/suitenngu_gochi,,水天宮酒場ゴチ！,1.0,False
1872.0,井泉本店,とんかつ,,東京都,東京都文京区湯島3-40-3,5034690002.0,上野広小路駅,http://www.isen-honten.gorp.jp/,http://www.isen-honten.jp/,,,,井泉,2.0,False
1873.0,ラファーロ,イタリアン,,東京都,東京都昭島市武蔵野3-2-51,5034691409.0,中神駅,https://goo.gl/maps/8THn1eT7EJbJR1ut5,https://r.gnavi.co.jp/k3367hdf0000/,,,,ラファーロ,2.0,False
1874.0,プレーゴ藤吉,,,京都府,京都府京都市中京区上樵木町４９４,5034697389.0,,https://goo.gl/maps/B2voUBupQp5MF8a88,,,,,プレーゴ藤吉,2.0,False
1875.0,松阪牛×神戸ビーフ 鉄板居酒屋 肉JUN‐ニクジュン‐,居酒屋・ダイニングバー,,千葉県,千葉県柏市東上町３−２1F,5034765575.0,,https://goo.gl/maps/sVVdbCJTY3g8o2do8,,,,,松阪牛×神戸ビーフ 鉄板居酒屋 肉JUN‐ニクジュン‐,2.0,False
1876.0,大衆酒場　串車力　武蔵小杉店,居酒屋・ダイニングバー,,神奈川県,神奈川県川崎市中原区新丸子町915-421F,5034767148.0,武蔵小杉駅,https://goo.gl/maps/YfV5fMh2QXps9nY76,https://r.gnavi.co.jp/e786905/,,,,大衆酒場 串車力,2.0,False
1877.0,アガリス神楽坂,イタリアン,,東京都,東京都新宿区神楽坂4-3楽山ビルB1F,5034769632.0,飯田橋駅神楽坂駅,https://goo.gl/maps/Fa3t2Rh5CgvDCzgEA,,,,,アガリス神楽坂,2.0,False
1878.0,炭焼 芹生-SERIU-,,,京都府,京都府京都市中京区占出山町２９９,5034771141.0,,https://goo.gl/maps/vFqo5Mg8ohR6VVif9,,,,,炭焼 芹生-SERIU-,2.0,False
1879.0,馬肉料理さくらや,居酒屋・ダイニングバー,,奈良県,奈良県奈良市杉ヶ町35-1-102,5034771921.0,奈良駅,https://maps.app.goo.gl/FD7b5Rax3dpqPDr66,,,,,馬肉料理さくらや,2.0,False
1880.0,生パスタの店 エッコ・エッコ 入谷店,イタリアン,,東京都,東京都台東区北上野2丁目32-8,5034771994.0,入谷駅,https://maps.app.goo.gl/tvpAG6h2KJUd4rVC9,,,,,生パスタの店 エッコ・エッコ,2.0,False
1881.0,炭火焼鳥いしはら,焼き鳥,,福岡県,福岡県福岡市南区野間１丁目６−３１山部ビル1F,5034773925.0,高宮駅,https://goo.gl/maps/k6NErmop1pCGvFEMA,,,https://instagram.com/sumibiyakitoriishihara/,,炭火焼鳥いしはら,2.0,False
1882.0,焼肉・ホルモン まるいち,,,京都府,京都府京都市中京区山崎町２３６−９,5034778315.0,,https://goo.gl/maps/wg5Vjb2pTZ7kRt5c7,,,,,焼肉・ホルモン まるいち,2.0,False
1883.0,MONPAL 8 BEER PARLOR,ビールバー,,東京都,東京都江東区富岡1-5-1-107,5034779239.0,門前仲町駅,https://goo.gl/maps/WtrbJcnakqbDbRNs7,,,,,MONPAL 8 BEER PARLOR,2.0,False
1884.0,PESCARA 綱島店,イタリアン,,神奈川県,神奈川県横浜市港北区綱島東1丁目7-17新文化ビル1F,5034779715.0,綱島駅,https://goo.gl/maps/7kMjvJJpMrwtgDVo9,,,https://instagram.com/explore/locations/1307579249292467/,,PESCARA,2.0,False
1886.0,bistro nid,フレンチ,,東京都,東京都目黒区八雲1丁目5-2,5034901649.0,都立大学駅,https://goo.gl/maps/1xoyYthbuTCWEVPB7,,,https://instagram.com/nidbistro?igshid=cpu0jh0n13ox,,bistro nid,2.0,False
1887.0,らーめん・つけめん八角,ラーメン・つけ麺,,茨城県,茨城県水戸市堀町９８４,293035386.0,水戸駅,https://goo.gl/maps/5UvXqKLXcsd3BRD4A,,,https://facebook.com/bamboomama51/,,らーめん・つけめん八角,2.0,False
1888.0,炉端・季節料理　民芸藤よし堺駅前店,和食,,大阪府,大阪府堺市堺区戎島町4-45-1,5034910391.0,堺駅,https://goo.gl/maps/JC3Z6Ncs2QLnvB428,,,,,炉端・季節料理,2.0,False
1889.0,松正,和食,,京都府,京都府亀岡市篠街篠上北裏91-1,5034911077.0,馬堀駅,https://goo.gl/maps/hDq6ZLEd1WBvUZHw5,http://matsusyo.jp/access.html,,,,松正,2.0,False
1890.0,彩食厨房TSUBOMI,居酒屋・ダイニングバー,,石川県,石川県金沢市八日市1-681,5034914260.0,野々市駅,https://goo.gl/maps/aXaRwF3zzAih4f4X6,https://www.google.com/amp/s/r.gnavi.co.jp/amp/2rcbt4890000/,,https://instagram.com/tsubomitsuyoshi0512/,,彩食厨房TSUBOMI,2.0,False
1892.0,ア・ニュ Shohei Shimono,フレンチ,,東京都,東京都渋谷区広尾5-19-4SR広尾ビル1F,5035031230.0,広尾駅,https://g.page/restaurant_anu,https://www.tablecheck.com/shops/anu,,https://instagram.com/restaurant_anu/,,ア・ニュ Shohei Shimono,2.0,False
1893.0,時たらず,和食,,東京都,東京都渋谷区広尾5-1-39広尾Kビル1F,5035031577.0,広尾駅,https://g.page/tokitarazu?share,https://tokitarazu.com/,,https://instagram.com/tokitarazu/,,時たらず,2.0,False
1894.0,自然食カフェ＆レストラン おひさま,ベジ・ヴィーガン,,北海道,北海道石狩郡当別町白樺町58-9当別町役場3Ｆ,5035144010.0,札幌駅,https://goo.gl/maps/6X6irGFBcFWC1p2Z7,,,,,自然食カフェ＆レストラン おひさま,1.0,False
1895.0,サンライズカフェ,カフェレストラン,,東京都,東京都板橋区大山町6-6-2F,5035585915.0,大山駅,https://goo.gl/maps/Nyooec422cxAejuh9,http://sonrisecafetokyo.com/,,,,サンライズカフェ,2.0,False
1896.0,Bar Ohhh!,居酒屋・ダイニングバー,,大阪府,大阪府大阪市中央区東心斎橋2-8-20新日本畳屋町ビル2階,5035692580.0,,https://goo.gl/maps/yXmztPHnPggN1Qvk7,,,,,Bar Ohhh!,2.0,False
1897.0,南インドの定食と軽食 三燈舎,カレー,,東京都,東京都千代田区神田小川町3-2,5036972547.0,神保町駅,https://goo.gl/maps/C7SZYLPDRyz9i27j8,,,https://instagram.com/santosham3/,,南インドの定食と軽食 三燈舎,2.0,False
1898.0,カフェ サラヴァ,カフェレストラン,,東京都,東京都世田谷区若林1-8-8デンス河野ビル102,5037073132.0,三軒茶屋駅,https://goo.gl/maps/PHUrFUCYgEuZzHdVA,,,https://instagram.com/cafesaravah321q/,,カフェ サラヴァ,2.0,False
1899.0,TRIBECA（トライベッカ）,フレンチ,,茨城県,茨城県水戸市千波町１２８１−２ー1F,293506220.0,水戸駅,https://goo.gl/maps/BhLm6hyLwnJ2P4Va9,,,https://facebook.com/TRIBECA1281%25252F,,TRIBECA,2.0,False
1900.0,ナチュラルセンスいのせ,居酒屋・ダイニングバー,中華＆フレンチイタリアン,茨城県,茨城県筑西市伊佐山125,296280400.0,川島駅,https://goo.gl/maps/H4U6Gm3FqefREVu2A,https://tabelog.com/ibaraki/A0806/A080602/8001180/,,https://facebook.com/naturarusenseinose/?ref=bookmarks,https://www.instagram.com/naturalsense.inose/,ナチュラルセンスいのせ,2.0,False
1901.0,JR南武線津田山駅ヨコKitchenナガグツ,居酒屋・ダイニングバー,,神奈川県,神奈川県川崎市高津区下作延6-2-6,5052184889.0,津田山駅,https://g.page/nagagutsu?share,,,,,JR南武線津田山駅ヨコKitchenナガグツ,2.0,False
1902.0,pizzeria 244,イタリアン,,東京都,東京都目黒区洗足1-6-1パレスサイド1F,5052582192.0,西小山駅,https://goo.gl/maps/Hg7vuQssGjDbDdVP6,,,https://www.instagram.com/pizzeria_244/,,pizzeria 244,2.0,False
1903.0,麺や十壱,そば・うどん,,福岡県,福岡県筑紫野市二日市中央4-14-6,5052585376.0,西鉄二日市,https://goo.gl/maps/pEQuuawoJRS3zhcL9,,,,,麺や十壱,2.0,False
1905.0,LA COMUNITA,イタリアン,,愛知県,愛知県名古屋市名東区一社2-208,5052632900.0,一社駅,https://goo.gl/maps/mPj6eaGH1Qbam3GNA,,,,,LA COMUNITA,2.0,False
1906.0,cafe ILare カフェイラーレ,カフェレストラン,,長野県,長野県長野市北石堂町1180-1グランドハイツ石堂2F,5052636248.0,長野駅,https://g.page/cafeILarenagano?share,https://cafeilare.owst.jp/,,https://instagram.com/cafeilare.nagano/,,cafe ILare カフェイラーレ,2.0,False
1907.0,みつくら,和食,,宮城県,宮城県仙台市青葉区一番町4-5-44,5052637677.0,広瀬通駅,https://goo.gl/maps/Abd5mybicxJx6CuF6,,,,,みつくら,2.0,False
1908.0,ワインと和食　みくり,,,京都府,京都府京都市中京区東生洲町３８−１,5052638928.0,,https://goo.gl/maps/ZWtt83WQzKcqUBFZ7,,,,,ワインと和食 みくり,2.0,False
1909.0,蕎麦、狸庵つたや,そば・うどん,,茨城県,茨城県笠間市笠間1279,296720055.0,笠間駅,https://maps.app.goo.gl/1PrqHGJuNE5G7FL88,https://kasamatutaya.jimdofree.com/,,,,蕎麦、狸庵つたや,2.0,False
1910.0,フランス料理ポームドパン,フレンチ,,茨城県,茨城県笠間市笠間２６９８−１６,296723333.0,笠間駅,https://goo.gl/maps/Zxf1wyPZ4jZtLRaeA,http://www.pomme-de-pin.jp,,,,フランス料理ポームドパン,2.0,False
1911.0,うしみつ恵比寿本店,焼肉,,東京都,東京都渋谷区恵比寿南1-14-12M1F,5052697024.0,,https://goo.gl/maps/R5nwMiGQ4riMypbF6,,,,,うしみつ恵比寿,2.0,False
1913.0,グラム 千葉店,居酒屋・ダイニングバー,,千葉県,千葉県千葉市中央区富士見2丁目4−13大昌ビル2F,5052697413.0,千葉駅,https://g.page/chiba-gram?share,https://tabelog.com/chiba/A1201/A120101/12037927/,,,,グラム,2.0,False
1914.0,千葉 居酒屋 柚月,居酒屋・ダイニングバー,,千葉県,千葉県千葉市中央区富士見2-5-3ラ・ピエール富士見4F,5052697662.0,千葉駅,https://g.page/yuzuki_chiba?share,https://www.hotpepper.jp/strJ001054038/takeout/,,,,千葉 居酒屋 柚月,2.0,False
1915.0,生蕎麦　浅野屋　東池袋駅前ライズアリーナ店,和食,,東京都,東京都豊島区東池袋4-5-2ライズアリーナビルB1F,5052697716.0,東池袋駅,https://goo.gl/maps/fsPqfeHsbJbUmjD79,http://www.soba-asanoya.com/index.html,,https://www.instagram.com/asanoya_higashi/,,生蕎麦 浅野屋,2.0,False
1916.0,もも吉,居酒屋・ダイニングバー,,東京都,東京都武蔵野市吉祥寺本町1-34-3,5052698564.0,吉祥寺駅,https://goo.gl/maps/xTnPESidymcpXkTw7,https://momokichi-kichijoji.com/,,,,もも吉,2.0,False
1917.0,ひな酉　ふじ乃,居酒屋・ダイニングバー,,東京都,東京都武蔵野市中町1-15-5,5052698566.0,三鷹駅,https://goo.gl/maps/m4BBuVXrfbtqy8SJ9,https://fujino-mitaka.com/,,,,ひな酉 ふじ乃,2.0,False
1918.0,和牛ブロス,焼肉,,東京都,東京都新宿区神楽坂5-1神楽坂テラスＢ1,5052698948.0,飯田橋駅,https://goo.gl/maps/MCZtTDer9p5pynuVA,https://wagyubros-kagurazaka.com/,,https://instagram.com/yakinikuwagyubros/,,和牛ブロス,2.0,False
1919.0,びすとろハヒフヤ,イタリアン,,東京都,東京都葛飾区立石4-28−19,5052699287.0,京成立石駅,https://goo.gl/maps/EDt6qw6TMvfhwrdW8,https://hahihuya-tateishi.com/,,,,びすとろハヒフヤ,2.0,False
1920.0,びすとろ椿々 追越店,イタリアン,,茨城県,茨城県つくば市天久保1丁目1０-1,5052810253.0,つくば駅,https://goo.gl/maps/c1yFAkTogMZFkkFg7,,https://twitter.com/meatsauce712,,,びすとろ椿々,2.0,False
1921.0,長野bar ORATI,ビールバー,,長野県,長野県長野市南千歳1丁目8-6,5052860553.0,長野駅,https://goo.gl/maps/21NcaHtt6vfhwgSR7,,,,,長野bar ORATI,2.0,False
1922.0,フランス料理 トルテュ,フレンチ,,茨城県,茨城県笠間市大田町215-24,296735578.0,宍戸駅,https://goo.gl/maps/H2uAjEnMj2mEehnb7,,,https://facebook.com/umaumakamesan/?locale2=ja_JP,https://www.instagram.com/restaurant_tortue/,フランス料理 トルテュ,2.0,False
1923.0,BRUCIABRUCIA,イタリアン,,東京都,東京都新宿区天神町77都住創ラスティックビル1F,5053033542.0,神楽坂駅,https://maps.google.com/?q=google%20%E3%83%9E%E3%83%83%E3%83%97,http://www.bruciabrucia.com/,,,,BRUCIABRUCIA,2.0,False
1924.0,ノガラッツァ,イタリアン,,大阪府,大阪府大阪市北区中之島３丁目３−２３ダイビル２F,5053033776.0,渡辺橋駅,https://goo.gl/maps/E37czJL95WSGNSMW9,https://www.nogarazza.jp/,,https://instagram.com/nogarazza_official/?igshid=9yti2ltubtox,,ノガラッツァ,2.0,False
1925.0,MAKIBI,イタリアン,,大阪府,大阪府大阪市北区西天満3-1-27メビウス西天満ビル1階,5053034369.0,北浜駅,https://maps.app.goo.gl/xYBAWRxMJiThaDCj7,,,https://instagram.com/makibi.osaka/,,MAKIBI,2.0,False
1926.0,アンドゥトヮ,イタリアン,,埼玉県,埼玉県さいたま市大宮区桜木町２丁目２４６銀波ビル,5053034782.0,大宮駅,https://goo.gl/maps/7u9TWDRoecvYR7Kz7,https://retty.me/area/PRE11/ARE53/SUB5301/100000774529/,,,,アンドゥトヮ,2.0,False
1927.0,ラサボジュン,アジア・エスニック,スリランカ料理,大阪府,大阪府大阪市中央区平野町3-3-2恵比寿ビルB1F,5053035183.0,北浜駅,https://g.page/rasa_bojun?share,,,,,ラサボジュン,2.0,False
1928.0,HAVANA CAFE 六本木 (ハバナ カフェ ),メキシコ料理,,東京都,"東京都港区六本木4丁目12-2,FALCONビル",5053035838.0,六本木駅,https://goo.gl/maps/MRiqGKhFvV61ckXV9,https://www.havanacaferoppongi.com/,,,,HAVANA CAFE 六本木,2.0,False
1931.0,ディップガーデンTOKYO日比谷グルメリウム,その他,インド＆タイ料理,東京都,東京都千代田区内幸町2-1-6日比谷パークフロントB1F,5053035964.0,内幸町駅,https://goo.gl/maps/BwizhVVN3L8DaR9P7,http://dippalace.com,,,,ディップガーデンTOKYO日比谷グルメリウム,2.0,False
1932.0,自然派ワインとフランス郷土料理 シュシュ（Chouchou）,フレンチ,,東京都,東京都渋谷区桜丘町30-10青野ビル1F,5053036458.0,渋谷駅,https://goo.gl/maps/4mQ4Vv13njZibwvw8,www.chouchou-nature.com,,,,自然派ワインとフランス郷土料理 シュシュ,3.0,False
1934.0,サワディー 麹町店,タイ料理,,東京都,東京都千代田区麹町1-6-6プルミエ麹町ビル1F,5053037162.0,半蔵門駅,https://goo.gl/maps/HPCLR3WkVHVnU8Y97,https://tabelog.com/tokyo/A1308/A130803/13140840/,,,,サワディー,2.0,False
1935.0,マザーインディア 半蔵門駅前店,カレー,,東京都,東京都千代田区麹町1-3-7日月館麹町ビル1F,5053037163.0,半蔵門駅,https://goo.gl/maps/TL6AZJpFemv1z8Wj8,https://tabelog.com/tokyo/A1308/A130803/13175995/,,,,マザーインディア,2.0,False
1936.0,ディップパレス HERITAGE Roppongi 六本木店,アジア・エスニック,インド＆タイ料理,東京都,東京都港区六本木3-2-1住友不動産六本木グランドタワー2F,5053037164.0,六本木一丁目駅,https://goo.gl/maps/D76js6pdfJDG6wyG6,http://www.dippalace.com,,,,ディップパレス HERITAGE Roppongi,2.0,False
1939.0,ディップマハル 四谷本店,カレー,,東京都,東京都新宿区四谷3-3アーバン四谷三丁目2F,5053037167.0,四谷三丁目駅,https://g.page/DIPMAHAL_YOTSUYA_HONTEN?share,https://tabelog.com/tokyo/A1309/A130903/13011914/,,,,ディップマハル 四谷,2.0,False
1940.0,焼肉ハウス大将軍,焼肉,,長野県,長野県松本市宮田1-16,5053037658.0,南松本駅,https://goo.gl/maps/a1yj45jfcpKs2grh9,https://www.sun-acuerdo.com/,https://twitter.com/sun_acuerdo,https://instagram.com/daishougun.nagano.yakiniku/,,焼肉ハウス大将軍,2.0,False
1941.0,Shrimp Garden,ビールバー,,東京都,東京都千代田区内幸町2-1-1　飯野ビル1階,5053037813.0,霞が関駅,https://goo.gl/maps/SGazy3d872J7J7Ak6,http://shrimpgarden.jp/,,https://instagram.com/shrimpgarden/,,Shrimp Garden,2.0,False
1942.0,ITEMAE,居酒屋・ダイニングバー,,東京都,東京都渋谷区神山町10-14,5053038542.0,,https://goo.gl/maps/tM2sjdS3fNnEHpqW9,,,,,ITEMAE,2.0,False
1943.0,酒と居食や あんど,居酒屋・ダイニングバー,,福岡県,福岡県筑紫野市針摺中央2-14-40,5053039380.0,西鉄朝倉街道駅,https://goo.gl/maps/5amQmzx31CUKBuy77,,,https://www.instagram.com/saketoishokuya.and0923/,,酒と居食や あんど,2.0,False
1945.0,焼肉黒田,焼肉,,東京都,東京都渋谷区円山町1-16しぶまる館1F・2F,5053039679.0,,https://g.page/yakinikushibuya?share,,,,,焼肉黒田,2.0,False
1946.0,ビッグボーイ イオンタウン守谷店,カフェレストラン,,茨城県,茨城県守谷市百合ケ丘3-249-1イオンタウン守谷店内1F,297211166.0,守谷駅,https://goo.gl/maps/ooS9ogTqv3atMzae6,,,,,ビッグボーイ,2.0,False
1947.0,十祇家 木屋町御池店,,,京都府,京都府京都市中京区上樵木町４９６ビル一階西アイル竹嶋,5053039789.0,,https://g.page/togiya?share,,,,,十祇家,2.0,False
1949.0,そいさぼ,タイ料理,,福岡県,福岡県福岡市中央区薬院２丁目２−３３2F,5053048534.0,薬院駅,https://g.page/soisabo?share,http://www.soisabo.com,,https://instagram.com/soisabo/,,そいさぼ,2.0,False
1950.0,酒亭　穂椋,和食,,東京都,東京都港区５新橋４丁目５−１アーバン新橋ビルB1,5053048668.0,新橋駅,https://maps.app.goo.gl/aWyJQMKkDHxvVvi3A,,,,,酒亭 穂椋,2.0,False
1952.0,Bonte（ボンテ）,フレンチ,,東京都,東京都中央区佃２-6-9JS月島ビル1階,5053049044.0,月島駅,https://goo.gl/maps/kuNBbwzXYWTgEtv47,https://www.hotpepper.jp/strJ001224290/,,https://instagram.com/bonte_since2011,,Bonte,2.0,False
1953.0,トラットリア　アクイロット,イタリアン,,神奈川県,神奈川県横浜市港北区日吉本町１丁目４−１４グレストビル１F,5053049348.0,日吉駅,https://goo.gl/maps/ZVtSyahN6JBFpRoz9,,,,,トラットリア アクイロット,2.0,False
1954.0,Quindi,イタリアン,,東京都,東京都渋谷区上原2-48-12東洋代々木上原コーポ101,5053407914.0,代々木上原駅,https://goo.gl/maps/hNh1zj8UVFivz36N6,http://www.quindi-tokyo.net,,https://instagram.com/quindi_tokyo/,,Quindi,2.0,False
1955.0,韓国料理 縁,韓国料理,,埼玉県,埼玉県さいたま市中央区上落合２丁目４−４,5053485570.0,北与野駅,https://goo.gl/maps/fmqb5zHvuxxzXZoF7,https://akr2746835626.owst.jp/,,,,韓国料理 縁,2.0,False
1956.0,やきとり 小粋 新庄,焼き鳥,,山形県,山形県新庄市若葉町１４−４５,5053503265.0,,https://goo.gl/maps/kc51u66qLGUpC1Lt7,,,,,やきとり 小粋 新庄,2.0,False
1957.0,ENERGY PROTEIN BAR,その他,オーガニックプロテインドリンク,東京都,東京都渋谷区恵比寿1-19-19,5053590643.0,恵比寿駅,https://goo.gl/maps/xo5uEcbUziXSHusa6,https://energyproteinbar.com/,https://twitter.com/energy_protein,http://instagram.com/energyproteinbar.car,,ENERGY PROTEIN BAR,2.0,False
1958.0,養老乃瀧　西小山店,居酒屋・ダイニングバー,,東京都,東京都目黒区原町1-5-7,5053663944.0,西小山駅,https://goo.gl/maps/p5TjcqJ6y6ZaRfLk8,https://www.yoronotaki.co.jp/search/detail.html?CN=3838,,,,養老乃瀧,2.0,False
1959.0,クラフト麦酒ビストロ　クラフトマン,洋食,,東京都,東京都品川区西五反田2-18-3グレイス五反田1F,5054340824.0,五反田駅,https://goo.gl/maps/5j7kv5RH2eDHcG8e9,,,,,クラフト麦酒ビストロ クラフトマン,2.0,False
1960.0,肉バル タンジン商店,イタリアン,,埼玉県,埼玉県さいたま市中央区大字下落合１７１１シティーマークタワー21112号,5054491994.0,与野駅,https://goo.gl/maps/i9ABVBucAphnvxpa9,https://tanjinshoten.owst.jp/,,,,肉バル,2.0,False
1961.0,三千世界,中華料理,,福岡県,福岡県福岡市早良区田村７丁目２０−８,5054503261.0,次郎丸駅,https://goo.gl/maps/cF5gN7iXpiBV4ymL6,,https://twitter.com/Sekai3000?s=20,https://instagram.com/3000sekai0/,,三千世界,2.0,False
1962.0,洋食キッチンファミーユ,洋食,,大阪府,大阪府吹田市千里山東1-9−21,5054508121.0,関大前駅,https://goo.gl/maps/Y527pbhpXHmKN3Cg6,https://www.hotpepper.jp/strJ001233951/course/,,,,洋食キッチンファミーユ,2.0,False
1963.0,Vegan Cafe Monkey Magic 浅草,ベジ・ヴィーガン,,東京都,東京都台東区浅草2-27-16お宿松むら,505451222.0,浅草駅,https://g.page/MonkeyMagicAsakusa?share,,,,,Vegan Cafe Monkey Magic 浅草,2.0,False
1964.0,ラサボジュン　奈良,アジア・エスニック,スリランカ料理,奈良県,奈良県奈良市高畑町1098-1kotomatiビル104,5054566386.0,奈良駅,https://goo.gl/maps/6z7LPpAw3jqYeC7P6,,,,,ラサボジュン 奈良,2.0,False
1965.0,肉ダイニングRAKUGAKI,居酒屋・ダイニングバー,,東京都,東京都渋谷区神山町17-51F,5054610502.0,,https://goo.gl/maps/NXHxMHqb8ahEZR3LA,,,,,肉ダイニングRAKUGAKI,1.0,False
1966.0,テネレの木,カフェレストラン,,茨城県,茨城県守谷市大柏1114-2,297213208.0,守谷駅,https://goo.gl/maps/Tk7gbMgUVHBtwnQk8,http://tenerenoki.com/,https://twitter.com/teneerenoki,,,テネレの木,2.0,False
1967.0,それゆけ!鶏ヤロー 大和店,和食,,神奈川県,神奈川県大和市大和東1-5-4第77東京ビル,5054610899.0,大和駅,https://goo.gl/maps/cs4BqSkdzPowB7Ht7,https://akr4201594669.owst.jp/,https://twitter.com/toriyaroyamato,,,それゆけ!鶏ヤロー,2.0,False
1968.0,ニエバナ  はなれ,和食,,東京都,東京都世田谷区三軒茶屋2-14-19ジオステージ1F,5054610913.0,三軒茶屋駅,https://goo.gl/maps/ndDxJqqdKAksD7kcA,,,,,ニエバナ はなれ,2.0,False
1969.0,KOEDOイタリアンルーチェ,イタリアン,,埼玉県,埼玉県川越市新富町1-1-11信富イハラビル1F,5054610949.0,本川越駅,https://g.page/KOEDO-ITALIAN-LUCE?share,https://localplace.jp/t200347401/,https://twitter.com/koedo_luce,,,KOEDOイタリアンルーチェ,2.0,False
1970.0,87 hanaya no tonari no ばる,イタリアン,,茨城県,茨城県守谷市松並青葉4丁目1-1,297218340.0,守谷駅,https://goo.gl/maps/WU3sipAbqUiYYqqBA,,,,,87 hanaya no tonari no ばる,2.0,False
1971.0,餃子の西丸,居酒屋・ダイニングバー,,茨城県,茨城県守谷市中央1丁目23-4アクロスプラザ2FB6,297219155.0,守谷駅,https://goo.gl/maps/kiXeS47mmf8ZR1pbA,https://marukyumoriyanishiguchi.gorp.jp/,https://twitter.com/SEkDTbgTD6FlhBt,,,餃子の西丸,2.0,False
1972.0,肉バル ハーブカルネ 町田本店,居酒屋・ダイニングバー,,東京都,東京都町田市中町1丁目1-3町田リラビルB1,5054611168.0,町田駅,https://goo.gl/maps/4hg5SN2QeTyh5Nrz7,,,,,肉バル ハーブカルネ 町田,2.0,False
1973.0,こえど,居酒屋・ダイニングバー,,福岡県,福岡県福岡市城南区松山2-33-12,5054611231.0,七隈駅,https://goo.gl/maps/zvHb4keX8jgBYeBHA,,,https://instagram.com/koedo_00,,こえど,2.0,False
1974.0,リストランテ 勘十郎,イタリアン,,茨城県,茨城県水戸市元吉田町1042,5054611331.0,水戸駅,https://goo.gl/maps/MhivSAJqvAZdkddq9,https://retty.me/area/PRE08/ARE56/SUB5601/100000042250/,,,,リストランテ 勘十郎,2.0,False
1975.0,TERZO3,イタリアン,,東京都,東京都墨田区錦糸1-5-9比護ビル１Ｆ,5054611551.0,錦糸町駅,https://goo.gl/maps/NLefZCXmMLXzJegx9,,,,,TERZO3,2.0,False
1977.0,Taverna Mezzanotte,イタリアン,,京都府,京都府京都市下京区天王町１５０,5054612668.0,阪急四条駅,https://goo.gl/maps/MrwVq8gKCt5QHX4Z6,https://tabelog.com/kyoto/A2601/A260201/26023325/dtlrvwlst/,,,,Taverna Mezzanotte,2.0,False
1978.0,蔭山樓,ラーメン・つけ麺,ラーメン,東京都,東京都目黒区自由が丘2-8-21メゾンクルツ１階,5055701781.0,自由が丘,"https://maps.google.com/maps?ll=35.610697,139.667252&z=14&t=m&hl=ja&gl=US&mapclient=embed&q=%E3%83%A1%E3%82%BE%E3%83%B3%E3%83%BB%E3%82%AF%E3%83%AB%E3%83%84%20%EF%BC%91%E9%9A%8E%20%E3%80%92152-0035%20%E6%9D%B1%E4%BA%AC%E9%83%BD%E7%9B%AE%E9%BB%92%E5%8C%BA%E8%87%AA%E7%94%B1%E3%81%8C%E4%B8%98%EF%BC%92%E4%B8%81%E7%9B%AE%EF%BC%98%E2%88%92%EF%BC%92%EF%BC%91",,,,,蔭山樓,2.0,False
1979.0,台所酒場 TikiTiki,居酒屋・ダイニングバー,,茨城県,茨城県守谷市本町3199,297219400.0,守谷駅,https://goo.gl/maps/7NHfPWXgqN6JLjpQ7,,https://twitter.com/TikiTiki170428,https://facebook.com/%E5%8F%B0%E6%89%80%E9%85%92%E5%A0%B4-Tiki-Tiki-100446528062741/,,台所酒場 TikiTiki,2.0,False
1980.0,なっぱごちそう 目黒,居酒屋・ダイニングバー,各種料理,東京都,東京都品川区上大崎２丁目２６−５メグロードB1F,5055908608.0,目黒駅,https://goo.gl/maps/281Fmf6cvK6ZbF3v7,http://nappa-juicy.com/,https://twitter.com/nappainfo,https://instagram.com/nappa.info/,,なっぱごちそう 目黒,2.0,False
1981.0,ら～めん　コジマル,ラーメン・つけ麺,ラーメン,千葉県,千葉県茂原市八千代1-8-7,5055927828.0,茂原,"https://maps.google.com/maps?ll=35.423142,140.298508&z=14&t=m&hl=ja&gl=US&mapclient=embed&q=%E3%80%92297-0024%20%E5%8D%83%E8%91%89%E7%9C%8C%E8%8C%82%E5%8E%9F%E5%B8%82%E5%85%AB%E5%8D%83%E4%BB%A3%EF%BC%91%E4%B8%81%E7%9B%AE%EF%BC%98%E2%88%92%EF%BC%97",,,,,ら～めん コジマル,1.0,False
1982.0,中華蕎麦 一無庵,ラーメン・つけ麺,,茨城県,茨城県守谷市百合ケ丘1丁目2024-108,297219901.0,守谷駅,https://goo.gl/maps/ht2zgmY1pHWn4Frw8,https://www.collagekids.nl/hjk7yakiinnetibaraki/,https://twitter.com/ichimuanmoriya,,,中華蕎麦 一無庵,2.0,False
1983.0,大衆酒場BEETLE 五反田店,焼き鳥,,東京都,東京都品川区東五反田1丁目23-7メリス五反田1F,5055930285.0,五反田駅,https://goo.gl/maps/K7uVLpsjM6uYd2qWA,https://tabelog.com/tokyo/A1316/A131603/13202920/,,,,大衆酒場BEETLE,2.0,False
1984.0,焼肉 幸の助,和食,,茨城県,茨城県守谷市大柏1109-1,297340129.0,守谷駅,https://goo.gl/maps/LiH86zajKuYjyKrx5,,,,,焼肉 幸の助,2.0,False
1985.0,オステリア　エスト  エスト  エスト,イタリアン,,北海道,北海道札幌市北区北9条西2-4-1ホワイトキューブ札幌,5055939531.0,札幌駅,https://goo.gl/maps/hj6qNi3tUocpQ3338,https://osteria-est.com/,,https://instagram.com/osteriaestestest/,,オステリア エスト エスト エスト,2.0,False
1986.0,和食＆ワイン　いわい,和食,,兵庫県,兵庫県芦屋市大原町2-6-119ラモール芦屋,5055956721.0,芦屋駅,https://goo.gl/maps/PGnymqNbxYpcvMy2A,https://www.ashiya-iwai.jp/,,https://instagram.com/ashiya_iwai/,,和食＆ワイン いわい,1.0,False
1987.0,SOLPE,イタリアン,,愛知県,愛知県名古屋市千種区末盛通4-26-1ARKHOUSE1A,5055967937.0,本山駅,https://goo.gl/maps/A8cVXETS182BRWPT8,,,https://www.instagram.com/solpe1113/?utm_source=ig_profile_share&igshid=ovt3xwof87vb,,SOLPE,2.0,False
1988.0,海老丸らーめん,ラーメン・つけ麺,ラーメン,東京都,東京都千代田区西神田2-1-13十勝ビル1F,5055971835.0,水道橋,"https://maps.google.com/maps?ll=35.70076,139.755542&z=15&t=m&hl=ja&gl=US&mapclient=embed&q=%E3%82%A8%E3%82%A4%E3%83%88%201F%20%E3%80%92101-0065%20%E6%9D%B1%E4%BA%AC%E9%83%BD%E5%8D%83%E4%BB%A3%E7%94%B0%E5%8C%BA%E8%A5%BF%E7%A5%9E%E7%94%B0%EF%BC%92%E4%B8%81%E7%9B%AE%EF%BC%91%E2%88%92%EF%BC%91%EF%BC%93",,,,,海老丸らーめん,2.0,False
1989.0,フランス処 じぇむ,フレンチ,,茨城県,茨城県守谷市大柏1008-27フローラーリア102,297340409.0,守谷駅,https://goo.gl/maps/7hgGiYaQdYkZjyUn9,,,,"https://instagram.com/france_dokoro_jemme/?hl=jatps://google.co.jp/maps/place/%E3%81%B5%E3%82%89%E3%82%93%E3%81%99%E5%87%A6%E3%81%98%E3%81%87%E3%82%80/@35.9471954,139.9626374,14z/data=!3m1!4b1!4m5!3m4!1s0x60189fa775e9681b:0xa30cb406446549bc!8m2!3d35.9471967!4d139.980147?hl=ja",フランス処 じぇむ,2.0,False
1990.0,6DINER,バー,,茨城県,茨城県守谷市中央2丁目16-1アワーズ守谷1F,297386506.0,守谷駅,https://goo.gl/maps/384XYnPyn2oMFN3z7,,,,,6DINER,2.0,False
1991.0,タイ屋台　とき,タイ料理,,京都府,京都府京都市中京区錦大宮町148,5057866060.0,四条大宮駅,https://maps.app.goo.gl/T5N3JmW7gmkhjk8q6,,,https://instagram.com/taiyataitoki/,,タイ屋台 とき,2.0,False
1992.0,八剣伝　手城店,居酒屋・ダイニングバー,,広島県,広島県福山市南手城町4-12-3,5058456512.0,山陽新幹線　福山駅,https://goo.gl/maps/Eof8dDkq6KeZzZvZ8,,,,,八剣伝,2.0,False
1993.0,Natul~まるごとキッチン~,ベジ・ヴィーガン,牧草牛,大阪府,大阪府大阪市西区江戸堀1-23-31,5058482798.0,四つ橋線肥後橋駅,https://maps.app.goo.gl/ybAuM11X6qggyVZF7,https://s.tabelog.com/osaka/A2701/A270102/27116759/top_amp/,,,,Natul~まるごとキッチン~,2.0,False
1994.0,原価ビストロチーズプラス 四条烏丸,居酒屋・ダイニングバー,,京都府,京都府京都市中京区橋弁慶町２２２,5058701254.0,,https://g.page/cheesebistrokarasuma?share,,,,,原価ビストロチーズプラス 四条烏丸,2.0,False
1995.0,Brighton Cafe（ブライトンカフェ）,イタリアン,,埼玉県,埼玉県川越市通町8-1-1,5058702456.0,本川越駅,https://goo.gl/maps/uAsSfMHYE88JEKTF9,https://hitosara.com/0006088483/,,,,Brighton Cafe,2.0,False
1996.0,魚浪人,魚介・海鮮料理,,埼玉県,埼玉県さいたま市浦和区高砂１丁目１３−１０,5058707190.0,浦和駅,https://goo.gl/maps/7SCBxT1wraug5Aym6,http://www.gyoronin.com/,,,,魚浪人,2.0,False
1997.0,Q Cafe 上野,カフェレストラン,,東京都,東京都台東区東上野2-13-2,5058707685.0,上野駅,https://g.page/qcafe-ueno?share,https://www.q-stay.jp/qcafe/,https://twitter.com/qstayjapan,https://instagram.com/qstayjapan/,,Q Cafe 上野,2.0,False
1998.0,Jumelles29（ジュメルニジュウク）,,,京都府,京都府京都市下京区塩屋町８１−１,5058711102.0,,https://goo.gl/maps/oxdyaa1zbAHL871p8,,,,,Jumelles29,2.0,False
1999.0,ヴィネリア アッシュ,イタリアン,,京都府,京都府京都市下京区四条町斉藤町140-25,5058714755.0,祇園四条駅,https://goo.gl/maps/ADL4wZFZ22edf76d7,https://vineria-h.com/access.html,,,,ヴィネリア アッシュ,2.0,False
2000.0,クレオン,カフェレストラン,,富山県,富山県富山市呉羽町2247-3舞台芸術パーク内,5058907457.0,呉羽駅,https://goo.gl/maps/N65LCPMeMa5h6gAf6,,,,,クレオン,2.0,False
2001.0,Champel（シャンペル）,喫茶店・カフェ,,福岡県,福岡県福岡市早良区西新４丁目１−１プラリバB1F,5068755831.0,西新駅,https://goo.gl/maps/BWSthuxctZSAewAX7,,,https://instagram.com/champel.praliva/,,Champel,2.0,False
2002.0,an.loca ぼくとコーヒーとお酒,カフェレストラン,,石川県,石川県金沢市野町２丁目１−２０安田ビル１Ｆ,5071143054.0,金沢駅,https://goo.gl/maps/AybtYxiqGGwB4BJi7,http://shop.an-loca.com/,,https://instagram.com/__an.loca__cafe.bar?igshid=11qm9rgae77dv,,an.loca ぼくとコーヒーとお酒,2.0,False
2003.0,T.G.HEARTH,イタリアン,,東京都,東京都渋谷区恵比寿西1-12-12ルネスE.B.I2F,5073000403.0,恵比寿駅,https://g.page/tghearth?share,https://tghearth-ebisu.com,,https://instagram.com/tghearth/?hl=ja,,T.G.HEARTH,1.0,False
2004.0,喃風　池袋駅前店,お好み焼き・もんじゃ焼き,,東京都,東京都豊島区南池袋2-27-5カテイビル4F,5073023138.0,池袋駅,https://g.page/nanpuu-ikebukuro?share,https://nanpuu-ikebukuro-ekimae.com,https://twitter.com/MOG0JRPgSolGDDl,https://instagram.com/nanpu_ekimae/,,喃風,2.0,False
2005.0,モンカレー,カレー,,東京都,東京都北区上十条3丁目22-7-101,5075857598.0,十条駅,https://goo.gl/maps/5TcL79CBrJUSjA3W7,,,,,モンカレー,2.0,False
2006.0,パサタイNang’s Kitchen,タイ料理,,神奈川県,神奈川県横浜市鶴見中央4-11-6-1F,5075865723.0,鶴見駅,https://goo.gl/maps/WEQQyFJyequCrWN79,,,,,パサタイNang’s Kitchen,2.0,False
2007.0,アイリッシュパブ シャムロック,ビールバー,アイリッシュパブ,愛知県,愛知県名古屋市中区栄1丁目5-14モモタロービルB1,522012050.0,伏見駅,https://maps.app.goo.gl/GdmG6ohUxXSexSNeA,http://shamrock-irishpub.com/,,,,アイリッシュパブ シャムロック,2.0,False
2008.0,彩膳中華杏ZU,中華料理,,愛知県,愛知県名古屋市中区丸の内1-11-28田中屋ビル101,522012700.0,丸の内駅,https://goo.gl/maps/uXRq6xysiveT5HS68,http://anzu-yakuzen.sakura.ne.jp/,,https://www.instagram.com/samurai.atoz.hiro/,,彩膳中華杏ZU,2.0,False
2009.0,炭火焼鳥とうまい酒 立葵,焼き鳥,,愛知県,愛知県名古屋市中区栄2丁目7-5弁吉ビル階南,522223366.0,伏見駅,https://goo.gl/maps/6zcV9SabcqLmN4BY6,https://www.sake-tachiaoi.jp/,,,,炭火焼鳥とうまい酒 立葵,2.0,False
2011.0,a.ligne,フレンチ,,愛知県,愛知県名古屋市中区新栄2-3-12,522537155.0,新栄町駅,https://g.page/aligne?share,https://www.aligne.jp,,https://instagram.com/restaurant_a.ligne,,a.ligne,2.0,False
2013.0,Bistrot L'Ampoule,居酒屋・ダイニングバー,,愛知県,愛知県名古屋市中区千代田1-4-1カスティーヌ千代田1F西側,522611877.0,矢場町駅,https://maps.app.goo.gl/6KL4FQoUkx86p9o3A,,,https://Instagram.com/lamoulenagoya/,,Bistrot L'Ampoule,2.0,False
2014.0,Queen's Healthy Diner,ベジ・ヴィーガン,,愛知県,愛知県名古屋市中区栄4丁目15-9食べるテラスSAKAE1階店舗3,522633967.0,栄駅,,https://queenshealthydiner.owst.jp/,,,,Queen's Healthy Diner,2.0,False
2015.0,バンチャガル（ＢＨＡＮＣＨＡＧＨＡＲ）,カレー,,愛知県,愛知県清須市春日中沼20,524014945.0,上小田井駅,https://goo.gl/maps/cYUFkCdDsYtMQb64A,https://bhanchaghar-indian-restaurant.business.site/?utm_source=gmb&utm_medium=referral,https://twitter.com/nbq0z37VGXPniuP?s=20,https://instagram.com/banchiyagaru?igshid=1akl2kmdbpj3x,,バンチャガル,2.0,False
2017.0,蕎麦　伊とう,和食,,愛知県,愛知県名古屋市中村区大門町13,524713850.0,中村日赤駅,https://goo.gl/maps/XHQMWyT1tF4vsov5A,https://soba-ito.jp/,,https://instagram.com/soba_ito/,,蕎麦 伊とう,2.0,False
2018.0,洋食や　なかむら,洋食,,愛知県,愛知県名古屋市西区上名古屋2-2-21日商岩井第一城北ハイツ1F,525249322.0,浄心駅,https://goo.gl/maps/i4CBaM4J4uKjR8Dr5,,,,,洋食や なかむら,2.0,False
2019.0,日仏食堂 en,フレンチ,,愛知県,愛知県名古屋市西区那古野1丁目18-30,525332133.0,国際センター駅,https://goo.gl/maps/FGqjuToZUUfEd5Ue7,,,,,日仏食堂 en,2.0,False
2020.0,柳ばし　角重,和食,,愛知県,愛知県名古屋市中村区名駅南1-14-19,525418578.0,名古屋駅,https://goo.gl/maps/YAhhBBtJxwFcLyfh9,https://moritasake.com/shuraku/part1/01.html,,,,柳ばし 角重,2.0,False
2021.0,サキアテジョーグー,その他,沖縄料理,愛知県,愛知県名古屋市西区那古野1-20-35-1F,525617077.0,国際センター駅,https://goo.gl/maps/789Rbi9bdcxRoZdL7,,,https://instagram.com/sakiatejoegoo/,,サキアテジョーグー,2.0,False
2023.0,レストラン・ペルージュ,フレンチ,,愛知県,愛知県名古屋市西区那古野1-23-9,525839222.0,国際センター駅,https://goo.gl/maps/yDWkRemjNN1HGsXQ6,http://perouges.nagoya/,,,,レストラン・ペルージュ,2.0,False
2024.0,ワインバルビストロパッチョ,居酒屋・ダイニングバー,,茨城県,茨城県守谷市中央4丁目10-7,297388700.0,守谷駅,https://goo.gl/maps/aEYgY5YnQ3pC2wAD8,https://pacciomoriya.gorp.jp/,,,,ワインバルビストロパッチョ,2.0,False
2025.0,ヘルシングあい&pupu kitchen,ベジ・ヴィーガン,,愛知県,愛知県名古屋市西区城西2丁目15番地13号,526025930.0,浅間町駅,,https://heal-ai.com/organiccafe.html,,,,ヘルシングあい&pupu kitchen,2.0,False
2026.0,和食鉄板花みち,和食,,茨城県,茨城県守谷市けやき台3丁目2-1,297388851.0,守谷駅,https://goo.gl/maps/JycSWUBB8DVwfrFQ9,https://www.washoku-hanamichi.com/,,,,和食鉄板花みち,2.0,False
2027.0,天ぷら やじま。,天ぷら,,愛知県,愛知県名古屋市東区砂田橋５丁目２−１０ラングラウフ1F,527110182.0,,https://goo.gl/maps/pNV2ZGBmuULef4Ud8,,,,,天ぷら やじま。,2.0,False
2028.0,グレインズ,ベジ・ヴィーガン,,愛知県,愛知県名古屋市中村区大正町二丁目26-1,527206616.0,ささしまライブ駅,https://goo.gl/maps/TJKLMfcpVe2g5afH8,http://greins-cafe.com/,,,,グレインズ,2.0,False
2030.0,ORIBIO Cafe Dining Nagoya,ベジ・ヴィーガン,,愛知県,愛知県名古屋市千種区春岡通6-2-1,527318887.0,吹上駅,http://maps.google.com/?cid=6962615117612290033&hl=ja&gl=jp,https://www.nagoya-oribiocafe.com/home2,,,,ORIBIO Cafe Dining Nagoya,2.0,False
2031.0,TAO TAO,中華料理,,愛知県,愛知県名古屋市昭和区塩付通2-12,527323052.0,御器所駅,https://goo.gl/maps/T9EVVFkpHAtAxS9m7,,,,,TAO TAO,2.0,False
2032.0,レストランVive(ビブ),フレンチ,,愛知県,愛知県名古屋市千種区千種22二丁目22-1ソレイユ千種1F,527415137.0,鶴舞駅,https://goo.gl/maps/gMnk5s4La883TGr69,http://www.nr-vive.com/?fbclid=IwAR2-sJzaPur79QlHswwgc_WnLbeBeRtVTgbkmUZqYi7IPBGRIPcjWDVgr-4,,,,レストランVive,2.0,False
2033.0,Paragon,アジア・エスニック,,愛知県,愛知県名古屋市千種区稲舟通1-5-3,527612165.0,本山駅,https://goo.gl/maps/WsVpgnher1hrcXnFA,,,,,Paragon,2.0,False
2034.0,ポッシュドゥマモン,カフェレストラン,,茨城県,茨城県守谷市中央4丁目21-11コトブキビル4階,297445451.0,守谷駅,https://goo.gl/maps/NTsHRqgcNrEU1DoX7,http://poche.saps.co.jp/,https://twitter.com/sakebase_moriya,,,ポッシュドゥマモン,2.0,False
2035.0,まめでのベジスイーツ&cafe,ベジ・ヴィーガン,,愛知県,愛知県名古屋市天白区平針2丁目1601第二須賀ビル1階,528051115.0,平針駅,https://goo.gl/maps/3Dgh9q9uhuzyquaz9,,,,,まめでのベジスイーツ&cafe,2.0,False
2036.0,エスニークス,その他,サンドイッチ,愛知県,愛知県名古屋市天白区植田3-717,528072414.0,植田駅,https://goo.gl/maps/dcW2kUSjuPiirVCXA,,,,,エスニークス,2.0,False
2037.0,安江,ベジ・ヴィーガン,,愛知県,愛知県名古屋市瑞穂区陽明町2-32,528311032.0,瑞穂区役所駅,https://goo.gl/maps/qdaFFwh1WPF3gYJN6,https://sobayasue.com/,,,,安江,2.0,False
2038.0,地雷也,和食,,愛知県,愛知県名古屋市昭和区広路町字石坂2-1イオン八事店B2F,528313151.0,八事駅,https://goo.gl/maps/FXqpMT1Nx1jQZDcu6,,,,,地雷也,2.0,False
2039.0,ラ・マンチャ,スペイン料理,,愛知県,愛知県名古屋市瑞穂区彌富町円山10八事パテオ2F,528331925.0,八事駅,https://goo.gl/maps/snjDbQPbntrPTuC88,http://lamancha1978.com/,,,,ラ・マンチャ,2.0,False
2040.0,Bleu Tablier,その他,多国籍料理,愛知県,愛知県名古屋市天白区弥生が岡220-1,528467577.0,八事駅,https://goo.gl/maps/iL7Qm9FVkRnz1VU87,,,,,Bleu Tablier,2.0,False
2041.0,トライバルアーツ,ベジ・ヴィーガン,,愛知県,愛知県名古屋市天白区中平1-501,528483433.0,植田駅,https://goo.gl/maps/HVen9bAWuBYCTfz9A,,,,,トライバルアーツ,2.0,False
2042.0,ソウルダイナー,ハンバーガー,,愛知県,愛知県名古屋市天白区植田3-1701ワイズビル1F,528489979.0,八事駅,https://g.page/SOULDINER?share,,,,,ソウルダイナー,2.0,False
2043.0,kasiko (かしこ),和食,,愛知県,愛知県名古屋市瑞穂区佐渡町5-3ファルコン瑞穂1F,528525288.0,瑞穂区役所駅,https://goo.gl/maps/wYo4LAqx49M8rvcF7,http://kasiko.favy.jp/,,http://instagram.com/kasiko_nagoya,,kasiko,2.0,False
2044.0,玄米菜食のら,ベジ・ヴィーガン,,愛知県,愛知県名古屋市熱田区桜田町4-14ハイツ桜田1F,528723208.0,金山駅,https://goo.gl/maps/pLjc77p6uvhsvrFk7,https://www.ne.jp/asahi/genmai/nora/,,,,玄米菜食のら,2.0,False
2045.0,薬草labo. 棘,ベジ・ヴィーガン,,愛知県,愛知県名古屋市昭和区神村町2-59,528807932.0,名古屋大学駅,http://maps.google.com/?cid=11409747350690192640&hl=ja&gl=jp,http://www.yakusoulabo-toge.com/,,,,薬草labo. 棘,2.0,False
2046.0,スペイン料理店エルトレロ,スペイン料理,,愛知県,愛知県名古屋市昭和区御器所3-1-43,528825977.0,荒畑駅,https://goo.gl/maps/7JQMbG7ReN7so9sf8,https://el-torero.com/info/index.html,,https://instagram.com/el.torero?igshid=7fqe42dfh5q1,,スペイン料理店エルトレロ,2.0,False
2047.0,en-kitchen cafe,ベジ・ヴィーガン,,愛知県,愛知県名古屋市中区大井町3-31,528981015.0,東別院駅,https://goo.gl/maps/UfnCrs9fTe4W824g9,http://www.en-kitchen.com/cafe-info.php,,,,en-kitchen cafe,2.0,False
2048.0,フィーネデルモンド,イタリアン,,愛知県,愛知県名古屋市瑞穂区姫宮町2-75-2ネオ新瑞1F,529182302.0,新瑞橋駅,https://maps.app.goo.gl/bCv3VThTUE5TjjK58,,,,,フィーネデルモンド,2.0,False
2049.0,IZUMI-CAFE（イズミカフェ）,カフェレストラン,,愛知県,愛知県名古屋市東区泉2-11-4IZUMI-SO１階,529362488.0,,https://g.page/izumicafenagoya?share,,,,,IZUMI-CAFE,2.0,False
2050.0,L'atelier K,その他,鉄板フレンチ,愛知県,愛知県名古屋市東区東桜2-12-22水谷ビル2F,529368555.0,新栄町駅,https://goo.gl/maps/VT3pF4rGWSBGKPf6A,,,,,L'atelier K,2.0,False
2052.0,米花,ベジ・ヴィーガン,,愛知県,愛知県名古屋市東区東桜1-14-12,529573151.0,栄駅,https://maps.app.goo.gl/eqJ3rMEhtZhEcFx96,https://komehanapan.wixsite.com/kobo,,,,米花,2.0,False
2053.0,ホテルアークリッシュ豊橋,フレンチ,,愛知県,愛知県豊橋市駅前大通1-55,532511120.0,豊橋駅,https://maps.app.goo.gl/8UeJxTHUJTkvnKDr9,https://www.arcriche.jp/2020/04/15/restaurantkei_delivery/,,,,ホテルアークリッシュ豊橋,2.0,False
2054.0,ごはん屋いっぽ,洋食,,愛知県,愛知県豊橋市西高師町沢向117,532758315.0,高師駅,https://goo.gl/maps/qJ98AFc2F8T1ysp78,https://www.gohanyaippo.com/,,,,ごはん屋いっぽ,2.0,False
2056.0,La Cachette(ラ・キャシェット),フレンチ,,静岡県,静岡県浜松市中区板屋町102-17,534531881.0,第一通り駅,https://goo.gl/maps/E4ED1wWCnutybWWk7,http://la.cachette-vin.com/,,,,La Cachette,2.0,False
2057.0,蔵前家,ラーメン・つけ麺,ラーメン,静岡県,静岡県浜松市北区細江町中川7172-2522,535233525.0,金指,"https://maps.google.com/maps?ll=34.810674,137.705349&z=12&t=m&hl=ja&gl=US&mapclient=embed&q=%E3%80%92431-1304%20%E9%9D%99%E5%B2%A1%E7%9C%8C%E6%B5%9C%E6%9D%BE%E5%B8%82%E5%8C%97%E5%8C%BA%E7%B4%B0%E6%B1%9F%E7%94%BA%E4%B8%AD%E5%B7%9D%EF%BC%97%EF%BC%91%EF%BC%97%EF%BC%92%E2%88%92%EF%BC%92%EF%BC%95%EF%BC%92%EF%BC%92",,,,,蔵前家,2.0,False
2058.0,支那そばや日歩未,ラーメン・つけ麺,ラーメン,静岡県,静岡県浜松市浜北区中瀬６３,535886123.0,小林,"https://maps.google.com/maps?ll=34.811849,137.805525&z=14&t=m&hl=ja&gl=US&mapclient=embed&q=%E3%80%92434-0012%20%E9%9D%99%E5%B2%A1%E7%9C%8C%E6%B5%9C%E6%9D%BE%E5%B8%82%E6%B5%9C%E5%8C%97%E5%8C%BA%E4%B8%AD%E7%80%AC%EF%BC%96%EF%BC%93",,,,,支那そばや日歩未,2.0,False
2059.0,彩り料理　このは,和食,,静岡県,静岡県掛川市中央1-4-15,537228006.0,掛川駅,https://goo.gl/maps/u4HXKGJwjpALH83H6,https://nbn7800.gorp.jp/,,https://www.instagram.com/konohakokorozashi/?hl=ja,,彩り料理 このは,2.0,False
2060.0,ASIAN BAR lieto アジアンバル リエット,居酒屋・ダイニングバー,,静岡県,静岡県静岡市葵区両替町2-4-9　フィエスタ両替町３F,542053177.0,,https://g.page/ASIANBARlieto?share,,,,,ASIAN BAR lieto アジアンバル リエット,2.0,False
2061.0,プリズム,カフェレストラン,,茨城県,茨城県つくばみらい市富士見ヶ丘1丁目13-17,297447028.0,みらい平駅,https://goo.gl/maps/t1Qbsh6WttrJWmYe6,https://laforetdeprisme.wixsite.com/prisme,,,,プリズム,2.0,False
2064.0,とみ井,和食,,静岡県,静岡県静岡市葵区常磐町1-2-7富井ビル1F,542740666.0,静岡駅,https://goo.gl/maps/DtaZH7oJXVLMUjzD9,,,,,とみ井,2.0,False
2065.0,九州酒場丸久,居酒屋・ダイニングバー,,茨城県,茨城県守谷市中央2-16-1アワーズ守谷1F,297447278.0,守谷駅,https://goo.gl/maps/ZZHkWx5U9mrwFJyv8,https://marukyumoriya.gorp.jp/,,,,九州酒場丸久,2.0,False
2066.0,ノイコーヒー,カフェレストラン,,静岡県,静岡県藤枝市大西町3-1-7,543301539.0,藤枝駅,https://goo.gl/maps/pQr9ETUZfjaH8jxp6,,,,,ノイコーヒー,2.0,False
2069.0,アレグロアッサイ,カフェレストラン,カフェ＆バー,静岡県,静岡県静岡市清水区草薙1-8-20さかえビル2F,543489000.0,草薙駅,https://goo.gl/maps/7psFyd9p5bvHkgoA7,https://allegroassai.gorp.jp/,,,,アレグロアッサイ,2.0,False
2070.0,きぬむら,和食,,静岡県,静岡県静岡市清水区草薙1-6-15,543491562.0,草薙駅,https://goo.gl/maps/zSG4SdtvuRPuNmJRA,,,,,きぬむら,2.0,False
2071.0,マーノ・エ・マーノ,イタリアン,,静岡県,静岡県富士市今泉2382-1,545542334.0,本吉原駅,https://goo.gl/maps/nG1sVvfKjqCS9mcb8,https://www.manoemano.jp/,,,,マーノ・エ・マーノ,2.0,False
2072.0,らぁめん大山（たいざん）,ラーメン・つけ麺,ラーメン,静岡県,静岡県富士市青葉町604,545605333.0,富士,"https://maps.google.com/maps?ll=35.175396,138.653822&z=12&t=m&hl=ja&gl=US&mapclient=embed&q=%E3%80%92416-0952%20%E9%9D%99%E5%B2%A1%E7%9C%8C%E5%AF%8C%E5%A3%AB%E5%B8%82%E9%9D%92%E8%91%89%E7%94%BA%EF%BC%96%EF%BC%90%EF%BC%94",,,,,らぁめん大山,2.0,False
2073.0,くるみキッチンプラス,カフェレストラン,,静岡県,静岡県藤枝市青木1-21-12,546464397.0,藤枝駅,https://goo.gl/maps/AtQ156LyMc5f9XYJ6,,,,,くるみキッチンプラス,2.0,False
2074.0,つむぎカフェ,カフェレストラン,,静岡県,静岡県島田市本通3-6-1,547331550.0,島田駅,https://goo.gl/maps/LvNCgMD8XKrsN3zE9,,,,,つむぎカフェ,2.0,False
2075.0,居酒屋ダイニングバーZERO,居酒屋・ダイニングバー,,静岡県,静岡県島田市中河町285-51F,547337110.0,島田駅,https://g.page/ZERO-HAJIMARI?share,,,,,居酒屋ダイニングバーZERO,2.0,False
2076.0,ごはんcafe かりん,定食・食堂,,静岡県,静岡県島田市中溝町1632-9,547367711.0,島田駅,https://goo.gl/maps/Md8NVrQVwtMJSksFA,,,,,ごはんcafe かりん,2.0,False
2077.0,organic cafe ごぱん,ベジ・ヴィーガン,,山梨県,山梨県北杜市大泉町西井出8240-1677,551380372.0,甲斐大泉駅,https://goo.gl/maps/1Qs9YEf2UVGyofqRA,,,,,organic cafe ごぱん,2.0,False
2078.0,nakamise café-pot,ベジ・ヴィーガン,,山梨県,山梨県北杜市高根町五町田609,551472044.0,北杜市長坂駅,https://goo.gl/maps/utophv7QRni7bMxY9,,,,,nakamise café-pot,2.0,False
2079.0,Fluunt KOFU（フルウント甲府）,ベジ・ヴィーガン,,山梨県,山梨県甲府市中央1-1-7飯田ビル１F,552327789.0,甲府駅,https://www.google.com/maps?cid=4527774700064778492,https://www.fluunt.net/,,https://instagram.com/fluunt_kofu/,,Fluunt KOFU,2.0,False
2080.0,フォーハーツカフェ,居酒屋・ダイニングバー,,山梨県,山梨県甲府市丸の内１丁目１６−１３ヤマサビル1F,552377793.0,甲府,https://goo.gl/maps/szRKeBjy6mECBXP89,http://fourhearts.blog80.fc2.com/,,,,フォーハーツカフェ,2.0,False
2081.0,BAR(バル)食堂CORAZON,イタリアン,,山梨県,山梨県中巨摩郡昭和町清水新居1502OBIビル102,552888483.0,竜王,https://goo.gl/maps/9bRw8vrbHAotvUZRA,http://corazon2015.strikingly.com/,,https://www.instagram.com/bar_corazon2015/,,BAR(バル)食堂CORAZON,2.0,False
2082.0,Hérisson d'un jour,フレンチ,,山梨県,山梨県甲州市勝沼町中原5288-3,553398830.0,勝沼ぶどう郷駅,https://g.page/herisson-koshu?share,https://herisson-koshu.com/,,,,Hérisson d'un jour,2.0,False
2083.0,maru修善寺,ピザ,,静岡県,静岡県伊豆市下船原188-1,558871980.0,修善寺駅,https://goo.gl/maps/HcBDYwqy2FGGfYbu9,https://m.facebook.com/maru.syuzenji/,,https://instagram.com/maru.shuzenji?igshid=11asqbnad9crv,,maru修善寺,2.0,False
2084.0,HANAZONO CAFE,カフェレストラン,,兵庫県,兵庫県神戸市中央区北長狭通3-12-3リーストラクチャー・トアウエストビル2F,783313905.0,三宮駅,https://g.page/hanazonocafe?share,http://www.hanazono-cafe.me,,https://www.instagram.com/hanazonocafe/?hl=ja,,HANAZONO CAFE,2.0,False
2085.0,たこやきサボちゃん＆サラエボクローク,その他,たこ焼き,静岡県,静岡県沼津市大手町5丁目9-1,559009225.0,沼津駅,https://g.page/tacoyaki_sabochan?share,,https://twitter.com/tacoyaki_sabo,https://www.instagram.com/tacoyaki_sabochan/?hl=ja,,たこやきサボちゃん＆サラエボクローク,1.0,False
2086.0,松福（しょうふく）,ラーメン・つけ麺,ラーメン,静岡県,静岡県沼津市千本港町57-1,559517277.0,沼津,"https://maps.google.com/maps?ll=35.090217,138.851044&z=12&t=m&hl=ja&gl=US&mapclient=embed&q=%E3%80%92410-0845%20%E9%9D%99%E5%B2%A1%E7%9C%8C%E6%B2%BC%E6%B4%A5%E5%B8%82%E5%8D%83%E6%9C%AC%E6%B8%AF%E7%94%BA%EF%BC%95%EF%BC%97%E2%88%92%EF%BC%91",,,,,松福,2.0,False
2087.0,HIIRAGIYAMA GARDEN　（柊山ガーデン）,カフェレストラン,,愛知県,愛知県大府市柊山町3-299,562854900.0,大府駅,https://goo.gl/maps/9YyLa8eigieWKw82A,https://tabelog.com/aichi/A2304/A230401/23048447/,,https://www.instagram.com/garden_takeout/,,HIIRAGIYAMA GARDEN,2.0,False
2088.0,粋季,和食,,愛知県,愛知県豊田市陣中町1-15-10,565330009.0,梅坪駅,https://goo.gl/maps/QD7qWJMKZRE8Qvcv8,,,https://instagram.com/ikki_washoku/,,粋季,2.0,False
2089.0,wine kitchen sabori,ワインバー,,愛知県,愛知県豊田市喜多町4-66-1,565341800.0,豊田市駅,https://goo.gl/maps/GQbwpfzhqe4zGanPA,https://winekitchen-sabori.com/,,https://instagram.com/winekitchensabori/?hl=ja,,wine kitchen sabori,2.0,False
2090.0,Minematsuya/ミネマツヤ,タイ料理,,愛知県,愛知県豊田市小坂本町1-17,565378633.0,豊田市駅,https://goo.gl/maps/crhqjJeuwZqQXaW88,,,https://instagram.com/p/B-gQqHFFDZH/,,Minematsuya/ミネマツヤ,2.0,False
2091.0,山之手虎玄,ラーメン・つけ麺,ラーメン,愛知県,愛知県豊田市山之手5丁目90番地,565415669.0,三河豊田,"https://maps.google.com/maps?ll=35.055956,137.145293&z=14&t=m&hl=ja&gl=US&mapclient=embed&q=%E3%80%92471-0833%20%E6%84%9B%E7%9F%A5%E7%9C%8C%E8%B1%8A%E7%94%B0%E5%B8%82%E5%B1%B1%E4%B9%8B%E6%89%8B%EF%BC%95%E4%B8%81%E7%9B%AE%EF%BC%99%EF%BC%90",,,,,山之手虎玄,2.0,False
2092.0,Minette,フレンチ,,愛知県,愛知県豊田市若宮町1-27横井ビル一階,565427173.0,豊田市駅,https://maps.app.goo.gl/1kWY9QUmA9znagbE6,,,https://instagram.com/invites/contact/?i=dc8dc5bfxk8l&utm_content=1qg5iv,,Minette,2.0,False
2093.0,ATTRACT奥山,カフェレストラン,,愛知県,愛知県碧南市二本木町3-50-1,566957755.0,北新川駅,https://maps.app.goo.gl/cafLsvwHwJVJ1xWu9,https://attract-okuyama.com,,,,ATTRACT奥山,2.0,False
2094.0,十割蕎麦　石山,そば・うどん,,岐阜県,岐阜県多治見市高根町4-8高根ニュープラザ,572517501.0,根本駅,https://goo.gl/maps/vS3JMACf3QnLf5pb7,https://www.ishiyamasoba.com/access,,https://instagram.com/jyuuwari__soba__ishiyama/,,十割蕎麦 石山,2.0,False
2095.0,喫茶つみき,カフェレストラン,,岐阜県,岐阜県美濃加茂市三和町1503-4,574501330.0,美濃太田駅,https://goo.gl/maps/YLr5WTubERcioftj6,,,https://www.instagram.com/tsuzukusan/,,喫茶つみき,2.0,False
2096.0,和らん,和食,,岐阜県,岐阜県岐阜市徹明通3-1-7,582142739.0,岐阜駅,https://goo.gl/maps/nqNAKLSup4xgTsCz9,,,,,和らん,2.0,False
2097.0,Ristorante il Presidente,イタリアン,,岐阜県,岐阜県岐阜市金町8-10荒井ビル1F,582155626.0,岐阜駅,https://goo.gl/maps/Zs9JD4ATkLdzbHf36,http://www.gifu-presidente.jp/,,,,Ristorante il Presidente,2.0,False
2098.0,バル・バロッサ,スペイン料理,,岐阜県,岐阜県岐阜市金宝町1-12PORT-A地階,582651099.0,名鉄岐阜駅,https://goo.gl/maps/8GXfBhukkGfSZt26A,http://www.bistronomie.co.jp/barbarossa/,https://twitter.com/bar_barossa,https://instagram.com/barbarossagifu/?hl=ja,,バル・バロッサ,2.0,False
2099.0,MaCaroni (マカロニ),イタリアン,,岐阜県,岐阜県大垣市鶴見町111-1,584848700.0,大垣駅,https://goo.gl/maps/Kw9nX34TTvXeLZcE8,http://kitchenmacaroni.com/,,,,MaCaroni,2.0,False
2100.0,天高く翔べ！,ラーメン・つけ麺,ラーメン,愛知県,愛知県一宮市伝法寺７-１−７,586765590.0,稲沢,"https://maps.google.com/maps?ll=35.257927,136.827475&z=14&t=m&hl=ja&gl=US&mapclient=embed&q=%E3%80%92491-0828%20%E6%84%9B%E7%9F%A5%E7%9C%8C%E4%B8%80%E5%AE%AE%E5%B8%82%E4%BC%9D%E6%B3%95%E5%AF%BA%EF%BC%97%E4%B8%81%E7%9B%AE%EF%BC%91%E2%88%92%EF%BC%97",,,,,天高く翔べ！,1.0,False
2101.0,ひつまぶし備長 本店,うなぎ,名古屋名物ひつまぶし,愛知県,愛知県丹羽郡大口町下小口5-176-1,587960141.0,柏森駅,https://g.page/hitsumabush_honten?share,https://hitsumabushi.co.jp/,,https://www.instagram.com/hitsumabushi_bincho/,,ひつまぶし備長,2.0,False
2102.0,金鯱山,洋食,,三重県,三重県四日市市ときわ5丁目3-50,593530928.0,中川原駅,https://goo.gl/maps/oFYp3v2p1mDvoMSL8,,,https://www.instagram.com/kinkozan.yokkaichi/,,金鯱山,2.0,False
2103.0,串あげｐａｐａ＆ｍａｍａ,居酒屋・ダイニングバー,,三重県,三重県伊賀市川合181-6,595432550.0,佐那具駅,https://maps.app.goo.gl/SWgP4deFycsSXbUp7,,,,,串あげｐａｐａ＆ｍａｍａ,1.0,False
2104.0,BAGEL FUNS(ベーグルファンズ),その他,ベーグル専門店,三重県,三重県多気郡明和町大字馬之上1180-1,596520006.0,斎宮駅,https://goo.gl/maps/9aCsopqXExsesooG7,,,https://www.instagram.com/p/B-yT26anRu0/,,BAGEL FUNS,2.0,False
2105.0,香蘭,中華料理,,三重県,三重県多気郡明和町大字斎宮3696−4,596520985.0,斎宮駅,https://goo.gl/maps/jubMVgG5VjE39dne7,,,,,香蘭,2.0,False
2106.0,斎庵,喫茶店・カフェ,,三重県,三重県多気郡明和町大字斎宮西前沖2604-11,596521122.0,斎宮駅,https://goo.gl/maps/jNNcACHvZJD4iooK6,,,https://www.instagram.com/_itsuki_an/?hl=ja,,斎庵,2.0,False
2107.0,天風,お好み焼き・もんじゃ焼き,,三重県,三重県多気郡明和町大字有爾中1428−4,596522100.0,斎宮駅,https://goo.gl/maps/3sLA8vsatYFrnduu5,,,,,天風,2.0,False
2108.0,海鮮料理 大山,和食,,三重県,三重県多気郡明和町大字竹川33−5,596522333.0,斎宮駅,https://goo.gl/maps/HbRR5eKKo1FWrhFN7,https://daisen-33-5.com/,,https://www.instagram.com/daisen2333/?hl=ja,,海鮮料理 大山,2.0,False
2109.0,ミエルジャルダン,フレンチ,,三重県,三重県多気郡明和町大字佐田941−48,596523301.0,斎宮駅,https://g.page/mieljardin?share,http://www.ma.mctv.ne.jp/~miel2006/miel2006/TOP.html,,https://www.instagram.com/miel2013/?hl=ja,,ミエルジャルダン,2.0,False
2110.0,らーめんみのり,中華料理,,三重県,三重県多気郡明和町大字有爾中1436-3,596523694.0,斎宮駅,https://goo.gl/maps/Qz7DAoDDy2Yw1gAPA,,https://twitter.com/C9wAVal9t9eecuA,,,らーめんみのり,2.0,False
2111.0,Cafe＆Store楽,カフェレストラン,,三重県,三重県多気郡明和町大字斎宮946-9,596523992.0,斎宮駅,https://goo.gl/maps/N9QKJXCtGEPpvd2QA,,,https://www.instagram.com/cafe.and.store_raku/?hl=ja,,Cafe＆Store楽,1.0,False
2112.0,お食事処・麦,居酒屋・ダイニングバー,,三重県,三重県多気郡明和町大字斎宮939-11,596526680.0,斎宮駅,https://goo.gl/maps/nuFVauV1fpRPptJj8,,,https://www.instagram.com/mugi_meiwa/?hl=ja,,お食事処・麦,2.0,False
2113.0,ルンビニ,カレー,,三重県,三重県多気郡明和町金剛坂816−53,596526770.0,斎宮駅,https://goo.gl/maps/aAVbNgxKwwisxbGv5,,,,,ルンビニ,2.0,False
2114.0,OTOMONI COFFEE Roast Lab 明和店,カフェレストラン,,三重県,三重県多気郡明和町大字有爾中1320,596527752.0,斎宮駅,https://goo.gl/maps/d5b6K3YoYchdMXvw5,,,https://www.instagram.com/otomoni_coffee/,,OTOMONI COFFEE Roast Lab,2.0,False
2115.0,ラ・アマート,イタリアン,,三重県,三重県多気郡明和町大字有爾中1320,596527870.0,斎宮駅,https://goo.gl/maps/ErXpLDnM77xiLUUu6,,,https://www.instagram.com/la.amato_316/,,ラ・アマート,2.0,False
2116.0,中華ダイニング凛香,中華料理,,三重県,三重県多気郡明和町大字斎宮939−10,596531501.0,斎宮駅,https://goo.gl/maps/xmchZP3ZgBY66MFQ7,,,,,中華ダイニング凛香,2.0,False
2117.0,パスタと洋食のお店 cavallo(カヴァロ),洋食,,三重県,三重県多気郡明和町大字佐田941-47,596532350.0,斎宮駅,https://goo.gl/maps/KskK9eMjHTjT7wjM8,https://cavallo1011.jimdofree.com/,,https://www.instagram.com/cavallo1011/?hl=ja,,パスタと洋食のお店 cavallo,2.0,False
2118.0,パティスリーパパ,その他,洋菓子店,三重県,三重県多気郡明和町大字佐田391-9,596552099.0,斎宮駅,https://goo.gl/maps/AAnhLzRHLYTXcy9q9,https://papa-meiwa.jp/,,https://www.instagram.com/patisseriepapa/?hl=ja,,パティスリーパパ,2.0,False
2119.0,うなぎのまつもと,うなぎ,,三重県,三重県多気郡明和町大字行部80,596552581.0,斎宮駅,https://goo.gl/maps/ohkrVaAqynnstCbR8,http://www.unagi-matsumoto.co.jp/index.html,,,,うなぎのまつもと,2.0,False
2120.0,焼肉なりちゃん,焼肉,,三重県,三重県多気郡明和町大字佐田2427,596552789.0,斎宮駅,https://goo.gl/maps/uMkpbdBmUu4hNs4S6,,,,,焼肉なりちゃん,2.0,False
2121.0,とりみそ家,焼肉,,三重県,三重県多気郡明和町大字前野1320　松幸農産これから村,596553202.0,斎宮駅,https://g.page/torimisoya?share,https://matsukounousan.com/?mode=f3,,,,とりみそ家,2.0,False
2122.0,清昇丸,寿司,,三重県,三重県多気郡明和町大字大淀2940,596553317.0,明星駅,https://goo.gl/maps/7Adin4Q5LH583SbG8,http://simoi.com/,,,,清昇丸,2.0,False
2123.0,しあわせ家,その他,洋菓子店,三重県,三重県多気郡明和町大字前野1320　松幸農産これから村,596553742.0,斎宮駅,https://g.page/shiawaseya?share,https://matsukounousan.com/,,https://www.instagram.com/korekaramura/?hl=ja,,しあわせ家,2.0,False
2124.0,松ぼっくり,うなぎ,,三重県,三重県多気郡明和町大字川尻598-728,596553825.0,斎宮駅,https://goo.gl/maps/TuPrytj93YqyYzzm8,,,,,松ぼっくり,2.0,False
2125.0,炭火焼肉 まるい,焼肉,,三重県,三重県多気郡明和町大字行部319-2,596554028.0,斎宮駅,https://goo.gl/maps/PCpwLLEjqpSmrq2DA,,,,,炭火焼肉 まるい,2.0,False
2126.0,ピザハウスピノ,ピザ,,三重県,三重県多気郡明和町大字大淀乙666,596554484.0,明星駅,https://goo.gl/maps/Qs8owWn8zuB4G21GA,,,,,ピザハウスピノ,2.0,False
2127.0,焼肉・出芽金,焼肉,,三重県,三重県多気郡明和町大字佐田939-13,596638763.0,斎宮駅,https://goo.gl/maps/1nDcaD9xkayfHRQk6,,,,,焼肉・出芽金,2.0,False
2128.0,トラットリア・ルンガルノ,イタリアン,,三重県,三重県多気郡明和町町大字有爾中905−1,596648705.0,斎宮駅,https://goo.gl/maps/DX46CsyFQ4Pzy4pMA,,,https://www.instagram.com/trattorialungarno/?hl=ja,,トラットリア・ルンガルノ,2.0,False
2129.0,toi toi toi,フレンチ,,三重県,三重県多気郡明和町大字佐田391−13,596672010.0,斎宮駅,https://goo.gl/maps/jXnqeyuCBpAj4wQRA,,,https://www.instagram.com/toi32010/?hl=ja,,toi toi toi,2.0,False
2130.0,ROASTER&CAFEペンギン堂,喫茶店・カフェ,,三重県,三重県多気郡明和町大字馬之上985,596674118.0,斎宮駅,https://goo.gl/maps/6yzVjpPKUuWTvErg8,,,https://www.instagram.com/penguin_doo/?hl=ja,,ROASTER&CAFEペンギン堂,2.0,False
2131.0,まる勝,定食・食堂,,三重県,三重県多気郡明和町大字有爾中1436−3,596689038.0,斎宮駅,https://goo.gl/maps/oirXd3iDPk6DDPWi9,,,https://www.instagram.com/marukatu.111/,,まる勝,2.0,False
2132.0,ぷてぃあむーる,その他,パン,三重県,三重県多気郡明和町大字斎宮1144-34,596689136.0,斎宮駅,https://goo.gl/maps/UAYsiNUPxdG6odrn9,,,https://www.instagram.com/petit_amour2018/?hl=ja,,ぷてぃあむーる,2.0,False
2133.0,ラ・カンティーナ・ダ・ターキ,イタリアン,,三重県,三重県松阪市中央町621-3,598513367.0,松阪駅,https://goo.gl/maps/LazRW1nYBr9VurtKA,http://lacantinadataki.com/,,,,ラ・カンティーナ・ダ・ターキ,2.0,False
2134.0,「アヒージョtoパスタ」三谷製麺,イタリアン,,大阪府,大阪府大阪市城東区中央1丁目11-6グランピア蒲生1階,642553004.0,蒲生四丁目駅,https://goo.gl/maps/RdKZx7WtC91zKgpP6,,,https://www.instagram.com/ajillo_to_pasta/,,「アヒージョtoパスタ」三谷製麺,2.0,False
2135.0,DEPAAS DINER & BREW,ビールバー,,大阪府,大阪府大阪市中央区高麗橋１丁目１−３,642562955.0,,https://g.page/DEPAAS?share,,,,,DEPAAS DINER & BREW,2.0,False
2136.0,唐渡,フレンチ,,大阪府,大阪府大阪市中央区東心斎橋１丁目１９−１５UNAGIDANIBLOCK,643004259.0,,https://goo.gl/maps/QszacSp6Q3RMbP819,,,,,唐渡,2.0,False
2137.0,olio,イタリアン,,大阪府,大阪府大阪市天王寺区逢坂2-3-8　ストークハイム藤井1F,643035526.0,四天王寺前夕陽ヶ丘駅,https://g.page/olio2019?share,https://www.picuki.com/profile/olio_osaka.2020,,https://www.instagram.com/olio_osaka.2020/,,olio,2.0,False
2139.0,保護猫とVEGANのお店　neu。,ベジ・ヴィーガン,,大阪府,大阪府大阪市中央区谷町六丁目17-5,643053584.0,松屋町駅,https://goo.gl/maps/KmWmMzgLynqifgVRA,http://neu-catcafe.com/,https://twitter.com/neu_neco,https://instagram.com/hogocafe_neu?igshid=16pnl6ex1dq8b,,保護猫とVEGANのお店 neu。,2.0,False
2140.0,イルチェント 平野町,イタリアン,,大阪府,大阪府大阪市中央区平野町4-7-5,647087310.0,本町駅,https://goo.gl/maps/uqFcvzMUNcrbGRFYA,https://ilcento.owst.jp/?lad_media=lis_yahoo&yclid=YSS.1001029197.EAIaIQobChMIu8z9m7vp6AIVxFVgCh2mKgYrEAAYASAAEgITy_D_BwE&dspn=q4n6CNrtPxdLaZBLh6mazfDMtwz3tRnjF4-n8Q0cFmTJTGmblcW-1qe7P9b2RocnXItfi81nUjj2sKfIZzqL1P_vQbvBrzMu-CEoyJb2Hus,,https://instagram.com/il_cento_hiranomachi?igshid=1v1krxfi2tncn,,イルチェント 平野町,2.0,False
2141.0,el Bau Decoration(エルバウデコラシオン),イタリアン,,大阪府,大阪府吹田市津雲台7-5-17,649803732.0,山田駅,https://goo.gl/maps/kzSVvc16jDfkCyms9,https://www.elbaudeco.com/,,https://www.instagram.com/elbaudecoration_manos_j/,,el Bau Decoration,2.0,False
2142.0,アニエルドール,フレンチ,,大阪府,大阪府大阪市西区西本町2-4-4,649811974.0,阿波座駅,https://goo.gl/maps/u6E2Wh67N2gvqvo1A,https://hitosara.com/0006100820/?cid=ovt_yg_ss_00252660&yclid=YSS.1000324960.EAIaIQobChMIsPPTg_Ha6AIVQZ_CCh2-8wqfEAAYASAAEgK5GvD_BwE,,https://instagram.com/agnel_dor?igshid=q2hcyf263pve,,アニエルドール,2.0,False
2143.0,Ham&Sausage サルメリアポルチーニ,イタリアン,,大阪府,大阪府大阪市福島区福島5-11-3,661105690.0,福島駅,https://g.page/salumeriaporcini?share,http://www.porcini.jp/,,https://instagram.com/porcini_official/,,Ham&Sausage サルメリアポルチーニ,2.0,False
2144.0,ハードロックカフェ大阪,アメリカ料理,,大阪府,大阪府大阪市中央区南本町3丁目6-14イトゥビル1階,661205711.0,本町駅,https://goo.gl/maps/Rro9DGGfRSpeZfmN9,http://hardrockjapan.com/location/osaka/,https://twitter.com/HardOsaka,https://www.instagram.com/hrcosaka/,,ハードロックカフェ大阪,2.0,False
2146.0,Keitto Ruokala(ケイットルオカラ),北欧料理,,大阪府,大阪府大阪市中央区平野町3-3-5-1F,661216871.0,淀屋橋駅,https://goo.gl/maps/UEh6JvtPsW1UP2W58,https://northobject.com/keitto-ruokala/,,,,Keitto Ruokala,2.0,False
2147.0,ケラケラクランツ,イタリアン,,大阪府,大阪府大阪市北区北区2小松原町2-4大阪富国生命ビルフコクフォレストスクエアB2F,661311320.0,梅田駅,https://goo.gl/maps/zsWLuuw5e6xEi,https://instagram.com/kellerkeller_kranz?igshid=1far4l4zk7m9c,,https://instagram.com/kellerkeller_kranz?igshid=12j677xbgday5,,ケラケラクランツ,2.0,False
2148.0,肴・和洋酒マツケン,フレンチ,,大阪府,大阪府大阪市福島区鷺巣1-12-37三六荘ビル１０３,661315532.0,野田駅,https://goo.gl/maps/Z7Y75d4px3xXLjtw6,,,,,肴・和洋酒マツケン,2.0,False
2149.0,RISTORANTINO pinoli (ピノリ),イタリアン,,大阪府,大阪府大阪市福島区福島7-22-17　BRAVI福島3F,661316240.0,福島駅,https://maps.app.goo.gl/NGDm3bx8mQba9Ljt9,https://www.ristorantino-pinoli.com/,,https://www.instagram.com/invites/contact/?i=1bxpuso6nq3l8&utm_content=r91sr0,,RISTORANTINO pinoli,2.0,False
2150.0,創作料理とワインのお店　上田慎一郎,イタリアン,,大阪府,大阪府大阪市西区土佐堀1-6-10トキワビル8階,661364010.0,肥後橋駅,https://g.page/shinichirou_ueda2015?share,https://shinichirou-ueda.com/,,https://instagram.com/shinichirou.ueda/,,創作料理とワインのお店 上田慎一郎,2.0,False
2151.0,Meat Deli Nicklaus' (ミートデリニクラウス),その他,肉ビストロ・シャルキュトリー・フレンチ・ドイツ料理,大阪府,大阪府大阪市福島区福島8-1-15,661365651.0,福島駅,https://goo.gl/maps/dCjUJauWWVmWXBuC6,http://nicklaus.jp/,https://twitter.com/DeliNicklaus,https://www.instagram.com/meat_deli_nicklaus/,,Meat Deli Nicklaus',2.0,False
2152.0,RiVi,その他,イノベーティブ,大阪府,大阪府大阪市西区京町堀1-16-28W京町堀1F,661366830.0,肥後橋駅,https://goo.gl/maps/oVT4GvBePYar9tZi6,http://www.rivi1122.com/,,https://instagram.com/rivi_osaka?igshid=vsvupxm6p8h,,RiVi,2.0,False
2153.0,ラチェルバ,イタリアン,,大阪府,大阪府大阪市北区堂島浜１丁目２−１新ダイビル2F,661368089.0,淀屋橋駅,https://goo.gl/maps/sHHqdcQ2WZszSoZb9,http://lacerba.jp/,,https://instagram.com/lacerba2015/,,ラチェルバ,2.0,False
2154.0,ビストロ デ シュナパン,フレンチ,,大阪府,大阪府大阪市西区京町堀２丁目１４−１,661473666.0,肥後橋駅,https://goo.gl/maps/Z8Dadqtt8hoL26kf6,,,https://instagram.com/bistrodeschenapans/,,ビストロ デ シュナパン,2.0,False
2156.0,ル アイ 谷町店,イタリアン,,大阪府,大阪府大阪市中央区谷町6-2-27,661910551.0,谷町六丁目駅,https://goo.gl/maps/iuxTvbd44KC9jXHF8,,,,,ル アイ,2.0,False
2157.0,アヴォロンテ,フレンチ,,大阪府,大阪府大阪市中央区上本町5-12-16,661911133.0,谷町九丁目駅,https://g.page/a-volonte-osaka?share,http://avolonte.net/,,,,アヴォロンテ,2.0,False
2158.0,酒肴や鯔背,居酒屋・ダイニングバー,,大阪府,大阪府大阪市東淀川区西淡路1ー8ー18　サンロードⅡ新大阪1階,661951739.0,東淀川,https://g.page/inasena_okami?share,https://japanese-izakaya-restaurant-9779.business.site/?utm_source=gmb&utm_medium=referral,https://twitter.com/sakanaya_inase,https://www.instagram.com/p/B_WtYOIgL-k/?igshid=1cx9iimbjtm2v,,酒肴や鯔背,2.0,False
2159.0,ツーサムズアップ two sam's up,カレー,,大阪府,大阪府大阪市中央区淡路町3-6-12ローズプラザ1F,662052362.0,本町駅,https://goo.gl/maps/z71mkK1vDHr6AimDA,https://twosamsup.com/index.php/ja/,,https://instagram.com/twosamsup7?igshid=1mfa24bu1x6xp,,ツーサムズアップ two sam's up,2.0,False
2160.0,手作りロケ弁hungry,洋食,,茨城県,茨城県守谷市立沢1203-3,297447399.0,守谷駅,https://goo.gl/maps/3ZMy6QjnZgDWjxwp9,https://hungrybento.biz/,,,,手作りロケ弁hungry,2.0,False
2161.0,味乃家,和食,粉物,大阪府,大阪府大阪市中央区難波1-7-16現代こいさんビル2階,662110713.0,なんば駅,https://goo.gl/maps/17X3rRPYJRHpdLKb9,http://ajinoya-okonomiyaki.com/top/,https://mobile.twitter.com/osakaajinoya,https://www.instagram.com/ajinoya1965/?hl=ja,,味乃家,2.0,False
2162.0,Gambas Al Ajillo＆Tapas SOL,スペイン料理,,大阪府,大阪府大阪市中央区心斎橋筋2-6-17,662121219.0,心斎橋駅,https://goo.gl/maps/w2vrNmxdd88zrwVFA,,,,,Gambas Al Ajillo＆Tapas SOL,1.0,False
2163.0,kitchen和(ニコ),居酒屋・ダイニングバー,,大阪府,大阪府大阪市中央区心斎橋筋2-1-3,662131626.0,心斎橋駅,https://goo.gl/maps/gCQYQiWvmEKZSooP8,https://instagram.com/kitchen.nico?igshid=1fz7niarefxnb,,https://instagram.com/kitchen.nico?igshid=1fz7niarefxnb,,kitchen和,2.0,False
2164.0,イルネッソ,カフェレストラン,,茨城県,茨城県守谷市久保ケ丘1丁目18-12,297448911.0,守谷駅,https://goo.gl/maps/59FUN77xFDfbxEsN9,http://il-nesso.com/,,,,イルネッソ,2.0,False
2165.0,自然派ワインとお好み焼き Pasania- パセミヤ,その他,,大阪府,大阪府大阪市北区中之島３丁目３−２３中之島ダイビル3階,662257464.0,肥後橋駅,https://g.page/pasania?share,http://www.pasania.osaka/,,https://instagram.com/okonomi_pasania/,,自然派ワインとお好み焼き Pasania- パセミヤ,2.0,False
2166.0,CRAFT BEER BASE BUD,ビールバー,,大阪府,大阪府大阪市北区梅田1-3-1　大阪駅前第１ビル地下2階,662257807.0,,https://goo.gl/maps/3pR2iHoL6jhX6NC98,,,,,CRAFT BEER BASE BUD,2.0,False
2167.0,Soupteria,その他,スープ専門店,大阪府,大阪府大阪市西区靱本町1-13-4,662258226.0,本町駅,https://goo.gl/maps/hYZmsmPpeHDud9CZA,,,,,Soupteria,2.0,False
2168.0,Wine Bar NOAM,ワインバー,イタリアン,大阪府,大阪府大阪市中央区東心斎橋1-17-27日宝ニューコロンブスビル2F,662267484.0,心斎橋駅,https://goo.gl/maps/vNBH5fAQx6kqpAr67,https://www.winebar-noam.com/,,https://instagram.com/noam20190407/,,Wine Bar NOAM,2.0,False
2169.0,にこらしか,その他,お好み焼き店,大阪府,大阪府大阪市北区天満2丁目2-19,662268433.0,天満橋駅,https://goo.gl/maps/kXBHoUqm9fmYXxJf7,,,,,にこらしか,2.0,False
2170.0,ラ ピニャータ,イタリアン,,大阪府,大阪府大阪市中央区南久宝寺町2ー5ー3ときわビル1F,662268570.0,堺筋本町駅,https://goo.gl/maps/3AWKzHqzSyVAmCT38,https://m.facebook.com/pignata.osaka/,,https://instagram.com/lapignata.2013?r=nametag,,ラ ピニャータ,2.0,False
2171.0,アルモリカ,フレンチ,,大阪府,大阪府大阪市中央区瓦町4-3-14-B1F,662268955.0,本町駅,https://g.page/galette_osaka?share,https://restaurant.ikyu.com/sd/114007/?ikCo=10000163&ikyh=p__s_accnm,,https://instagram.com/armorica_bistrot?igshid=751z8rxdxmzu,,アルモリカ,2.0,False
2172.0,Rosticceria da Babbo,イタリアン,,大阪府,大阪府大阪市北区西天満２丁目７−１７寿ビルB1F,662328265.0,北新地駅,https://goo.gl/maps/3eFs5FCHst9PMn7J9,,,https://instagram.com/rosticceria_da_babbo/,,Rosticceria da Babbo,2.0,False
2174.0,リュミエール本店,フレンチ,,大阪府,大阪府大阪市中央区東心斎橋1-19-15UNAGIDANIBLOCK3F,662514006.0,,https://goo.gl/maps/RrBfhjv4jCyouBRcA,,,,,リュミエール,2.0,False
2175.0,やまのや市場,居酒屋・ダイニングバー,,大阪府,大阪府大阪市中央区船場中央3-3-9,662538567.0,本町駅,https://goo.gl/maps/jnCn6STtz1aRVGNH6,,,,,やまのや市場,2.0,False
2176.0,ワインショップ&ダイナー FUJIMARU 東心斎橋店,その他,,大阪府,大阪府大阪市中央区東心斎橋１丁目４−１８,662583515.0,心斎橋駅,https://goo.gl/maps/w3ot3Vp6vHKiJAos8,https://www.papilles.net/shop_restaurants/,,https://instagram.com/shimanouchi_fujimaru/?hl=ja,,ワインショップ&ダイナー FUJIMARU,2.0,False
2177.0,ココカラ,フレンチ,,大阪府,大阪府大阪市中央区南船場1-4-19,662612668.0,松屋町駅,https://www.gstatic.com/images/icons/material/system_gm/2x/share_gm_blue_18dp.png,https://tabelog.com/osaka/A2701/A270201/27112993/,,https://www.instagram.com/cocokara2019/,,ココカラ,2.0,False
2178.0,あたらよ,居酒屋・ダイニングバー,居酒屋風ビストロ,大阪府,大阪府大阪市中央区博労町1-1-6,662716175.0,堺筋本町駅,https://g.page/atarayo_osaka?share,,,,,あたらよ,2.0,False
2179.0,居酒屋八べえ,居酒屋・ダイニングバー,,大阪府,大阪府大阪市中央区南船場1-8-12コーポ南船場1階,662717373.0,長堀橋駅,https://goo.gl/maps/CgB3MRXYJxPr5JHU7,https://www.papilles.net/shop_restaurants/,,https://instagram.com/hachibe526?igshid=8ppe96jqwn64,,居酒屋八べえ,2.0,False
2180.0,イル・メルカート・アンジェロ,イタリアン,,大阪府,大阪府大阪市中央区南船場4丁目8　クリスタ長堀ウエストタウン,662822188.0,心斎橋駅,https://goo.gl/maps/wKjYwaoEUg9W5Lcd8,,,,,イル・メルカート・アンジェロ,2.0,False
2181.0,串揚げベニエ,串揚げ,,大阪府,大阪府大阪市北区芝田2-5-6,662922626.0,阪急梅田駅,https://goo.gl/maps/Pk8pJxow9NmAcpph8,http://thedining.org/,,https://instagram.com/beignet.umeshiba?igshid=1baxjr1al64ek,,串揚げベニエ,2.0,False
2182.0,プティコントワ,フレンチ,,大阪府,大阪府大阪市北区芝田2-5-6,662922636.0,阪急梅田駅,https://goo.gl/maps/9xbV7Vcqdd1dnGqj7,http://thedining.org/,,https://instagram.com/petitcomptoir_umeshiba?igshid=11jrc627dz558,,プティコントワ,2.0,False
2183.0,JRガード下キッチン TONKUU 天満店,居酒屋・ダイニングバー,,大阪府,大阪府大阪市北区山崎町1-16,662927440.0,ＪＲ天満駅,https://g.page/tonkuu1129?share,,,,,JRガード下キッチン TONKUU,2.0,False
2184.0,ケラケラケイヴ,ビールバー,,大阪府,大阪府大阪市淀川区西中島5-16-1JR新大阪駅　2階アルデ新大阪,663095511.0,新大阪駅,https://goo.gl/maps/5vybuqpEXdbi9uLdA,https://instagram.com/kellerkeller_cave?igshid=6nbti3ib7vi8,,https://instagram.com/kellerkeller_cave?igshid=6nbti3ib7vi8,,ケラケラケイヴ,2.0,False
2185.0,お好み焼き　ゆかり　曽根崎本店,お好み焼き・もんじゃ焼き,,大阪府,大阪府大阪市北区曾根崎２丁目１４−１３,663110214.0,,https://goo.gl/maps/LMgPeU9DgfVU4GBg8,,,,,お好み焼き ゆかり 曽根崎,2.0,False
2186.0,元祖ぶっち切り寿司 魚心 本店,寿司,,大阪府,大阪府大阪市北区堂山町５−４,663130135.0,,https://goo.gl/maps/kxaXxQAbKjt1Q2wX9,,,,,元祖ぶっち切り寿司 魚心,2.0,False
2187.0,ダマン リュミエール,フレンチ,,大阪府,大阪府大阪市北区角田町８−8番7号阪急うめだ本店,663131579.0,,https://goo.gl/maps/iq6x3NRZLdt7KFrR7,,,,,ダマン リュミエール,2.0,False
2188.0,バルベラ,イタリアン,,大阪府,大阪府吹田市千里山東1-10-1,663370235.0,関大前駅,https://g.page/barbera-osaka?share,https://www.bar-bera.com,,,,バルベラ,2.0,False
2189.0,ダイヤモンドカリー,カレー,,大阪府,大阪府大阪市北区梅田1-1-3大阪駅前第三ビルB1F,663417726.0,梅田駅,https://goo.gl/maps/z2eqMV2joxcaHGu76,https://daiwa-kigyo.jp/shop/diamondcurry/,,https://instagram.com/diamond_curry?igshid=1bby38ez89xc1,,ダイヤモンドカリー,2.0,False
2190.0,花きり,そば・うどん,,大阪府,大阪府大阪市北区梅田1-9-20　大阪丸ビルB2F,663428885.0,大阪駅,https://goo.gl/maps/UtMVdNNhNjBdeZyq7,,,,,花きり,2.0,False
2192.0,ロウリーズ・ザ・プライムリブ 大阪,その他,アメリカンローストビーフ,大阪府,大阪府大阪市北区梅田2-2-22ハービスPLAZAENT5F,663433344.0,北梅田駅,https://goo.gl/maps/EeidqdBJSmk1p2bL6,,,,,ロウリーズ・ザ・プライムリブ 大阪,2.0,False
2193.0,HATSU,フレンチ,,大阪府,大阪府大阪市北区1-4-20第二ロイヤルビルディング1F,663443831.0,北新地駅,https://g.page/restauranthatsu?share,https://hatsu-osaka.jp/,,https://instagram.com/hatsu_osaka/?hl=ja,,HATSU,2.0,False
2194.0,北新地 創作和食 つむぎ TSUMUGI,和食,,大阪府,大阪府大阪市北区堂島1-3-4谷安ビルB1F,663448020.0,北新地駅,https://goo.gl/maps/8fix8W5JKYcoiGdj9,,https://twitter.com/kabchan0903/,https://instagram.com/tmg_1127,,北新地 創作和食 つむぎ TSUMUGI,2.0,False
2195.0,cugnette　キュニエット,フレンチ,,大阪府,大阪府大阪市北区堂島1-3-16堂島メリーセンタービル4階,663450890.0,北新地駅,https://goo.gl/maps/jFhMfV6VfVbcBHST9,https://cugnette.amebaownd.com/,,https://instagram.com/cugnette/,,cugnette キュニエット,2.0,False
2196.0,Leone,その他,,大阪府,大阪府大阪市北区堂島１丁目２−７パーマリィ・イン3F,663481151.0,北新地駅,https://goo.gl/maps/xbaXypQYdMMJPvJe6,https://www.jack-leone.net/,,https://instagram.com/yoshikawakentaro/,,Leone,2.0,False
2197.0,ONZORO.,フレンチ,,大阪府,大阪府大阪市北区天神橋3-10-8,663544848.0,扇町駅,https://goo.gl/maps/cb5d7pr6afKCnYYf9,https://www.onzoro.store/,,https://instagram.com/onzoro_/,,ONZORO.,2.0,False
2198.0,げん家ラーメン 天六国分寺店,ラーメン・つけ麺,,大阪府,大阪府大阪市北区国分寺１丁目２−２０,663551414.0,,https://goo.gl/maps/pjS4AET476gAXpy8A,,,,,げん家ラーメン,2.0,False
2199.0,粋なおつまみとお酒にこ,居酒屋・ダイニングバー,,大阪府,大阪府大阪市北区天神橋1丁目18-27天神ビル101,663554147.0,大阪天満宮駅,https://goo.gl/maps/m8JZPvnA9RXZWUaq6,https://tabelog.com/osaka/A2701/A270103/27051710#takeout-info,,https://instagram.com/nanmori.niko/,,粋なおつまみとお酒にこ,2.0,False
2200.0,カンティプール,その他,ネパール料理,大阪府,大阪府大阪市北区黒崎町7-13,663593884.0,中崎町駅,https://goo.gl/maps/E9wedinWU639DDdb6,http://www.kantipur.co.jp/,https://twitter.com/kantipurtengo,,,カンティプール,2.0,False
2201.0,麺屋・國丸 梅田店。,その他,"ラーメン,味噌ラーメン",大阪府,大阪府大阪市北区中崎西2丁目1-4,663619201.0,梅田駅,https://goo.gl/maps/N1UQ995zUjgFUUux8,https://www.kunimaru.net/,https://twitter.com/920miso,,,麺屋・國丸 梅田店。,2.0,False
2203.0,オーレベアーテ,イタリアン,,大阪府,大阪府大阪市北区中津1-18-8,663732933.0,中津駅,https://goo.gl/maps/mH3V9ETxFgGP6t6D7,http://www.ore-beate.com/index.html,,https://instagram.com/orebeate315?igshid=1t1qa29ps6hbk,,オーレベアーテ,2.0,False
2205.0,TORERO TAKEUCHI,イタリアン,,大阪府,大阪府大阪市北区芝田1-6-2茶屋町あるこ1F,663760777.0,梅田駅,https://goo.gl/maps/MjCs7o1kVfzDBocb8,https://www.takeuchi-italia.jp/il_luogo_di_takeuchi,,https://instagram.com/torero_takeuchi/,,TORERO TAKEUCHI,2.0,False
2206.0,和彩厨房KATURA,和食,,大阪府,大阪府大阪市北区中崎西3-2-17　朝日プラザ梅田東Ⅱ-109,663770024.0,梅田駅,https://goo.gl/maps/JcRcSe9q2jua6QCJ6,http://www.katura-nakazakicho.com/,,,,和彩厨房KATURA,2.0,False
2208.0,酒場ばんと,居酒屋・ダイニングバー,,大阪府,大阪府大阪市北区芝田1-1-3阪急三番街北館1Ｆ,663778010.0,梅田駅,https://maps.app.goo.gl/Eote9B83KY5pPW9S9,https://s.tabelog.com/osaka/A2701/A270101/27116630/top_amp/,,https://instagram.com/sakaba_banto?igshid=178t2myhc63x,,酒場ばんと,2.0,False
2209.0,ビック マウンテン エクスプレス,洋食,,大阪府,大阪府吹田市千里山東1-9-21,663805448.0,関大前駅,https://goo.gl/maps/AmXCrL1byQ7JZLaUA,,,,,ビック マウンテン エクスプレス,2.0,False
2210.0,柏屋,和食,,大阪府,大阪府吹田市千里山西2丁目5番18号,663862234.0,関大前駅,https://goo.gl/maps/9UmCwLHr4YEunRVr6,https://jp-kashiwaya.com/senriyama/,,https://instagram.com/kashiwaya_osaka_senriyama/,,柏屋,2.0,False
2211.0,Cafe O,カフェレストラン,,大阪府,大阪府大阪市淀川区西宮原1丁目7-31,663993140.0,新大阪駅,https://g.page/oakwood-cafe-o?share,https://tabelog.com/osaka/A2701/A270302/27107398/,,,,Cafe O,2.0,False
2212.0,カサレッチョ,イタリアン,,兵庫県,兵庫県尼崎市南武庫之荘1-22-23,664323232.0,武庫之荘駅,https://goo.gl/maps/UzSCo9PwxwMNRmay7,http://www.casareccio.jp/,,,,カサレッチョ,2.0,False
2213.0,IL VIGORE（イル ヴィゴーレ）,イタリアン,,兵庫県,兵庫県尼崎市南武庫之荘1-13-13,664388533.0,武庫之荘駅,https://goo.gl/maps/kXQuFkgzAV7c6xRA6,http://www.ilvigore.com/,,,,IL VIGORE,2.0,False
2214.0,(食)ましか,イタリアン,,大阪府,大阪府大阪市西区江戸堀１丁目１９−１５,664430148.0,肥後橋駅,https://goo.gl/maps/JaKqhcX6LCp8qVof7,http://mashica-higobashi.com/,,https://instagram.com/mashica_official/,,(食)ましか,2.0,False
2215.0,スープルヴァンヌフ Soupe29,その他,,大阪府,大阪府大阪市北区中之島3-6-32ダイビル本館1F,664462929.0,肥後橋駅,https://goo.gl/maps/Lj6Lv7gVGKVMjkbb6,,,,,スープルヴァンヌフ Soupe29,2.0,False
2216.0,サンロクゴ食堂,居酒屋・ダイニングバー,,大阪府,大阪府大阪市西区江戸堀1-23-8,664470035.0,肥後橋駅,https://goo.gl/maps/Ycc5EuRYUm2PXdES9,,,,,サンロクゴ食堂,2.0,False
2217.0,中国菜shinpei,中華料理,,大阪府,大阪府大阪市西区靱本町1-1-18,664477726.0,本町駅,https://goo.gl/maps/etyxoTbyr1nioDYp7,https://tabelog.com/osaka/A2701/A270106/27089571/,,https://instagram.com/shinpei7782/?hl=ja,,中国菜shinpei,2.0,False
2219.0,il luogo di TAKEUCHI,イタリアン,,大阪府,大阪府大阪市福島区福島5-1-26MF西梅田ビル1F,664510151.0,福島駅,https://goo.gl/maps/MU1GHsxQ7aV5aEje6,,,https://instagram.com/il_luogo_di_takeuchi/,,il luogo di TAKEUCHI,2.0,False
2220.0,AMA-LUR,スペイン料理,,大阪府,大阪府大阪市北区堂島2-1-16藤田東洋紡ビル1F,664518383.0,北新地駅,https://goo.gl/maps/rdAHdphyoXDQA21r5,http://www.elponiente.jp/Amalur/,,,,AMA-LUR,2.0,False
2221.0,PARADISO DEL VINO TAKEUCHI,イタリアン,,大阪府,大阪府大阪市福島区福島5-6-6-2F,664521227.0,福島駅,https://goo.gl/maps/xGDUT9nnAE2pzJTKA,https://www.takeuchi-italia.jp/,,https://instagram.com/paradiso_del_vino_takeuchi2015/,,PARADISO DEL VINO TAKEUCHI,2.0,False
2222.0,亜州食堂チョウク,各国料理,,大阪府,大阪府大阪市福島区福島２丁目４−１７,664530020.0,新福島駅,https://g.page/chowk-asia?share,http://chowk.pya.jp/,,,,亜州食堂チョウク,2.0,False
2223.0,MACELLERIA di TAKEUCHI,イタリアン,,大阪府,大阪府大阪市福島区福島5-8-17-1F,664552977.0,福島駅,https://goo.gl/maps/fPiFjHUhLPXRDG6R7,https://www.takeuchi-italia.jp/,,https://instagram.com/macelleria_di_takeuchi/,,MACELLERIA di TAKEUCHI,2.0,False
2224.0,魚屋 十忠八九,居酒屋・ダイニングバー,弁当屋,大阪府,大阪府大阪市福島区福島7-2-6高架第3区7号,664556611.0,福島駅,https://goo.gl/maps/t4QQTRz5XbAdNFa6A,https://www.jucchuhakku-fukushima.com/,,https://instagram.com/10chu89?igshid=rpleq5r3n3bm,,魚屋 十忠八九,2.0,False
2225.0,kamoshiya Kusumoto（カモシヤ クスモト）,その他,発酵料理,大阪府,大阪府大阪市福島区福島5-17-14,664558827.0,福島駅,https://goo.gl/maps/ABcHxouwWfe3TtKb8,,,,,kamoshiya Kusumoto,2.0,False
2226.0,parlor184（パーラーイワシ）,居酒屋・ダイニングバー,,大阪府,大阪府大阪市福島区福島1-6-24,664583233.0,新福島駅,https://goo.gl/maps/hbkBRApCJx3Rao2V8,http://p-184.com,,,,parlor184,2.0,False
2227.0,daigaku,その他,,大阪府,大阪府大阪市福島区吉野２丁目１３−７2F,664597797.0,野田阪神駅,https://g.page/daigaku-nodahanshin?share,,,https://instagram.com/daigaku2019/,,daigaku,2.0,False
2228.0,パルゴロ,イタリアン,,大阪府,大阪府大阪市此花区四貫島１丁目１−３９,664640651.0,千鳥橋駅,https://goo.gl/maps/abp9rWKnAyqFaxCe7,,,https://instagram.com/pargolo_chidoribashi/,,パルゴロ,2.0,False
2229.0,Gastroteka Bimendi,スペイン料理,,大阪府,大阪府大阪市西区靱本町１丁目５−９,664791506.0,本町駅,https://goo.gl/maps/tJ8GtHogC9BeWpTF7,http://www.etxola.com/,,,,Gastroteka Bimendi,2.0,False
2230.0,QUINTOCANTO（クイントカント）,イタリアン,,大阪府,大阪府大阪市北区中之島3-6-32ダイビル本館1F,664791811.0,渡辺橋駅,https://goo.gl/maps/TNo369axAD7LrREUA,https://www.opentable.jp/r/ristorante-quintocanto-kita-ku-osaka-shi?ref=11019,,,,QUINTOCANTO,2.0,False
2231.0,靱本町がく,和食,,大阪府,大阪府大阪市西区靱本町1-14-15本町クイーバービル1F,664793459.0,本町駅,https://goo.gl/maps/n1Woq7XEvjqfP6G4A,https://www.utsubo-gaku.com/,,https://instagram.com/utsubohonmachigaku,,靱本町がく,2.0,False
2232.0,リュミエール大阪 KARATO,フレンチ,,大阪府,大阪府大阪市北区大深町４−２０グランフロント南館8F,664857515.0,,https://goo.gl/maps/qJ9QS84fesVUKywA6,,,,,リュミエール大阪 KARATO,2.0,False
2233.0,鉄板焼き お好み焼き oribe（オリベ）,その他,,大阪府,大阪府大阪市西区新町１丁目６−１８,665328266.0,四ツ橋駅,https://goo.gl/maps/7oeNnezESwfzKy966,http://o-ri-be.com/,,https://facebook.com/oribe2007/,,鉄板焼き お好み焼き oribe,2.0,False
2234.0,うれしい居酒屋 酒歌,居酒屋・ダイニングバー,,大阪府,大阪府大阪市西区新町2-19-20,665345552.0,西大橋駅,https://goo.gl/maps/Tua3TS9hzV9KJW6p9,https://www.instagram.com/sakasongtaro/,,https://www.instagram.com/sakasongtaro/,,うれしい居酒屋 酒歌,2.0,False
2235.0,LOUISE（ルイーズ）,フレンチ,,大阪府,大阪府大阪市西区立売堀１丁目１−５,665347008.0,本町駅,https://goo.gl/maps/AtGU1wNbPcSgocDf6,https://louise-frenchrestaurant.business.site/,,https://instagram.com/louise_osaka_/,,LOUISE,2.0,False
2236.0,藁焼きとマグロ料理 北堀江ほおずき,和食,,大阪府,大阪府大阪市西区北堀江１丁目１４−２４B1Fラポール,665360577.0,,https://goo.gl/maps/6UNVeJJhNDz2q7Lq8,,,,,藁焼きとマグロ料理 北堀江ほおずき,2.0,False
2237.0,コップンカフェ,アジア・エスニック,,茨城県,茨城県守谷市板戸井1792,297452239.0,守谷駅,https://goo.gl/maps/kSNFVM2oHAWJQQoQ8,,,https://facebook.com/coppuncafe,,コップンカフェ,2.0,False
2238.0,インドレストランShama,ベジ・ヴィーガン,,大阪府,大阪府大阪市西区北堀江1丁目3-7倉商ビル,665366669.0,四ツ橋駅,https://maps.app.goo.gl/86FoJ1Ynwz4RUJHy7,https://indoshama.jimdofree.com/,https://twitter.com/indoshama,,,インドレストランShama,2.0,False
2239.0,マボカリ,カレー,,大阪府,大阪府大阪市中央区難波千日前6-12,665566686.0,,https://g.page/mabokari?share,,,,,マボカリ,2.0,False
2240.0,BISTRO LAMPE,フレンチ,,大阪府,大阪府大阪市西区南堀江4-14-14コートネクスト南堀江1階,665689929.0,西長堀駅,https://maps.app.goo.gl/eZkijjM21Lxdrjoa6,https://bistrolampe.com,https://twitter.com/bistrolampe,https://instagram.com/bistrolampe,,BISTRO LAMPE,2.0,False
2241.0,パンカラト ブーランジェリーカフェ,フレンチ,,大阪府,大阪府大阪市中央区北浜１丁目９−８,665757540.0,,https://goo.gl/maps/QxqdbTgibFFuDj9R8,,,,,パンカラト ブーランジェリーカフェ,2.0,False
2242.0,「食と酒」居酒屋 かるだん,居酒屋・ダイニングバー,,大阪府,大阪府大阪市中央区日本橋2-7-26-1F,666307877.0,日本橋駅,https://goo.gl/maps/L7vH5D6HxPxwENBFA,,,,,「食と酒」居酒屋 かるだん,2.0,False
2243.0,名もなき魚屋,和食,,大阪府,大阪府大阪市中央区日本橋1-17-8,666325757.0,日本橋駅,https://maps.app.goo.gl/x6fLC3TaWxwsE2dS6,,,http://www.instagram.com/kazutakahirasawa/,,名もなき魚屋,2.0,False
2244.0,リュミエールレスプリカ,フレンチ,,大阪府,大阪府大阪市中央区難波５丁目１−１８号なんばダイニングメゾン９階,666332281.0,,https://goo.gl/maps/bmJZPa5Pca51m3WZ9,,,,,リュミエールレスプリカ,2.0,False
2245.0,スペインバルMassa,スペイン料理,,大阪府,大阪府大阪市浪速区難波中1丁目17-11,666360039.0,南海難波駅,https://goo.gl/maps/1jiHN84bFHAxKvGu9,,,,,スペインバルMassa,2.0,False
2246.0,あなぐま亭,居酒屋・ダイニングバー,,大阪府,大阪府大阪市浪速区恵美須西2-12-4　恵美須コーポ新館1F,666415969.0,今宮戎駅,https://goo.gl/maps/XZYLKvWrXBNyRA288,http://www.rock.sannet.ne.jp/badger/anagumatei.htm,https://mobile.twitter.com/anagumatei_iz?lang=ja,,,あなぐま亭,2.0,False
2247.0,千房 大阪千日前本店｜お好み焼き専門店,お好み焼き・もんじゃ焼き,,大阪府,大阪府大阪市中央区難波千日前１１−２７1F～2F道風ビル,666430111.0,,https://goo.gl/maps/QpKHJwXFUprKuzX37,,,,,千房,2.0,False
2248.0,たゆたゆ 難波千日前店,居酒屋・ダイニングバー,,大阪府,大阪府大阪市中央区千日前2丁目6-10,666438108.0,日本橋駅,https://maps.app.goo.gl/XU7hrAHcPQYhv64EA,https://tayutayunanba.owst.jp/,,https://www.instagram.com/yakiton_uranamba/,,たゆたゆ,2.0,False
2249.0,イタリアン＆BARアトリエ,イタリアン,,大阪府,大阪府大阪市浪速区敷津西2-4-4青山ビル別館1階,666451197.0,大国町駅,https://maps.app.goo.gl/qF1C4KRppAiJ9cq88,https://www.hotpepper.jp/strJ001195630/,,,,イタリアン＆BARアトリエ,1.0,False
2250.0,overtheover,カフェレストラン,創作料理,大阪府,大阪府大阪市浪速区難波中2-8-86国枝ビル2F,666490505.0,難波駅,,,,,,overtheover,2.0,False
2251.0,味噌 ラーメン【麺乃國+ 難波千日前店】中央区 難波千日前,ラーメン・つけ麺,,大阪府,大阪府大阪市中央区難波千日前6-9,667109238.0,なんば駅,https://goo.gl/maps/kEgCEJ1UTvJoBQNw7,https://www.kunimaru.net/,https://twitter.com/mennokuni,,,味噌 ラーメン【麺乃國+ 難波千日前店】中央区 難波千日前,2.0,False
2252.0,麺屋わっしょい,ラーメン・つけ麺,ラーメン,大阪府,大阪府大阪市生野区生野西2-1-33,667156000.0,寺田町,"https://maps.google.com/maps?ll=34.648383,135.524567&z=14&t=m&hl=ja&gl=US&mapclient=embed&q=%E3%80%92544-0024%20%E5%A4%A7%E9%98%AA%E5%BA%9C%E5%A4%A7%E9%98%AA%E5%B8%82%E7%94%9F%E9%87%8E%E5%8C%BA%E7%94%9F%E9%87%8E%E8%A5%BF%EF%BC%92%E4%B8%81%E7%9B%AE%EF%BC%91%E2%88%92%EF%BC%93%EF%BC%93",,,,,麺屋わっしょい,2.0,False
2253.0,å,イタリアン,,大阪府,大阪府大阪市北区角田町3-25ESTFOODHALL内,667434140.0,梅田駅,https://goo.gl/maps/8yLCif5kH6Tn5wNP6,https://pizza423.jp,,https://instagram.com/_Pizza423_,,å,2.0,False
2254.0,ルカネトン Le Caneton,フレンチ,,大阪府,大阪府大阪市中央区上本町西2-6-23,667611717.0,谷町六丁目駅,https://goo.gl/maps/CgLNYwkvBMh4uFq87,,,,,ルカネトン Le Caneton,2.0,False
2255.0,ボッテガシモーネ,イタリアン,,大阪府,大阪府大阪市天王寺区東高津町3-13天川ビル1F,667612039.0,大阪上本町駅,https://goo.gl/maps/GLEvvyx6nsmUyXcH9,,,,,ボッテガシモーネ,2.0,False
2256.0,イルチェントリーノ,イタリアン,,大阪府,大阪府大阪市中央区瓦屋町1-2-2,667625901.0,松屋町駅,https://goo.gl/maps/hf3PG1TnvGoaEUS37,http://ilcentrino.candypop.jp/ilcentrino/,,https://instagram.com/ilcentrino_osaka?igshid=13ygak03nhlec,,イルチェントリーノ,2.0,False
2257.0,ミエット,イタリアン,,大阪府,大阪府大阪市天王寺区味原町2-10エヌケイビル101,667640021.0,鶴橋駅,https://goo.gl/maps/Vo4Es7c4dgRY1kXY7,,,,,ミエット,2.0,False
2258.0,ZERO 上新庄店,その他,ラーメン,大阪府,大阪府大阪市東淀川区小松1-2-6,667709003.0,上新庄駅,https://goo.gl/maps/E9wvFQr7hCNkUuZT6,,,,,ZERO,2.0,False
2259.0,ル・ロンド・ボーズ Le Ronde Beause,フレンチ,,大阪府,大阪府大阪市天王寺区石ヶ辻町5-5,667731186.0,大阪上本町駅,https://goo.gl/maps/148KQGRQmZT4FtPj7,https://www.beause.com,,https://instagram.com/beause/,,ル・ロンド・ボーズ Le Ronde Beause,2.0,False
2260.0,La grue ラ グリュ,定食・食堂,,大阪府,大阪府大阪市天王寺区東上町2-2,667738555.0,鶴橋駅,https://goo.gl/maps/ehBf7eRjAFmpD8qZ8,,,,,La grue ラ グリュ,2.0,False
2261.0,ワッシーズダイニングスープル Souple,その他,,大阪府,大阪府大阪市天王寺区六万体町５−１３Wビル3F,667749000.0,四天王寺夕陽丘,https://goo.gl/maps/tqGPN6P45RQSX8YWA,https://www.wassys.co.jp/souple/,,,,ワッシーズダイニングスープル Souple,2.0,False
2262.0,すしセンター裏天王寺,寿司,,大阪府,大阪府大阪市天王寺区堀越町13番6号,667771593.0,天王寺駅,https://goo.gl/maps/s1d4kZAsrTNEnQGj8,,,https://instagram.com/happyfuji22?igshid=bitk4f52wqyl,,すしセンター裏天王寺,2.0,False
2264.0,焼鳥屋　良風,その他,焼鳥店,大阪府,大阪府大阪市生野区生野西2丁目1−27,667779908.0,寺田町駅,https://goo.gl/maps/CpNRdRNt1zX2jD9T6,https://yakitoriyarafuu.owst.jp/,,,,焼鳥屋 良風,2.0,False
2265.0,産直京野菜　中国菜飯　味らい,中華料理,,大阪府,大阪府大阪市都島区片町2-8-3,668094360.0,大阪城北詰駅,https://goo.gl/maps/gkb6qJtTPCKde6Hq9,,,,,産直京野菜 中国菜飯 味らい,2.0,False
2266.0,時屋,ラーメン・つけ麺,つけ麺,大阪府,大阪府大阪市淀川区西中島5-1-4,668297676.0,南方,"https://maps.google.com/maps?ll=34.728321,135.50122&z=14&t=m&hl=ja&gl=US&mapclient=embed&q=%E3%80%92532-0011%20%E5%A4%A7%E9%98%AA%E5%BA%9C%E5%A4%A7%E9%98%AA%E5%B8%82%E6%B7%80%E5%B7%9D%E5%8C%BA%E8%A5%BF%E4%B8%AD%E5%B3%B6%EF%BC%95%E4%B8%81%E7%9B%AE%EF%BC%91%E2%88%92%EF%BC%94",,,,,時屋,2.0,False
2267.0,アンティム intime,フレンチ,,大阪府,大阪府吹田市山田西2-1-6,668781808.0,南千里駅,https://goo.gl/maps/Mf5oMgt3dKjjHtRg7,https://intimebistrochic.info/,,https://instagram.com/intime_bistrochic/,,アンティム intime,2.0,False
2268.0,ニコノスタンド,居酒屋・ダイニングバー,,大阪府,大阪府大阪市北区天神橋1丁目18-25マツイ第3ビル1階,668826225.0,大阪天満宮駅,https://goo.gl/maps/Ly32GbE4Ph62hsso7,,,,,ニコノスタンド,2.0,False
2269.0,お好み焼き千笑の輪,お好み焼き・もんじゃ焼き,お好み焼き·鉄板焼き,大阪府,大阪府大阪市城東区今福東3-5-29ベルハイム今福1階,669317676.0,今福鶴見駅,https://goo.gl/maps/9s5fd7ZsuodPm6HKA,https://okonomiyaki-chienowa.storelnfo.jp,,https://Instagram.com/okonomiyaki_chienowa/,,お好み焼き千笑の輪,2.0,False
2270.0,菜蔵,居酒屋・ダイニングバー,,大阪府,大阪府大阪市中央区森ノ宮中央1丁目14-1,669430895.0,森ノ宮駅,https://goo.gl/maps/KJH7x8h3ewXTVdWQ6,,,https://www.instagram.com/saizou_saikou/?hl=ja,,菜蔵,2.0,False
2271.0,蔵朱,居酒屋・ダイニングバー,,大阪府,大阪府大阪市中央区南新町2-3-12F,669445377.0,堺筋本町駅,https://goo.gl/maps/AthiPnc6bcEnmhhk9,,,,,蔵朱,1.0,False
2272.0,DukkAh,スペイン料理,,大阪府,大阪府大阪市北区西天満4-3-13,669486805.0,北新地駅,https://goo.gl/maps/qWzTgBMdYqV78wF38,https://eiichimatumoto0321.wixsite.com/dukkah,,https://www.instagram.com/eiichi_m,,DukkAh,2.0,False
2273.0,鉄板ダイニング HONANA －ほななっ－ 本店,お好み焼き・もんじゃ焼き,鉄板焼、お好み焼き,大阪府,大阪府大阪市中央区内平野町2-4-10,669494488.0,天満橋駅,https://goo.gl/maps/W3RdwNcrgBavj61B8,,,,,鉄板ダイニング HONANA －ほななっ－,1.0,False
2274.0,烈火,ラーメン・つけ麺,スープなし麺,大阪府,大阪府豊中市庄内東町2-2-14,671634417.0,庄内,"https://maps.google.com/maps?ll=34.748963,135.475769&z=14&t=m&hl=ja&gl=US&mapclient=embed&q=%E3%80%92561-0831%20%E5%A4%A7%E9%98%AA%E5%BA%9C%E8%B1%8A%E4%B8%AD%E5%B8%82%E5%BA%84%E5%86%85%E6%9D%B1%E7%94%BA%EF%BC%92%E4%B8%81%E7%9B%AE%EF%BC%92%E2%88%92%EF%BC%91%EF%BC%94",,,,,烈火,2.0,False
2275.0,みんなの居酒屋　和の輪,居酒屋・ダイニングバー,,大阪府,大阪府大阪市住吉区苅田3丁目14-10,671643534.0,あびこ駅,https://goo.gl/maps/h8kZcK71s1iREc2h7,http://wanowa-abiko.owst.jp,,,,みんなの居酒屋 和の輪,2.0,False
2276.0,ヴィットーリア,イタリアン,,大阪府,大阪府大阪市中央区難波千日前14−18千日地蔵尊通り横丁1F,671710815.0,なんば駅,https://goo.gl/maps/4DP9yPufKBWqkiYd6,https://shunsaibarvittoria.owst.jp/,,,,ヴィットーリア,2.0,False
2277.0,トラットリア イル カンポ ダ シゲ,イタリアン,,大阪府,大阪府大阪市天王寺区四天王寺1-5−37ハイツグレードワン1F,671766805.0,四天王寺前夕陽ヶ丘駅,https://goo.gl/maps/kmRFoNj4diaP5x7z9,http://il-campo-da-shige.com/,,,,トラットリア イル カンポ ダ シゲ,2.0,False
2278.0,ナポリピッツァ専門研究開発室Pizza.co.lab,イタリアン,,大阪府,大阪府大阪市北区本庄西2丁目15-11,671822206.0,中崎町駅,https://goo.gl/maps/NMnyXbgoSmxXw7569,https://pizza-co-lab.crayonsite.com,,https://instagram.com/pizza.co.lab,,ナポリピッツァ専門研究開発室Pizza.co.lab,2.0,False
2279.0,ハワイアン食堂HALE,アメリカ料理,ハワイアン,大阪府,大阪府大阪市中央区博労町1-8-12,672209599.0,長堀橋駅,https://goo.gl/maps/ag4sEMPWhniGXp7w7,,,,,ハワイアン食堂HALE,2.0,False
2280.0,ラーメンフクロウ,ラーメン・つけ麺,ラーメン,大阪府,大阪府大阪市天王寺区舟橋町15-24,672210640.0,鶴橋,"https://maps.google.com/maps?ll=34.666307,135.529113&z=14&t=m&hl=ja&gl=US&mapclient=embed&q=%E3%80%92543-0024%20%E5%A4%A7%E9%98%AA%E5%BA%9C%E5%A4%A7%E9%98%AA%E5%B8%82%E5%A4%A9%E7%8E%8B%E5%AF%BA%E5%8C%BA%E8%88%9F%E6%A9%8B%E7%94%BA%EF%BC%91%EF%BC%95%E2%88%92%EF%BC%92%EF%BC%94",,,,,ラーメンフクロウ,2.0,False
2281.0,オルトレヴィーノ,イタリアン,,神奈川県,神奈川県鎌倉市長谷2-5-40,67334872.0,由比ヶ浜駅,https://goo.gl/maps/DLd1BGUQkSa6ebNL7,http://oltrevino.shop-pro.jp/,,,,オルトレヴィーノ,2.0,False
2282.0,スペインバルBANDA,スペイン料理,,大阪府,大阪府大阪市福島区福島7-8-6中村ビル1F,676512252.0,福島駅,https://g.page/CPC-cavayvaca-3BEBES-BOHEMIAN?share,http://www.cpc-inc.jp/,,,,スペインバルBANDA,2.0,False
2283.0,Irish pub Shamrock 'N' Roll Star,ビールバー,,大阪府,大阪府大阪市中央区西心斎橋２丁目１０,677090092.0,,https://g.page/shamrocknrollstar?share,,,,,Irish pub Shamrock 'N' Roll Star,2.0,False
2284.0,舎人亭,うなぎ,,茨城県,茨城県守谷市けやき台3丁目28-4,297453058.0,守谷駅,https://goo.gl/maps/SoGo88hX6g6twjZj9,,,,,舎人亭,2.0,False
2285.0,カレーパンショップ MASARA,カレー,,大阪府,大阪府東大阪市稲田新町1-6-33,677092363.0,徳庵駅,https://goo.gl/maps/SRPYpnn6z692V4Qz6,,,,,カレーパンショップ MASARA,2.0,False
2286.0,炭焼TOKI,和食,,大阪府,大阪府大阪市中央区平野町4-6-6,677094997.0,本町駅,https://goo.gl/maps/C58ZdrkYY63Pcu7G9,https://loco.yahoo.co.jp/place/g-CpF6kHq65Mk,,,,炭焼TOKI,2.0,False
2287.0,シロカフェ 大手前 | SHIRO Cafe Osaka,喫茶店・カフェ,,大阪府,大阪府大阪市中央区大手通1-3-7ベルヴォア大手通1F,677101504.0,天満橋駅　谷町四丁目駅,https://goo.gl/maps/YHFDAiSsiR1r5n5A9,https://www.shirocafe.com/,,https://www.instagram.com/shirocafe.jp/?hl=ja,,シロカフェ 大手前 | SHIRO Cafe Osaka,2.0,False
2289.0,炭の屋,居酒屋・ダイニングバー,,大阪府,大阪府大阪市生野区巽中4-18-11奥田ビル1階,678963989.0,南巽駅,https://goo.gl/maps/E1N5KVb3Jr7P3gt97,https://suminoya-ikunoku.owst.jp/,,,,炭の屋,2.0,False
2290.0,Dining＆Bar fitche（ダイニングバーフィッチェ）,イタリアン,,大阪府,大阪府豊中市本町1-2-17,678970360.0,豊中駅,https://goo.gl/maps/d3BneZ387pSq2F557,,,,,Dining＆Bar fitche,1.0,False
2291.0,ウミネコパーラー,喫茶店・カフェ,,石川県,石川県金沢市石引１丁目１６−４０,7012627200.0,金沢駅,https://goo.gl/maps/VNqUrPZy6sJr4UM59,,,https://instagram.com/uminecoparlor?igshid=1xzqyd221oy6x,,ウミネコパーラー,2.0,False
2292.0,酒と鰻とジビエ　池袋寅箱,和食,,東京都,東京都豊島区池袋2-69-3メゾン王城1階,7013197406.0,池袋駅,https://goo.gl/maps/FBvXoc3EZrNCmaTN6,,,,,酒と鰻とジビエ 池袋寅箱,2.0,False
2293.0,海鮮浜焼 一笑一盃,居酒屋・ダイニングバー,,茨城県,茨城県守谷市中央4丁目21-11コトブキビル2階,297454477.0,守谷駅,https://g.page/umi5087?share,https://r.gnavi.co.jp/gcy6900/,https://twitter.com/umi5087,,,海鮮浜焼 一笑一盃,2.0,False
2294.0,氣太呂や寿司,寿司,,京都府,京都府京都市中京区西夷川町574,7017901154.0,二条駅,https://goo.gl/maps/gtieA2B6MmhcpGpR8,,,https://instagram.com/kitaroya.kyoto/,,氣太呂や寿司,2.0,False
2295.0,La Traboule,ワインバー,,広島県,広島県広島市中区三川町７−１９ＯＣＥＡＮビル4F,7023603032.0,八丁堀,https://goo.gl/maps/sdLGYEwMzmRXuthe7,,,,,La Traboule,2.0,False
2297.0,オステリア・アルバ,イタリアン,,茨城県,茨城県守谷市中央4丁目21−1コトブキビル2階,297455803.0,守谷駅,https://goo.gl/maps/Siag7VeNwHiUhZS56,,https://twitter.com/alba201222,,,オステリア・アルバ,2.0,False
2298.0,PQ’s,カフェレストラン,,東京都,東京都台東区浅草4-38-7,7031548285.0,浅草駅,https://goo.gl/maps/opXyspHJMbP5QfEy5,,,https://instagram.com/vegancurry/?hl=ja,,PQ’s,2.0,False
2299.0,ワインとごはん IWASAKI,イタリアン,,神奈川県,神奈川県茅ヶ崎市元町4丁目4-8サリチェ102,7031628448.0,茅ヶ崎駅,https://maps.app.goo.gl/jYmxGiRUT8cjBB5A8,,,https://instagram.com/20160509iwasaki?igshid=1lvx9nxrtpsnq,,ワインとごはん IWASAKI,2.0,False
2300.0,金太楼鮨 守谷店,寿司,,茨城県,茨城県守谷市松ヶ丘3丁目9-1,297459100.0,守谷駅,https://goo.gl/maps/ijfzUXikuq8xHSZ36,,,,,金太楼鮨,2.0,False
2301.0,BISTRO kiki harajuku,フレンチ,,東京都,東京都渋谷区神宮前6丁目9-9,7038823150.0,明治神宮前駅,https://goo.gl/maps/7QXXM2G6TCTjqZop6,https://kikioishii.com/takeaway,,https://instagram.com/kikiharajuku?igshid=xiut5qeql1vz,,BISTRO kiki harajuku,2.0,False
2302.0,肉と野菜とナチュラルワイン　さとう,ハンバーガー,,東京都,東京都練馬区栄町40-12-コーポ富士103,7039914430.0,江古田駅,https://goo.gl/maps/eCtY8efQEUpT7g9c6,,https://twitter.com/ekodasato,,,肉と野菜とナチュラルワイン さとう,2.0,False
2303.0,シーフードレストラン メヒコ 守谷フラミンゴ館,カフェレストラン,,茨城県,茨城県守谷市立沢988-1,297461700.0,守谷駅,https://goo.gl/maps/JeRUT4bq5L7vGgLd8,,,,,シーフードレストラン メヒコ 守谷フラミンゴ館,2.0,False
2304.0,庭カフェKULA,カフェレストラン,,茨城県,茨城県笠間市笠間1339,7043740767.0,笠間駅,https://goo.gl/maps/Lk9cTwpideEMiXf98,http://niwacafe.net,,https://instagram.com/niwacafekula/,,庭カフェKULA,2.0,False
2305.0,ビストロスマイユ,フレンチ,,東京都,東京都渋谷区西原2丁目28-4宮嶋ビル1F,7044663968.0,幡ヶ谷駅,https://goo.gl/maps/rKn4VSrcrm5b6BZN7,,,,,ビストロスマイユ,2.0,False
2306.0,居酒屋おたふく,居酒屋・ダイニングバー,,埼玉県,埼玉県さいたま市南区太田窪２丁目１−８浦和グリーンハイツ1F,7044711980.0,浦和駅,https://goo.gl/maps/FPdsP17vjjKYjimBA,,,,,居酒屋おたふく,2.0,False
2307.0,マカリモカレー,ベジ・ヴィーガン,,京都府,京都府京都市中京区壬生高樋町59-20,7044721140.0,丹波口駅,https://goo.gl/maps/S86QCg5vUNyDNybw5,,,,,マカリモカレー,2.0,False
2308.0,The Hole In The Wall,ビールバー,英国パブ,東京都,東京都杉並区西荻北3-41-11若菜ビル１F,7044922093.0,西荻窪駅,https://g.page/the-hole-in-the-wall-tokyo?share,https://theholeinthewall.jp/,https://twitter.com/TheHoleInTheWa7,https://instagram.com/holeinthewall.nishiogi/?hl=ja,,The Hole In The Wall,2.0,False
2309.0,らーめんまる玉,ラーメン・つけ麺,ラーメン,東京都,東京都墨田区両国2-11-1,7052015690.0,両国,"https://maps.google.com/maps?ll=35.694444,139.791187&z=14&t=m&hl=ja&gl=US&mapclient=embed&q=%E3%80%92130-0026%20%E6%9D%B1%E4%BA%AC%E9%83%BD%E5%A2%A8%E7%94%B0%E5%8C%BA%E4%B8%A1%E5%9B%BD%EF%BC%92%E4%B8%81%E7%9B%AE%EF%BC%91%EF%BC%91%E2%88%92%EF%BC%91",,,,,らーめんまる玉,2.0,False
2310.0,TAKK,喫茶店・カフェ,,福岡県,福岡県那珂川市道善5丁目5,7054121470.0,,https://goo.gl/maps/7gaoZCsjR7Nf8xas6,https://www.takk.work/,,,,TAKK,2.0,False
2311.0,自家製麺　ほうきぼし,ラーメン・つけ麺,スープなし麺,東京都,東京都北区赤羽南1-3-2真木ビル1F,7054649094.0,東十条,"https://maps.google.com/maps?ll=35.770713,139.725688&z=14&t=m&hl=ja&gl=US&mapclient=embed&q=%E7%9C%9F%E6%9C%A8%E3%83%93%E3%83%AB%201F%20%E3%80%92115-0044%20%E6%9D%B1%E4%BA%AC%E9%83%BD%E5%8C%97%E5%8C%BA%E8%B5%A4%E7%BE%BD%E5%8D%97%EF%BC%91%E4%B8%81%E7%9B%AE%EF%BC%93%E2%88%92%EF%BC%92",,,,,自家製麺 ほうきぼし,2.0,False
2312.0,田舎そば　美里,そば・うどん,,茨城県,茨城県守谷市ひがし野3-19-3,297461883.0,守谷駅,https://goo.gl/maps/fk7H8zFdkXAZqGNm7,,,,,田舎そば 美里,2.0,False
2313.0,どじょう Dashi du Japon et Vin Naturel.,和食,,大阪府,大阪府箕面市桜井１丁目１−１,7055020506.0,桜井駅,https://goo.gl/maps/knZXcmhmWV9Q2v6p8,http://loach.jp/,,https://instagram.com/dojyo_dashi_du_japonvinnaturel/,,どじょう Dashi du Japon et Vin Naturel.,2.0,False
2314.0,サニー プレイス/Sunny Place,ベジ・ヴィーガン,,京都府,京都府京都市左京区田中大堰町168-2,7055595221.0,出町柳駅,https://goo.gl/maps/7iCxWtLqbS5E5dzs5,,,,,サニー プレイス/Sunny Place,2.0,False
2315.0,もぐらや,居酒屋・ダイニングバー,,青森県,青森県青森市長島4-1-1,7056267295.0,青森駅,https://goo.gl/maps/WGS4ionmjAtNY1yH8,,https://twitter.com/mogurayaaomori,,,もぐらや,2.0,False
2316.0,ごはんCafe 空彩,和食,,東京都,東京都調布市若葉町2-25-15ラ･ヴィオーラ102,7064093413.0,仙川駅,https://goo.gl/maps/2iJ2MZy6QKjiYxmz9,https://m.facebook.com/gohancafe.sorairo/?locale2=ja_JP,,,,ごはんCafe 空彩,2.0,False
2317.0,焼肉IWA,焼肉,,東京都,東京都新宿区百人町2-8-13Fissビル,7065204129.0,新大久保駅,https://maps.app.goo.gl/6n7Rq51zpys8uRJEA,http://yakiniku-iwa.com,,,,焼肉IWA,2.0,False
2318.0,カリビアンカフェ 守谷店,居酒屋・ダイニングバー,,茨城県,茨城県守谷市中央4丁目21-113F,297481587.0,守谷駅,https://goo.gl/maps/NyQuuGbfhQRhK16R8,https://caribbeancafemoriya.gorp.jp/,,,,カリビアンカフェ,2.0,False
2319.0,ひさご亭,魚介・海鮮料理,,茨城県,茨城県守谷市百合ケ丘2丁目2546-28,297481758.0,守谷駅,https://goo.gl/maps/sqQM3U3JE2hEa3WH9,https://www.hisagotei-moriya.com/,https://twitter.com/tEDtuoaJnM6CZFR,,,ひさご亭,2.0,False
2320.0,天見温泉南天苑,和食,料理旅館,大阪府,大阪府河内長野市天見１５８,721688081.0,天見駅,"https://www.google.co.jp/maps/@34.3974244,135.5923313,17z/data=!3m1!4b1!4m2!7m1!2e1?hl=ja",http://www.e-oyu.com/,https://twitter.com/nanten_en,https://www.instagram.com/osaka_ryokan_nanten_en/,,天見温泉南天苑,2.0,False
2321.0,とんかつ立花,定食・食堂,,大阪府,大阪府堺市堺区南三国ケ丘町3-5-24,722280466.0,堺東駅,https://goo.gl/maps/TMZeYB72mbKKMwUs7,,,,,とんかつ立花,2.0,False
2322.0,茶倉,ベジ・ヴィーガン,,大阪府,大阪府堺市堺区陵西通2-24,722386733.0,山国ヶ丘駅,https://maps.app.goo.gl/RRFh8WYDS5EP4nJJA,,,https://www.instagram.com/sakai.chakura/?hl=ja,,茶倉,2.0,False
2323.0,自由軒,中華料理,,茨城県,茨城県守谷市本町572,297481816.0,守谷駅,https://goo.gl/maps/wr2ZPmZzu993T45n8,,,,,自由軒,3.0,False
2324.0,クラフトビアダイニング エニブリュ なかもず店,ビールバー,,大阪府,大阪府堺市北区中百舌鳥町２丁７１イルグランディB1,722558317.0,,https://g.page/enibru?share,,,,,クラフトビアダイニング エニブリュ,2.0,False
2325.0,鳥はな,居酒屋・ダイニングバー,,大阪府,大阪府堺市東区日置荘西町1-22-19,722850094.0,初芝駅,https://goo.gl/maps/MuPonB2SFohFfnZH7,https://tabelog.com/osaka/A2705/A270501/27022314/,,,,鳥はな,2.0,False
2326.0,くえろ・くえら,イタリアン,,大阪府,大阪府堺市東区白鷺町1-12-28,722860075.0,白鷺駅,https://goo.gl/maps/jJfbyfgGUo9bSpvu7,http://blog.livedoor.jp/quello_quella/,https://twitter.com/quelloquella,https://www.instagram.com/quello_quella/,,くえろ・くえら,2.0,False
2327.0,さんぽ,その他,揚げ物店,大阪府,大阪府松原市天美東8-4-2,723331338.0,河内天美駅,https://goo.gl/maps/D8hF5iNnxCGYdFfR6,https://ameblo.jp/fumiko728/,,https://www.instagram.com/sanpo_amami/?hl=ja,,さんぽ,2.0,False
2328.0,ヴィーガンカフェ　あすか,ベジ・ヴィーガン,,大阪府,大阪府堺市東区丈六173-7,723704228.0,北野田駅,https://maps.app.goo.gl/nq3uWb1Z34mb5qDq5,,,,,ヴィーガンカフェ あすか,2.0,False
2329.0,うどん・そばダイニング　たにと,そば・うどん,,大阪府,大阪府泉南市中小路1-7-16,724833652.0,岡田浦駅,https://goo.gl/maps/mPFPLWvFhF2DgAZz5,,,,,うどん・そばダイニング たにと,2.0,False
2330.0,コンポステラ,イタリアン,,大阪府,大阪府和泉市のぞみ野1-2-41ｲﾁｸﾗﾋﾞﾙ2階,725569933.0,泉北高速鉄道　和泉中央駅,https://goo.gl/maps/znythCZxQYzgFNZaA,http://www.compostela-1997.com,,,,コンポステラ,2.0,False
2331.0,成田家,和食,,大阪府,大阪府茨木市別院町3-19,726224629.0,茨木市駅,https://maps.app.goo.gl/HFju9WZcjQLZMwVA9,http://ibaraki-naritaya.com/index.html,,,,成田家,2.0,False
2333.0,中華料理 天山,中華料理,,大阪府,大阪府茨木市春日1-9-4,726255536.0,茨木駅,https://goo.gl/maps/ycmD88nhS1CeGEZ18,,,,,中華料理 天山,2.0,False
2334.0,ティーズスターダイナー高槻本店,ハンバーガー,,大阪府,大阪府高槻市城北町2-11-5,726720721.0,高槻駅,https://goo.gl/maps/srAe6cP2qs1GgTdx7,,,,,ティーズスターダイナー高槻,2.0,False
2335.0,彩色ラーメン きんせい,ラーメン・つけ麺,ラーメン,大阪府,大阪府高槻市北園町18-1コーケンビル1F,726828956.0,高槻,"https://maps.google.com/maps?ll=34.849914,135.621657&z=14&t=m&hl=ja&gl=US&mapclient=embed&q=%E3%82%B3%E3%83%BC%E3%82%B1%E3%83%B3%E3%83%93%E3%83%AB%201F%20%E3%80%92569-0802%20%E5%A4%A7%E9%98%AA%E5%BA%9C%E9%AB%98%E6%A7%BB%E5%B8%82%E5%8C%97%E5%9C%92%E7%94%BA%EF%BC%91%EF%BC%98%E2%88%92%EF%BC%91",,,,,彩色ラーメン きんせい,2.0,False
2336.0,中村商店 高槻本店,ラーメン・つけ麺,ラーメン,大阪府,大阪府高槻市上田辺町4-14,726851308.0,高槻市,"https://maps.google.com/maps?ll=34.849855,135.617384&z=14&t=m&hl=ja&gl=US&mapclient=embed&q=%E3%80%92569-0805%20%E5%A4%A7%E9%98%AA%E5%BA%9C%E9%AB%98%E6%A7%BB%E5%B8%82%E4%B8%8A%E7%94%B0%E8%BE%BA%E7%94%BA%EF%BC%94%E2%88%92%EF%BC%91%EF%BC%94",,,,,中村商店 高槻,2.0,False
2337.0,ｖｉｖｏ・ｐｉｚｚｅｒｉａ,イタリアン,,大阪府,大阪府高槻市高槻町12-2,726862768.0,高槻市駅,https://goo.gl/maps/bwFGLmHKPv8AXHFW9,http://www.withvivo.com/,https://twitter.com/pizzeriavivo,https://www.instagram.com/pizzeria.vivo/,,ｖｉｖｏ・ｐｉｚｚｅｒｉａ,1.0,False
2338.0,のりまきのすけ,韓国料理,,大阪府,大阪府高槻市川添2-1-3,726957881.0,高槻市駅,https://goo.gl/maps/yuK1RZEnEqbTQu72A,,,,,のりまきのすけ,2.0,False
2339.0,明石倶楽部,和食,,大阪府,大阪府箕面市白島2-22-24,727237739.0,箕面駅,https://goo.gl/maps/5s3RNt1mYYW42YoWA,https://akashiclub.owst.jp/,,,,明石倶楽部,2.0,False
2340.0,みのお滝茶屋 楓来坊,カフェレストラン,,大阪府,大阪府箕面市箕面公園2-74,727251168.0,箕面駅,https://goo.gl/maps/6FupA2PTAL36zh8B9,https://furaibominoh.wixsite.com/japanese,,,,みのお滝茶屋 楓来坊,2.0,False
2341.0,フジマル食堂　枚方T-SITE店,イタリアン,,大阪府,大阪府枚方市岡東町12-2枚方T-SITE1F,728086622.0,京阪枚方市駅,https://goo.gl/maps/beDvGdGt3YQ1TqqW7,https://m.facebook.com/fujimarutsite/?__nodl&ref=external%3Awww.google.co.jp&_rdr,,,,フジマル食堂,2.0,False
2342.0,めし　とーこ,居酒屋・ダイニングバー,,大阪府,大阪府寝屋川市寿町21-22,728312902.0,香里園駅,https://goo.gl/maps/V7ZnaucPZJdBygHg8,https://casual-japanese-style-restaurant-481.business.site/,,www.instagram.com/meshi.toko,,めし とーこ,2.0,False
2343.0,ビアバル ガレット -beer bar garret-,ビールバー,,大阪府,大阪府枚方市新町７−７1-7-2枚新ビル4F,728438110.0,,https://g.page/beer-bar-garret?share,,,,,ビアバル ガレット -beer bar garret-,2.0,False
2345.0,鳥豚センター,居酒屋・ダイニングバー,,大阪府,大阪府東大阪市玉串元町1-9-3,729647754.0,東花園駅,https://goo.gl/maps/ipZpYTu2cBxK9duQ7,,,,,鳥豚センター,2.0,False
2346.0,HALAL & VEGGIE Restaurant ポンテロッソ,その他,ハラル・ベジタリアン対応インド料理,奈良県,奈良県奈良市小西町2,742230808.0,近鉄奈良駅,https://goo.gl/maps/KqeJ3vFm2811d3a98,https://hitosara.com/0005028035/,,,,HALAL & VEGGIE Restaurant ポンテロッソ,2.0,False
2347.0,Trattoria piano,イタリアン,,奈良県,奈良県奈良市橋本町１５−１,742261837.0,奈良駅,https://goo.gl/maps/bhC8HgZq543B8K877,http://piano.syncronicity.co.jp/,,,,Trattoria piano,2.0,False
2348.0,ボナペティ Bon appetit めしあがれ,フレンチ,,奈良県,奈良県奈良市十輪院町１,742275988.0,近鉄奈良駅,https://goo.gl/maps/Uqt8yeup2eypNgeQ8,,,,,ボナペティ Bon appetit めしあがれ,2.0,False
2349.0,さくらバーガー,ハンバーガー,,奈良県,奈良県奈良市東向北町６,742313813.0,近鉄奈良駅,https://g.page/sakuraburger?share,https://sakuraburger.com/,https://twitter.com/sakuraburger,https://instagram.com/sakuraburger/,,さくらバーガー,2.0,False
2350.0,ラトラース,フレンチ,,奈良県,奈良県奈良市大宮町2-1-5,742334000.0,奈良駅,https://goo.gl/maps/5NT5TUywSPbaSsiC6,http://latrace.jp/,,https://instagram.com/ryosatotrace?igshid=ybx3qo1kj37n,,ラトラース,2.0,False
2351.0,piano,イタリアン,,奈良県,奈良県奈良市大宮町６丁目９−４,742343003.0,新大宮駅,https://goo.gl/maps/NTs2XPa6rJMVRdji9,,,,,piano,2.0,False
2352.0,osteria YURURI,イタリアン,,奈良県,奈良県奈良市東向南町１３−１2F,742814748.0,奈良駅,https://goo.gl/maps/SbrmM7k3zFg684Gq7,http://www.yururi-italian.com/,,https://instagram.com/osteriayururi/,,osteria YURURI,2.0,False
2353.0,Italian caravelイタリアンキャラベル,イタリアン,,奈良県,奈良県奈良市餅飯殿町14西村ビル2F,742939001.0,近鉄奈良駅,https://goo.gl/maps/HWmXAYoJzv7JUtM47,https://www.caramel-biscuit.com/italian-caravel-menu/,https://mobile.twitter.com/italiancaravel,https://www.instagram.com/italiancaravel/,,Italian caravelイタリアンキャラベル,2.0,False
2354.0,cafe WAKAKUSA,カフェレストラン,,奈良県,奈良県奈良市東向北町22,742954554.0,近鉄奈良駅,https://g.page/cafeWAKAKUSA,https://cafewakakusa.com,https://twitter.com/cafeWAKAKUSA,https://instagram.com/cafewakakusa/,,cafe WAKAKUSA,2.0,False
2355.0,パリワール,アジア・エスニック,ネパール料理,奈良県,奈良県生駒市小明町155-4,743737363.0,東生駒駅,https://goo.gl/maps/6kzPReKshAXCwKj9A,,,https://instagram.com/p/B-6zWszJmIu/?igshid=mqfge2lclku6,,パリワール,2.0,False
2356.0,鉄板焼レストランcafeソラ,カフェレストラン,,奈良県,奈良県橿原市内膳町5丁目3番31号フクダ不動産八木駅前ビル1Ｆ,744201280.0,大和八木駅,https://goo.gl/maps/VkGxkoc3mr2rhCxt6,https://bar-piazza.jp/,,,,鉄板焼レストランcafeソラ,2.0,False
2357.0,LushLife,カフェレストラン,,奈良県,奈良県橿原市今井町3-11-221F,744339505.0,畝傍駅,https://goo.gl/maps/w3jcPwBzUhtQhitM8,https://www.cafe-polkadot.com/,,https://instagram.com/p/B-16vzUpw-T/?utm_source=ig_web_copy_link,,LushLife,1.0,False
2358.0,味な大富,寿司,,奈良県,奈良県生駒郡斑鳩町興留6-3-7,745474545.0,JR法隆寺駅,https://goo.gl/maps/5ZepXd3z3r3ws1wz9,http://www.daitomi.jp/,,https://www.instagram.com/ajinadaitomi/,,味な大富,2.0,False
2359.0,Cafe. +f,カフェレストラン,,奈良県,奈良県北葛城郡河合町大字佐味田２２０２馬見丘陵公園北駐車場花見茶屋内,745566025.0,箸尾駅,https://goo.gl/maps/a7on6CLBGPEimB1n7,http://plusf.syncronicity.co.jp/,,,,Cafe. +f,2.0,False
2360.0,ラーメンにっこう,ラーメン・つけ麺,ラーメン,滋賀県,滋賀県彦根市宇尾町1366-2,749282035.0,南彦根,"https://maps.google.com/maps?ll=35.244909,136.230785&z=13&t=m&hl=ja&gl=US&mapclient=embed&q=%E3%80%92522-0045%20%E6%BB%8B%E8%B3%80%E7%9C%8C%E5%BD%A6%E6%A0%B9%E5%B8%82%E5%AE%87%E5%B0%BE%E7%94%BA%EF%BC%91%EF%BC%93%EF%BC%96%EF%BC%96%E2%88%92%EF%BC%92",,,,,ラーメンにっこう,2.0,False
2361.0,麺屋 號tetu,ラーメン・つけ麺,ラーメン,滋賀県,滋賀県長浜市南呉服町５−２４,749634340.0,長浜,"https://maps.google.com/maps?ll=35.379798,136.265549&z=14&t=m&hl=ja&gl=US&mapclient=embed&q=%E3%80%92526-0058%20%E6%BB%8B%E8%B3%80%E7%9C%8C%E9%95%B7%E6%B5%9C%E5%B8%82%E5%8D%97%E5%91%89%E6%9C%8D%E7%94%BA%EF%BC%95%E2%88%92%EF%BC%92%EF%BC%94",,,,,麺屋 號tetu,2.0,False
2362.0,北近江リゾート,定食・食堂,,滋賀県,滋賀県長浜市高月町唐川89,749858888.0,高月駅,https://maps.app.goo.gl/KHJy6wfmG9gdc6Mk9,https://kitaoumi.com/,https://twitter.com/info03049687,http://www.thepictame.com/instagram/kitaoumi_resort,,北近江リゾート,2.0,False
2363.0,京都綾小路 満月の花,,,京都府,京都府京都市下京区綾材木町２０６−１,752011125.0,,https://g.page/mangetsunohana?share,,,,,京都綾小路 満月の花,2.0,False
2364.0,メッシタ パーネ エ ヴィーノ,,,京都府,京都府京都市中京区天神山町２７７錦小路室町西入る,752023783.0,,https://goo.gl/maps/Kv7isTTcpXNCnVDr7,,,,,メッシタ パーネ エ ヴィーノ,2.0,False
2366.0,リョウリヤ ステファン パンテル,,,京都府,京都府京都市中京区四丁目柳馬場通丸太町下る１８２,752044311.0,,https://goo.gl/maps/jyAExVH7mLySHTRz9,,,,,リョウリヤ ステファン パンテル,2.0,False
2367.0,原価ビストロチーズプラス 京都河原町,居酒屋・ダイニングバー,,京都府,京都府京都市下京区奈良物町３６１SAKIZOSEEDビル3F,752111122.0,,https://g.page/cheesepluskawaramachi?share,,,,,原価ビストロチーズプラス 京都河原町,2.0,False
2368.0,炭火串焼とりと　四条烏丸店,,,京都府,京都府京都市中京区烏丸東入ル元法然寺町６８３,752113750.0,,https://goo.gl/maps/rnWEQhhhHxGkpamSA,,,,,炭火串焼とりと,2.0,False
2369.0,Osake Wine Dining 和たり,,,京都府,京都府京都市中京区中京区京都市中京区堺町御池上ル杉屋町640アルティスタ御所南1F,752115828.0,,https://goo.gl/maps/y85WvePacRLTyViZA,,,,,Osake Wine Dining 和たり,2.0,False
2370.0,Daijo,ベジ・ヴィーガン,ビーガンフレンドリーのメニューあり,京都府,京都府京都市中京区新町通四条上る小結棚町4261F,752118850.0,四条烏丸駅,https://goo.gl/maps/PHKZ5zJYkuJEPpe38,https://www.daijo.jp/index.html,https://www.daijo.jp/index.html,https://instagram.com/daijo.yoshida/,,Daijo,2.0,False
2371.0,れすとらん西島,,,京都府,京都府京都市中京区二条通河原町東入樋之口町463　西村ビル1Ｆ,752118864.0,,https://goo.gl/maps/1bGThVMHiWvHr8778,,,,,れすとらん西島,2.0,False
2372.0,料理屋うしのほね 本店,,,京都府,京都府京都市中京区若松町１３７−１２,752121023.0,,https://goo.gl/maps/RfJLwJtv15hYpQFY8,,,,,料理屋うしのほね,2.0,False
2373.0,リストランテ タントタント,,,京都府,京都府京都市中京区姉小路下ル大阪材木町697,752121051.0,,https://goo.gl/maps/ToZ3eRF5zJXxRwy2A,,,,,リストランテ タントタント,2.0,False
2374.0,BAR à Vin  NATTSUN,,,京都府,京都府京都市中京区鍋屋町２１２−３,752121588.0,,https://goo.gl/maps/6Qa3XhBwZj4aqNyi7,,,,,BAR à Vin NATTSUN,2.0,False
2375.0,日本酒BARあさくら,その他,日本酒バー,京都府,京都府京都市中京区上大阪町518－2大久ビル2F,752124417.0,京都市役所前駅,https://g.page/SakeBarAsakura?share,https://ameblo.jp/sakebar/,,https://www.instagram.com/sakebarasakura/,,日本酒BARあさくら,2.0,False
2376.0,寺町ハンバーグ,,,京都府,京都府京都市中京区常盤木町５５,752127727.0,,https://goo.gl/maps/GAfwUac7HZcuRs5S9,,,,,寺町ハンバーグ,2.0,False
2377.0,まんざら 三条高倉,,,京都府,京都府京都市中京区菱屋町４７−３,752127877.0,,https://goo.gl/maps/7H23Z2GxJTRkLeDS9,,,,,まんざら 三条高倉,2.0,False
2378.0,ビストロ オー ボンモルソー,,,京都府,京都府京都市中京区恵比須町５３４−１８ステラム1Ｆ,752128851.0,,https://goo.gl/maps/EsPzggKmeYKuep1p6,,,,,ビストロ オー ボンモルソー,2.0,False
2379.0,インド食堂 TADKA（タルカ）,カレー,,京都府,京都府京都市中京区押小路通高倉西入左京町138,752128872.0,烏丸御池駅,https://goo.gl/maps/dRhrvmFZpY113EjB8,https://m.facebook.com/dhabatadka/,,,,インド食堂 TADKA,2.0,False
2380.0,restaurant DOLCH,フレンチ,,京都府,京都府京都市中京区御幸町通丸太町下ル毘沙門町553御幸町ビル101,752132014.0,神宮丸太町駅,https://goo.gl/maps/cTaucsfsM4vRzLeY6,,,,,restaurant DOLCH,2.0,False
2381.0,B Legumes a table,フレンチ,,京都府,京都府京都市中京区四条油小路上ル3軒目559-1,752135563.0,大宮駅,https://goo.gl/maps/eaSwFjwewJMRKrpT7,http://www.b-legumes-a-table.com/,,,,B Legumes a table,2.0,False
2382.0,京極かねよ,,,京都府,京都府京都市中京区六角通新京極東入松ヶ枝町456京都府,752210669.0,,https://goo.gl/maps/vUCjT5UtgcJ5ssLMA,,,,,京極かねよ,2.0,False
2383.0,串揚げ懐石希水,,,京都府,京都府京都市中京区朝倉町５３４六角富小路上ルホテル京都シャラガム1F,752211577.0,,https://goo.gl/maps/dbjvEZGjvcAAUWHj7,,,,,串揚げ懐石希水,2.0,False
2384.0,il filo -イル フィーロ-,,,京都府,京都府京都市中京区上大阪町5191F,752212788.0,,https://goo.gl/maps/6RGnCQ29FtCmtcrr6,,,,,il filo -イル フィーロ-,2.0,False
2385.0,田毎 三条本店,,,京都府,京都府京都市中京区三条通寺町東入ル石橋町12,752213030.0,,https://goo.gl/maps/iKN9apw6CWoFYkrbA,,,,,田毎 三条,2.0,False
2386.0,京料理 二傳（にでん）,,,京都府,京都府京都市中京区姫小路通堀川東入鍛冶町１４２,752213908.0,,https://goo.gl/maps/RqZ8DcL4NwB7Eaiz6,,,,,京料理 二傳,2.0,False
2387.0,梅園  河原町店,その他,甘味処,京都府,京都府京都市中京区河原町三条下る山崎町234-4,752215017.0,三条駅,https://goo.gl/maps/FjB3DD9W9EHjpbf29,,,https://instagram.com/umezono_kyoto/,,梅園,3.0,False
2388.0,炭焼みはな,,,京都府,京都府京都市中京区釜座町１４,752215595.0,,https://goo.gl/maps/wfMiQJaGsvYnxzoU6,,,,,炭焼みはな,2.0,False
2389.0,寿しのむさし 三条本店,,,京都府,京都府京都市中京区恵比須町４４０,752220634.0,,https://goo.gl/maps/uNDZVCBTetx7jtLH8,,,,,寿しのむさし 三条,2.0,False
2390.0,L'éclat,フレンチ,,京都府,京都府京都市中京区相生町２８１,752221256.0,丸太町駅,https://goo.gl/maps/FKC4xPLm4r54XikT9,http://kyoto-leclat.com/#top,,,,L'éclat,2.0,False
2391.0,韓国料理 内房（アンパン）,,,京都府,京都府京都市中京区三条通新町西入る釜座町37三越釜座ビル1F,752231928.0,,https://goo.gl/maps/NQQziiNgGdQnrjm79,,,,,韓国料理 内房,2.0,False
2392.0,さくら坂 VIVACE,カフェレストラン,,茨城県,茨城県守谷市板戸井1751-1,297482513.0,守谷駅,https://goo.gl/maps/j3z8rcmSA5mCwZVE9,https://sakurazaka-vivace.com/,,,,さくら坂 VIVACE,2.0,False
2393.0,鳥せゑ　蛸薬師店,,,京都府,京都府京都市中京区元竹田町６２５,752296564.0,,https://goo.gl/maps/ZWwxJyNzSU1y118K9,,,,,鳥せゑ,2.0,False
2394.0,Restaurant MOTOI,フレンチ,,京都府,京都府京都市中京区富小路二条下ル俵屋町186,752310709.0,烏丸御池駅,https://goo.gl/maps/6BPKfyk9pF2h9VD67,https://kyoto-motoi.com/,,https://instagram.com/restaurantmotoi/,,Restaurant MOTOI,2.0,False
2395.0,Irish PUB field,カフェレストラン,,京都府,京都府京都市中京区元法然寺町683烏丸錦ビル2F,752311213.0,烏丸駅,https://goo.gl/maps/s7MFeGA99tbrSLxD6,https://kyotofield.com,https://twitter.com/fieldSu,https://instagram.com/kyotofield/,,Irish PUB field,2.0,False
2396.0,桔梗寿司,,,京都府,京都府京都市中京区油小路丸太町下る大文字町43,752317361.0,,"https://www.google.com/search?tbm=lcl&ei=fle3Xu_fPJOB-QbM_7_YCA&q=%E6%A1%94%E6%A2%97%E5%AF%BF%E5%8F%B8%28Kikyo+Sushi%29&oq=%E6%A1%94%E6%A2%97%E5%AF%BF%E5%8F%B8%28Kikyo+Sushi%29&gs_l=psy-ab.3..0j0i30k1.24543.24543.0.25316.1.1.0.0.0.0.288.288.2-1.1.0....0...1c.2.64.psy-ab..0.1.287....0.mupaoOOl-WQ#rlfi=hd:;si:;mv:[[35.01932045837507,135.75750007526995],[35.01603864508108,135.7500703562987],null,[35.01767956819176,135.75378521578432],18]",,,,,桔梗寿司,2.0,False
2398.0,カーサビアンカ,,,京都府,京都府京都市上京区今出川通寺町西入大原口町214,752413023.0,,https://goo.gl/maps/aTmiELn85C3TXQSm7,,,,,カーサビアンカ,2.0,False
2399.0,夷川 鮨すずか,,,京都府,京都府京都市中京区夷川通柳馬場東入ル俵屋町305FORUM夷川1F,752510111.0,,https://goo.gl/maps/aduymKMgrqLKYesj9,,,,,夷川 鮨すずか,2.0,False
2400.0,カフェ・ド・ラパン,カフェレストラン,,茨城県,茨城県守谷市百合ケ丘2丁目2731-3,297486181.0,守谷駅,https://goo.gl/maps/N8oEFaFLVgumzM6E9,http://cafe-du-lapin.com/,,https://facebook.com/yurigaoka.lapin/?refsrc=http%3A%2F%2Fcafe-du-lapin.com%2F,,カフェ・ド・ラパン,2.0,False
2401.0,窯焼和牛ステーキと京のおばんざい 市場小路 寺町本店,,,京都府,京都府京都市中京区寺町通錦小路上ル円福寺前町283WITHYOUビルB1F,752522008.0,,https://g.page/ichiba-coji?share,,,,,窯焼和牛ステーキと京のおばんざい 市場小路 寺町,2.0,False
2402.0,Le Nature,,,京都府,京都府京都市中京区占出山町３２０小島ビル2階,752528263.0,,https://goo.gl/maps/TZ2yBj6Vts5k7gUk6,,,,,Le Nature,2.0,False
2403.0,アポロプラス,,,京都府,京都府京都市中京区三条堺町桝屋町67NEOS三条2F・3F,752536605.0,,https://goo.gl/maps/aobGcRoqVHHorACr7,,,,,アポロプラス,2.0,False
2404.0,夷川　燕楽,,,京都府,京都府京都市中京区夷川通り麩屋町西下ル北側,752548488.0,,https://goo.gl/maps/2wTMCuRGovyGqJQK8,,,,,夷川 燕楽,2.0,False
2405.0,山椒なべ とり粋,,,京都府,京都府京都市中京区釜座町３６,752555191.0,,https://goo.gl/maps/XnmWG3e3M13PurGK6,,,,,山椒なべ とり粋,2.0,False
2406.0,キージョ El Quillo Daily Tapas & Restaurant,スペイン料理,,京都府,京都府京都市中京区亀屋町380,752556093.0,京都市役所前駅,https://goo.gl/maps/TDcfDecn3Kz2ebsP8,,,https://instagram.com/elquillo_restaurant/,,キージョ El Quillo Daily Tapas & Restaurant,2.0,False
2407.0,ブランカ,居酒屋・ダイニングバー,,京都府,京都府京都市中京区御幸町三条上ル丸屋町334,752556667.0,四条駅,https://goo.gl/maps/ueZTn98LM2c9JXRj9,,,,,ブランカ,2.0,False
2408.0,一之船入,中華料理,,京都府,京都府京都市中京区一之船入町５３７−５０,752561271.0,京都市役所前駅,https://goo.gl/maps/tFm55FcfrTq3GMWe8,http://ichinohunairi.com/wordpress/wp-content/uploads/2020/03/4d4aefecc4352ae90bae4038f0a93a05.pdf,,,,一之船入,2.0,False
2409.0,Ristoria Radice,イタリアン,,京都府,京都府京都市中京区鏡屋町５０,75256555.0,丸太町駅,https://goo.gl/maps/j8rzqgABkvuBq25M6,https://tabelog.com/kyoto/A2601/A260202/26023199/,,,,Ristoria Radice,2.0,False
2410.0,パエリア＆グリル バラッカ,スペイン料理,,京都府,京都府京都市中京区柳八幡町78,752568731.0,京都市役所前駅,https://g.page/paella-barraca?share,http://www.barraca.jp,https://twitter.com/paella_barraca,https://instagram.com/paella.barraca/,,パエリア＆グリル バラッカ,1.0,False
2411.0,gomacro  Salon,ベジ・ヴィーガン,,京都府,京都府京都市中京区新町通御池下ル神明町67-3,752575096.0,烏丸御池,https://goo.gl/maps/AAMkVijhXqNNxN64A,http://gomacro.jp/,,,,gomacro Salon,2.0,False
2412.0,膳處漢ぽっちり,中華料理,,京都府,京都府京都市中京区天神山町２８３−２,752575766.0,烏丸駅,https://goo.gl/maps/cumV5HtVLajg7Gv26,https://kiwa-group.co.jp/zezekan/,,,,膳處漢ぽっちり,2.0,False
2413.0,雅ダイニング miyabi dining,ベジ・ヴィーガン,,京都府,京都府京都市中京区東洞院通二条上る壺屋町515,752578300.0,烏丸御池駅,https://goo.gl/maps/ByKiJNWLfmXYmb9t5,,,,,雅ダイニング miyabi dining,2.0,False
2414.0,くまのワインハウス,,,京都府,京都府京都市左京区東丸太町４１−８,752851001.0,,https://goo.gl/maps/dU25fssFs6amtwYx8,,,,,くまのワインハウス,2.0,False
2415.0,Bar mix 226,バー,,茨城県,茨城県守谷市本町５２２−１,297488048.0,守谷駅,https://goo.gl/maps/caZpwPppB1wPUTU28,,https://twitter.com/barmix226,https://facebook.com/BarMix226/,,Bar mix 226,2.0,False
2416.0,サルーテ,ベジ・ヴィーガン,,京都府,京都府京都市下京区東塩小路町600-31,753413737.0,京都駅,https://goo.gl/maps/whZcjSvdk8V9boJ97,,,,,サルーテ,2.0,False
2417.0,お多福,和食,,茨城県,茨城県守谷市松前台3丁目23-11グリーンドミール104,297489555.0,守谷駅,https://goo.gl/maps/xRLFFiAqYdR5vDWR7,,,,,お多福,2.0,False
2418.0,Cuisine bar café Pic Nic,,,京都府,京都府京都市下京区神明町２３３−３,753439197.0,,https://g.page/pic_nic_kyoto?share,,,,,Cuisine bar café Pic Nic,2.0,False
2419.0,原価ビストロ チーズ＋ 京都七条,居酒屋・ダイニングバー,,京都府,京都府京都市下京区新町西入ル夷之町714,753511109.0,,https://goo.gl/maps/VGWroAsjHzLzsHfd6,,,,,原価ビストロ チーズ＋ 京都七条,1.0,False
2420.0,浜寅  東戸塚店,そば・うどん,,神奈川県,神奈川県横浜市戸塚区品濃町515-1-105,458264396.0,東戸塚駅,https://goo.gl/maps/nPYzUCvQCSa4BQzc7,http://hamatora.co.jp/soba/,,,,浜寅,2.0,False
2421.0,オステリア・エ・バール・ポレンタ,,,京都府,京都府京都市下京区寺町通仏光寺下ル恵美須之町しきさいビル１階,753523227.0,,https://goo.gl/maps/A2gqbUYP7e6ZiX5P9,,,,,オステリア・エ・バール・ポレンタ,2.0,False
2422.0,BARMANE バルマーネ,カフェレストラン,,京都府,京都府京都市下京区杉屋町295カーサデ河原町1F,753535977.0,五条駅,https://goo.gl/maps/raufjcp8wm2uQiF68,,,https://instagram.com/barmane_/,,BARMANE バルマーネ,2.0,False
2423.0,ル・ナチュレ,その他,,京都府,京都府京都市中京区占出山町３２０小島ビル2F,753545168.0,四条駅,https://goo.gl/maps/YrPwUtSu8SE1wg4AA,https://le-nature.jp/,,,,ル・ナチュレ,2.0,False
2424.0,Le Cadeau,フレンチ,,京都府,京都府京都市中京区末丸町541-25ミックマックビル1F,753545330.0,神宮丸太町駅,https://goo.gl/maps/hsUH2g2mQDQLeFT58,https://www.instagram.com/le_cadeau_kyoto/,,https://instagram.com/le_cadeau_kyoto/,,Le Cadeau,2.0,False
2425.0,オステリア コチネッラ,イタリアン,,京都府,京都府京都市下京区新開町397-2,753654300.0,四条駅,https://goo.gl/maps/ipD2LWBch438T3SQ7,https://www.coccinella77.com/,,,,オステリア コチネッラ,2.0,False
2426.0,天ぷら 奇天屋,和食,,京都府,京都府京都市下京区綾小路高倉西入ル神明町230-9,753659108.0,四条河原町駅,https://goo.gl/maps/vSMFwQ5bizDywcgu5,https://kitenya.therestaurant.jp,,,,天ぷら 奇天屋,2.0,False
2427.0,梅小路コラボ,,,京都府,京都府京都市下京区朱雀正会町１–１KYOCAビル１F,753710680.0,,https://goo.gl/maps/zBFwMswkEs4ysvAt9,,,,,梅小路コラボ,2.0,False
2428.0,とんかつ一番,,,京都府,京都府京都市下京区徹宝町４０３,753710722.0,,https://goo.gl/maps/fNm4QSQDL1cV8kAd6,,,,,とんかつ一番,2.0,False
2429.0,串揚げ万年青-オモト-,,,京都府,京都府京都市上京区筋違橋町５５４−２,754114439.0,,https://goo.gl/maps/wLEPJCiYVL3H1VzV9,,,,,串揚げ万年青-オモト-,2.0,False
2430.0,LatteArt Junkies RoastingShop 北野天満宮店,,,京都府,京都府京都市上京区紙屋川町８３９−３,754636677.0,,https://goo.gl/maps/Jg6J5sVo8yCzCgDh9,,,,,LatteArt Junkies RoastingShop,2.0,False
2431.0,謹製咖喱酒舗・アムリタ,カレー,,京都府,京都府京都市中京区西ノ京中保町49-1,754637551.0,円町駅,https://g.page/amrta_curry?share,,,https://instagram.com/amrta_curry/,,謹製咖喱酒舗・アムリタ,2.0,False
2432.0,ダ・マエダ　ラピス,ベジ・ヴィーガン,,京都府,京都府京都市上京区千本通中立売上る玉屋町41,754655258.0,二条駅,https://goo.gl/maps/WVKa9H4sGmP9hrUy7,,,https://www.instagram.com/lapiskyoto/,,ダ・マエダ ラピス,2.0,False
2433.0,京町家 茶房宗禅,,,京都府,京都府京都市上京区浄福寺東角,754716670.0,,https://goo.gl/maps/AbTs5ZJKaRVnd6nv7,,,,,京町家 茶房宗禅,2.0,False
2434.0,和洋ビストロ ほうき星,,,京都府,京都府京都市北区紫竹西野山町56クレセント三宝1F,754922699.0,,https://goo.gl/maps/WRry5hnzG8Dn6PpG9,,,,,和洋ビストロ ほうき星,2.0,False
2435.0,ねぎしや,和食,,茨城県,茨城県つくばみらい市古川533-1,297522183.0,みらい平駅,https://goo.gl/maps/ttuMqSdSXgAkMipL7,http://www.negisiya.com/,https://twitter.com/4th_negisiya,,,ねぎしや,2.0,False
2436.0,レストランキエフ,,,京都府,京都府京都市東山区廿一軒町２３６鴨東ビル6F縄手通四条上ル,755250860.0,,https://goo.gl/maps/ZCy84xvrjNNPThHn8,,,,,レストランキエフ,2.0,False
2437.0,御料理 味舌,,,京都府,京都府京都市東山区祇園町北側246,755252160.0,,https://goo.gl/maps/y5RiZnPuqWsB81Tq5,,,,,御料理 味舌,2.0,False
2438.0,祇をん きらら,,,京都府,京都府京都市東山区祇園町南側５７０−２３２,755313636.0,,https://goo.gl/maps/AgZ9CB8nHgun3bze6,,,,,祇をん きらら,2.0,False
2439.0,beua soleil -ボウ ソレイユ-,,,京都府,京都府京都市東山区祇園町北側３３８−４,755315157.0,,https://goo.gl/maps/WhULXNYMGrhttXM58,,,,,beua soleil -ボウ ソレイユ-,2.0,False
2440.0,ぎをん　森幸,,,京都府,京都府京都市東山区白川筋三条下る唐戸鼻町５５４,755318000.0,,https://goo.gl/maps/kpKk4dr8z6mvsVwF6,,,,,ぎをん 森幸,2.0,False
2441.0,ル・ピックアシエット,フレンチ,,京都府,京都府京都市東山区下馬町４９１アースコート清水,755319850.0,清水五条駅,https://g.page/le_pique_assiette?share,https://le-pique-assiette.com/access/,https://twitter.com/lepiqueassiette,,,ル・ピックアシエット,2.0,False
2442.0,侘家古暦堂 花見小路本店,,,京都府,京都府京都市祇園町南側歌舞練場北側,755323355.0,,https://goo.gl/maps/2azGx8TmsejN7pdk9,,,,,侘家古暦堂 花見小路,2.0,False
2443.0,うずら屋京都,和食,,京都府,京都府京都市東山区大和大路通四条上る二丁目常盤町177−1,755331155.0,祇園四条駅,https://goo.gl/maps/bkCyaxfXcmxvaQQ69,https://tabelog.com/kyoto/A2601/A260301/26003283/,,,,うずら屋京都,2.0,False
2444.0,祇園晩餐京色,,,京都府,京都府京都市東山区四条通大和大路東入末吉町95,755415523.0,,https://goo.gl/maps/ct38z4N5RvmGvdvi8,,,,,祇園晩餐京色,2.0,False
2445.0,こゝ家 祇園八坂別邸,,,京都府,京都府京都市東山区祇園新橋東大路林下町434-2,755418800.0,,https://g.page/zermavvfvpx4akz?share,,,,,こゝ家 祇園八坂別邸,2.0,False
2446.0,Bar Bliss,,,京都府,京都府京都市東山区東山区清本町374-12豆六ビル4階,755510130.0,,https://goo.gl/maps/8LfHX4wXTV6G26UN8,,,,,Bar Bliss,2.0,False
2447.0,Ohana8,カフェレストラン,,京都府,京都府京都市東山区古西町324-32,755511012.0,祇園四条駅,https://g.page/ohana8?share,,,,,Ohana8,2.0,False
2448.0,ふる川,,,京都府,京都府京都市東山区祇園町南側５７０−１２２,755610261.0,,https://goo.gl/maps/ijZXuHJpBMntSLuSA,,,,,ふる川,2.0,False
2449.0,京料理 はり清,和食,,京都府,京都府京都市東山区大黒町通五条下る袋町294,755611017.0,清水五条駅,https://goo.gl/maps/DjVJGpPtLcKqfFy89,https://harise-kyoto.com/,,,,京料理 はり清,2.0,False
2450.0,宮川町 㐂久屋,和食,,京都府,京都府京都市東山区宮川筋４－３０１,755611313.0,祇園四条駅,https://goo.gl/maps/DopSBYpPb7EbRJoL6,http://www.kikuya-komai.com/,,,,宮川町 㐂久屋,2.0,False
2451.0,京やきにく 弘　祇園山名庵,,,京都府,京都府京都市東山区弁財天町１６,755611717.0,,https://goo.gl/maps/UC9Pn4JQ4L9sT1Uq7,,,,,京やきにく 弘 祇園山名庵,2.0,False
2452.0,洋食かるみあ,,,京都府,京都府京都市東山区大和大路通四条下る大和町6,755615557.0,,https://goo.gl/maps/ekVAodDoFrfcSGbi8,,,,,洋食かるみあ,2.0,False
2453.0,Pettirosso Kyoto,ベジ・ヴィーガン,,京都府,京都府京都市下京区四条町富小路下塗師屋92-2,755855455.0,京都河原町駅,https://goo.gl/maps/pJ5Fm3TDoCcNT75z6,,,,,Pettirosso Kyoto,2.0,False
2454.0,酒場トやさい イソスタンド,ベジ・ヴィーガン,,京都府,京都府京都市中京区姥柳町190-2,755855613.0,河原町駅,https://g.page/iso_stand?share,,,,,酒場トやさい イソスタンド,2.0,False
2455.0,Salon du Vin et du Thé 祇をん 香kou,,,京都府,京都府京都市東山区祇園町南側５０６−２,755855815.0,,https://goo.gl/maps/mGBXEhUpi5GL8StN6,,,,,Salon du Vin et du Thé 祇をん 香kou,2.0,False
2456.0,納豆創作料理 夏豆,,,京都府,京都府京都市東山区小松町５６１−１７,756002222.0,,https://goo.gl/maps/39HnhWL82iCc6TFR6,,,,,納豆創作料理 夏豆,2.0,False
2457.0,プレマルシェ・オルタナティブ・ダイナー,,,京都府,京都府京都市中京区橋西町６７２2F,756002233.0,,https://g.page/premarche_pizzeria?share,,,,,プレマルシェ・オルタナティブ・ダイナー,2.0,False
2458.0,ピッツェリア　ドン　チッチョ,ピザ,,京都府,京都府京都市伏見区下油掛町144,756112888.0,京阪中書島駅,,,,https://instagram.com/pizzeriadoncicciokyoto?igshid=fi744br30ymd,,ピッツェリア ドン チッチョ,2.0,False
2459.0,旬彩遊膳 えんり庵,,,京都府,京都府京都市伏見区両替町２９１−１,756113656.0,,https://goo.gl/maps/cyENFD9JGaZsLVtM6,,,,,旬彩遊膳 えんり庵,2.0,False
2460.0,洋食屋コートレット,,,京都府,京都府京都市伏見区中油掛町９４プレアデス桃山1F,756115155.0,,https://goo.gl/maps/KHmQSo8QuDkF6nuj7,,,,,洋食屋コートレット,2.0,False
2461.0,京料理　清和荘,,,京都府,京都府京都市伏見区深草越後屋敷町８,756416238.0,,https://g.page/seiwasou?share,,,,,京料理 清和荘,2.0,False
2462.0,チョッカーナ（ｃｈｏｃａｎａ）,洋食,,京都府,京都府京都市伏見区深草泓ノ壺町28-6,756451330.0,伏見駅,https://goo.gl/maps/6gzxtzZJZNGWXsvs6,,,,,チョッカーナ,2.0,False
2463.0,くずし天ぷら 玄,,,京都府,京都府京都市南区東九条北烏丸町6−６アルプス９ビル１F,756825588.0,,https://g.page/tempura-gen?share,,,,,くずし天ぷら 玄,2.0,False
2464.0,下鴨茶寮,和食,,京都府,京都府京都市左京区下鴨宮河町６２,757015185.0,出町柳駅,https://goo.gl/maps/kQfYMXoDTDvhuupQA,https://www.shimogamosaryo.co.jp/,,,,下鴨茶寮,2.0,False
2465.0,トラットリア　アンティコ,,,京都府,京都府京都市左京区一乗寺赤ノ宮町２７,757019250.0,,https://goo.gl/maps/2v8EcLaVVQVs1y356,,,,,トラットリア アンティコ,2.0,False
2466.0,和洋キッチン松之助,和食,,京都府,京都府京都市左京区北白川追分町1-5Aqua北白川1F,757021724.0,出町柳駅,https://g.page/k_matsunosuke?share,https://matsunosuke.crayonsite.com/,,,,和洋キッチン松之助,2.0,False
2467.0,こあの助,タイ料理,,京都府,京都府京都市左京区田中門前町28-14吹上ビル2F,757022611.0,出町柳駅,https://goo.gl/maps/Wu7DiJc4axRGrFWY7,https://koanosuke.owst.jp/,,,,こあの助,2.0,False
2468.0,very berry cafe北白川,カフェレストラン,,京都府,京都府京都市左京区一乗寺谷田町1番ヴィベール北白川102号,757030015.0,叡電一乗寺駅,https://goo.gl/maps/QmNwXEfC12maz4nW9,,,,,very berry cafe北白川,2.0,False
2469.0,DANIEL'S MONDO 京都駅前（ダニエルズ モンド）,イタリアン,,京都府,京都府京都市下京区東油小路町552-15,757083266.0,京都駅,https://g.page/DANIELSMONDO?share,http://daniels.jp,,https://instagram.com/danielsmondo_kyoto/,,DANIEL'S MONDO 京都駅前,2.0,False
2470.0,チェネッタ バラバ,イタリアン,,京都府,京都府京都市下京区匂天神町642スピードBLD1F,757083606.0,四条駅,https://goo.gl/maps/1x2nBUJdUk5Ai2s97,,,,,チェネッタ バラバ,2.0,False
2471.0,Brochette -ブロシェット-,,,京都府,京都府京都市中京区東洞院通御池下ル笹屋町438-4,757085527.0,,https://g.page/BrochetteKyoto?share,,,,,Brochette -ブロシェット-,2.0,False
2472.0,HUNTER,,,京都府,京都府京都市中京区東洞院通夷川下ル壺屋町533-2,757085566.0,,https://goo.gl/maps/R9mRusKW34bdYsFM9,,,,,HUNTER,2.0,False
2473.0,京甲屋,和食,,京都府,京都府京都市中京区甲屋町３９０,757085605.0,阪急烏丸駅,https://goo.gl/maps/BeiA3SsJF3hZ7MQT8,http://www.kyokabutoya.com/index.html,,,,京甲屋,2.0,False
2474.0,クチーナ ナトュラーレ エッフェ,ベジ・ヴィーガン,,京都府,京都府京都市下京区岩戸山町432,757086978.0,五条駅,https://goo.gl/maps/8xJ5U7qoftKr9Esx6,,,,,クチーナ ナトュラーレ エッフェ,2.0,False
2475.0,旨いもん酒場 イロドリ,,,京都府,京都府京都市下京区善長寺町1391F,757087338.0,,https://g.page/sakabairodori-kyotokarasuma?share,,,,,旨いもん酒場 イロドリ,2.0,False
2476.0,菜食庵パドマ,ベジ・ヴィーガン,,京都府,京都府京都市左京区下堤町82恵美須ビル二階平,757087707.0,神宮丸太町駅,https://goo.gl/maps/c2W7hsUCUCVGNafn9,,,,,菜食庵パドマ,2.0,False
2477.0,イタメシ Oliva,,,京都府,京都府京都市中京区下樵木町２０２−４−１先斗町たばこやビル3F,757088178.0,,https://g.page/itameshioliva?share,,,,,イタメシ Oliva,2.0,False
2478.0,QUE PASA （ケ･パサ【旧店名】パクチー&ブリトー）,カフェレストラン,,京都府,京都府京都市上京区上生洲町241,757088973.0,神宮丸太町駅,,,,,,QUE PASA,2.0,False
2479.0,ワールドコーヒー白川本店,,,京都府,京都府京都市左京区北白川久保田町１,757114151.0,,https://goo.gl/maps/3sPk3dX6mJzCkk7S8,,,,,ワールドコーヒー白川,2.0,False
2480.0,グリルにんじん,洋食,,京都府,京都府京都市左京区一乗寺出口町51－2,757117210.0,一乗寺駅,https://g.page/grillninjin?share,http://www.grill-ninjin.com/,https://twitter.com/grill_ninjin,https://www.instagram.com/grill_ninjin/,,グリルにんじん,2.0,False
2481.0,エヴァンタイユ,,,京都府,京都府京都市左京区岩倉西五田町1-2,757120750.0,,https://goo.gl/maps/zRwyojAaBDfFfCJw9,,,,,エヴァンタイユ,2.0,False
2482.0,ファラフェルガーデン,ベジ・ヴィーガン,,京都府,京都府京都市左京区田中上柳町15-2,757121856.0,出町柳駅,https://goo.gl/maps/QcVbauVq9SZ399VU9,,,,,ファラフェルガーデン,2.0,False
2483.0,Nature food village,ベジ・ヴィーガン,,京都府,京都府京都市左京区乗寺築田町95第一メゾン白川202,757123372.0,一乗寺駅,https://goo.gl/maps/kDPzeqFvPNGsc3XU9,,,,,Nature food village,2.0,False
2484.0,ピッツァフォールム,,,京都府,京都府京都市左京区下鴨北野々神町２４−２,757124955.0,,https://goo.gl/maps/q1YjeaLQEsJssLym8,,,,,ピッツァフォールム,2.0,False
2485.0,らぁ麺すぐる,ラーメン・つけ麺,ラーメン,京都府,京都府京都市左京区山端壱町田町８ー６,757216556.0,修学院,"https://maps.google.com/maps?ll=35.050568,135.792227&z=14&t=m&hl=ja&gl=US&mapclient=embed&q=%E3%80%92606-8007%20%E4%BA%AC%E9%83%BD%E5%BA%9C%E4%BA%AC%E9%83%BD%E5%B8%82%E5%B7%A6%E4%BA%AC%E5%8C%BA%E5%B1%B1%E7%AB%AF%E5%A3%B1%E7%94%BA%E7%94%B0%E7%94%BA%EF%BC%98%E2%88%92%EF%BC%96",,,,,らぁ麺すぐる,2.0,False
2486.0,南山本店,,,京都府,京都府京都市左京区下鴨北野々神町３１北山通ノートルダム小前,757224131.0,,https://goo.gl/maps/tBnNf2gZzEGyi7ZR6,,,,,南山,2.0,False
2487.0,グリル猫町,カフェレストラン,,京都府,京都府京都市左京区一乗寺築田町100-5,757228307.0,茶山駅,https://goo.gl/maps/M6RFLtjcEYXr9PWS9,,,https://instagram.com/grill_nekomachi/,,グリル猫町,2.0,False
2488.0,スペイン料理ティオペペ,,,京都府,京都府京都市左京区北白川久保田町５２,757243440.0,,https://goo.gl/maps/Pm9GcDqWVX2Y114G9,,,,,スペイン料理ティオペペ,2.0,False
2489.0,VIETNAM FRENCH XUAN-スアン-,,,京都府,京都府京都市左京区北白川久保田町５６−１,757416657.0,,https://goo.gl/maps/ZPGxFmqJCd6U2WkK7,,,,,VIETNAM FRENCH XUAN-スアン-,2.0,False
2490.0,CHINON -シノン-,,,京都府,京都府京都市中京区古城町３６９−３小川通り押小路通り北東角,757463035.0,,https://goo.gl/maps/rXDqA1hgUdpEDQWT9,,,,,CHINON -シノン-,2.0,False
2491.0,ワインとワショク　ツネオ,,,京都府,京都府京都市東山区富永町１２３花見会館107号室,757464977.0,,https://goo.gl/maps/KjJna2z4TeX8mRU58,,,,,ワインとワショク ツネオ,2.0,False
2492.0,祇園  滝,,,京都府,京都府京都市東山区祇園町南側５７０−１１,757466506.0,,https://goo.gl/maps/mX6UcMN1nUeh7f6Y9,,,,,祇園 滝,2.0,False
2493.0,○間-MA,,,京都府,京都府京都市南区西九条比永城町59−０,757486198.0,,https://g.page/ma-kyoto?share,,,,,○間-MA,2.0,False
2494.0,Asian chample foods goya,ベジ・ヴィーガン,,京都府,京都府京都市左京区浄土寺西田町114-6,757521158.0,東行駅,,,,,,Asian chample foods goya,2.0,False
2495.0,58DINER,ベジ・ヴィーガン,,京都府,京都府京都市左京区岡崎最勝寺町2-38,757521358.0,東山駅,https://g.page/58diner?share,,,,,58DINER,2.0,False
2496.0,レストラン ラ トゥール,,,京都府,京都府京都市左京区吉田本町京都大学時計台記念館内１F,757537623.0,,https://g.page/restaurant-la-tour?share,,,,,レストラン ラ トゥール,2.0,False
2497.0,ほるもん大五郎,,,京都府,京都府京都市東山区祇園町北側２５４−９,757548330.0,,https://goo.gl/maps/ajpzNk8gWDmRoGmq6,,,,,ほるもん大五郎,2.0,False
2499.0,CHOICE,ベジ・ヴィーガン,,京都府,京都府京都市東山区大橋町89-1鈴木形成外科ビル1F,757621233.0,三条京阪駅,https://goo.gl/maps/jYK4tem3dfBkB2RLA,,,,,CHOICE,2.0,False
2500.0,オ・タン・ペルデュ,フレンチ,,京都府,京都府京都市左京区岡崎円勝寺町６４−１パークハウス京都岡崎有楽荘1F,757621299.0,東山駅,https://goo.gl/maps/9iZN8SLETEs9evwi8,https://www.bellecour.co.jp/au%20temps%20perdu%20index.htm,,,,オ・タン・ペルデュ,2.0,False
2501.0,江戸京　本店,寿司,,京都府,京都府京都市東山区三条通大橋東入大橋町103高樹会館地下1F,757625355.0,三条京阪駅,https://goo.gl/maps/WjED5f4xgf9Wwkw1A,http://www.edokyo.com/,,,,江戸京,2.0,False
2502.0,瓢亭,和食,,京都府,京都府京都市左京区南禅寺草川町３５,757714116.0,蹴上駅,https://goo.gl/maps/XDmNFKY13DgiXPeS7,http://hyotei.co.jp/,,,,瓢亭,2.0,False
2503.0,晩boo 三条本店,,,京都府,京都府京都市東山区分木町６１,757715559.0,,https://goo.gl/maps/ywXtDdF3n8WHNLhHA,,,,,晩boo 三条,2.0,False
2504.0,吉田山荘,,,京都府,京都府京都市左京区吉田下大路町５９−１,757716125.0,,https://goo.gl/maps/gcLZzEkjyHhJ53P18,,,,,吉田山荘,2.0,False
2505.0,北山 ランタン,イタリアン,,京都府,京都府京都市北区上賀茂今井河原町10-68,757911551.0,北山駅,https://goo.gl/maps/krEjQy4BJzdaXZzw8,http://www.lantern-kyoto.com/,,https://www.instagram.com/kitayamalantern/?hl=ja,,北山 ランタン,2.0,False
2506.0,京都千丸しゃかりき本店,ラーメン・つけ麺,,京都府,京都府京都市中京区聚楽廻東町3-9,758135198.0,二条駅,https://maps.app.goo.gl/C7HQv1ZDPCfrm5Ab7,,,,,京都千丸しゃかりき,2.0,False
2507.0,西院のイタリアン M Salute 31（エムサルーテ）,,,京都府,京都府京都市中京区壬生仙念町26-2,758135199.0,,https://goo.gl/maps/suy5T64ixxTp4W7t6,,,,,西院のイタリアン M Salute 31,2.0,False
2508.0,スナックたぬき,,,京都府,京都府京都市中京区中京区壬生森町１,758212299.0,,https://goo.gl/maps/AVo2LmHs7otZczER6,,,,,スナックたぬき,2.0,False
2509.0,ビストロ＆ワインバー をりかみ,その他,,京都府,京都府京都市右京区西院西三蔵町１５−２北側2階アソシエビル,759256116.0,西院駅,https://goo.gl/maps/NNPiBWZh4Ae8i4k76,https://tabelog.com/kyoto/A2601/A260401/26029576/,,,,ビストロ＆ワインバー をりかみ,1.0,False
2510.0,幸の家,中華料理,,茨城県,茨城県つくばみらい市谷井田1379-1,297583973.0,みらい平駅,https://goo.gl/maps/GLY67xF7NqouyXvz8,,,,,幸の家,2.0,False
2511.0,桝屋,寿司,,石川県,石川県加賀市片山津温泉桜ヶ丘44-5,761748809.0,加賀温泉駅,https://goo.gl/maps/SH3h3dajGxjpGWsB7,,,https://instagram.com/osyokujidokoromasuya?igshid=1q5no19eblrgp,,桝屋,2.0,False
2512.0,The Godburger,ハンバーガー,,石川県,石川県金沢市香林坊２丁目１２−１０,762052925.0,金沢駅,https://goo.gl/maps/fZ7PuQhod9ND1ovdA,,,https://instagram.com/the_godburger?igshid=3fgtdn7ji2i4,,The Godburger,2.0,False
2513.0,日本酒真琴,居酒屋・ダイニングバー,,石川県,石川県金沢市東山1丁目5-3,762053800.0,金沢駅,https://goo.gl/maps/K3sS5qyt1d2DQ3gf8,https://m.facebook.com/nihonsyu.makoto/?locale2=ja_JP,,https://www.instagram.com/sake_makoto_kanazawa/?hl=ja,,日本酒真琴,2.0,False
2514.0,ハグ ミトン ワークス,カフェレストラン,,石川県,石川県金沢市駅西新町１丁目１−２９,762079096.0,金沢駅,https://goo.gl/maps/FTo8vy4JkiFEQNiH7,http://hug-works.com/,,https://instagram.com/hug3310?igshid=idecglf7gytx,,ハグ ミトン ワークス,2.0,False
2515.0,ウフフドーナチュ,カフェレストラン,,石川県,石川県金沢市久安２−４６３クレアールミカミ1F,762184062.0,金沢駅,https://goo.gl/maps/nvwqvKyFdH77EJNX9,https://ufufu-ufufu.com,,https://instagram.com/ufufudoughnuchu?igshid=1w0gpqi3ylbhr,,ウフフドーナチュ,2.0,False
2516.0,comer mar y montaña,スペイン料理,,石川県,石川県金沢市木倉町５−３,762212234.0,金沢駅,https://goo.gl/maps/KgxwrvMzRzHAhdan9,,,https://instagram.com/comer812?igshid=90ru5yx78vno,,comer mar y montaña,2.0,False
2517.0,ビストロひらみぱん,フレンチ,,石川県,石川県金沢市長町１丁目６−１１,762217831.0,金沢駅,https://goo.gl/maps/1a5M6ACb4NDXA9FR6,hiramipan.co.jp,https://twitter.com/u1_i,https://instagram.com/hiramipan?igshid=1wnf44lck4b0o,,ビストロひらみぱん,2.0,False
2518.0,FULL OF BEANS,喫茶店・カフェ,,石川県,石川県金沢市里見町４１−１,762223315.0,金沢駅,https://goo.gl/maps/5X9WenNS8DoyRcBN7,https://www.fullofbeans.jp/,,https://instagram.com/fullofbeans_info?igshid=tdh0kamu59ey,,FULL OF BEANS,2.0,False
2519.0,パンと焼き菓子の店COYA,カフェレストラン,,石川県,石川県金沢市尾山町１３−２,762225271.0,金沢駅,https://goo.gl/maps/BLDG7Ai4J6a6mv4G7,,,https://instagram.com/coya.ayaco?igshid=1j4j7t5gmnl4j,,パンと焼き菓子の店COYA,2.0,False
2520.0,福天,そば・うどん,,石川県,石川県金沢市兼六元町2-1,762227686.0,金沢駅,https://goo.gl/maps/Lx4zReLxBcpffjHD6,,,,,福天,2.0,False
2521.0,イタリアン カフェ・アルコ プレーゴ 金沢 店,イタリアン,,石川県,石川県金沢市片町１丁目３−２１通りプレーゴ,762237333.0,金沢駅,https://goo.gl/maps/iCZxuTdDvGugzUfh6,,,https://instagram.com/cafe.arco?igshid=1v2cuiwamitof,,イタリアン カフェ・アルコ プレーゴ 金沢,2.0,False
2523.0,ハム＆ゴー 香林坊アトリオ店,カフェレストラン,,石川県,石川県金沢市香林坊１丁目１−１アトリオB1階,762258018.0,金沢駅,https://goo.gl/maps/eXBESJ5m8Zsj2LMX8,http://www.omamesha.com/brands002.html,,https://instagram.com/humandgo?igshid=1m36o8i050vl4,,ハム＆ゴー,1.0,False
2524.0,レスピラシオン,スペイン料理,,石川県,石川県金沢市博労町６７,762258681.0,金沢駅,https://goo.gl/maps/jFqdJ5eGqyqDfBSU8,http://respiracion.jp/,,https://instagram.com/respiracion_japan?igshid=1jt401laahrh6,,レスピラシオン,2.0,False
2525.0,Necojaraci（ネコジャラシ）,イタリアン,,石川県,石川県金沢市保古３丁目１７０,762279199.0,金沢駅,https://goo.gl/maps/pqUphE3pgBf2gaYBA,http://necojaraci.com/,,https://instagram.com/necojaraci?igshid=1pw2k95tivpgq,,Necojaraci,2.0,False
2526.0,海月が雲になる日,タイ料理,,石川県,石川県金沢市長町2-6-5,762314674.0,金沢駅,https://goo.gl/maps/TEqSHbJNDc7a3DQr6,,,,,海月が雲になる日,2.0,False
2527.0,串だるま,焼き鳥,,石川県,石川県金沢市泉本町3-116,762471194.0,西金沢駅,https://goo.gl/maps/gsNdLMgE8p3KTcUv5,,,,,串だるま,2.0,False
2528.0,＆sand（アンドサンド）,カフェレストラン,,石川県,石川県金沢市新保本３丁目１０４,762494620.0,金沢駅,https://goo.gl/maps/hypBmE6aoobtYPEL9,http://andsand.dii.jp/,,https://instagram.com/and.sand___a?igshid=1nf0sg7ditw0a,,＆sand,1.0,False
2529.0,アジアごはんとおはぎ 善,アジア・エスニック,,石川県,石川県金沢市神宮寺２丁目１０−１１,762511060.0,金沢駅,https://goo.gl/maps/9TzrxFERB9Jc8NvC9,https://zen.jp.net/,,https://instagram.com/asiagohanzen?igshid=1qweksvkj8a5r,,アジアごはんとおはぎ 善,2.0,False
2530.0,NIKUO 中谷精肉店,焼肉,,石川県,石川県金沢市森山２丁目１−２５,762523624.0,金沢駅,https://goo.gl/maps/uTPiJ6TEKzuvs1x87,https://nikuo1950.shop-pro.jp/,,https://instagram.com/nikuo.n?igshid=16gazxdtfixvu,,NIKUO,2.0,False
2531.0,GOOD 4 LIFE 36 CAFE,カフェレストラン,,石川県,石川県金沢市駅西本町５丁目１−３６,762541516.0,金沢駅,https://goo.gl/maps/TKanDYU2yhuG14kp6,https://goodcoffee.me/coffeeshop/good4life-36cafe/,,https://instagram.com/good4life36sweets?igshid=e6yj6p8ia6az,,GOOD 4 LIFE 36 CAFE,2.0,False
2532.0,オノマトペ,カフェレストラン,,石川県,石川県金沢市鱗町１０９,762545435.0,金沢駅,https://goo.gl/maps/VvLJTXSbKtXTsLSt8,,,https://instagram.com/onomatopee920?igshid=36vuvo456pee,,オノマトペ,2.0,False
2533.0,MORON CAFE,カフェレストラン,,石川県,石川県金沢市長町２丁目４−３５1F,762545681.0,金沢駅,https://goo.gl/maps/D7Er5aMKrBN4b2J76,,,https://instagram.com/moron__cafe?igshid=dmwl4qifprby,,MORON CAFE,2.0,False
2534.0,9 Nove,イタリアン,,石川県,石川県金沢市香林坊２丁目１２−３４,762546612.0,金沢駅,https://goo.gl/maps/eBx4q4K7r5Sy4jri6,,,https://instagram.com/nove__9?igshid=iiq6c5zioz60,,9 Nove,2.0,False
2535.0,HUM&Go# 橋場町スタンド,カフェレストラン,,石川県,石川県金沢市橋場町３,762550207.0,金沢駅,https://goo.gl/maps/XD8GTham357P7eRq9,http://www.omamesha.com/brands002.html,,https://instagram.com/humandgo?igshid=1m36o8i050vl5,,HUM&Go# 橋場町スタンド,2.0,False
2536.0,ＭＯＧＵＲＡＫＩＴＣＨＥＮ,イタリアン,,石川県,石川県金沢市浅野本町１丁目１５−２１,762552821.0,金沢駅,https://goo.gl/maps/DQFBmbmGrT91PPuJA,,,https://instagram.com/mogurakitchen?igshid=15d3pf8rmfgcv,,ＭＯＧＵＲＡＫＩＴＣＨＥＮ,1.0,False
2537.0,Bitte（ビッテ）,喫茶店・カフェ,,石川県,石川県金沢市大豆田本町甲２６１−５,762553637.0,金沢駅,https://goo.gl/maps/STm8bnCcTB7oTPiCA,,,https://instagram.com/bitte_mameda?igshid=9uai0w9sx3u1,,Bitte,2.0,False
2538.0,CAFE DUMBO,カフェレストラン,,石川県,石川県金沢市香林坊２丁目１１−６,762556966.0,金沢駅,https://goo.gl/maps/WJj8QkDjNVWbKfMo8,https://cafedumbo.tumblr.com/,,https://instagram.com/cafe_dumbo?igshid=1nzm0wcxdodtu,,CAFE DUMBO,2.0,False
2539.0,HUM&Go coffee and stock 野々市,カフェレストラン,,石川県,石川県野々市市住吉町１４−５６,762563386.0,金沢駅,https://goo.gl/maps/mgTyS5sDELstW4oV8,http://www.omamesha.com/brands002.html,,https://instagram.com/humandgo?igshid=1m36o8i050vl6,,HUM&Go coffee and stock 野々市,2.0,False
2540.0,PLAT HOME Kanazawa Kitchen,創作料理・無国籍料理,,石川県,石川県金沢市彦三町１丁目３−４,762565075.0,金沢駅,https://goo.gl/maps/3g4BPGbsoprrTgwj8,,,https://instagram.com/plat_home?igshid=hf06gn0fip99,,PLAT HOME Kanazawa Kitchen,2.0,False
2541.0,酒トめし 可寸 -kazun-,居酒屋・ダイニングバー,,石川県,石川県金沢市袋町４−２８,762565784.0,金沢駅,https://goo.gl/maps/LPQusur6zkA5TyA27,,,https://instagram.com/saketomeshi_kazun?igshid=cjw6t1dedegu,,酒トめし 可寸 -kazun-,2.0,False
2542.0,bistro YUIGA,フレンチ,,石川県,石川県金沢市水溜町４−１,762616122.0,金沢駅,https://goo.gl/maps/LEdvVij1YDhkrPY9A,,,https://instagram.com/kiyomi47?igshid=1szddylisfzj9,,bistro YUIGA,2.0,False
2543.0,アシルワード,カレー,,石川県,石川県金沢市長町１丁目４−５９,762622170.0,金沢駅,https://goo.gl/maps/TmfsiNcz3d56H8cE7,,,https://instagram.com/aashirwad.kanazawa?igshid=vnmphvanfs5s,,アシルワード,2.0,False
2544.0,ロ麺ズ,ラーメン・つけ麺,ラーメン,石川県,石川県金沢市西念4-7-1中央卸売市場前飲食通り,762641144.0,上諸江,"https://maps.google.com/maps?ll=36.591459,136.641576&z=14&t=m&hl=ja&gl=US&mapclient=embed&cid=6841746083611724114",,,,,ロ麺ズ,2.0,False
2545.0,MAKIHARA cave à manger,フレンチ,,石川県,石川県金沢市片町１丁目１−２１,762995125.0,金沢駅,https://goo.gl/maps/TbvUv6psx57Mgo459,,,https://instagram.com/makihara_cave_a_manger?igshid=11wvf4wsjhd20,,MAKIHARA cave à manger,2.0,False
2546.0,MONET sandwichherie artisanal,カフェレストラン,,石川県,石川県金沢市新竪町３−４８−１,762995449.0,金沢駅,https://goo.gl/maps/YCsnsNyrR31zr1pQ9,,,https://instagram.com/monet_sandwich?igshid=11zap406s2iku,,MONET sandwichherie artisanal,2.0,False
2547.0,はな牛,焼肉,,富山県,富山県南砺市松原新1838-4,763228790.0,福野駅,https://g.page/hanagyu?share,,,https://www.instagram.com/hanagyu.fukuno/?hl=ja,,はな牛,2.0,False
2548.0,茶舎 野うさぎ,喫茶店・カフェ,,富山県,富山県南砺市福光6605-3,763585315.0,福光駅,https://goo.gl/maps/Gmgrh8qn2i2jZnsi9,https://r.goope.jp/nousagi,,https://www.instagram.com/nousagi_chaya/?hl=ja,,茶舎 野うさぎ,2.0,False
2549.0,自由ELE (ジュエル),焼肉,,富山県,富山県南砺市やかた174,763889112.0,福野駅,https://goo.gl/maps/Gs2pzwqQxunsXqAf6,https://tabelog.com/toyama/A1605/A160502/16008760/,,,,自由ELE,2.0,False
2550.0,caféトワイエ,カフェレストラン,,富山県,富山県富山市下大久保1995-1,764008615.0,東八尾駅,https://goo.gl/maps/EDNqvxx7oTdDaE6t9,https://cafetoi-ie.wixsite.com/toyama,,https://www.instagram.com/cafetoi_ie/?hl=ja,,caféトワイエ,2.0,False
2551.0,麺屋つくし,ラーメン・つけ麺,ラーメン,富山県,富山県富山市太郎丸本町３丁目１０−１,764232941.0,小泉町,"https://maps.google.com/maps?ll=36.674744,137.211594&z=14&t=m&hl=ja&gl=US&mapclient=embed&q=%E3%80%92939-8272%20%E5%AF%8C%E5%B1%B1%E7%9C%8C%E5%AF%8C%E5%B1%B1%E5%B8%82%E5%A4%AA%E9%83%8E%E4%B8%B8%E6%9C%AC%E7%94%BA%EF%BC%93%E4%B8%81%E7%9B%AE%EF%BC%91%EF%BC%90%E2%88%92%EF%BC%91",,,,,麺屋つくし,2.0,False
2552.0,海老幸てんてん亭,和食,,富山県,富山県富山市布瀬本町13-6,764235454.0,安野屋駅,https://goo.gl/maps/bQydQjAvpGdm8j269,,,https://instagram.com/tenten_tei/?hl=ja,,海老幸てんてん亭,2.0,False
2553.0,ビストロ割烹つちだ,洋食,,富山県,富山県富山市西町9-6,764242556.0,富山駅,https://goo.gl/maps/bYp3BwVHhAsmjUzN8,,,,,ビストロ割烹つちだ,2.0,False
2554.0,ジャパマラ,タイ料理,,富山県,富山県富山市荒町6-2,764257488.0,富山駅,https://goo.gl/maps/c3kHKYQeu5kfmEG19,http://www.japamala.jp/,,,,ジャパマラ,2.0,False
2555.0,串揚げ勝,居酒屋・ダイニングバー,,富山県,富山県富山市中央通り1-1-20,764262878.0,富山駅,https://goo.gl/maps/6ASq8YKHe8Yuu2X7A,,,,,串揚げ勝,2.0,False
2556.0,とんかつや栃谷,定食・食堂,,富山県,富山県富山市栃谷226-1,764344838.0,呉羽駅,https://maps.app.goo.gl/i4ppNnNU1zvtA7yA9,https://tonkatsu-restaurant-46.business.site/,,,,とんかつや栃谷,2.0,False
2557.0,コーヒーハウス 道,カフェレストラン,,富山県,富山県富山市城川原3-3-1,764380467.0,東富山駅,https://goo.gl/maps/6hghc1AMkb1TAsMX9,,,,,コーヒーハウス 道,2.0,False
2558.0,個室居酒屋 てば壱 富山駅前店,居酒屋・ダイニングバー,,富山県,富山県富山市新富町２丁目４−３3F4F,764391129.0,,https://g.page/tebaichi?share,,,,,個室居酒屋 てば壱,2.0,False
2559.0,イタリアンバル Viva 富山駅前店,イタリアン,,富山県,富山県富山市桜町1-5-20　アパヴィラホテル1F,764414577.0,富山駅,https://goo.gl/maps/HTFyznouWV6JAxd49,http://viva.favy.jp/menus/group5,,,,イタリアンバル Viva,2.0,False
2560.0,アオゾラ,ワインバー,,富山県,富山県富山市内幸町2-10,764423331.0,富山駅,https://goo.gl/maps/mB4V1g5JMQpJTBev6,,,https://instagram.com/aozora.toyama/?hl=ja,,アオゾラ,2.0,False
2561.0,hammock cafe Amaca,カフェレストラン,,富山県,富山県滑川市瀬羽町1882-1,764565615.0,中滑川駅,https://goo.gl/maps/Sgm1hdXSjCgKypdd7,,,https://instagram.com/hammockcafe_amaca/?hl=ja,,hammock cafe Amaca,2.0,False
2562.0,ほし乃,ステーキ・ハンバーグ,,富山県,富山県富山市堤町通り1-1-13,764603694.0,電鉄富山駅,https://goo.gl/maps/kZk5TchABBvCHdfE7,,,https://instagram.com/hoshino_steak/?hl=ja,,ほし乃,2.0,False
2563.0,SHOGUN BURGER,ハンバーガー,,富山県,富山県富山市総曲輪3-3-21,764613929.0,荒町駅,https://goo.gl/maps/Nx5c4GtDXNiTG4pm6,http://shogun-burger.com/,,https://instagram.com/shogunburger_toyama/?hl=ja,,SHOGUN BURGER,2.0,False
2564.0,アオヤギ食堂,カレー,,富山県,富山県富山市荒町5-4寺島ビルⅡ1F,764613933.0,富山駅,https://g.page/aoyagisyokudou?share,https://aoyagihappy.wixsite.com/aoyagi-syokudou,,https://instagram.com/aoyagi.syokudou/,,アオヤギ食堂,2.0,False
2565.0,TRATTORIA サッチ,イタリアン,,富山県,富山県富山市二俣446-1,764615277.0,南富山駅,https://maps.app.goo.gl/hhexH1efV7T14Q5A8,,,https://www.instagram.com/trattoria_sacchi/,,TRATTORIA サッチ,2.0,False
2566.0,シャルマ婦中店　インドダイニング,カレー,,富山県,富山県富山市婦中町下轡田451-2,764616673.0,,https://goo.gl/maps/2PBuJLyMGYYkABUi9,https://sharma-shop.com/,,https://www.instagram.com/sharma_fuchu/?hl=ja,,シャルマ婦中店 インドダイニング,2.0,False
2567.0,コアントロ,カフェレストラン,,富山県,富山県富山市上大久保1081−2,764675537.0,東八尾駅,https://goo.gl/maps/tu7BwHTBhJMgi7KW7,,,https://www.instagram.com/cointreau_2009/?hl=ja,,コアントロ,2.0,False
2568.0,煮込みと惣菜の店 ぺんぎん食堂,和食,,富山県,富山県富山市安田町1-101F,764715155.0,富山駅駅,https://goo.gl/maps/Y39LwaJ4xBp7ayRK6,,,https://instagram.com/penguinshokudo_toyama/,,煮込みと惣菜の店 ぺんぎん食堂,1.0,False
2569.0,オステリア佐藤,イタリアン,,富山県,富山県富山市総曲輪1丁目8-1,764715644.0,富山駅,https://goo.gl/maps/4ui1gVwT7wQJ6xgY6,,,https://www.instagram.com/osteria310/?hl=ja,,オステリア佐藤,2.0,False
2570.0,D&DEPARTMENT TOYAMA,カフェレストラン,,富山県,富山県富山市新総曲輪4-18　富山県民会館1F,764717791.0,富山駅,https://goo.gl/maps/E3pDhami2rcuvNdv7,https://www.d-department.com/ext/shop/toyama.html,,https://www.instagram.com/d_d_toyama/,,D&DEPARTMENT TOYAMA,2.0,False
2571.0,つる木,和食,,富山県,富山県富山市丸の内1丁目3-31F,764718638.0,富山駅,https://goo.gl/maps/tJjwaixbuG8mpJQd8,,,,,つる木,1.0,False
2572.0,Cafe Restaurant ruscello,カフェレストラン,,富山県,富山県富山市桜木町3-11,764718971.0,富山駅,https://goo.gl/maps/n8U49psXxXbbEnfw9,,,,,Cafe Restaurant ruscello,2.0,False
2573.0,マルミットアンサン,居酒屋・ダイニングバー,,富山県,富山県滑川市坪川98-1,764753355.0,滑川駅,https://goo.gl/maps/DMmimkkmickwRbwMA,https://ameblo.jp/marmiteansan/,,https://www.instagram.com/marmite_ansan/?hl=ja,,マルミットアンサン,2.0,False
2574.0,１９cafe（いっきゅうカフェ）,カフェレストラン,,富山県,富山県滑川市沖田新538,764755019.0,西滑川駅,https://goo.gl/maps/FmaqdriPTaiFVpXw8,,,https://www.instagram.com/19cafe.namerikawa/?hl=ja,,１９cafe,1.0,False
2575.0,パノラマレストラン光彩,カフェレストラン,,富山県,富山県滑川市中川原410,764761370.0,滑川駅,https://goo.gl/maps/rdkN1xaPbXsauTFv8,https://hotaruikamuseum.com/restaurant,,https://www.instagram.com/kousai_panorama/?hl=ja,,パノラマレストラン光彩,2.0,False
2576.0,トラットリア ニャムニャム,イタリアン,,富山県,富山県富山市開2054-40,764816731.0,東新庄駅,https://goo.gl/maps/vqZZriLJJGZFLqoy7,https://www.gnam.jp/,,,,トラットリア ニャムニャム,2.0,False
2577.0,旬彩 ごちそう,和食,,富山県,富山県富山市掛尾町502-3,764822228.0,朝菜町駅,https://goo.gl/maps/mo12ovCfD9agLcaY7,,,https://www.instagram.com/p/B-lrIPOAOBE/,,旬彩 ごちそう,2.0,False
2578.0,かふぇにこ,カフェレストラン,,富山県,富山県中新川郡立山町利田1980-24,764822725.0,田添駅,https://goo.gl/maps/8tTykXZnAtJraPqD7,http://cafenico.tokyo/cafenico/,,https://instagram.com/cafenico0/,,かふぇにこ,2.0,False
2579.0,とみや TOMIYA obento&cafe,カフェレストラン,,富山県,富山県滑川市常盤町16-1,764823379.0,滑川駅,https://goo.gl/maps/dP57MVEYqm7DkdKz8,https://gluseller.com/lp/tomiya,,https://www.instagram.com/p/B-8LNjKgB_b/,,とみや TOMIYA obento&cafe,2.0,False
2580.0,富山市呉羽の季節パフェと手作りデザート Cafe Socio,カフェレストラン,,富山県,富山県富山市本郷2444,764823431.0,呉羽駅,https://goo.gl/maps/YGwKinsRjmAe1xCk9,https://cafe-socio.business.site/,,,,富山市呉羽の季節パフェと手作りデザート Cafe Socio,2.0,False
2581.0,ケンタロウ,イタリアン,,富山県,富山県富山市堀川小泉町1-7-2,764825525.0,大泉駅,https://goo.gl/maps/6UF69yR5BE6bfuZr6,,,,,ケンタロウ,2.0,False
2582.0,東雲,イタリアン,,富山県,富山県富山市総曲輪2丁目3-2メリー荒町ビル1F,764825803.0,富山駅,https://g.page/yosyoku-shinonome?share,,,https://instagram.com/shinonome888/,,東雲,2.0,False
2583.0,ことの葉,カフェレストラン,,富山県,富山県富山市布瀬町南2-1-2,764910515.0,婦中鵜坂駅,https://goo.gl/maps/7HF7jkMQdsCqkVeE7,,,https://instagram.com/kotonoha.toyama/?hl=ja,,ことの葉,2.0,False
2584.0,スズキーマ,カレー,,富山県,富山県富山市西町6-4,764912184.0,西町駅,https://goo.gl/maps/rsa6cgw4nqun531k8,,,https://instagram.com/szkeema/,,スズキーマ,2.0,False
2585.0,フィオーレ　ディ　ファリーナ,イタリアン,,富山県,富山県富山市新根塚町1-1-52,764915855.0,富山駅,https://goo.gl/maps/V7FtC72hHmDycJZT6,https://fioredifarina.jimdofree.com/,https://twitter.com/farina_fiore,,,フィオーレ ディ ファリーナ,2.0,False
2586.0,食堂MARUKO,和食,,富山県,富山県富山市下堀41-7,764949099.0,朝菜町駅,https://goo.gl/maps/HErDcWTvu6hHAUp48,,,https://instagram.com/kitchen_maruko/,,食堂MARUKO,2.0,False
2587.0,イタリア食堂デルフィーノ,イタリアン,,富山県,富山県魚津市青島１1073-2,765221970.0,経田駅,https://g.page/delphino2006?share,,,https://instagram.com/trattoria_pizzeria_delphino/,,イタリア食堂デルフィーノ,2.0,False
2588.0,海風亭,居酒屋・ダイニングバー,,富山県,富山県魚津市釈迦堂大字1-13-5,765227303.0,魚津駅,https://goo.gl/maps/FZwM8D939WGqiAV5A,,,,,海風亭,2.0,False
2589.0,もつ鍋•焼き肉 円笑,鍋料理,,富山県,富山県魚津市駅前新町５−３０魚津サンプラザ2F,765228133.0,,https://goo.gl/maps/bP1BxspEGXECX26u9,,,,,もつ鍋•焼き肉 円笑,2.0,False
2590.0,わび助,居酒屋・ダイニングバー,,富山県,富山県魚津市新金屋2丁目10-13,765228433.0,魚津駅,https://goo.gl/maps/8SHygCswrNCwRSgn6,,,https://www.instagram.com/koryori.wabisuke/?hl=ja,,わび助,2.0,False
2591.0,花いちもんめ,居酒屋・ダイニングバー,,富山県,富山県魚津市釈迦堂1-13-20,765230363.0,魚津駅,https://goo.gl/maps/hV15pkB8xJTs5AYc8,,,https://www.instagram.com/hanaichimonme_uozu/,,花いちもんめ,2.0,False
2592.0,和の膳 うらら,和食,,富山県,富山県魚津市駅前新町10-15,765241691.0,魚津駅,https://goo.gl/maps/esiuMBAPYE21RyiZA,,,https://www.instagram.com/p/B_lz5OyFmd6/,,和の膳 うらら,2.0,False
2593.0,とんかつや,和食,,富山県,富山県魚津市新宿4-15,765248000.0,電鉄魚津駅,https://goo.gl/maps/MyCTU4DSDC2yrjSP6,,,,,とんかつや,2.0,False
2594.0,アイリーハウス,その他,アイスクリーム,富山県,富山県黒部市新牧野105桜井ビル1F,765323120.0,電鉄黒部駅,https://goo.gl/maps/5QHtvYfPVfjYFQnXA,,,https://instagram.com/irie_house/,,アイリーハウス,2.0,False
2595.0,ライオン,焼肉,,富山県,富山県黒部市堀高147-1,765324229.0,電鉄黒部駅,https://goo.gl/maps/3dw9k8qEy2rtWENw5,,,https://www.instagram.com/yakiniku_lion/?hl=ja,,ライオン,2.0,False
2597.0,メシと喫茶 八角 (ハチカク),カフェレストラン,,富山県,富山県黒部市宮野723-3,765325890.0,黒部宇奈月温泉駅,https://goo.gl/maps/n8a7Bbnj7pfVGmm36,,,https://instagram.com/hachikaku8/?hl=ja,,メシと喫茶 八角,2.0,False
2599.0,吉今日,居酒屋・ダイニングバー,,富山県,富山県黒部市三日市3018,765540348.0,東三日市駅,https://goo.gl/maps/35pbgFU8DJHUNLUa9,,,https://www.instagram.com/kikkyo.ichifuji/,,吉今日,2.0,False
2600.0,さが,居酒屋・ダイニングバー,,富山県,富山県黒部市新牧野361,765544051.0,東三日市駅,https://goo.gl/maps/WpbuhcSdS2dnWtrKA,,,https://www.instagram.com/kappou_saga/?hl=ja,,さが,2.0,False
2601.0,惣菜barカタコト屋,カフェレストラン,,富山県,富山県黒部市三日市807-6,765544597.0,電鉄黒部駅,https://maps.app.goo.gl/i5Yb7W3EVQHLSt5N7,http://kurobeill.blog114.fc2.com/,,https://www.instagram.com/katacotoya/?hl=ja,,惣菜barカタコト屋,2.0,False
2602.0,藍菜坊,中華料理,,富山県,富山県黒部市天神新353-1,765545022.0,黒部駅,https://goo.gl/maps/jfHaP2P16WwdtEZR9,,,https://instagram.com/aisaibou/,,藍菜坊,2.0,False
2603.0,酒菜 八十神,和食,,富山県,富山県黒部市三日市3125-1,765568015.0,電鉄黒部駅,https://goo.gl/maps/uMrTQt1wurmzo8iH7,https://kurobe.mypl.net/shop/00000303213/,,https://instagram.com/yasojin_kurobe/,,酒菜 八十神,2.0,False
2604.0,よりみち,居酒屋・ダイニングバー,,富山県,富山県黒部市飯沢805-2,765570539.0,生地駅,https://goo.gl/maps/8fs2MHMz4esKXox29,,,https://www.instagram.com/yorimichi_kurobe/?hl=ja,,よりみち,2.0,False
2605.0,炙り酒場 花朝月夕（かちょうげっせき）,和食,,富山県,富山県黒部市1219-1,765570771.0,電鉄黒部駅,https://g.page/kachogetsuseki?share,,,https://instagram.com/tatushinagashima/,,炙り酒場 花朝月夕,2.0,False
2606.0,ＡＲＣＯ,イタリアン,,富山県,富山県黒部市中新171,765571910.0,電鉄黒部駅,https://goo.gl/maps/UhcZ8AJL3uhuyLdGA,http://www.kurobe-arco.com/,,https://www.instagram.com/fantasia_di_arco/?hl=ja,,ＡＲＣＯ,1.0,False
2607.0,モルトボーノ マハロ黒部店,イタリアン,,富山県,富山県黒部市石田6781-3,765573900.0,電鉄石田駅,https://goo.gl/maps/xRrZuCrDxBvRb49LA,https://moltobuonomahalo.gorp.jp/,,https://www.instagram.com/morutobuono_mahalo/?hl=ja,,モルトボーノ,2.0,False
2608.0,TREE（ツリー）,カフェレストラン,,富山県,富山県下新川郡入善町入膳5232-5うるおい館,765741068.0,入善駅,https://goo.gl/maps/TaYQ3SjssDnp2GA88,,,https://www.instagram.com/tree.toyama/?hl=ja,,TREE,2.0,False
2609.0,pizza tetto,ピザ,,富山県,富山県黒部市立野113-1,765889051.0,黒部駅,https://goo.gl/maps/mVsZX3JAudgyZkMX7,,,https://instagram.com/pizza_tetto/,,pizza tetto,2.0,False
2610.0,鉄木真本店,焼肉,,富山県,富山県高岡市桐木町31,766231630.0,高岡駅,https://goo.gl/maps/tKj56rqq9yFLXNjL9,,,https://instagram.com/temujin_yakiniku/?hl=ja,,鉄木真,2.0,False
2611.0,ポンタッチョ,ワインバー,,富山県,富山県高岡市末広町7-19,766245500.0,高岡駅,https://goo.gl/maps/JsSjNgbWzZhJF7pNA,,,https://instagram.com/pontccio/,,ポンタッチョ,2.0,False
2612.0,居酒屋たかまさ,居酒屋・ダイニングバー,,富山県,富山県高岡市末広町42,766245745.0,高岡駅,https://goo.gl/maps/XmdJnW3EzCsj2V2FA,http://www.izakaya-takamasa.com/,,https://www.instagram.com/p/B_GV4i-AfOE/,,居酒屋たかまさ,2.0,False
2613.0,元祖松阪牛ホルモン 脇田屋,焼肉,,富山県,富山県高岡市佐野1309-2,766261129.0,新高岡駅,https://g.page/wakitaya-takaoka?share,https://takaoka.mypl.net/article/takeout_takaoka/37271,,,,元祖松阪牛ホルモン 脇田屋,2.0,False
2614.0,doria cafe Doriarivo(ドリアカフェ ドリアリーボ),洋食,,富山県,富山県高岡市赤祖父601,766540029.0,新高岡駅,https://goo.gl/maps/r2WNRinBU8ekBkN86,http://www.doriarivo.com/,,https://www.instagram.com/doriarivo/?hl=ja,,doria cafe Doriarivo,2.0,False
2615.0,洋食よもぎ坂,洋食,,富山県,富山県小矢部市綾子540,766540401.0,石動駅,https://goo.gl/maps/GFMYfeTLJfr2Skjj8,,,https://www.instagram.com/yomogi_zaka/?hl=ja,,洋食よもぎ坂,2.0,False
2616.0,MESO,カフェレストラン,,富山県,富山県射水市三ケ3275-3サンシャイン小杉103,766555524.0,小杉駅,https://g.page/cafemeso?share,http://meso-meso.com/meso/,,https://instagram.com/cafemeso/,,MESO,2.0,False
2617.0,KHEIR（ケイル）,カフェレストラン,,富山県,富山県高岡市蓮花寺743-1,766737773.0,高岡駅,https://goo.gl/maps/DD5HZ2F8xcvJM9m26,,,,,KHEIR,2.0,False
2618.0,イタリアンキッチンオリーブ,イタリアン,,富山県,富山県氷見市十二町301-1,766745345.0,氷見駅,https://goo.gl/maps/DFF9e417X4DACNVv9,https://himi-olive.com/,,https://www.instagram.com/olive_himi/,,イタリアンキッチンオリーブ,2.0,False
2619.0,シーサイドハウスボルカノ,カフェレストラン,,富山県,富山県氷見市柳田3583氷見市海浜植物園4F,766910770.0,島尾駅,https://goo.gl/maps/SteucCr9nX2pmg8VA,https://www.instagram.com/volcano_himi/,,https://instagram.com/volcano_himi/,,シーサイドハウスボルカノ,2.0,False
2620.0,高倉町珈琲 高岡店,喫茶店・カフェ,,富山県,富山県高岡市扇町1-1-43,766923717.0,高岡駅,https://goo.gl/maps/MwLA4zfDrmMR3icd7,https://takakuramachi-hokuriku.jp/,,,,高倉町珈琲,2.0,False
2621.0,香林,中華料理,,石川県,石川県鳳珠郡穴水町字字川島68-1,768521777.0,穴水駅,https://goo.gl/maps/kzWfdcN4SwKqLzcr9,https://tabelog.com/ishikawa/A1704/A170403/17001641/,,,,香林,2.0,False
2622.0,ブルーライトヨコヤマ,イタリアン,,福井県,福井県大飯郡高浜町和田118-30-1カミヤビル1F,770728180.0,若狭和田駅,https://goo.gl/maps/99SkYqTTSVnhkUVB9,,,https://instagram.com/blue.light.yokoyama/?igshid=1bqro49rna1bb,,ブルーライトヨコヤマ,2.0,False
2623.0,御料理 とく涛,和食,,京都府,京都府亀岡市篠町柏原上小井根13-6,771257300.0,亀岡駅,https://maps.app.goo.gl/2XRT63RguTzrmcPa9,http://www.tokunami.com/,,,,御料理 とく涛,2.0,False
2624.0,京・宇治 抹茶料理 辰巳屋,,,京都府,京都府宇治市宇治塔川３−７,774213131.0,,https://g.page/uji-tatsumiya?share,,,,,京・宇治 抹茶料理 辰巳屋,2.0,False
2625.0,平等院表参道　竹林,,,京都府,京都府宇治市宇治蓮華21,774217039.0,,https://goo.gl/maps/MUMbVWdqN3hZrTd88,,,,,平等院表参道 竹林,2.0,False
2626.0,食堂 山小屋,ベジ・ヴィーガン,,京都府,京都府宇治市宇治妙楽144,774256889.0,宇治駅,https://goo.gl/maps/kULxF9iZmL9hWwBJ9,,,,,食堂 山小屋,2.0,False
2627.0,麺屋 たけ井,ラーメン・つけ麺,つけ麺,京都府,京都府城陽市観音堂甲田48-2,774550900.0,長池,"https://maps.google.com/maps?ll=34.841768,135.79239&z=14&t=m&hl=ja&gl=US&mapclient=embed&q=%E3%80%92610-0115%20%E4%BA%AC%E9%83%BD%E5%BA%9C%E5%9F%8E%E9%99%BD%E5%B8%82%E8%A6%B3%E9%9F%B3%E5%A0%82%E7%94%B2%E7%94%B0%EF%BC%94%EF%BC%98%E2%88%92%EF%BC%92",,,,,麺屋 たけ井,2.0,False
2628.0,無鉄砲,ラーメン・つけ麺,ラーメン,京都府,京都府木津川市梅谷髯谷15-3,774739060.0,木津,"https://maps.google.com/maps?ll=34.72411,135.851953&z=12&t=m&hl=ja&gl=US&mapclient=embed&q=%E3%80%92619-0212%20%E4%BA%AC%E9%83%BD%E5%BA%9C%E6%9C%A8%E6%B4%A5%E5%B7%9D%E5%B8%82%E6%A2%85%E8%B0%B7%E9%AB%AF%E8%B0%B7%EF%BC%91%EF%BC%95%E2%88%92%EF%BC%93",,,,,無鉄砲,2.0,False
2629.0,近江牛と近江野菜 漣 GRILL SAZANAMI,ステーキ・ハンバーグ,,滋賀県,滋賀県大津市馬場1-14-18アークスビル1-c,775248660.0,膳所駅,https://maps.app.goo.gl/Qo5mHgKhA1ADFxPv5,https://www.grill-sazanami.jp/,,https://instagram.com/grillsazanami/,,近江牛と近江野菜 漣 GRILL SAZANAMI,2.0,False
2630.0,博多とんこつ真咲雄（まさお）,ラーメン・つけ麺,ラーメン,滋賀県,滋賀県草津市穴村町２５０−６,775323476.0,草津,"https://maps.google.com/maps?ll=35.041698,135.967634&z=12&t=m&hl=ja&gl=US&mapclient=embed&q=%E3%80%92525-0012%20%E6%BB%8B%E8%B3%80%E7%9C%8C%E8%8D%89%E6%B4%A5%E5%B8%82%E7%A9%B4%E6%9D%91%E7%94%BA%EF%BC%92%EF%BC%95%EF%BC%90%E2%88%92%EF%BC%96",,,,,博多とんこつ真咲雄,2.0,False
2631.0,ぎゃれ楽坐,居酒屋・ダイニングバー,,滋賀県,滋賀県大津市大萱1-17-21マツダビル1階,775444411.0,瀬田駅,https://g.page/Gyaregyare?share,https://www.google.com/amp/s/r.gnavi.co.jp/amp/k400100/,https://twitter.com/ninomarurakuza,https://instagram.com/p/B-oYBxRHxOs/?igshid=x4227tl0d51y,,ぎゃれ楽坐,2.0,False
2632.0,近江熟成醤油ラーメン　十二分屋,ラーメン・つけ麺,ラーメン,滋賀県,滋賀県草津市追分南４丁目５ー７,775981100.0,南草津,"https://www.google.com/maps/place/%E6%97%A5%E6%9C%AC%E3%80%81%E3%80%92525-0048+%E6%BB%8B%E8%B3%80%E7%9C%8C%E8%8D%89%E6%B4%A5%E5%B8%82%E8%BF%BD%E5%88%86%E5%8D%97%EF%BC%94%E4%B8%81%E7%9B%AE%EF%BC%95%E2%88%92%EF%BC%97/@34.9981153,135.951876,15z/data=!4m5!3m4!1s0x60016df3824e288b:0x41661cb9743a5118!8m2!3d34.9974829!4d135.9635915?hl=ja",,,,,近江熟成醤油ラーメン 十二分屋,2.0,False
2633.0,マクロビオティック・カフェ  ju-tou,カフェレストラン,,茨城県,茨城県取手市井野1丁目7-10３F,297721238.0,取手駅,https://goo.gl/maps/9bJavcZNJmMCKmfQ6,https://jutou.exblog.jp/,,,,マクロビオティック・カフェ ju-tou,2.0,False
2634.0,旬菜ダイニングバーveggies,ベジ・ヴィーガン,,福井県,福井県福井市二の宮4丁目4-4,776979884.0,日華化学前駅,https://g.page/fukui-veggies?share,https://bar-veggies.com/,,https://instagram.com/bar_veggies/,,旬菜ダイニングバーveggies,2.0,False
2635.0,うえ山,居酒屋・ダイニングバー,,兵庫県,兵庫県神戸市中央区中山手通2丁目12-10,782418255.0,三宮駅,https://goo.gl/maps/MG1WsRuTgfthk5qF9,http://www.ueyama-kobe.com,,,,うえ山,2.0,False
2636.0,アジアンダイニング＆バーSITA 学芸大学店,カレー,,東京都,東京都目黒区鷹番2-5-20,367122771.0,学芸大学駅,https://goo.gl/maps/AAytLNS4EM1K5uK3A,,,,,アジアンダイニング＆バーSITA,1.0,False
2637.0,酒商熊澤2F,和食,貝料理と鍋,兵庫県,兵庫県神戸市中央区北長狭通４丁目４−１５２F,783330078.0,元町,https://goo.gl/maps/zGTkdNeV9USCmMtUA,http://kumazawa-kobe.jp/,,,,酒商熊澤2F,2.0,False
2638.0,ステーキハウス縁,ステーキ・ハンバーグ,ステーキハウス,兵庫県,兵庫県神戸市中央区明石町31-1,783338125.0,元町駅,https://goo.gl/maps/SB8W4287kofSf38h8,http://www.steak-en.com,,,,ステーキハウス縁,2.0,False
2639.0,WINE STAND caprino,ワインバー,,兵庫県,兵庫県神戸市中央区北長狭通3丁目2-14,783356546.0,元町駅,https://goo.gl/maps/kD2hJVerVDGxBacE6,,,https://instagram.com/caprino1022?igshid=rv66plsy3ll3,,WINE STAND caprino,2.0,False
2640.0,バルストロキッチン,イタリアン,,兵庫県,兵庫県神戸市中央区北長狭通2-4-8ライビル3階,783912773.0,三宮駅,https://goo.gl/maps/SEeWRgsXkmb1TFNM6,https://www.facebook.com/barstrokitchen/,,https://instagram.com/barstrokitchen/?hl=ja,,バルストロキッチン,2.0,False
2641.0,神戸とんぼ,和食,,兵庫県,兵庫県神戸市中央区古湊通1-2-25ライオンズマンション神戸101,785156762.0,神戸駅,https://goo.gl/maps/67jmhod8SgQC2x2V6,https://kobetonbo.owst.jp/,,https://instagram.com/kobe.tonbo/,,神戸とんぼ,2.0,False
2642.0,ギャロ・ガレージ,フレンチ,,兵庫県,兵庫県神戸市中央区北長狭通2-5-17メープル三ノ宮3階,785997088.0,三ノ宮駅,https://goo.gl/maps/cqG27cGvDurk57NC6,,,,,ギャロ・ガレージ,2.0,False
2643.0,Vegan cafe Thallo,ベジ・ヴィーガン,,兵庫県,兵庫県神戸市中央区北長狭通4丁目7-12オーシャンズコート1F,785999652.0,元町駅,https://g.page/VegancafeThallo?share,,,,,Vegan cafe Thallo,2.0,False
2644.0,MAIRO pez&verdura,イタリアン,,兵庫県,兵庫県神戸市灘区水道筋6-3-3,788068718.0,王子公園駅,https://maps.app.goo.gl/BCCTaqNE4TfDTu7L6,https://www.mairoroima.com,,,,MAIRO pez&verdura,2.0,False
2645.0,りんぐ 阪神新在家店,居酒屋・ダイニングバー,,兵庫県,兵庫県神戸市灘区新在家北町1-2-15マルク新在家内,788425263.0,新在家駅,https://goo.gl/maps/yoE3JADJ182EdLdo6,,,,,りんぐ,2.0,False
2646.0,Traiteur Les Vignes トレトゥール・レ・ヴィーニュ（旧店名Cafe236Ark.）,ワインバー,,兵庫県,兵庫県神戸市中央区山本通1-7-5北野メゾンブランシュ1F,788557699.0,三宮駅,https://g.page/cafe236ark?share,https://www.traiteurlesvignes.com/,,https://www.instagram.com/lesvigneskobe/,,Traiteur Les Vignes トレトゥール・レ・ヴィーニュ,2.0,False
2647.0,Bacchanale（バッカナール）,イタリアン,,兵庫県,兵庫県神戸市灘区宮山町2-6-4新六甲ビル6階,788565567.0,六甲駅,https://goo.gl/maps/D4rMLvJ6qwzMoNiJ7,,,https://instagram.com/bacchanale2014/,,Bacchanale,2.0,False
2648.0,TOSACANA とさかーな,居酒屋・ダイニングバー,,兵庫県,兵庫県明石市野々上2丁目1-1,789157557.0,西明石駅,https://maps.app.goo.gl/HbgxEq4FJreM7Wfk9,,,https://instagram.com/tosacana_akashi/,,TOSACANA とさかーな,2.0,False
2649.0,串かつタイガー,居酒屋・ダイニングバー,串かつ,兵庫県,兵庫県神戸市北区唐櫃台2丁目2-6,789559154.0,唐櫃台駅,https://goo.gl/maps/sk6PCHvRsXudY1dNA,https://kushikatu-tiger.jimdofree.com/,,https://www.instagram.com/kushi_tiger/,,串かつタイガー,2.0,False
2650.0,一粋,和食,,兵庫県,兵庫県赤穂市加里屋南2-8,791452488.0,播州赤穂駅,https://goo.gl/maps/H9yYd3U64TrFPiNV9,https://ako-issui.jp,,https://instagram.com/issuiako,,一粋,2.0,False
2651.0,焼肉京城苑　加古川で焼肉　ランチ,焼肉,,兵庫県,兵庫県加古川市野口町二屋108-1,794260907.0,東加古川駅,https://goo.gl/maps/6zHbcmgTdr5soSGh9,https://k-yakiniku.com/,,https://instagram.com/yakiniku_keijyouen/,,焼肉京城苑 加古川で焼肉 ランチ,2.0,False
2652.0,サワトのつけもの,和食,,茨城県,茨城県取手市東6丁目70-15,297723345.0,取手駅,https://goo.gl/maps/a4m3LSR53qGgCpn7A,http://tomatsuri.shop-pro.jp/,,,,サワトのつけもの,2.0,False
2653.0,Bistro  SALT&PEPPER,フレンチ,,兵庫県,兵庫県西宮市馬場町4-8,798312566.0,西宮駅,https://goo.gl/maps/uvvFiPnVNh8pkYiQ7,,,,,Bistro SALT&PEPPER,2.0,False
2654.0,ラ・キュイジーヌ・ド ウオタマ,フレンチ,,兵庫県,兵庫県西宮市11　小松南町1丁目11-9,798313116.0,武庫川駅,,,,https://www.instagram.com/uotama1107/,,ラ・キュイジーヌ・ド ウオタマ,2.0,False
2655.0,ちゃいなはうす,中華料理,,茨城県,茨城県取手市駒場3-9-21,297733232.0,取手駅,https://goo.gl/maps/kDEMXuivjisK4wqj9,,,,,ちゃいなはうす,2.0,False
2656.0,Bar Bewitched,バー,,兵庫県,兵庫県西宮市門戸荘9-16ネオDビル２F,798537111.0,,https://goo.gl/maps/gt9AbBQk7q6fHnMV9,,,,,Bar Bewitched,2.0,False
2657.0,PIZZAサルキン800,イタリアン,,兵庫県,兵庫県西宮市小松南町1丁目6-10,798567058.0,武庫川駅,https://goo.gl/maps/LDBrzV4A2sHp7svg6,,,,,PIZZAサルキン800,2.0,False
2658.0,ameen's oven,ベジ・ヴィーガン,,兵庫県,兵庫県西宮市若松町6-18-101,798708485.0,夙川,https://goo.gl/maps/1Fg4WZvmCunfLZby9,https://www.ameensoven.com/cafemenu,,https://instagram.com/ameensoven?igshid=75pde4t238q,,ameen's oven,2.0,False
2659.0,HE BARNS,バー,,兵庫県,兵庫県西宮市南越木岩町8-13-101,798724110.0,,https://goo.gl/maps/njc1ZtsippfaRLS78,,,,,HE BARNS,2.0,False
2660.0,あつんこパン,ベジ・ヴィーガン,,東京都,東京都千代田区内神田1-10-5,8010873703.0,神田駅,https://hitosara.com/tlog_13156225/map.html,,,,,あつんこパン,2.0,False
2661.0,かあさんの台所 結月,和食,,群馬県,群馬県太田市藪塚町1286-9,8012088119.0,藪塚駅,https://goo.gl/maps/Xz2Ce2y2G7eRx6n77,,,https://www.instagram.com/mothers.kitchen.y,,かあさんの台所 結月,2.0,False
2662.0,cafe Ruruq,喫茶店・カフェ,,福岡県,福岡県那珂川市中原2-120博多南駅前ビル2F,8017594134.0,博多南駅,https://goo.gl/maps/xwstAJbCZXjYe6Ho8,,,https://instagram.com/cafe.ruruq/?hl=ja,,cafe Ruruq,2.0,False
2663.0,L'amicale（ラミカル）,カフェレストラン,,福岡県,福岡県福岡市中央区薬院２丁目１８−１０K.Sマンション薬院1F,8017989812.0,赤坂駅,https://goo.gl/maps/fdEXFbPrFNocUKJNA,,,,,L'amicale,2.0,False
2664.0,Bistrot et Vin 20区,フレンチ,ビストロ,兵庫県,兵庫県西宮市大谷町６−７,8020026419.0,夙川駅,"https://www.google.com/maps/place/Bistrot+et+Vin+20区/@34.7395787,135.3175937,15z/data=!4m5!3m4!1s0x0:0x1af4c8c2f48f19a4!8m2!3d34.7395787!4d135.3175937",https://20kku.com,,https://www.instagram.com/20kku_/,,Bistrot et Vin 20区,2.0,False
2665.0,Meuglement,イタリアン,,東京都,東京都杉並区永福3丁目57-16　創和ビル1F,8021175863.0,西永福駅,https://goo.gl/maps/5b13HNDdouW19h7a9,,,https://www.instagram.com/le_meuglement/,,Meuglement,1.0,False
2666.0,玄 gen,ベジ・ヴィーガン,,京都府,京都府京都市上京区花開院町127,8024009659.0,烏丸線今出川駅,https://docs.google.com/spreadsheets/?usp=sheets_alc&authuser=0,,,,,玄 gen,2.0,False
2667.0,Relish食堂,定食・食堂,,京都府,京都府乙訓郡大山崎町大山崎鏡田24-14-1F,8025224468.0,山崎駅,https://goo.gl/maps/ChUTZPSpxVhZGhcJ8,,,http://www.instagram.com/relish.shokudo,,Relish食堂,2.0,False
2668.0,七三飯,居酒屋・ダイニングバー,,福岡県,福岡県福岡市中央区警固１丁目１−１３,8027350104.0,薬院駅,https://goo.gl/maps/tbsaAXis8qagSvaK7,,,https://instagram.com/shichisanmeshi/,,七三飯,2.0,False
2669.0,日本ワインバル SANS SOUCI （サンスーシィ）,ワインバー,,宮城県,宮城県多賀城市町前３丁目３−２３,8028007387.0,多賀城駅,https://goo.gl/maps/t5f3dN6RM5qxsvWR8,https://nihonwinebar-sanssouci.shopinfo.jp/,https://twitter.com/SANSSOUCI2015,https://www.instagram.com/sans_souci347/,,日本ワインバル SANS SOUCI,2.0,False
2670.0,檸檬堂,喫茶店・カフェ,,埼玉県,埼玉県さいたま市大宮区東町２丁目８７グリーンフォレスト103,8030209732.0,大宮駅,https://goo.gl/maps/vThnmMyeJqj97w7Z7,http://www.lemondou.jp/,,,,檸檬堂,2.0,False
2671.0,パンダカフェ,カフェレストラン,,茨城県,茨城県取手市東1丁目1-5取手市立福祉会館,297733251.0,取手駅,https://goo.gl/maps/bsY2z1jkG8t19chL9,https://pandacafe.wixsite.com/panda,,,,パンダカフェ,2.0,False
2672.0,食楽Bar Nobe,バー,,茨城県,茨城県取手市取手2-7-3イーストヒルズユウキ102,297738662.0,取手駅,https://goo.gl/maps/ByBPtNerjTbppfz68,https://r.gnavi.co.jp/amp/gc2m100/,https://twitter.com/BarNobe,,,食楽Bar Nobe,2.0,False
2673.0,地中海料理 DA・MEO・PATAKA,フレンチ,,東京都,東京都武蔵野市吉祥寺本町3-10-2　エスカイヤ吉祥寺1F,8031515248.0,吉祥寺駅,https://goo.gl/maps/6m22JJy4YNL77kFA8,,,,,地中海料理 DA・MEO・PATAKA,2.0,False
2674.0,繭久里カフェ（ククリカフェ）,ベジ・ヴィーガン,,埼玉県,埼玉県加須市油井ヶ島1393-1,8032049961.0,久喜駅,https://maps.app.goo.gl/1GWVg3wtr238BU6z6,http://park.ethicalgp.com/cucuricafe/,,https://instagram.com/cucuricafe/,,繭久里カフェ,2.0,False
2675.0,利休　さいたま新都心店,お好み焼き・もんじゃ焼き,,埼玉県,埼玉県さいたま市大宮区北袋町1丁目82,8033075500.0,さいたま新都心駅,https://goo.gl/maps/hEChfMnYtZY3AmzHA,https://riq-shintoshin.owst.jp/,,,,利休,2.0,False
2676.0,酒と氷やまみちさき,ベトナム料理,,大阪府,大阪府大阪市福島区福島5-17-20日乃出ビル1F,8033618993.0,福島駅,https://goo.gl/maps/9XJuZHyb2rB6r6hXA,,,,,酒と氷やまみちさき,2.0,False
2677.0,Deli & Restaurant カンタービレ,創作料理・無国籍料理,,埼玉県,埼玉県さいたま市浦和区領家７丁目１７－１４,8034051986.0,与野駅,https://goo.gl/maps/ELiKoKvgsZMjKMgY8,http://kora-chef.com/,,https://instagram.com/deli_cantabile/,,Deli & Restaurant カンタービレ,2.0,False
2678.0,肉盛食堂 肉一 取手店,焼肉,,茨城県,茨城県取手市野々井1031-8,8034757305.0,取手駅,https://goo.gl/maps/FCh8t8HytjpBKrdG7,https://nikuichi.crayonsite.com/,,,,肉盛食堂 肉一,2.0,False
2679.0,ドットベーカリー,ベジ・ヴィーガン,,東京都,東京都稲城市平尾3-1-22-302,8037055034.0,新百合ヶ丘駅,https://goo.gl/maps/WCVspY1anySHtN6s6,https://dotbakery.com,,https://instagram.com/dot.bakery/,,ドットベーカリー,2.0,False
2680.0,Espresso Bar ケサランパサラン,喫茶店・カフェ,,石川県,石川県金沢市新竪町３丁目１７−３,8037436801.0,金沢駅,https://goo.gl/maps/BBXTBrgnr6s92upw5,https://www.kesaranpasaran.info/,,https://instagram.com/kesaranpasaran_cafe?igshid=evqt7iis7hnk,,Espresso Bar ケサランパサラン,2.0,False
2681.0,ラーメン居酒屋 我が家,居酒屋・ダイニングバー,ラーメン居酒屋,富山県,富山県中新川郡立山町前沢新町705,8037450080.0,五百石駅,https://goo.gl/maps/7WnPtqUN1WvZHzHA6,,,https://www.instagram.com/wagaya.ramenizakaya/,,ラーメン居酒屋 我が家,2.0,False
2682.0,Omaggio da Konishi,イタリアン,,島根県,島根県松江市東朝日町214-1-2F,8038926739.0,松江駅,https://goo.gl/maps/b5ryPJMnL3YgCFoU8,,,,,Omaggio da Konishi,2.0,False
2683.0,Muchapok（ムチャポック）,バー,,福岡県,福岡県福岡市早良区城西２丁目１３−２６,803965099.0,西新駅,https://goo.gl/maps/kXVsVJPnFcYLbq3a6,,,https://instagram.com/macoto_oniki/,,Muchapok,2.0,False
2684.0,Kafe Toruko,トルコ料理,,福岡県,福岡県福岡市中央区六本松1-3-14,8039899507.0,六本松駅,https://goo.gl/maps/3d63CE9gyFT2R6s86,https://takeout6.com/shop/toruko/index.html,https://twitter.com/KafeToruko,https://instagram.com/kafe.toruko/,,Kafe Toruko,2.0,False
2685.0,MOSH & TACOS (モッシュ＆タコス),洋食,,茨城県,茨城県取手市取手2丁目9-11,297754529.0,取手駅,https://goo.gl/maps/fJasSjKPRjiqsyEX8,,https://twitter.com/8PoPbV4DMINEx1b,,,MOSH & TACOS,2.0,False
2686.0,SLOW LIFE,カレー,,富山県,富山県魚津市吉島793,8042513701.0,新魚津駅,https://goo.gl/maps/Je7FJUTvHEA9JtfX8,,,https://www.instagram.com/slow_life_yoshi/?hl=ja,,SLOW LIFE,2.0,False
2687.0,イムキッチン,タイ料理,,福岡県,福岡県福岡市中央区六本松2-4-16,8042711600.0,六本松駅,https://goo.gl/maps/M7RHCRT2B9ALppSH6,https://takeout6.com/shop/imukitchen/index.html,,https://instagram.com/imukitchen0621/,,イムキッチン,2.0,False
2688.0,カフェクローバー,喫茶店・カフェ,,福岡県,福岡県那珂川市西畑1368-1,8042855019.0,博多南駅,https://goo.gl/maps/cTqK4vv6BT6y1VGG6,,,,,カフェクローバー,2.0,False
2689.0,いきてるごはんcafé鶴麹本店,ベジ・ヴィーガン,,富山県,富山県高岡市本丸町13-10,8042977679.0,急患医療センター前駅,https://goo.gl/maps/L6zGiA2qhSDZfFk77,,,,,いきてるごはんcafé鶴麹,2.0,False
2690.0,ちいさい呑み屋 はちぶんめ,居酒屋・ダイニングバー,,福岡県,福岡県うきは市吉井町１２４１−１,8043003967.0,筑後吉井駅,https://goo.gl/maps/GEE3mmKZmaP8UPUr9,,,https://www.instagram.com/8bunme_ukiha/,,ちいさい呑み屋 はちぶんめ,2.0,False
2691.0,Bengal Curry,アジア・エスニック,バングラデシュ料理,静岡県,静岡県磐田市上岡田1028-1,8043025455.0,磐田駅,https://maps.app.goo.gl/2WbH2Gmr3ZmoJedX9,https://bengal-curry.business.site/,,,,Bengal Curry,2.0,False
2692.0,HOTEL GREGES（オテルグレージュ）,フレンチ,,福岡県,福岡県宗像市神湊600,8043129012.0,東郷駅,https://goo.gl/maps/zBR9KCbAbuG4sZKd8,https://www.greges.jp/,https://twitter.com/HOTEL_GREGES,https://www.instagram.com/hotelgreges_restaurant/,,HOTEL GREGES,2.0,False
2693.0,クマリ 取手店,アジア・エスニック,,茨城県,茨城県取手市白山1丁目8-37,297770848.0,取手駅,https://goo.gl/maps/PRVkGyd2E79sd6i68,,,,,クマリ,2.0,False
2694.0,毎日のパンと喫茶 tison,喫茶店・カフェ,,福岡県,福岡県うきは市吉井町鷹取１１５２−１,8043674256.0,筑後吉井駅,https://goo.gl/maps/skUpwhFX86n69Egn6,,,https://www.instagram.com/tison.pan/,,毎日のパンと喫茶 tison,2.0,False
2695.0,台湾素食 無垢,ベジ・ヴィーガン,,京都府,京都府京都市下京区石不動之町695枡儀ラクーオビル2F,8044070761.0,川原町駅,https://goo.gl/maps/ygAqZsfMCZuxgcEv7,,,,,台湾素食 無垢,2.0,False
2696.0,ハリオン 取手店,アジア・エスニック,,茨城県,茨城県取手市取手3丁目4-8海方ビル103,297771201.0,取手駅,https://goo.gl/maps/7YJA5njrNJ4cEaWd6,http://www.hariom.jp/,,,,ハリオン,2.0,False
2697.0,福島桜屋　道楽料理とうまい酒,和食,,大阪府,大阪府大阪市福島区福島5-12-19南出ビル1F,8046413903.0,福島駅,https://maps.app.goo.gl/1H1UfdzWScJLEUjT8,,,,,福島桜屋 道楽料理とうまい酒,2.0,False
2698.0,ゴンちゃん,居酒屋・ダイニングバー,,長野県,長野県上田市中央2-10-11,8046535050.0,上田駅,https://goo.gl/maps/b2vyPNWQjxqHNQQE7,,,,,ゴンちゃん,2.0,False
2699.0,中華ソバ伊吹,ラーメン・つけ麺,ラーメン,東京都,東京都板橋区前野町４丁目５８−１０,8049280013.0,志村坂上,"https://maps.google.com/maps?ll=35.772695,139.692553&z=14&t=m&hl=ja&gl=US&mapclient=embed&q=%E3%80%92174-0063%20%E6%9D%B1%E4%BA%AC%E9%83%BD%E6%9D%BF%E6%A9%8B%E5%8C%BA%E5%89%8D%E9%87%8E%E7%94%BA%EF%BC%94%E4%B8%81%E7%9B%AE%EF%BC%95%EF%BC%98%E2%88%92%EF%BC%91%EF%BC%90",,,,,中華ソバ伊吹,2.0,False
2700.0,麺屋KENJU,ラーメン・つけ麺,ラーメン,茨城県,茨城県つくば市高崎1371-5,8051714886.0,牛久,"https://maps.google.com/maps?ll=36.004642,140.124294&z=12&t=m&hl=ja&gl=US&mapclient=embed&q=%E3%80%92300-1245%20%E8%8C%A8%E5%9F%8E%E7%9C%8C%E3%81%A4%E3%81%8F%E3%81%B0%E5%B8%82%E9%AB%98%E5%B4%8E%EF%BC%91%EF%BC%93%EF%BC%97%EF%BC%91%E2%88%92%EF%BC%95",,,,,麺屋KENJU,2.0,False
2702.0,蜀味三国,中華料理,,茨城県,茨城県取手市戸頭1161-1,297787510.0,取手駅,https://goo.gl/maps/GTCUt7Coc7nG66Eh9,,,,,蜀味三国,2.0,False
2703.0,そばの実カフェsora,ベジ・ヴィーガン,パン・焼菓子,東京都,東京都東村山市青葉町2-32-8,8054943041.0,久米川駅,http://goo.gl/maps/.QQ66LJAs2uJwGmL78,,,,,そばの実カフェsora,2.0,False
2704.0,精肉店直営近江牛直売所,焼肉,,滋賀県,滋賀県東近江市垣見町999-5,8057715770.0,能登川駅,https://maps.app.goo.gl/8rinZYuuSmimtg1G9,,,,,精肉店直営近江牛直売所,2.0,False
2705.0,アンドビール,カレー,インド,東京都,東京都杉並区高円寺北4丁目2-24アールリエット高円寺A棟105,8059138241.0,高円寺駅,https://goo.gl/maps/VAkdaQcfDXCUdtQT9,,https://twitter.com/andbeer_koenji,https://instagram.com/andbeer_koenji?igshid=1ta71cm7wzrb2,,アンドビール,2.0,False
2706.0,コポリ,イタリアン,,埼玉県,埼玉県川越市南通町16-5ヨシダビル1階庭,8059321650.0,川越駅,https://goo.gl/maps/i5H3aJY4MXb1cpwf9,,,https://instagram.com/dailystandcopoli/,,コポリ,2.0,False
2707.0,夢来のや,焼肉,,青森県,青森県青森市堤町1-6-1,8060334129.0,青森駅,https://goo.gl/maps/J4ZyKBkWTj9XQRqd6,https://localplace.jp/sp/t200479470/,https://twitter.com/yumenoya4129,,,夢来のや,2.0,False
2708.0,COFFEE POST,カフェレストラン,,埼玉県,埼玉県川越市新富町1-1-5,8060450661.0,本川越駅,https://goo.gl/maps/ejVaPaXnZkx24dDE8,http://coffeepost.jp/,,https://instagram.com/coffee__post,,COFFEE POST,2.0,False
2709.0,YuLaLaユララ,アジア・エスニック,ラオス料理,京都府,京都府京都市下京区万里小路町163エトワール四条1f,8062142546.0,四条駅,https://maps.app.goo.gl/8ZEsjtF64PpyQg5v7,,,https://instagram.com/yulala_laos/?hl=ja,,YuLaLaユララ,2.0,False
2710.0,海もぐら,魚介・海鮮料理,,福岡県,福岡県福岡市中央区赤坂1-9-1フドウ赤坂ビルB1F,8064550141.0,赤坂駅,https://goo.gl/maps/AbqBnaMNE4iLAG3t6,,,https://www.instagram.com/umimogura0141/,,海もぐら,2.0,False
2711.0,いな暮らし,ベジ・ヴィーガン,,東京都,東京都稲城市押立1744-46,8065981963.0,矢野口駅,https://maps.google.com/?q=%E7%A8%B2%E5%9F%8E%E5%B8%82%E6%8A%BC%E7%AB%8B1744-46,,,,,いな暮らし,2.0,False
2712.0,中村ストアー,カフェレストラン,,茨城県,茨城県取手市上高井396-2,297788411.0,取手駅,https://goo.gl/maps/N9Fj9xgSfoYE3BCn6,,,,,中村ストアー,2.0,False
2713.0,わいん場,ワインバー,,東京都,東京都調布市若葉町2-22-10,8070222976.0,仙川駅,https://maps.app.goo.gl/1FXH9vnbDXk2wiT88,https://www.wine-ba.com/,,,,わいん場,2.0,False
2714.0,お食事処ぱるすびーと,カフェレストラン,,東京都,東京都渋谷区代々木3-9-11STUDIOCOCORO1F,8070275556.0,南新宿駅,https://bit.ly/Map-Google-MenuBar-OshokujiSiteCount,http://yoyogi.restraurant-pulse-beat.com,https://twitter.com/yoyogipulsebeat,https://instagram.com/oshokujidokoro_pulsebeat,,お食事処ぱるすびーと,1.0,False
2716.0,喫茶ホーボー堂-hobodo cafe-,ベジ・ヴィーガン,,京都府,京都府京都市‎左京区仁王門通東大路西入ル仁王門アパート1F,8073253697.0,三条駅,https://g.page/hobodo-cafe?share,,,,,喫茶ホーボー堂-hobodo cafe-,2.0,False
2717.0,居酒屋ばらかもん,居酒屋・ダイニングバー,,兵庫県,兵庫県丹波市母坪431-1,8076461677.0,石生駅,https://goo.gl/maps/trJGBxSe44CHNBkv6,https://barakamon-tanba.owst.jp/,,https://instagram.com/izakaya_barakamon/,,居酒屋ばらかもん,2.0,False
2718.0,38(さんぱち),お好み焼き・もんじゃ焼き,定食、お好み焼き、カレー,大阪府,大阪府大阪市北区同心2-3-9クイーンレジデンス1階,8076949253.0,扇町駅,https://g.page/temma38?share,,,,,38,2.0,False
2719.0,麺乃Hou〜鳳翔〜Sho,ラーメン・つけ麺,ラーメン,千葉県,千葉県習志野市東習志野５－１９－１５エフエムビル,8077373516.0,実籾,"https://www.google.com/maps/place/%E9%BA%BA%E4%B9%83Hou%E3%80%9C%E9%B3%B3%E7%BF%94%E3%80%9CSho/@35.6939594,140.0807264,15z/data=!4m2!3m1!1s0x0:0x966d919a9e1bd960?sa=X&ved=2ahUKEwjD57OO_cfpAhWRP3AKHUz1CucQ_BIwFHoECB0QCg",,,,,麺乃Hou〜鳳翔〜Sho,2.0,False
2720.0,ファラフェル　サババ,ベジ・ヴィーガン,,大阪府,大阪府大阪市中央区西心斎橋2丁目17-131Ｆ,8079417138.0,四ツ橋駅,https://maps.app.goo.gl/UnR5Tj67d1aAyDbS7,https://falafelsababaosaka-mediterranean.business.site/?utm_source=gmb&utm_medium=referral,,https://www.instagram.com/falafelsababaosaka/?hl=ja,,ファラフェル サババ,1.0,False
2721.0,Ai's dressing kitchen,その他,弁当屋,長野県,長野県小諸市相生町3丁目2-3,8079421002.0,小諸駅,https://goo.gl/maps/Ev2QdHXn9eht9ULQ9,,,,,Ai's dressing kitchen,2.0,False
2722.0,マルル エ ウルル,その他,,大阪府,大阪府大阪市中央区瓦町４丁目５−４マスザキヤ瓦町ビル2F,8080582258.0,本町駅,https://goo.gl/maps/4jfKDa9ntkREAVx36,,,,,マルル エ ウルル,2.0,False
2723.0,マロロガバワン indo&more MAROLOGABhavan,カレー,,東京都,東京都中野区新井1丁目35-12,8081503523.0,新井薬師駅,https://g.page/marologa?share,http://marologa.mystrikingly.com/,https://twitter.com/marologab?s=20,https://instagram.com/marologa.b/,,マロロガバワン indo&more MAROLOGABhavan,2.0,False
2724.0,カルムスイーツ,その他,洋菓子店,三重県,三重県多気郡明和町大字馬之上1740−7,8082576109.0,斎宮駅,https://goo.gl/maps/tq9TdT5eK5n9KUJ36,,,https://www.instagram.com/calmsweets/?hl=ja,,カルムスイーツ,2.0,False
2725.0,糸島ｿｰｽｷｯﾁﾝ Kawachiya,イタリアン,,福岡県,福岡県糸島市志摩師吉８２６,8083634233.0,筑前前原駅,https://maps.app.goo.gl/8VBNiLMnTSxQ9Ndj9,,,,,糸島ｿｰｽｷｯﾁﾝ Kawachiya,1.0,False
2726.0,弁当『平日昼だけ』カレーだけ,カレー,,東京都,東京都目黒区下目黒1-5-16本田ビル2F『PinkCamila』様方,8087466715.0,目黒駅,https://goo.gl/maps/5ezJKLX1HHAmt9j6A,https://linktr.ee/Heijituhirudake,https://twitter.com/Heijituhirudake,https://instagram.com/heijituhirudake/,,弁当『平日昼だけ』カレーだけ,2.0,False
2727.0,ジブンチ jibunchi,イタリアン,,石川県,石川県金沢市中央通町１１−４９,8089962830.0,金沢駅,https://goo.gl/maps/Fxv2kMx7scf7obhS8,,,https://instagram.com/jibunchi_kanazawa?igshid=52rh706vmmuv,,ジブンチ jibunchi,2.0,False
2728.0,ビストロ ルリール,フレンチ,,福岡県,福岡県福岡市中央区白金１丁目１２−２４103,8090527833.0,薬院駅,https://goo.gl/maps/triLvZudJmuQn5ZB6,,,https://instagram.com/bistrolerire/,,ビストロ ルリール,2.0,False
2729.0,酒場それなり,居酒屋・ダイニングバー,,福岡県,福岡県福岡市博多区住吉３丁目９−１８1F,8094078071.0,渡辺通駅,https://goo.gl/maps/RgELb9iKzV3NN2VD9,,,https://instagram.com/sakaba.sorenari/,,酒場それなり,2.0,False
2730.0,＆ CHEESE STAND,その他,チーズ専門店,東京都,東京都渋谷区富ヶ谷1-43-7,8094468411.0,,https://goo.gl/maps/iVWUar75hPZb3XM89,,,,,＆ CHEESE STAND,1.0,False
2731.0,ワインカフェ取手,その他,オムライス専門店,茨城県,茨城県取手市取手2-2-8海老原ビル4階,297795711.0,取手駅,https://goo.gl/maps/Q29gqbBJfKNbry1w7,,,,https://www.instagram.com/winecafetoride/,ワインカフェ取手,2.0,False
2732.0,焼肉ジャンボ白金,焼肉,,東京都,東京都港区白金3-1-1第一麻布ビル1階,8095416180.0,白金高輪,https://goo.gl/maps/42UHSmNBYcbyq2G86,http://kuroge-wagyu.com/js/food.html,,,,焼肉ジャンボ白金,2.0,False
2733.0,Cafe Ashito,カフェレストラン,,石川県,石川県金沢市香林坊２丁目１１−５,8096738010.0,金沢駅,https://goo.gl/maps/yb2kuravsgbZJHXg7,,,https://instagram.com/cafe_ashito?igshid=1oyd2y1jk4ivk,,Cafe Ashito,2.0,False
2734.0,cafebotchi★カフェボッチ,カフェレストラン,,茨城県,茨城県取手市桜が丘1丁目17-9,297830365.0,取手駅,https://g.page/cafebotchi?share,https://www.cafebotchi.com/,,,,cafebotchi★カフェボッチ,2.0,False
2735.0,壱里山Cafe,カフェレストラン,,埼玉県,埼玉県行田市壱里山町27-10,8097111080.0,行田駅,https://goo.gl/maps/KjWgdedwJdGD72vb7,https://www.ichiriyama-studio.com/,https://twitter.com/ichiriyama_Cafe,,,壱里山Cafe,2.0,False
2736.0,キッチンスギ,イタリアン,,石川県,石川県金沢市木倉町６−４やきとり横丁,8097838800.0,金沢駅,https://goo.gl/maps/xy9WfisYc9439AU6A,,,https://instagram.com/sugiyannn?igshid=1k113x86usisz,,キッチンスギ,2.0,False
2737.0,ベジキッチングーグー,ベジ・ヴィーガン,,愛知県,愛知県名古屋市千種区猫洞通3-11,8098393632.0,本山駅,https://g.page/vegigugu?share,,,,,ベジキッチングーグー,2.0,False
2738.0,一六八(いろは),中華料理,,埼玉県,埼玉県川越市新富町1丁目3-4,8098907206.0,本川越駅,https://goo.gl/maps/EQRSTQsRfofqNnxs6,,,,,一六八,2.0,False
2739.0,喫茶 さえき,ベジ・ヴィーガン,,広島県,広島県広島市中区紙屋町1-4-25,822469339.0,紙屋町東駅,https://g.page/kissa-saeki?share,http://喫茶さえき.com/,,https://instagram.com/kissa_saeki/?hl=ja,,喫茶 さえき,2.0,False
2740.0,サルデーレ,カフェレストラン,,茨城県,茨城県取手市清水296-1,297836151.0,取手駅,https://goo.gl/maps/T2HHFibuCsapLnZWA,http://www.sardele.co.jp/,https://twitter.com/CAFESARDELE,,,サルデーレ,2.0,False
2741.0,ロシナンテ２世　（RocinanteⅡ）,フレンチ,,広島県,広島県広島市中区立町5-12ホテル山城屋１F,825450295.0,立町駅,https://g.page/Rocinante2?share,https://www.rocinante2.jp/,,https://instagram.com/rocinantenisei/,,ロシナンテ２世,1.0,False
2742.0,中華蕎麦 はざま,ラーメン・つけ麺,,茨城県,茨城県取手市野々井1582-8,297841479.0,取手駅,https://goo.gl/maps/2siVTGhBfgYgZQNb6,,https://twitter.com/tpdxb055,https://facebook.com/ramenhazama/?locale2=ja_JP,,中華蕎麦 はざま,2.0,False
2743.0,旬の台所　しゃんしゃん龍＜tathu＞,和食,,茨城県,茨城県龍ケ崎市松ヶ丘2-10-1,297852039.0,竜ケ崎駅,https://g.page/shan2?share,https://shan2.jp/,,https://facebook.com/shan2.jp/,https://instagram.com/shan2.jp/,旬の台所 しゃんしゃん龍＜tathu＞,1.0,False
2744.0,Grill Kitchen BULLURE.S,焼肉,,茨城県,茨城県取手市井野台4丁目1-23,297852929.0,取手駅,https://goo.gl/maps/gaaLfDk6tXgXphD19,,https://twitter.com/bullure_s,,,Grill Kitchen BULLURE.S,2.0,False
2745.0,CAFE126,喫茶店・カフェ,,山口県,山口県宇部市中央町1-1-6,836398979.0,宇部新川駅,https://goo.gl/maps/V2d3vpTenXurjBfa9,https://cafe126.jimdofree.com/,,,https://instagram.com/cafe126_japan/,CAFE126,2.0,False
2746.0,IL PONTILE,イタリアン,,広島県,広島県尾道市土堂１丁目１１−１５,848241188.0,尾道,https://goo.gl/maps/q7je4gcrRKNG9iqi6,http://www.ilpontile.jp/,,https://www.facebook.com/pages/Il-Pontile/1920157478202236,,IL PONTILE,2.0,False
2747.0,尾道ラーメン 喰海,ラーメン・つけ麺,ラーメン,広島県,広島県尾道市土堂1丁目12-11,848248133.0,尾道,"https://maps.google.com/maps?ll=34.405598,133.197159&z=14&t=m&hl=ja&gl=US&mapclient=embed&q=%E3%80%92722-0035%20%E5%BA%83%E5%B3%B6%E7%9C%8C%E5%B0%BE%E9%81%93%E5%B8%82%E5%9C%9F%E5%A0%82%EF%BC%91%E4%B8%81%E7%9B%AE%EF%BC%91%EF%BC%92%E2%88%92%EF%BC%91%EF%BC%91",,,,,尾道ラーメン 喰海,2.0,False
2748.0,Mistletoe,フレンチ,ビストロ,広島県,広島県福山市延広町７−１６1F西おがわビル,849254056.0,福山,https://goo.gl/maps/xjTjJJFg6zKpmMWQA,https://mistletoe-bistro.business.site/,,https://www.facebook.com/Mistletoefukyama/,,Mistletoe,2.0,False
2749.0,Pantograph,ベーカリーカフェ,,島根県,島根県松江市末次町２３,852215290.0,松江しんじ湖温泉,https://goo.gl/maps/ZiK8FcZxNrm9Wp3C8,http://www.kitchen-okada.com/,https://twitter.com/kitchen_okada,https://www.facebook.com/Pantograph-%E3%83%91%E3%83%B3%E3%82%BF%E3%82%B0%E3%83%A9%E3%83%95-347814685243466/,,Pantograph,2.0,False
2750.0,千鳥亭,居酒屋・ダイニングバー,,島根県,島根県松江市殿町517番地アルファステイツ1階,852248763.0,松江駅,https://goo.gl/maps/3g2mrVTQ2SbHP1e89,http://blog.zige.jp/yoitanbo/kiji/995014.html,,,,千鳥亭,2.0,False
2751.0,カメノ食堂,洋食,,島根県,島根県松江市寺町101-10,852409247.0,松江駅,https://goo.gl/maps/zq38kiPqqZLyDdaE7,,,https://facebook.com/kamekamekameno/?locale2=ja_JP#_=_,https://instagram.com/kameno2018,カメノ食堂,2.0,False
2752.0,ビストロ クール,フレンチ,,島根県,島根県松江市末次本町8-8,852673418.0,松江駅,https://goo.gl/maps/EsrEQgAkSUAcU9hJ7,,,,,ビストロ クール,2.0,False
2753.0,とんかつ専門店 薩摩居酒屋 かのや,とんかつ,,島根県,島根県出雲市白枝町222-3,853316606.0,出雲市駅,https://goo.gl/maps/RjMPpo8F4VyQPqc3A,,,,,とんかつ専門店 薩摩居酒屋 かのや,2.0,False
2754.0,ノブパン,ベーカリーカフェ,,島根県,島根県出雲市塩冶神前６丁目１−１０コーポ林B,853889153.0,出雲市,https://goo.gl/maps/yfrH8X3UEAjUQkN99,,,https://www.facebook.com/nobupan31/,https://www.instagram.com/nobu____pan/?hl=ja,ノブパン,2.0,False
2755.0,さぎの湯温泉　竹葉,和食,和食、海鮮、マクロビオティックあり。天丼、カツ丼、天ざるそば、和食お弁当の持ち帰りあり。,島根県,島根県安来市古川町438,854286231.0,安来駅,https://goo.gl/maps/QWKZDzU2PxNMVw4x5,https://www.chikuyou.jp/,,https://www.facebook.com/chikuyoushimane/,https://www.instagram.com/okamika3751,さぎの湯温泉 竹葉,2.0,False
2756.0,山県そば,そば・うどん,,島根県,島根県仁多郡奥出雲町大呂515,854521149.0,出雲横田駅,https://g.page/yamagatasoba?share,,,,,山県そば,2.0,False
2757.0,SakeLaboのんぺ,居酒屋・ダイニングバー,,島根県,島根県益田市駅前町駅前町２１−１５,856323470.0,益田,https://goo.gl/maps/y7wHxw9coth3pFwr8,,,https://www.facebook.com/sakelabononpe,https://www.instagram.com/sakelab0n0npe/,SakeLaboのんぺ,2.0,False
2758.0,ジュジュアン,焼肉,,鳥取県,鳥取県鳥取市末広温泉町７５１,857211919.0,鳥取,https://goo.gl/maps/hSx9ERY3kLWYNnoS6,https://sumibi-jujuan.info/,,https://www.facebook.com/pages/%E6%9C%AC%E6%A0%BC%E7%82%AD%E7%81%AB%E7%84%BC%E3%82%B8%E3%83%A5%E3%82%B8%E3%83%A5%E3%82%A2%E3%83%B3/231133490292845,,ジュジュアン,2.0,False
2759.0,旬のや 藤,居酒屋・ダイニングバー,,鳥取県,鳥取県鳥取市末広温泉町２５１,857233800.0,鳥取,https://goo.gl/maps/qskD9yRZwudBdeqc9,https://japanese-izakaya-restaurant-18610.business.site/?utm_source=gmb&utm_medium=referral,,https://www.facebook.com/syunnoyafuji/,,旬のや 藤,2.0,False
2760.0,MOBS FELLAS,居酒屋・ダイニングバー,,鳥取県,鳥取県鳥取市元町１２３,857240184.0,鳥取,https://g.page/mobsfellas?share,http://mobs.cc/,,http://www.facebook.com/mobsfellas,https://www.instagram.com/mobsfellas02/,MOBS FELLAS,2.0,False
2761.0,カフェ ニー cafe nee,カフェレストラン,,鳥取県,鳥取県鳥取市瓦町409,857274690.0,鳥取駅,https://goo.gl/maps/YFNBJQqgjtpCBGGx9,,,,,カフェ ニー cafe nee,2.0,False
2762.0,ペペローネ,イタリアン,,鳥取県,鳥取県鳥取市弥生町３０８−２,857274736.0,鳥取,https://goo.gl/maps/v51ADFVgw9nDpjzAA,https://pepenero-italia.com/,,https://www.facebook.com/PepeneroItariaGuan,,ペペローネ,2.0,False
2763.0,ピッツェリアレオーネ,ピザ,,鳥取県,鳥取県鳥取市末広温泉町１５９−７,857363654.0,鳥取,https://goo.gl/maps/275ovqGED3NcwbBj7,http://www.pizza-leone.com/,,https://www.facebook.com/pages/category/Italian-Restaurant/Pizzeria-Leone-%E3%83%94%E3%83%83%E3%83%84%E3%82%A7%E3%83%AA%E3%82%A2-%E3%83%AC%E3%82%AA%E3%83%BC%E3%83%8D-643146462432295/,,ピッツェリアレオーネ,2.0,False
2764.0,ラーメンつけ麺今を粋ろ,ラーメン・つけ麺,ラーメン,鳥取県,鳥取県米子市西福原1-3-25,859304558.0,後藤,"https://maps.google.com/maps?ll=35.440357,133.3385&z=14&t=m&hl=ja&gl=US&mapclient=embed&q=%E3%80%92683-0805%20%E9%B3%A5%E5%8F%96%E7%9C%8C%E7%B1%B3%E5%AD%90%E5%B8%82%E8%A5%BF%E7%A6%8F%E5%8E%9F%EF%BC%91%E4%B8%81%E7%9B%AE%EF%BC%93%E2%88%92%EF%BC%92%EF%BC%95",,,,,ラーメンつけ麺今を粋ろ,2.0,False
2765.0,夢空間はしまや,喫茶店・カフェ,,岡山県,岡山県倉敷市東町1-20,864511040.0,倉敷駅,https://goo.gl/maps/PE5VP2SgktSET3oy8,https://www.hashimaya.com/,,https://facebook.com/1565037433747607/photos/a.1565053963745954/1589648551286495/?type=1&theater,https://instagram.com/yumekukan.hashimaya/,夢空間はしまや,2.0,False
2766.0,Ristorante CIELO,イタリアン,,岡山県,岡山県津山市高野山西2230-3,868261600.0,東津山駅,https://goo.gl/maps/H7no6GWc3Awiz9fcA,http://www1.odn.ne.jp/cielo/,,https://m.facebook.com/シエロ-cielo-523794584326233/,,Ristorante CIELO,2.0,False
2767.0,讃岐ラーメンはまんど,ラーメン・つけ麺,ラーメン,香川県,香川県三豊市三野町大見３８７３－１,875721985.0,みの,"https://maps.google.com/maps?ll=34.210844,133.715465&z=14&t=m&hl=ja&gl=US&mapclient=embed&q=%E3%80%92767-0031%20%E9%A6%99%E5%B7%9D%E7%9C%8C%E4%B8%89%E8%B1%8A%E5%B8%82%E4%B8%89%E9%87%8E%E7%94%BA%E5%A4%A7%E8%A6%8B%EF%BC%93%EF%BC%98%EF%BC%97%EF%BC%93%E2%88%92%EF%BC%91",,,,,讃岐ラーメンはまんど,2.0,False
2768.0,ル・ペイザン,ベジ・ヴィーガン,,香川県,香川県善通寺市金蔵寺町1114-1,877635570.0,金蔵寺駅,https://goo.gl/maps/YkQLrqRnjVsyWq5G7,http://www.paysan.jp/shop.html,,,,ル・ペイザン,2.0,False
2769.0,寄鳥味鳥,居酒屋・ダイニングバー,骨付鳥,香川県,香川県高松市兵庫町1-24木村屋ビル2階,878228247.0,高松駅,https://goo.gl/maps/Sgv6JqdVBH5KaW7Q8,,,,https://instagram.com/p/B-to2PYjDo9/?igshid=2ji75j8bl416,寄鳥味鳥,2.0,False
2770.0,小松島中華,中華料理,,徳島県,徳島県小松島市小松島町新港42-2,885387085.0,南小松島駅,https://goo.gl/maps/KojasE3w9KyCo9yu9,,,https://www.facebook.com/小松島中華-102409238021273/?modal=admin_todo_tour,https://www.instagram.com/matizukurip/,小松島中華,2.0,False
2771.0,中華そば　西食,ラーメン・つけ麺,ラーメン,徳島県,徳島県徳島市川内町榎瀬629-4,886662246.0,吉成,"https://maps.google.com/maps?ll=34.106052,134.556845&z=14&t=m&hl=ja&gl=US&mapclient=embed&cid=10163560348841255591",,,,,中華そば 西食,2.0,False
2772.0,da Yoshi sushibar  take a way kochi,中華料理,本来はカリフォルニアロールの店ですが、中華も得意です,高知県,高知県高知市追手筋1丁目5番11号角屋ビル1F,888218469.0,高知駅,https://goo.gl/maps/fxYhXqqQjs7cNk6P8,https://r.goope.jp/dayoshisushibar,,https://facebook.com/ダヨシスシバー-107493634114153/,,da Yoshi sushibar take a way kochi,2.0,False
2773.0,Bar&Cafe ＲＯＹ’Ｓ,カフェレストラン,,愛媛県,愛媛県大洲市東大洲1340-1,893256005.0,五郎駅,https://goo.gl/maps/9VH8rVNfsW2qESEP8,,,https://facebook.com/Roys-189990657798662/,https://instagram.com/roysoozu56/,Bar&Cafe ＲＯＹ’Ｓ,1.0,False
2774.0,毎日のおいしいもの　まとか,創作料理・無国籍料理,,愛媛県,愛媛県松山市柳井町1-13-12マンションクレール1F,899095603.0,石手川公園駅,https://goo.gl/maps/wF6utxbGzN3FnErY6,,,https://facebook.com/%E6%AF%8E%E6%97%A5%E3%81%AE%E3%81%8A%E3%81%84%E3%81%97%E3%81%84%E3%82%82%E3%81%AE%E3%81%BE%E3%81%A8%E3%81%8B-349985172144087/,https://www.instagram.com/matoka_yanaimachi/?hl=ja,毎日のおいしいもの まとか,2.0,False
2775.0,おうちごはん てんさいとう,創作料理・無国籍料理,,愛媛県,愛媛県松山市大手町1-10-6,899164582.0,本町一丁目駅,https://goo.gl/maps/nvWYryjW2qdmbN2D7,,,https://facebook.com/tensaitou/,,おうちごはん てんさいとう,2.0,False
2776.0,おでんと酒肴た㐂や,おでん,,愛媛県,愛媛県松山市柳井町1-2-10YANAGIDO201,899489889.0,石手川公園駅,https://goo.gl/maps/ttzLkYBg733oqWi28,,,https://facebook.com/%E3%81%8A%E3%81%A7%E3%82%93%E3%81%A8%E9%85%92%E8%82%B4%E3%81%9F%E3%90%82%E3%82%84-335864870474126/?ref=page_internal,https://instagram.com/odentosaketakiya/?igshid=xzx63nll1m2,おでんと酒肴た㐂や,2.0,False
2777.0,カレー屋moritoner,カレー,,福岡県,福岡県福岡市中央区六本松１丁目３−１８,9011689216.0,六本松駅,https://goo.gl/maps/MiMJugStdVYYZPZV7,,,,https://instagram.com/kunihiro_takei/,カレー屋moritoner,2.0,False
2778.0,ざっと,お好み焼き・もんじゃ焼き,,福岡県,福岡県福岡市東区箱崎３丁目８−３４,9013480573.0,箱崎駅,https://goo.gl/maps/7WPsfSfLfUYswoBf6,https://zathakozaki.amebaownd.com,,,,ざっと,2.0,False
2779.0,C'è solo amore チェ ソーロ アモーレ,イタリアン,,福岡県,福岡県福岡市中央区薬院４丁目１８−１５ライオンズマンションマキシム浄水通り1F,9013625715.0,薬院大通駅,https://g.page/ce_solo_amore,,,https://facebook.com/ce.solo.amore/,https://www.instagram.com/ce_solo_amore/,C'è solo amore チェ ソーロ アモーレ,2.0,False
2780.0,ソルリバ,居酒屋・ダイニングバー,,福岡県,福岡県福岡市中央区渡辺通２丁目３−３２三角市場内,9013676031.0,薬院駅,https://g.page/solriva,https://snack-bar-2679.business.site/,,https://facebook.com/kintoun7272/,,ソルリバ,2.0,False
2781.0,M-lab,イタリアン,,福岡県,福岡県うきは市浮羽町朝田１１５−１,9017140607.0,うきは駅,https://goo.gl/maps/rWGc13JA9CaPQb6p6,http://m-lab-ukiha.com/,,https://facebook.com/mlab.ukiha/,https://www.instagram.com/m_lab_ukiha/,M-lab,2.0,False
2782.0,にっこり食堂　釧路,カフェレストラン,,北海道,北海道釧路市春採3丁目17-4,9020543441.0,武佐駅,https://goo.gl/maps/Dvq4zmzsm7kcnBpa7,,,,,にっこり食堂 釧路,2.0,False
2783.0,atacu-cafe あたくカフェ,カフェレストラン,,東京都,東京都千代田区神田神保町1-16-9,9021549516.0,神保町駅,https://goo.gl/maps/fkN4D837nsb7woPM7,https://atacucafe.business.site/,,,https://instagram.com/atacucafe,atacu-cafe あたくカフェ,2.0,False
2784.0,粉門屋仔猫,ベーカリーカフェ,パン・デザート・お惣菜・NAGANO WINE販売,長野県,長野県長野市１２７９−６,9021752020.0,JR長野駅徒歩2分,https://goo.gl/maps/QsHMfEucCUK5Q8k27,https://sakaki.wine/retail/konamonya/,https://twitter.com/konakoneko,https://www.facebook.com/konamonnyakoneko/,https://www.instagram.com/konamonnyakoneko/,粉門屋仔猫,2.0,False
2785.0,ラーメン風林火山,ラーメン・つけ麺,ラーメン,山形県,山形県鶴岡市末広町17-15,9022755328.0,鶴岡,"https://maps.google.com/maps?ll=38.738812,139.838827&z=14&t=m&hl=ja&gl=US&mapclient=embed&q=%E3%80%92997-0015%20%E5%B1%B1%E5%BD%A2%E7%9C%8C%E9%B6%B4%E5%B2%A1%E5%B8%82%E6%9C%AB%E5%BA%83%E7%94%BA%EF%BC%91%EF%BC%97%E2%88%92%EF%BC%91%EF%BC%95",,,,,ラーメン風林火山,2.0,False
2786.0,らーめんダイニング庵,ラーメン・つけ麺,ラーメン,群馬県,群馬県吾妻郡中之条町折田2198-1,9024517822.0,中之条,"https://maps.google.com/maps?ll=36.590931,138.81515&z=12&t=m&hl=ja&gl=US&mapclient=embed&q=%E3%80%92377-0433%20%E7%BE%A4%E9%A6%AC%E7%9C%8C%E5%90%BE%E5%A6%BB%E9%83%A1%E4%B8%AD%E4%B9%8B%E6%9D%A1%E7%94%BA%E5%A4%A7%E5%AD%97%E6%8A%98%E7%94%B0%EF%BC%92%EF%BC%91%EF%BC%99%EF%BC%98%E2%88%92%EF%BC%91",,,,,らーめんダイニング庵,2.0,False
2787.0,麺屋 華一,居酒屋・ダイニングバー,,福岡県,福岡県那珂川市五郎丸1-4-103,9027169725.0,博多南駅,https://goo.gl/maps/ANfmENuCyjNjLJvz8,,,,,麺屋 華一,2.0,False
2788.0,宍道湖ワイン,ワインバー,,島根県,島根県松江市朝日町４９４−３,9028678686.0,松江,https://goo.gl/maps/KG55SD42s9riBt6m9,,,https://www.facebook.com/pages/category/Wine-Spirits/%E5%AE%8D%E9%81%93%E6%B9%96%E3%83%AF%E3%82%A4%E3%83%B3-787916384722730/,,宍道湖ワイン,2.0,False
2789.0,なかもと,寿司,,福岡県,福岡県福岡市博多区上川端町２−１２,9029658829.0,祇園駅,https://goo.gl/maps/pSJeCawziNdLCY6K6,https://nakamoto-hakata.com/,,,https://www.instagram.com/nakamoto.hakata/,なかもと,2.0,False
2790.0,バル・ババ,スペイン料理,,福岡県,福岡県福岡市中央区平尾２丁目１７−２０グランド平尾,9029688688.0,平尾駅,https://goo.gl/maps/NpRryNMwnpC1sN9HA,,https://twitter.com/barbaba1203,https://facebook.com/barbaba8688/,https://instagram.com/barbaba8688/,バル・ババ,2.0,False
2791.0,カフェグラッチェ,カフェレストラン,,茨城県,茨城県取手市駒場3丁目6-14,297867710.0,取手駅,https://goo.gl/maps/qTndPHm5EvgUAdF39,https://cafe-24617.business.site/?utm_source=gmb&utm_medium=referral,,,,カフェグラッチェ,2.0,False
2792.0,花山,焼き鳥,,福岡県,福岡県福岡市東区箱崎１丁目４４,9033203293.0,箱崎宮前駅,https://goo.gl/maps/DBBiTn4Qxosi68uG7,,,,https://instagram.com/hanayama_hanayama/,花山,2.0,False
2793.0,mique,ベジ・ヴィーガン,,東京都,東京都目黒区東が丘2-10-16,9034320960.0,駒沢大学駅,https://goo.gl/maps/dk4RdTZQvwAA1a5TA,http://www.mique-plantbasedfood.com/,,,,mique,2.0,False
2794.0,てるsun,カレー,,福岡県,福岡県福岡市早良区高取１丁目1１−５2F,9034932689.0,西新駅,https://goo.gl/maps/J6kR63Mqz6GtifEX9,,,,https://instagram.com/zukarute.c.0221.b/,てるsun,2.0,False
2795.0,自然派ワインと純米酒 Sauvage ソヴァージュ,ワインバー,,栃木県,栃木県栃木市万町14-2,9034995152.0,栃木駅,https://goo.gl/maps/ARxgjik2DydZq5Pv7,https://sauvage-tochigi.com,,,,自然派ワインと純米酒 Sauvage ソヴァージュ,2.0,False
2796.0,和がし圓左,カフェレストラン,,福岡県,福岡県福岡市中央区白金1-12-241F,9035227533.0,薬院駅,https://g.page/wagashiensa,,https://twitter.com/WAGASHIENSA,https://www.facebook.com/wagashi.ensa/,https://www.instagram.com/musasiza/,和がし圓左,1.0,False
2797.0,ビストロキャトル,フレンチ,,茨城県,茨城県取手市取手2-10-15ナガタニビル1F,297869666.0,取手駅,https://maps.app.goo.gl/AWJZo4t5DfwhrvsC9,,https://twitter.com/BistroQuatre,https://www.facebook.com/bistro.quatre/,https://www.instagram.com/bistro.quatre/,ビストロキャトル,2.0,False
2798.0,nemo×夢kitchen,居酒屋・ダイニングバー,飲食店,兵庫県,兵庫県尼崎市昭和南通3-12-2ハイツサンシャイン102,9037224904.0,阪神尼崎駅,https://maps.app.goo.gl/aNo28eEMayc1PcdS6,https://s.tabelog.com/hyogo/A2803/A280304/28053657/,,https://facebook.com/nemo.yume.kitchen/,https://instagram.com/nemo.yume.kitchen/,nemo×夢kitchen,2.0,False
2799.0,インド食堂 ワナッカム,カレー,,福岡県,福岡県福岡市中央区清川３丁目１９−２,9037995362.0,平尾駅,https://goo.gl/maps/w4u5UuJEDh318wCd8,,,https://facebook.com/vanakkam.southindian/,https://instagram.com/vanakkam_indoshokudo/,インド食堂 ワナッカム,2.0,False
2800.0,魔人豚,ラーメン・つけ麺,ラーメン,埼玉県,埼玉県川越市小堤９１０－２８,9038102626.0,若葉,"https://maps.google.com/maps?ll=35.944671,139.416412&z=14&t=m&hl=ja&gl=US&mapclient=embed&q=%E3%80%92350-0811%20%E5%9F%BC%E7%8E%89%E7%9C%8C%E5%B7%9D%E8%B6%8A%E5%B8%82%E5%A4%A7%E5%AD%97%E5%B0%8F%E5%A0%A4%EF%BC%99%EF%BC%91%EF%BC%90%E2%88%92%EF%BC%92%EF%BC%98",,,,,魔人豚,2.0,False
2801.0,Hangout,喫茶店・カフェ,,埼玉県,埼玉県鶴ヶ島市鶴ヶ丘69-18,9040242408.0,鶴ヶ島駅,https://goo.gl/maps/2PzVu9QmnQAgADpN6,,,,https://www.instagram.com/hangout_tsurugashima/,Hangout,2.0,False
2802.0,AQUA VITA,イタリアン,,東京都,東京都羽村市羽東1-22,9042959989.0,羽村駅,https://goo.gl/maps/GHKZNPQQ5ibm1Lh88,http://aquavita2015.jp/,https://twitter.com/aquavita2015,https://facebook.com/Cafe-Bar-Aquavita-106420107532273/,https://www.instagram.com/aquavita2015/,AQUA VITA,2.0,False
2803.0,信州家,そば・うどん,,長野県,長野県松本市筑摩1-2-5,9044605776.0,松本駅,https://goo.gl/maps/W5VdTD62u8DGvee88,https://shinshuya.shinshu-soba.shop/,,,,信州家,2.0,False
2804.0,はんの樹,ベジ・ヴィーガン,,群馬県,群馬県桐生市本町6-398rooster2F,9045304721.0,桐生駅,https://goo.gl/maps/ztHeC9PKeAhbyJpk7,,,,,はんの樹,2.0,False
2805.0,Rica’s kitchen,その他,体にやさしい料理と美味しいワイン,東京都,東京都目黒区中目黒3-22-11メグロハイム102,9045420700.0,中目黒駅,,https://ricas-kitchen.com,,,,Rica’s kitchen,2.0,False
2806.0,ダンポテトカフェ,カフェレストラン,,東京都,東京都品川区平塚2丁目11-12,9046795473.0,戸越銀座駅,https://goo.gl/maps/AncNRAhP7gWygwxS6,https://danpotatotogoshi.wixsite.com/togoshi,https://mobile.twitter.com/DanPotato_1054,https://facebook.com/DANpotato1,https://instagram.com/danpotato.cafe?igshid=1im7vchphfbdx,ダンポテトカフェ,2.0,False
2807.0,nico＋,その他,米粉のマフィン(お食事マフィンあり),埼玉県,埼玉県狭山市南入曽652-5サヤマハウスC-103,9048444431.0,入曽駅,https://maps.app.goo.gl/inaJe2HUCJ6tr1id6,,,,http://instagram.com/nicoplus2018/,nico＋,1.0,False
2808.0,69spirits,バー,球磨焼酎の専門BAR,熊本県,熊本県熊本市中央区手取本町2-7和光ビル地下,9049977581.0,熊本城・市役所前,https://goo.gl/maps/2zsPBoT7qHuWgDY36,,,https://www.facebook.com/69spirits/,,69spirits,2.0,False
2809.0,ツキニカフェ,カフェレストラン,,京都府,京都府京都市左京区田中高原町29-1,9050562030.0,茶山駅,https://goo.gl/maps/z2XSEJ9pyGeuu6wt9,,,,,ツキニカフェ,2.0,False
2810.0,ネコノテシャ,喫茶店・カフェ,,福岡県,福岡県うきは市浮羽町西隈上５−２　コーポ平川　1号,9052905551.0,うきは駅,https://goo.gl/maps/SxgMaVsywo8DKfir5,,,https://facebook.com/nekonote48/,https://www.instagram.com/nekonote48/,ネコノテシャ,2.0,False
2811.0,むらちゃん農園,その他,いちご農園　カフェ,静岡県,静岡県浜松市中区花川町1667,9054582797.0,浜松駅,https://goo.gl/maps/2jZhcsvXXSU7XPq1A,,,,,むらちゃん農園,2.0,False
2812.0,レストラン中台,洋食,,茨城県,茨城県土浦市桜町2丁目12-3,298221068.0,土浦駅,https://g.page/Restaurantsnakadai?share,https://www.r-nakadai.com/,https://twitter.com/nakadai4311,https://facebook.com/r.nakadai/,,レストラン中台,2.0,False
2813.0,備長炭炭火焼鳥.鶏出汁おでん影「kage」,焼き鳥,焼鳥、おでん、鶏ザンギ等の揚げ物各種,北海道,北海道虻田郡倶知安町北2条西1丁目大協ビル2Ｆ,9060072227.0,倶知安駅,https://maps.app.goo.gl/5L9BcvY4D8Y4GdRt6,,,https://www.facebook.com/Kage.jp/,,備長炭炭火焼鳥.鶏出汁おでん影「kage」,2.0,False
2814.0,特級鶏蕎麦　龍介,ラーメン・つけ麺,つけ麺,茨城県,茨城県土浦市永国778,298239745.0,土浦,"https://maps.google.com/maps?ll=36.061382,140.180336&z=14&t=m&hl=ja&gl=US&mapclient=embed&q=%E3%80%92300-0817%20%E8%8C%A8%E5%9F%8E%E7%9C%8C%E5%9C%9F%E6%B5%A6%E5%B8%82%E6%B0%B8%E5%9B%BD%EF%BC%97%EF%BC%97%EF%BC%98",,,,,特級鶏蕎麦 龍介,2.0,False
2815.0,ステーキ酒場 飯之泉,居酒屋・ダイニングバー,,茨城県,茨城県守谷市百合ケ丘2丁目2542,9061239109.0,守谷駅,https://goo.gl/maps/his6ANe2CjAbQks39,,https://twitter.com/iizumi_sakaba,,,ステーキ酒場 飯之泉,2.0,False
2816.0,ザキ屋,居酒屋・ダイニングバー,,東京都,東京都武蔵野市緑町1-5-21,9061433799.0,三鷹駅,https://goo.gl/maps/WXN2b8KdqZMGnJZdA,,,,,ザキ屋,2.0,False
2817.0,BANANA CAFE,カフェレストラン,,埼玉県,埼玉県さいたま市見沼区大字南中野４５７−１０イシダコーポマンション103号,9061938296.0,大和田駅,https://goo.gl/maps/h79SnDkiwJ5ZGLVz5,http://cafebanana.web.fc2.com/,https://twitter.com/bananacafe03,https://www.facebook.com/arisu.minmin/,,BANANA CAFE,2.0,False
2818.0,俺の生きる道,ラーメン・つけ麺,スープなし麺,茨城県,茨城県つくば市吾妻３丁目１２−１,298284977.0,つくば,"https://maps.google.com/maps?ll=36.090358,140.111495&z=14&t=m&hl=ja&gl=US&mapclient=embed&q=%E3%80%92305-0031%20%E8%8C%A8%E5%9F%8E%E7%9C%8C%E3%81%A4%E3%81%8F%E3%81%B0%E5%B8%82%E5%90%BE%E5%A6%BB%EF%BC%93%E4%B8%81%E7%9B%AE%EF%BC%91%EF%BC%92%E2%88%92%EF%BC%91",,,,,俺の生きる道,3.0,False
2819.0,ふたつの彗星,ステーキ・ハンバーグ,,福岡県,福岡県うきは市吉井町８−５,9066337975.0,筑後吉井駅,https://goo.gl/maps/26UjVX9jhzYbaDHg9,,,,https://www.instagram.com/futatsu_no_suisei/,ふたつの彗星,2.0,False
2820.0,鶏ガラ貝出汁カレー専門店 天,カレー,,大阪府,大阪府大阪市福島区福島3-9-15-2F,9073593898.0,新福島駅,https://goo.gl/maps/YjV2qc7nnYCg79t8A,,,,http://Instagram.com/curry.ten/,鶏ガラ貝出汁カレー専門店 天,2.0,False
2821.0,重ね煮キッチン ちいさなクローバー,居酒屋・ダイニングバー,,福岡県,福岡県筑紫野市武蔵5丁目4-21,9073963285.0,,https://goo.gl/maps/r9aPMK273tLeXDw96,http://www.clover-aroma.com/,,https://facebook.com/clover.smallclover,https://www.instagram.com/clover_smallclover/,重ね煮キッチン ちいさなクローバー,2.0,False
2822.0,炒飯酒家 Cocokara,中華料理,,福岡県,福岡県うきは市吉井町若宮５６−４,9074438216.0,筑後吉井駅,https://goo.gl/maps/UW68nwX1KyMnj62u7,https://www.cocokara.org,,https://facebook.com/pages/category/Food---Beverage-Company/炒飯酒家-Cocokara-947604541968559/,https://www.instagram.com/cocokara.tyahan/,炒飯酒家 Cocokara,2.0,False
2823.0,ワイン食堂 バルソル,カフェレストラン,,福岡県,福岡県福岡市早良区西新５丁目８−２５タキヤマビル1F,9074550501.0,西新駅,https://goo.gl/maps/y1uRnvEKWVZnqFYp6,,https://twitter.com/barsol2006,https://facebook.com/barSOL2006,https://instagram.com/barsol.nishijin/,ワイン食堂 バルソル,2.0,False
2824.0,糸　釧路,ベジ・ヴィーガン,,北海道,北海道釧路市住吉1-9-12　1F,9076441609.0,釧路駅,https://goo.gl/maps/F8ULn4hd7Z9BBdKq9,,,,,糸 釧路,2.0,False
2825.0,元気茶房,台湾料理,台湾料理,大阪府,大阪府大阪市天王寺区逢阪2-4-22,9077667265.0,天王寺駅,https://maps.app.goo.gl/uccJwqNmFhPE1oQy9,,,https://facebook.com/genkisabou/?locale=ja_JP,https://instagram.com/genkisabou?igshid=mn2kfarcexim,元気茶房,2.0,False
2826.0,ホリスティックマーケットキッチン,ベジ・ヴィーガン,,千葉県,千葉県船橋市本中山2-23-10,9080187272.0,下総中山駅,https://goo.gl/maps/jd8kQMyCwZT9H19Y6,http://www.plusnaturi7.com/,,https://facebook.com/plusnaturi/,https://instagram.com/plusnaturi/,ホリスティックマーケットキッチン,2.0,False
2827.0,お家カフェあさすみ,カフェレストラン,,大阪府,大阪府泉南市岡田5丁目15-20,9081227150.0,岡田浦駅,https://goo.gl/maps/rFMvAMDdbnq2P2vx8,,,,,お家カフェあさすみ,2.0,False
2829.0,なんちゃっ亭　葡萄亭,その他,キッシュ,長野県,長野県安曇野市豊科高家3710-5下田コーポ東,9083260354.0,田沢駅,https://goo.gl/maps/avuA7aehApwMXQAh8,,,,https://instagram.com/akihisam3/,なんちゃっ亭 葡萄亭,2.0,False
2830.0,ピヨトトシャ,各国料理,,東京都,東京都杉並区西荻南２丁目２４−１７,9085085016.0,西荻窪駅,https://goo.gl/maps/mTMNb3J3Kw8ikuFt6,,https://twitter.com/piyototochat,,https://instagram.com/piyototochat,ピヨトトシャ,2.0,False
2831.0,ライス&カリー ラーマ,カレー,,大阪府,大阪府大阪市西区土佐堀２丁目３−２３,9085331211.0,肥後橋駅,https://goo.gl/maps/CTiduHXi8X3x8aus6,,,https://facebook.com/ramacurry/,,ライス&カリー ラーマ,2.0,False
2832.0,恵比寿　今市,和食,生産者さんからの素材を活かした季節の和食。日本酒や日本ワインに合う酒に合う料理。,東京都,東京都渋谷区恵比寿西,9088090101.0,恵比寿駅,https://g.page/ebisu-imaichi?share,https://www.google.com/amp/s/amp.retty.me/r/100001317893/,,https://www.facebook.com/ebisu.imaichi/,https://www.instagram.com/ima1ebisu/,恵比寿 今市,2.0,False
2833.0,Lyon de Lyon,フレンチ,,茨城県,茨城県つくば市西大橋170-1,298285587.0,つくば駅,https://goo.gl/maps/ULXhmAEUFnPHp5vg7,https://lyon-de-lyon.com/,,,,Lyon de Lyon,2.0,False
2834.0,カフェバスブリス＆蔵ギャラリー穂和,喫茶店・カフェ,,長野県,長野県安曇野市穂高牧1735番地,9092233654.0,穂高駅,https://maps.app.goo.gl/7iCQu9z4mYgVV68Z8,https://howa-wiseman.jimdofree.com/,https://twitter.com/CAFEBUSBLISS2,https://facebook.com/azuminocafe/,https://www.instagram.com/howaneko/,カフェバスブリス＆蔵ギャラリー穂和,1.0,False
2835.0,ビンゴバーガー 南町田駅前店,ハンバーガー,,東京都,東京都町田市南町田5丁目10-28,9092421106.0,南町田グランベリーパーク駅,https://goo.gl/maps/bQD8eJCfwnYHJNz79,,,https://facebook.com/%E3%83%93%E3%83%B3%E3%82%B4%E3%83%90%E3%83%BC%E3%82%AC%E3%83%BC-169505956450734/,,ビンゴバーガー,2.0,False
2836.0,Cafe K,喫茶店・カフェ,,埼玉県,埼玉県川越市南通町4-15,9092945815.0,川越駅,https://goo.gl/maps/ZTwCKPcurfXSCt719,https://www.facebook.com/koedokawagoe.cafe/,,,https://instagram.com/koedo_cafe_k/,Cafe K,2.0,False
2837.0,CHICKEN SEVEN チキンセブン,その他,チキン料理、ハラル料理,東京都,東京都千代田区神田須田町2-15-1,9093018622.0,秋葉原駅,https://g.page/chicken7?share,,https://twitter.com/CHICKENSEVEN3,,,CHICKEN SEVEN チキンセブン,2.0,False
2838.0,リトルッカ,ベジ・ヴィーガン,,東京都,東京都練馬区早宮4-27-10-5,9093122031.0,平和台駅,https://goo.gl/maps/1aKAVG7WPyMpf2Nu6,https://www.litorukka.com,,https://facebook.com/litorukka/,https://instagram.com/litorukka/,リトルッカ,2.0,False
2839.0,Oyasai,ベジ・ヴィーガン,,愛知県,愛知県名古屋市名東区山の手3-201,9093397641.0,上社駅,https://goo.gl/maps/Nui8Arf4cyZeMAQy9,,,,https://www.instagram.com/oyasai_vegancafe/?hl=ja,Oyasai,2.0,False
2840.0,テンサン,カフェレストラン,,茨城県,茨城県取手市寺田1570,9093637346.0,取手駅,https://goo.gl/maps/q4yVnLxr9w2vq3zH9,,,https://facebook.com/tensantoride/,,テンサン,2.0,False
2841.0,FIL D'OR フィルドール,フレンチ,,石川県,石川県金沢市片町２丁目１３−２４,9094421324.0,金沢駅,https://goo.gl/maps/Qp4mKbRt2Q9cNmMv8,,,https://facebook.com/FIL-DOR-フィルドール-879580538860200,https://instagram.com/fildor_kanazawa?igshid=nftxcqj24ynv,FIL D'OR フィルドール,2.0,False
2842.0,照寿司,寿司,,福岡県,福岡県北九州市戸畑区菅原３丁目１−７,9095672202.0,戸畑駅,https://goo.gl/maps/vtbeZmhnDMMP1AZ27,https://terusushi.jp/,,https://facebook.com/terusushi.tobata/,,照寿司,2.0,False
2843.0,連歌屋珈琲,喫茶店・カフェ,,福岡県,福岡県太宰府市宰府3丁目3番18号,9096062948.0,太宰府駅,https://g.page/dazaifu_coffee_rengaya?share,,,,https://instagram.com/dazaifu_coffee_rengaya/,連歌屋珈琲,2.0,False
2844.0,キッチンバー そごう,中華料理,,和歌山県,和歌山県和歌山市畑屋敷雁木丁3,9096970774.0,和歌山駅,https://maps.app.goo.gl/tuu9SESsBF55SCcL9,https://localplace.jp/sp/t200490374/index.html,,https://facebook.com/%E3%82%AD%E3%83%83%E3%83%81%E3%83%B3%E3%83%90%E3%83%BC-%E3%81%9D%E3%81%94%E3%81%86-374006050054642/,https://instagram.com/kitchen.bar_sogo,キッチンバー そごう,2.0,False
2845.0,アリーズケバブ,アジア・エスニック,,茨城県,茨城県つくば市天久保2丁目6-8,298452654.0,つくば駅,https://goo.gl/maps/K83obNvLbfxpLUDk8,http://alis-kebab.com/,https://twitter.com/alitava0521,,,アリーズケバブ,2.0,False
2846.0,春日原 十八,鍋料理,居酒屋,福岡県,福岡県大野城市錦町4-4-8VEGA錦1F,,春日原駅,https://goo.gl/maps/ouhRZQsk7FupHXUD7,,,https://www.facebook.com/kasugabaru18/,https://www.instagram.com/kasugabaru_tohachi/,春日原 十八,2.0,False
2847.0,お箸でフレンチ欧風懐石 勝,フレンチ,,福岡県,福岡県大野城市乙金台3-1-32,,白木原駅,https://goo.gl/maps/rBqMrukTBgPZscpx5,http://www.f-katsu.com/,,https://www.facebook.com/OuFengHuaiShiSheng/,https://www.instagram.com/katsu_french_kaiseki/,お箸でフレンチ欧風懐石 勝,2.0,False
2848.0,狐狸庵,定食・食堂,,福岡県,福岡県大野城市御笠川3-9-6,,白木原駅,https://goo.gl/maps/h1argv3zGxYQ11eE6,,,,,狐狸庵,2.0,False
2849.0,吞鳥,居酒屋・ダイニングバー,,福岡県,福岡県大野城市大城4-10-17,,白木原駅,https://goo.gl/maps/ENiTTecARoZJTuLc8,,,https://www.facebook.com/donchou.karaage/,https://www.instagram.com/donchoukaraage/,吞鳥,2.0,False
2850.0,寿司こばやし,寿司,,福岡県,福岡県大野城市川久保1-1-11,,雑餉隈駅,https://goo.gl/maps/g1SMDwLjuXJ4ttq58,,,,,寿司こばやし,2.0,False
2852.0,焼き鳥 相撲鳥,居酒屋・ダイニングバー,,福岡県,福岡県大野城市錦町2-1-25,,春日原駅,https://goo.gl/maps/c61t8CQ788m2C6b19,,,,,焼き鳥 相撲鳥,2.0,False
2853.0,居酒屋 東府,居酒屋・ダイニングバー,,福岡県,福岡県大野城市下大利一丁目6-22村上ビル1F,,下大利駅,https://goo.gl/maps/PK69Nof8xsVo7Jqt7,,,,,居酒屋 東府,2.0,False
2854.0,お弁当ニューマルヤ,居酒屋・ダイニングバー,,福岡県,福岡県大野城市白木原1丁目11-14,,白木原駅,https://goo.gl/maps/2zo1Qcr7JEVcg99X9,,,,,お弁当ニューマルヤ,2.0,False
2855.0,居酒屋 大ちゃん,居酒屋・ダイニングバー,,福岡県,福岡県大野城市白木原3丁目10-25,,白木原駅,https://goo.gl/maps/q35YE8XGE9LGxRBG6,,,,,居酒屋 大ちゃん,2.0,False
2856.0,琉球料理 安（あん）,居酒屋・ダイニングバー,,福岡県,福岡県大野城市錦町2-3-12ﾎｯﾄﾎﾟｲﾝﾄﾋﾞﾙ1F,,春日原駅,https://goo.gl/maps/xCn36QkjYNvkHZ3o6,,,https://www.facebook.com/%E7%90%89%E7%90%83%E6%96%99%E7%90%86%E5%AE%89-274964776033108/,https://www.instagram.com/ryukyuryourian/,琉球料理 安,2.0,False
2857.0,やき鳥正吉,居酒屋・ダイニングバー,,福岡県,福岡県大野城市白木原4-1-18,,白木原駅,https://goo.gl/maps/xw19sgLCgVP6fQxY7,,,https://www.facebook.com/%E7%84%BC%E3%81%A8%E3%82%8A%E6%AD%A3%E5%90%89-403587513004141/,,やき鳥正吉,2.0,False
2858.0,すし辰,寿司,,福岡県,福岡県大野城市下大利1-17-11,,下大利駅,https://goo.gl/maps/cpe9AdEWVHXE7Nhr9,,,,,すし辰,2.0,False
2859.0,南風荘,居酒屋・ダイニングバー,,福岡県,福岡県大野城市下大利2-17-8,,下大利駅,https://goo.gl/maps/jX6ZbeHq4NqQjjvs6,https://tabelog.com/fukuoka/A4003/A400301/40035676,,,https://www.instagram.com/nan_pu_sou/,南風荘,2.0,False
2860.0,ビストロユイット,フレンチ,,福岡県,福岡県大野城市白木原1-4-13増井ビル1F,,白木原駅,https://g.page/bistrothuit?share,https://www.bistrot-huit.net/,,https://www.facebook.com/bistrothuit/,https://www.instagram.com/bistrothuit/,ビストロユイット,2.0,False
2861.0,味処 花むら,居酒屋・ダイニングバー,,福岡県,福岡県大野城市白木原1-2-15,,白木原駅,https://goo.gl/maps/iV3AYYnikBpWt9t6A,,,https://www.facebook.com/hanamura3060,,味処 花むら,2.0,False
2862.0,パン工房 クロワッサン,カフェレストラン,,福岡県,福岡県大野城市下大利1-6-29,,下大利駅,https://goo.gl/maps/F8GMGuDwN4KTZ5ph7,http://www.croissant-factory.com/,,,,パン工房 クロワッサン,2.0,False
2863.0,大衆居酒屋 はるら,居酒屋・ダイニングバー,,福岡県,福岡県大野城市白木原1-4-9,,白木原駅,https://goo.gl/maps/yXbaru82UBJMuGmV8,,,,https://www.instagram.com/harurashirakibaru/,大衆居酒屋 はるら,2.0,False
2864.0,鮨 ゆうこう,寿司,,福岡県,福岡県大野城市白木原1-14-20カノン白木原1F,,白木原駅,https://goo.gl/maps/eZz4oz3taBKkSaHu9,,,,,鮨 ゆうこう,2.0,False
2865.0,四季の里 將,居酒屋・ダイニングバー,,福岡県,福岡県大野城市雑餉隈町4-2-22,,春日原駅,https://goo.gl/maps/NFZU6gxA2yZJMeGy5,,,,,四季の里 將,2.0,False
2866.0,大陸食堂Asiancafe,居酒屋・ダイニングバー,,福岡県,福岡県大野城市平野台2-11-15,,,https://goo.gl/maps/wHCexQGepMQQ8aqL8,http://www.ne.jp/asahi/asian/cafe/,,https://www.facebook.com/%E5%A4%A7%E9%99%B8%E9%A3%9F%E5%A0%82-Asian-Cafe-596242080481307/,,大陸食堂Asiancafe,2.0,False
2867.0,焼肉 桃花園,焼肉,,福岡県,福岡県大野城市南ヶ丘2丁目23-18,,下大利駅,https://goo.gl/maps/MKxUMP9CmpFhGnHC8,,,https://www.facebook.com/toukaen/,https://www.instagram.com/tokaen6655/,焼肉 桃花園,2.0,False
2868.0,ｲﾀﾘｱﾝﾚｽﾄﾗﾝ アンテェナアト,イタリアン,,福岡県,福岡県大野城市南大利2-1-23ｸﾞﾗﾝﾄﾞｴﾝﾊﾟｲﾔﾎﾃﾙ1F,,下大利駅,https://goo.gl/maps/boQ59kUscCXwQFc27,http://www.grandempirehotel.jp/,,,https://www.instagram.com/grandempirehotel_fukuoka/,ｲﾀﾘｱﾝﾚｽﾄﾗﾝ アンテェナアト,1.0,False
2869.0,唐揚げ専門店 鶏膳,居酒屋・ダイニングバー,,福岡県,福岡県大野城市御笠川6-2-3まどかファーム内,,白木原駅,https://goo.gl/maps/PYwcxSEJLtL6Q7Ya8,,,,,唐揚げ専門店 鶏膳,2.0,False
2870.0,肉山 福岡,ステーキ・ハンバーグ,,福岡県,福岡県福岡市早良区高取２丁目１２−６,922031129.0,藤崎駅,https://goo.gl/maps/cevqNNpSsf63HWk8A,,,https://facebook.com/nikuyamafukuoka/,https://instagram.com/nikuyamafukuoka/,肉山 福岡,2.0,False
2871.0,赤身焼肉USHIO,焼肉,,福岡県,福岡県福岡市博多区博多駅南２丁目１１−１３,922038929.0,博多駅,https://goo.gl/maps/YD76UCrametWwadT9,https://yakiniku-ushio.com,,https://facebook.com/赤身焼肉-ushio-1558114194493040/,https://instagram.com/akamiyakiniku_ushio/,赤身焼肉USHIO,2.0,False
2872.0,Hamburger SUKEYA 箱崎本店,ハンバーガー,,福岡県,福岡県福岡市東区箱崎２丁目２−２７,922042000.0,箱崎宮前駅,https://g.page/sukeya-fukuoka?share,http://www.sukeya.biz/,,https://facebook.com/sukeya.biz/,https://instagram.com/sukeya.biz/,Hamburger SUKEYA 箱崎,2.0,False
2873.0,大衆焼肉 平尾のたまや,焼肉,,福岡県,福岡県福岡市南区高宮1-6-4ファミリーキャッスル内山1F,922121129.0,平尾駅,https://goo.gl/maps/PDqRokTgLFZ995R26,,,,https://www.instagram.com/hirao_tamaya/,大衆焼肉 平尾のたまや,2.0,False
2874.0,Bistrot Le Bourgeon（ビストロ ル･ブルジョン）,フレンチ,,福岡県,福岡県福岡市中央区大宮１丁目７−２１ジェンティーレ薬院1F-A,922153553.0,平尾駅,https://goo.gl/maps/bN9iXyrK79yMkzBUA,,,https://facebook.com/bistrot.le.bourgeon.fukuoka/,https://www.instagram.com/bistrot_le_bourgeon/,Bistrot Le Bourgeon,2.0,False
2875.0,とりなべマルニ,和食,,福岡県,福岡県福岡市中央区高砂２丁目１５−２８第8ダイヨシビル1F,922154077.0,平尾駅,https://goo.gl/maps/TespcvqdzYDYjLKe7,http://www.torinabemaruni.com,,,https://instagram.com/torinabemaruni_takasago/,とりなべマルニ,2.0,False
2876.0,OLENOVA（オレノバ）,ワインバー,,福岡県,福岡県福岡市南区大楠３丁目２０−１８,922310566.0,高宮駅,https://g.page/olenova?share,,https://twitter.com/OLENOVA1?s=20,https://facebook.com/olenova.takamiya/,https://instagram.com/olenova.takamiya/,OLENOVA,2.0,False
2877.0,すし・魚処　のへそ 博多店,寿司,,福岡県,福岡県福岡市博多区住吉２丁目４−７,922601941.0,博多駅,https://g.page/noheso-hakata?share,,,https://facebook.com/noheso.hakata/,https://instagram.com/noheso_hakata/,すし・魚処 のへそ,2.0,False
2878.0,梅山鉄平食堂 博多店,定食・食堂,,福岡県,福岡県福岡市博多区博多駅前２丁目８−１２ザブラッサム博多プレミア2F,922607177.0,博多駅,https://goo.gl/maps/eWvkELKSBtMFnkvy7,https://umeyamateppei.com,https://twitter.com/fYqu8bC760oMxVu,https://facebook.com/umeyamateppei/,,梅山鉄平食堂,2.0,False
2879.0,ステーキマニア 箱崎店,ステーキ・ハンバーグ,,福岡県,福岡県福岡市東区東浜１丁目２−２９,922608222.0,箱崎宮前駅,https://g.page/steakmania-hakozaki?share,,,https://facebook.com/steakmania.hakozaki/,https://instagram.com/steak_mania_hakozaki/,ステーキマニア,2.0,False
2880.0,博多餃子工房 たね屋,餃子,,福岡県,福岡県福岡市博多区東那珂３丁目７−４９クニーヅ東那珂1F,922608926.0,竹下駅,https://g.page/hakata-taneya?share,,https://twitter.com/hakatataneya,https://facebook.com/hakata.taneya,https://instagram.com/hakata.taneya/,博多餃子工房 たね屋,2.0,False
2881.0,日本酒・酒・肴　喜なさる,居酒屋・ダイニングバー,,福岡県,福岡県福岡市博多区博多駅前４丁目１５−１０ビースクエア1F,922609736.0,博多駅駅,https://goo.gl/maps/2vroRgC51CrvxfV17,,,https://facebook.com/%E6%97%A5%E6%9C%AC%E9%85%92%E9%85%92%E8%82%B4-%E5%96%9C%E3%81%AA%E3%81%95%E3%82%8B-1875490276031308,https://instagram.com/kinasaru/,日本酒・酒・肴 喜なさる,2.0,False
2882.0,小料理むとう,和食,,福岡県,福岡県福岡市博多区中洲２丁目６−２３コウフクビル,922613468.0,中洲川端駅,https://goo.gl/maps/WKdy6fFLdxt2vPzt6,,,https://facebook.com/mutoh1212/,https://instagram.com/mutoh1212/,小料理むとう,2.0,False
2883.0,和食堂 山里,和食,,福岡県,福岡県福岡市博多区下川端町３−２ホテルオークラ福岡2F,922621142.0,中洲川端駅,https://goo.gl/maps/vhZAsViD2HnjLgCWA,https://www.fuk.hotelokura.co.jp/restaurant/takeout?,https://twitter.com/HotelOkuraFK,https://facebook.com/hotelokurafukuoka/,https://instagram.com/hotelokura_fukuoka/,和食堂 山里,2.0,False
2884.0,オールデイダイニング カメリア,カフェレストラン,,福岡県,福岡県福岡市博多区下川端町３−２ホテルオークラ福岡1F,922621143.0,中洲川端駅,https://goo.gl/maps/ncvrJBVgpZeP6hwT6,https://www.fuk.hotelokura.co.jp/restaurant/takeout?,https://twitter.com/HotelOkuraFK,https://facebook.com/hotelokurafukuoka/,https://instagram.com/hotelokura_fukuoka/,オールデイダイニング カメリア,2.0,False
2885.0,中国料理 桃花林,中華料理,,福岡県,福岡県福岡市博多区下川端町３−２ホテルオークラ福岡B1F,922621168.0,中洲川端駅,https://goo.gl/maps/18Y9SQm4SSux2Efd7,https://www.fuk.hotelokura.co.jp/restaurant/takeout?,https://twitter.com/HotelOkuraFK,https://facebook.com/hotelokurafukuoka/,https://instagram.com/hotelokura_fukuoka/,中国料理 桃花林,2.0,False
2886.0,肉炉端マウンテン,焼肉,,福岡県,福岡県福岡市博多区中洲２丁目７−３０レビュー中洲1F,922621616.0,中洲川端駅,https://goo.gl/maps/Vt5FYuNRqweVHzj86,,,https://facebook.com/肉炉端マウンテン-1627765340885986/,https://www.instagram.com/niku_mountain/,肉炉端マウンテン,2.0,False
2887.0,博多とりかわ大臣・駅前串房,焼き鳥,,福岡県,福岡県福岡市博多区博多駅前４丁目５−５,922622007.0,博多駅,https://goo.gl/maps/bL6C5aqcbZP7a9DL9,https://hakata-torikawa.com/,,https://facebook.com/hakata.torikawa/,,博多とりかわ大臣・駅前串房,2.0,False
2888.0,Ignition Switch（イグニッションスイッチ）,カフェレストラン,,福岡県,福岡県福岡市博多区下川端町８丁目１１ドリーム川端弐番館1F,922625678.0,中洲川端駅,https://goo.gl/maps/cMZ2DtXgyKJtc39FA,https://www.ignitionswitch-sandwich.com,,https://facebook.com/ignitionswitch.fukuoka/,https://instagram.com/ignitionswitch.sandwich/,Ignition Switch,2.0,False
2889.0,炭火焼鳥焼串 てっぺん,焼き鳥,,福岡県,福岡県福岡市博多区中洲１丁目４−１田中ビル2F,922626166.0,中洲川端駅,https://goo.gl/maps/57FHMEb7C76oDVkB6,,,https://facebook.com/炭火焼鳥焼串-てっぺん-312463282215710/,https://instagram.com/yakitori_teppen/,炭火焼鳥焼串 てっぺん,2.0,False
2890.0,Booze 甲斐,バー,,福岡県,福岡県福岡市博多区中洲２丁目５−９三田ビル2F,922627792.0,中洲川端駅,https://goo.gl/maps/5pzauPtrqZjWq9Lu9,http://booze-kai.jp,,https://facebook.com/pages/Booze%E7%94%B2%E6%96%90/794655787350226/,https://instagram.com/booze_kai_/,Booze 甲斐,2.0,False
2891.0,博多馬肉処 ふろく本店,居酒屋・ダイニングバー,,福岡県,福岡県福岡市博多区中洲２丁目４−１６Nビル1F,922630269.0,中洲川端駅,https://goo.gl/maps/x12FEhvZTBU6yQcz8,,,https://facebook.com/BoDuoMaRouChuFuroku/,https://instagram.com/furoku269/,博多馬肉処 ふろく,2.0,False
2892.0,まるさん餃子,餃子,,福岡県,福岡県福岡市博多区奈良屋町４−１1F,922631083.0,中洲川端駅,https://goo.gl/maps/T8suUF5TjCb27JnVA,,,https://facebook.com/pages/%E3%81%BE%E3%82%8B%E3%81%95%E3%82%93%E9%A4%83%E5%AD%90/154902884536887/,,まるさん餃子,2.0,False
2893.0,ステーキの壺,ステーキ・ハンバーグ,,福岡県,福岡県福岡市博多区中洲4-3-16,922712368.0,中洲川端駅,https://goo.gl/maps/UhCmkfhorSRaYdWV7,,,https://www.facebook.com/steaknotsubo/,https://www.instagram.com/delisteaknotsubo/,ステーキの壺,2.0,False
2894.0,博多やきやき三輪,焼き鳥,,福岡県,福岡県福岡市博多区冷泉町４丁目１２,922713817.0,祇園駅,https://goo.gl/maps/oEeGneLMwZekGgqS9,http://miwahakata3817.com/,,https://facebook.com/yakiyakimiwahakaya/,https://instagram.com/hakatayakiyakimiwa/,博多やきやき三輪,2.0,False
2895.0,コットンフィールズ,ビールバー,,福岡県,福岡県福岡市博多区中洲4-2-15,922715130.0,中洲川端駅,https://goo.gl/maps/QqS3YDPz6kZk27tn8,,,,https://www.instagram.com/cottonfeels_40/,コットンフィールズ,2.0,False
2896.0,焼とりの八兵衛 Bekkan,焼き鳥,,福岡県,福岡県福岡市博多区住吉1-1-9RJRプレシア博多1F,922717539.0,博多駅,https://goo.gl/maps/nfbdWYaZoajoE66u7,https://hachibei.com/?page_id=11634,https://twitter.com/hachibei_hakata,https://www.facebook.com/hachibeibekkan/,https://www.instagram.com/yakitori_hachibei/,焼とりの八兵衛 Bekkan,2.0,False
2898.0,博多やさい巻串 鳴門 本店,居酒屋・ダイニングバー,,福岡県,福岡県福岡市博多区上川端町1-3フタガミ本店川端ビル1F,922722322.0,祇園駅,https://goo.gl/maps/Y5UAaaHGgSGC7vmx7,http://yasaimaki-naruto.com/,,,https://www.instagram.com/yasaimakigushi.naruto/,博多やさい巻串 鳴門,2.0,False
2899.0,スペインバル Farol,スペイン料理,,福岡県,福岡県福岡市博多区綱場町５−５,922724557.0,中洲川端駅,https://goo.gl/maps/RaaFdZy4pQoGUXBz8,,,https://facebook.com/Farol.seat289/,https://instagram.com/farol.jp/,スペインバル Farol,2.0,False
2900.0,炉端肉焼き処 猛伸（たけし）,焼肉,,福岡県,福岡県福岡市博多区冷泉町１０−１０,922725522.0,祇園駅,https://g.page/robatanikuyakitakeshi?share,,,https://facebook.com/robatanikuyakitakeshi/,https://instagram.com/robatanikuyaki.takeshi/,炉端肉焼き処 猛伸,2.0,False
2902.0,鄭家（ジョンガ）,韓国料理,,福岡県,福岡県福岡市博多区須崎町１−８,922811323.0,中洲川端駅,https://goo.gl/maps/6AwsLkimfbWQER4r9,,,https://facebook.com/jyonga/,,鄭家,2.0,False
2903.0,住吉酒販,その他,,福岡県,福岡県福岡市博多区住吉３丁目８−２７,922813815.0,渡辺通駅,https://goo.gl/maps/HKxEAx2dJw71uRRj8,https://www.field-to-table.jp/,https://twitter.com/saketaisho,https://facebook.com/sumiyoshisyuhan/,,住吉酒販,2.0,False
2904.0,牛タンと蕎麦のさえ木,居酒屋・ダイニングバー,,福岡県,福岡県福岡市博多区中洲4-7-22F,922817580.0,中洲川端駅,https://goo.gl/maps/XeNSJwH9T1diWqyM8,https://saeki-soba.com/,,,,牛タンと蕎麦のさえ木,1.0,False
2905.0,焼肉・冷麵 大東園,焼肉,,福岡県,福岡県福岡市博多区上川端町１−１−１,922820055.0,祇園駅,https://goo.gl/maps/eKN7CP92R6fwXDnx5,https://ssl.daitoen.com/,,https://facebook.com/hakata.daitoen/,,焼肉・冷麵 大東園,2.0,False
2906.0,すし処 洲（しま）,寿司,,福岡県,福岡県福岡市博多区店屋町５−５　ヴィバイン川端1F,922820880.0,祇園駅,https://goo.gl/maps/5NGMKjhkS373rqFW6,,,,https://instagram.com/sushidokoroshima/,すし処 洲,2.0,False
2907.0,庵茂,居酒屋・ダイニングバー,,福岡県,福岡県福岡市博多区住吉2-4-3,922827775.0,中洲川端駅,https://goo.gl/maps/rf7BBhFJhMCGG8EY7,https://www.hotpepper.jp/strJ000027838/,,,https://www.instagram.com/anmo_0141/,庵茂,2.0,False
2908.0,天勺 川端店,寿司,,福岡県,福岡県福岡市博多区上川端町4-218,922838363.0,中洲川端駅,https://goo.gl/maps/sSL1VG9cT1NV42jL7,,,https://www.facebook.com/鮨-天勺-455373997968936/,,天勺,2.0,False
2909.0,御厨 神の,和食,,福岡県,福岡県福岡市城南区鳥飼５丁目２０−１８エステートモア鳥飼ノーバ1F,922850870.0,別府駅,https://goo.gl/maps/7hucpm8RXX5wmvTk9,https://mikuriyakanno.amebaownd.com,,https://facebook.com/kanno.mikuriya/,https://instagram.com/mikuriya_kanno/,御厨 神の,2.0,False
2910.0,ゆるり,焼き鳥,,福岡県,福岡県福岡市中央区3-7-24,922854412.0,薬院駅,https://goo.gl/maps/PL8Qf1VG8L17pECs5,http://www.yururi.asia/,,,https://www.instagram.com/yururi_920/,ゆるり,2.0,False
2911.0,井と瀬,その他,,福岡県,福岡県福岡市中央区薬院２丁目１３−２６FILLS薬院1F,922856658.0,薬院駅,https://goo.gl/maps/n2nHB41XXxmiCxobA,http://www.itose-fukuoka.com/,,https://facebook.com/井と瀬-1390942224265834/,https://instagram.com/itose0515/,井と瀬,2.0,False
2912.0,おきなわ宮古島食堂 彩家,居酒屋・ダイニングバー,,福岡県,福岡県福岡市中央区高砂２丁目２３−２リーベ高砂103,922874937.0,平尾駅,https://goo.gl/maps/mASY3rtea5qr5eRr7,,https://twitter.com/oms_saiya,https://facebook.com/pages/%E3%81%8A%E3%81%8D%E3%81%AA%E3%82%8F%E5%AE%AE%E5%8F%A4%E5%B3%B6%E9%A3%9F%E5%A0%82%E5%BD%A9%E5%AE%B6/183060919005183/,https://instagram.com/oms.saiya0318/,おきなわ宮古島食堂 彩家,2.0,False
2913.0,Chandan Cafe,ベジ・ヴィーガン,,福岡県,福岡県福岡市早良区藤崎１丁目１−５セゾン藤崎1F,922874971.0,藤崎駅,https://g.page/Chandan-Cafe,,,,https://instagram.com/chandan_cafe/,Chandan Cafe,2.0,False
2914.0,LULU,居酒屋・ダイニングバー,,福岡県,福岡県福岡市東区筥松３丁目１０−１３,922875860.0,箱崎駅,https://goo.gl/maps/arDuuAE5jvD3611P8,https://lulu-japanese-izakaya-restaurant.business.site,,https://facebook.com/LULU20181009/,https://instagram.com/lulu20181009/,LULU,2.0,False
2915.0,チャイニーズデリ ぱんだのゴハン,中華料理,,福岡県,福岡県福岡市早良区西新５丁目１−２２,922875991.0,西新駅,https://goo.gl/maps/QomnxPYDn18QzDua6,,,https://facebook.com/チャイニーズデリ-ぱんだのゴハン-574556679642581/,https://instagram.com/pannda_gohann/,チャイニーズデリ ぱんだのゴハン,2.0,False
2916.0,誠紅食堂,中華料理,,福岡県,福岡県太宰府市五条1丁目15番6号,922876117.0,太宰府駅,https://goo.gl/maps/prfHG3WAQ5CDVHqy6,,,,,誠紅食堂,2.0,False
2917.0,Higebozu,居酒屋・ダイニングバー,,福岡県,福岡県福岡市南区野間１丁目５−３1F,922876866.0,高宮駅,https://g.page/HIGEBOZU,https://hige-bozu.gorp.jp,,https://facebook.com/Higebozu-2281379505288277/,https://www.instagram.com/hige_bozu0617/,Higebozu,2.0,False
2918.0,焼肉すどう 春吉,焼肉,,福岡県,福岡県福岡市中央区春吉３丁目１１−１９,922878015.0,西鉄福岡（天神）駅,https://g.page/sudoharuyoshi,http://yakinikusudo.com/,,https://facebook.com/yakinikusudo.haruyoshi,https://instagram.com/yakinikusudo/,焼肉すどう 春吉,2.0,False
2919.0,赤坂けやき通り むらた,そば・うどん,,福岡県,福岡県福岡市中央区赤坂３丁目９−２８大産赤坂ビル1F,922910894.0,赤坂駅,https://goo.gl/maps/WZwoV9JAgJ6rgL2b8,,,https://facebook.com/pages/%E8%B5%A4%E5%9D%82%E3%81%91%E3%82%84%E3%81%8D%E9%80%9A%E3%82%8A%20%E3%82%80%E3%82%89%E3%81%9F/1790181557671391/,https://instagram.com/keyaki.soba.murata/,赤坂けやき通り むらた,2.0,False
2920.0,日本酒とワイン 米と葡萄 by Shingen,居酒屋・ダイニングバー,,福岡県,福岡県福岡市博多区中洲５丁目４−１９,922911105.0,中洲川端駅,https://g.page/kometobudo,,,https://facebook.com/日本酒とワイン-米と葡萄-by-Shingen-2198085166868881/,https://instagram.com/kometobudo/,日本酒とワイン 米と葡萄 by Shingen,2.0,False
2921.0,杏仁坊主,中華料理,,福岡県,福岡県福岡市博多区住吉２丁目４−７,922921199.0,博多駅,https://goo.gl/maps/KinfHD7A23rTLp4C8,,,,https://www.instagram.com/anninbouzu/,杏仁坊主,2.0,False
2922.0,ウルフギャング・ステーキハウス 福岡店,ステーキ・ハンバーグ,,福岡県,福岡県福岡市博多区住吉１丁目２−８２グランドハイアット福岡1F,922921651.0,博多駅,https://goo.gl/maps/8LVx1ENMtuhHY5G1A,http://wolfgangssteakhouse.jp/fukuoka/,,https://facebook.com/pages/%E3%82%A6%E3%83%AB%E3%83%95%E3%82%AE%E3%83%A3%E3%83%B3%E3%82%B0%E3%83%BB%E3%82%B9%E3%83%86%E3%83%BC%E3%82%AD%E3%83%8F%E3%82%A6%E3%82%B9%20%E7%A6%8F%E5%B2%A1%E5%BA%97/1055739317823432/,,ウルフギャング・ステーキハウス,3.0,False
2923.0,Marhaba Halalfood（マルハバ ハラルフード）,パキスタン料理,,福岡県,福岡県福岡市東区筥松３丁目１０−１３,922921887.0,箱崎駅,https://goo.gl/maps/FGFuYBXWL7QRCv6G9,,,https://www.facebook.com/マルハバ-ハラルフードMarhaba-Halalfood-1482679438656700/,https://instagram.com/marhabahalalfood/,Marhaba Halalfood,2.0,False
2924.0,グリルsumitoko,ステーキ・ハンバーグ,,福岡県,福岡県福岡市博多区祇園町２−３５プレスト博多祇園ビル1F,922925789.0,祇園駅,https://goo.gl/maps/bVWeC9GPd7K2J5o79,http://grillsumitoko.com,,https://facebook.com/grillsumitoko,https://instagram.com/grill_sumitoko/,グリルsumitoko,2.0,False
2925.0,はこざきランプ,ハンバーガー,,福岡県,福岡県福岡市東区箱崎２丁目１２−１５さかえビル1F,922926298.0,箱崎駅,https://goo.gl/maps/hmvwfbANk4uP61UW8,https://www.hakozakilamp.com,,https://facebook.com/hakozakilamp/,https://instagram.com/hachannn823/,はこざきランプ,2.0,False
2927.0,ロジウラ古民家酒場 Libre博多 リブレ,イタリアン,,福岡県,福岡県福岡市博多区綱場町５−５,922928899.0,中洲川端駅,https://g.page/rojiura-libre?share,,,https://facebook.com/hakata.tsunaba55.cafe.bar.libre/,https://instagram.com/libre_rojiura/,ロジウラ古民家酒場 Libre博多 リブレ,2.0,False
2928.0,焼とりの八兵衛 前原本店,焼き鳥,,福岡県,福岡県糸島市前原中央3-20-5,923241986.0,筑前前原駅,https://goo.gl/maps/cTj33KuorLAuknTn7,https://hachibei.com/?page_id=1693,https://twitter.com/hachibei_hakata,,https://www.instagram.com/yakitori_hachibei/,焼とりの八兵衛 前原,2.0,False
2929.0,アダンソニア,イタリアン,,福岡県,福岡県糸島市二丈浜窪３９６−１,923252226.0,一貴山駅,https://goo.gl/maps/2PxWyEnAAk7mYSMu8,,,https://facebook.com/アダンソニア-170437769796437/,https://www.instagram.com/adansonia_7/,アダンソニア,2.0,False
2930.0,ダンザ パデーラ 糸島ランチバイキング,カフェレストラン,,福岡県,福岡県糸島市二丈深江１４５６−１,923252880.0,筑前深江駅,https://goo.gl/maps/mRca5uxDHsHcexS56,http://danzapadella.com,,https://facebook.com/danzapadella/,https://instagram.com/danza_padella/,ダンザ パデーラ 糸島ランチバイキング,2.0,False
2931.0,Duangjan（ドゥワンチャン）,タイ料理,,福岡県,福岡県糸島市二丈深江２１２９−１８,923253986.0,筑前深江駅,https://goo.gl/maps/hVBWk9ifgZaoeDud9,http://duangjan.net,,https://facebook.com/Duangjan.thai/,https://instagram.com/duangjan999/,Duangjan,2.0,False
2932.0,イタル,定食・食堂,,福岡県,福岡県糸島市本１４５４,923308732.0,筑前前原駅,https://goo.gl/maps/Xi4E6Q88mxkUYQWD8,https://mataichi.info/itaru/,,,https://instagram.com/mataichinoshio/,イタル,2.0,False
2933.0,イタリア食堂Pappa パッパ,イタリアン,,福岡県,福岡県福岡市早良区高取１丁目２８−３３伊佐ビル1F,924000329.0,藤崎駅,https://goo.gl/maps/JxJ7utuTYP2ura1s8,,,https://facebook.com/1111pappa/,https://instagram.com/pappa.italiano/,イタリア食堂Pappa パッパ,2.0,False
2934.0,石堂橋 白つぐ,和食,,福岡県,福岡県福岡市博多区御供所町２−４０,924003569.0,祇園駅,https://goo.gl/maps/NNnvj5bhp2wkDtNK7,http://shiratsugu.co.jp/,,https://facebook.com/shiratsugu/,https://instagram.com/i.shiratsugu/,石堂橋 白つぐ,2.0,False
2935.0,桜坂 拓,和食,,福岡県,福岡県福岡市中央区桜坂2-7-11,924010200.0,桜坂駅,https://goo.gl/maps/vK48cNLTQUPLdWYR8,http://sakurazakataku.com/,,https://www.facebook.com/sakurazaka.taku/,https://www.instagram.com/sakurazaka_taku/,桜坂 拓,2.0,False
2936.0,鳥飼カフェ,喫茶店・カフェ,,福岡県,福岡県福岡市中央区六本松２丁目６−６,924010610.0,六本松駅,https://g.page/torikaicafe_ropponmatsu?share,https://torikai-cafe.com,,https://facebook.com/char96legarega/,https://instagram.com/torikaicafe_ropponmatsu/,鳥飼カフェ,2.0,False
2937.0,和彩中華 やまだ,中華料理,,福岡県,福岡県福岡市中央区大手門３丁目８−２パルムフレンド1F,924011870.0,大濠公園駅,https://goo.gl/maps/Y23KsF3dpDWgvtp56,,,https://facebook.com/和彩中華-やまだ-102904724712311/,https://instagram.com/wasai_china_yamada/,和彩中華 やまだ,2.0,False
2938.0,無垢,和食,,福岡県,福岡県福岡市中央区高砂１丁目５−２,924014578.0,薬院駅,https://goo.gl/maps/58DHG7bKRMGgzj4FA,https://www.muku2007.com,,https://facebook.com/無垢-858095294319089/,,無垢,2.0,False
2939.0,いっかく食堂BRUNCH 博多パピヨン店,和食,,福岡県,福岡県福岡市博多区千代１丁目２−１ブランチ博多パピヨンガーデン1F,924021221.0,千代県庁口駅,https://goo.gl/maps/foBvGR8xruzPnL6m6,,,,https://instagram.com/ikkakusyokudo.branch/,いっかく食堂BRUNCH,2.0,False
2940.0,ビストロバビロン,フレンチ,,福岡県,福岡県福岡市早良区室見４丁目２４−２１トーコンビル1F,924062553.0,室見駅,https://goo.gl/maps/esoKUQhSEk47sF1F9,,,https://facebook.com/BistroBabylonbasque/,https://instagram.com/bistrobabylon/,ビストロバビロン,2.0,False
2941.0,ルカ スズモト,イタリアン,,福岡県,福岡県福岡市中央区白金１丁目１−１２アサリコーポラス2F,924062740.0,薬院駅,https://goo.gl/maps/Y2U1dNKEEENR1hvAA,http://luca-suzumoto.com/,,https://facebook.com/lucasuzumoto/,https://instagram.com/luca.suzumoto/,ルカ スズモト,2.0,False
2942.0,USburger,ハンバーガー,,福岡県,福岡県福岡市中央区大名２丁目３−２T'sSQUARE5F,924063499.0,赤坂駅,https://goo.gl/maps/LcaPSEk83jCwjB5Z9,,,https://facebook.com/usburgerdaimyo/,,USburger,2.0,False
2943.0,イタリアワインと料理 ROMA ROMA,イタリアン,,福岡県,福岡県福岡市中央区浄水通2-6浄水クレッシェンド3F,924064110.0,薬院大通り駅,https://goo.gl/maps/hYnWSi8TQeDf6T4b6,https://romaroma.jp,,https://www.facebook.com/イタリアワインと料理-ROMA-ROMA-112154016821733/,https://www.instagram.com/romaroma.2019/,イタリアワインと料理 ROMA ROMA,2.0,False
2945.0,Restaurant Aréna（レストラン アレナ）,フレンチ,,福岡県,福岡県福岡市中央区西中洲10-3Nビル1F,924064437.0,天神南駅,https://goo.gl/maps/rdMR3GQwVMCjhCN59,https://www.r-arena.com/,,https://www.facebook.com/arena.cuisine.fr,https://www.instagram.com/restaurant.arena/,Restaurant Aréna,2.0,False
2946.0,清喜ひとしな,ステーキ・ハンバーグ,,福岡県,福岡県福岡市中央区六本松４丁目５−３９ピア２１1F,924065663.0,六本松駅,https://goo.gl/maps/BP4cvQUhs2gTJgaBA,,,https://facebook.com/kiyokihitosina/,https://instagram.com/kiyokihitoshina/,清喜ひとしな,2.0,False
2947.0,熾火のイオ,焼き鳥,,福岡県,福岡県福岡市中央区舞鶴３丁目２−１３ドラード舞鶴1F,924066319.0,赤坂駅,https://goo.gl/maps/Tmw8JFk4m3FzUvH58,https://okibinoio.owst.jp,,,https://www.instagram.com/okibino_io_/,熾火のイオ,2.0,False
2948.0,食堂なおき,和食,,福岡県,福岡県福岡市中央区赤坂３丁目９−３１パークアベニューけやき通り1F,924066606.0,赤坂駅,https://goo.gl/maps/iLs1LSYS4L6AKXi27,,,https://facebook.com/食堂-なおき-254253905230379/,https://instagram.com/shokudo_naoki/,食堂なおき,2.0,False
2949.0,Cernia,イタリアン,,福岡県,福岡県福岡市中央区今泉１丁目３−１,924066891.0,西鉄福岡（天神）駅,https://goo.gl/maps/PCcbQ8E5Bw3eJYG96,,,https://facebook.com/Cernia-235475433287680/,https://instagram.com/cernia_hata/,Cernia,2.0,False
2950.0,酒とめし 開放弦,居酒屋・ダイニングバー,,福岡県,福岡県福岡市南区大楠１丁目２９−２９,924067033.0,高宮駅,https://goo.gl/maps/P8i9z1Rg83dUs4bTA,,,https://facebook.com/kaihougen/,,酒とめし 開放弦,2.0,False
2951.0,Cro-magnonjin（クロマニヨン）,フレンチ,,福岡県,福岡県福岡市中央区大手門１丁目９−３１1F奥,924067487.0,大濠公園駅,https://goo.gl/maps/xNs4FB59Munpu6F79,http://wine-cro.jp,,https://facebook.com/%E3%82%AF%E3%83%AD%E3%83%9E%E3%83%8B%E3%83%A8%E3%83%B3-193544320705905,https://instagram.com/cromagnonjin/,Cro-magnonjin,2.0,False
2952.0,粉やなぎ,和食,,福岡県,福岡県福岡市中央区平尾２丁目１４−１８,924067825.0,平尾駅,https://goo.gl/maps/tYSiQd1Ax7mHuKLU9,https://udon-noodle-shop-631.business.site/,,,https://instagram.com/koyanagi_kids/,粉やなぎ,2.0,False
2953.0,三九酒場 けごむす,居酒屋・ダイニングバー,,福岡県,福岡県福岡市中央区警固２丁目１５−１1F,924067855.0,赤坂駅,https://goo.gl/maps/H4DMQKwNiAmv7oHk7,,,https://facebook.com/kegomusu,https://instagram.com/kegomusu/,三九酒場 けごむす,2.0,False
2954.0,焼鳥ト唐揚ノ居酒屋 やんちゃ鳥 大名店,焼き鳥,,福岡県,福岡県福岡市中央区大名1丁目1-8　2F,924068155.0,天神駅,https://maps.app.goo.gl/y4V2aSeZhreTcUFJA,https://yanchadaimyo.owst.jp/,,,,焼鳥ト唐揚ノ居酒屋 やんちゃ鳥,2.0,False
2955.0,踊るうぐいす,居酒屋・ダイニングバー,,福岡県,福岡県福岡市中央区今泉1-17-221F,924068322.0,西鉄福岡（天神）駅,https://g.page/odoru_uguisu,https://www.h-uguisu.jp/odoru/,,,https://www.instagram.com/odoru_uguisu/,踊るうぐいす,1.0,False
2956.0,串揚・旬彩 隆,串揚げ,,福岡県,福岡県福岡市中央区大名1-8-27,924068512.0,赤坂駅,https://g.page/kushi-taka0913,https://kushi-taka.com,,https://www.facebook.com/串揚旬彩-隆-1950408451668490/,https://www.instagram.com/kushi.taka0913/,串揚・旬彩 隆,2.0,False
2957.0,すし六香,寿司,,福岡県,福岡県福岡市中央区赤坂３丁目１１−１１,924068722.0,赤坂駅,https://goo.gl/maps/WSH6sAVvAj89BZRi7,,,,https://instagram.com/sushimutsuka/,すし六香,2.0,False
2958.0,fam,その他,,福岡県,福岡県福岡市中央区警固１丁目６−３,924068785.0,西鉄福岡（天神）駅,https://goo.gl/maps/Uv8pEc9qT4VpapkS9,https://fam-fukuoka.owst.jp,,,https://instagram.com/fam.connected/,fam,2.0,False
2959.0,たかしるや,和食,,福岡県,福岡県福岡市中央区西中洲４−４RINFIRST3F,924068811.0,中洲川端駅,https://goo.gl/maps/RDLCUbZtRBXvKipN9,https://takashiruya.com/nishi/index.html,,https://facebook.com/%E3%81%9F%E3%81%8B%E3%81%97%E3%82%8B%E3%82%84-110366349097804,https://instagram.com/n.takashiruya/,たかしるや,2.0,False
2960.0,日本料理ながおか,和食,,福岡県,福岡県福岡市中央区西中洲３−２０連ラウンドビル103,924069181.0,中洲川端駅,https://goo.gl/maps/KJwhTUomoLBAkwGD9,http://shu-nagaoka.fukuoka.jp,https://instagram.com/nagaoka_japanese_restaurant/,https://facebook.com/shu.nagaoka.fukuoka,https://instagram.com/nagaoka_japanese_restaurant/,日本料理ながおか,2.0,False
2961.0,ぎゅう丸 大名店,焼肉,,福岡県,福岡県福岡市中央区大名２丁目１−３１,924069366.0,赤坂駅,https://goo.gl/maps/FCNV7UTJUVsdzRBx5,http://gyumaru.net,,https://facebook.com/ぎゅう丸大名店gyu-maru-821549561250421/,,ぎゅう丸,2.0,False
2962.0,HAKKO食堂,和食,,福岡県,福岡県福岡市中央区大手門３丁目２−２６田中ビル1F,924069626.0,大濠公園駅,https://goo.gl/maps/ZPPu3tDEtkE5EY6B7,,,https://facebook.com/pages/Hakko%E9%A3%9F%E5%A0%82/2630863930260286/,https://instagram.com/hakko1029/,HAKKO食堂,2.0,False
2963.0,くしやき鳥三。,焼き鳥,,福岡県,福岡県福岡市城南区神松寺１丁目２３−３７,924070652.0,金山駅,https://goo.gl/maps/gZpMUtwDr1VvN9tx5,,,https://facebook.com/くしやき-鳥三-364396243591425/,https://instagram.com/novoruwo/,くしやき鳥三。,2.0,False
2964.0,西の食堂 うめぼし,居酒屋・ダイニングバー,,福岡県,福岡県福岡市早良区西新５丁目６−６,924071400.0,西新駅,https://goo.gl/maps/4PVa5vj31UmmE8is9,http://atmos-dining.com,,,https://www.instagram.com/nishino_umeboshi/,西の食堂 うめぼし,2.0,False
2965.0,カフェダイニング マカナ,カフェレストラン,,福岡県,福岡県福岡市早良区荒江２丁目１０−１２,924071848.0,茶山駅,https://goo.gl/maps/F3H1fkt4akDNvmEG9,https://makanaarae.owst.jp,,,https://www.instagram.com/makana8cafe/,カフェダイニング マカナ,2.0,False
2966.0,味処げん家,居酒屋・ダイニングバー,,福岡県,福岡県福岡市早良区室見２丁目２−３,924073512.0,藤崎駅,https://goo.gl/maps/Wwrvu72Rgkv1m6cs5,https://tabelog.com/fukuoka/A4001/A400203/40025817/,,https://facebook.com/pages/げん家/209043389180867/,,味処げん家,2.0,False
2967.0,華風 福寿飯店,中華料理,,福岡県,福岡県福岡市早良区高取１丁目１７−１８,924079191.0,藤崎駅,https://goo.gl/maps/7eahuHquKdpjh8e6A,,,https://facebook.com/kafuu.fukujuuhanten/,https://instagram.com/kafu_fukujyuhanten/,華風,2.0,False
2968.0,和風酒場 亀次郎,居酒屋・ダイニングバー,,福岡県,福岡県福岡市早良区城西３丁目２１−２７ビッシュビル1F,924079755.0,西新駅,https://goo.gl/maps/DWAcTEsHjQ29raiC9,,,,https://instagram.com/wahuusakaba_kamejirou/,和風酒場 亀次郎,2.0,False
2969.0,Newyork steak 長住店,ステーキ・ハンバーグ,,福岡県,福岡県福岡市城南区樋井川３丁目１７−１２,924081707.0,福大前駅,https://goo.gl/maps/VjKVuXs4Tk6LLE9S9,,,https://facebook.com/Newyork-steak-長住店-1678184382419052/,https://instagram.com/newyorksteak_fuk/,Newyork steak,2.0,False
2970.0,博多焼肉うしお 長丘店,焼肉,,福岡県,福岡県福岡市南区長丘３丁目１０−８,924083929.0,高宮駅,https://goo.gl/maps/Liap8JMSVBQytKC86,https://ushio.owst.jp,,https://facebook.com/博多焼肉-うしお-111036773617181/,https://instagram.com/hakatayakiniku_ushio/,博多焼肉うしお,2.0,False
2971.0,餃子のロッキー,餃子,,福岡県,福岡県福岡市南区大橋１丁目４−６第15吉川ビル1F,924088508.0,大橋駅,https://goo.gl/maps/DiEx9QatnULsYGuP6,http://atmos-dining.com,,https://facebook.com/atmos.dining.24/,https://instagram.com/rocky.gyouza/,餃子のロッキー,2.0,False
2972.0,Sola Factory,フレンチ,,福岡県,福岡県福岡市博多区築港本町１３−６,924090830.0,呉服町駅,https://goo.gl/maps/VhdTJnFkbRna2hGr5,https://sola-factory.com,,https://facebook.com/Sola-Factory-558189134631210/,https://www.instagram.com/solafactory/,Sola Factory,2.0,False
2973.0,中華そば 月光軒,ラーメン・つけ麺,,福岡県,福岡県福岡市博多区上川端町１１−１B1F,924092225.0,中洲川端駅,https://goo.gl/maps/sHWmNi4sXw31ZCeV7,,https://twitter.com/NoodleMoonlight?s=20,https://facebook.com/pages/%E4%B8%AD%E8%8F%AF%E3%81%9D%E3%81%B0%20%E6%9C%88%E5%85%89%E8%BB%92/2061024384026707/,https://instagram.com/moonlight.noodle/,中華そば 月光軒,2.0,False
2974.0,酒房すぎたま,居酒屋・ダイニングバー,,福岡県,福岡県福岡市東区馬出２丁目２−１５安松ビル1F,924093226.0,馬出九大病院前駅,https://goo.gl/maps/qWmMwYruFXEhSTm99,,,,https://instagram.com/sugitama.k/,酒房すぎたま,2.0,False
2975.0,しん・ぜんび,居酒屋・ダイニングバー,,福岡県,福岡県福岡市博多区中洲５丁目４−６リバーフェイス博多2F,924093389.0,中洲川端駅,https://goo.gl/maps/dSxy9uGfzoKYrHPQ7,,,https://facebook.com/しんぜんび-103158714459117/,https://instagram.com/shinzenbi029/,しん・ぜんび,2.0,False
2976.0,御料理 古川,和食,,福岡県,福岡県福岡市博多区住吉３丁目９−２アーバンⅢ1F,924096113.0,渡辺通駅,https://goo.gl/maps/VapZ5dbMMMmf8mVQ7,https://oryouri-furukawa.com/,,https://facebook.com/御料理-古川-199862950634383/,https://instagram.com/oryouri_furukawa/,御料理 古川,2.0,False
2977.0,ひつまぶし和食備長 中洲川端店,うなぎ,名古屋名物ひつまぶし,福岡県,福岡県福岡市博多区下川端町2-1博多座西銀ビル1F,924096522.0,中洲川端駅,https://g.page/hitsumabush_hakata?share,https://hitsumabushi.co.jp/,,https://www.facebook.com/hitsumabushibincho/,https://www.instagram.com/hitsumabushi_bincho/,ひつまぶし和食備長,2.0,False
2978.0,Bistro en cocotte（ビストロ　アン・ココット）,フレンチ,,福岡県,福岡県福岡市博多区博多駅中央街４丁目２３オリエンタルホテル福岡・博多ステーションB1F,924098011.0,博多駅,https://goo.gl/maps/BgV9GKjmK5NofJDr8,https://www.encocotte.com/,,https://facebook.com/BistroEnCocotte/,https://instagram.com/bistro_en_cocotte/,Bistro en cocotte,2.0,False
2979.0,筥崎荘々,カレー,,福岡県,福岡県福岡市東区箱崎３丁目９−３８明石ビル2F,924098500.0,箱崎駅,https://goo.gl/maps/GknrsmAYSTyio7MP6,http://www.hakozakiso-so.store/,,https://facebook.com/hakozakisousoo/,https://instagram.com/hakozaki_soso/,筥崎荘々,2.0,False
2980.0,竹乃屋 東比恵 本店,居酒屋・ダイニングバー,,福岡県,福岡県福岡市博多区東比恵４丁目４−１２,924156888.0,東比恵駅,https://goo.gl/maps/8r4vNaVJ47gMv3kw5,https://www.umakamonya.com,,https://facebook.com/%E7%AB%B9%E4%B9%83%E5%B1%8B-%E6%9D%B1%E6%AF%94%E6%81%B5%E5%BA%97%E5%85%AC%E5%BC%8F-100406706689853,,竹乃屋 東比恵,2.0,False
2981.0,Dining Cafe&Bar Kingston,その他,,福岡県,福岡県福岡市博多区美野島１丁目１７−６,924312480.0,博多駅,https://goo.gl/maps/VkNihJ3FjdRdLWAv8,,,https://facebook.com/Dining-CafeBar-Kingston-284163608452409/,https://instagram.com/minoshima.kingston/,Dining Cafe&Bar Kingston,2.0,False
2982.0,GARB LEAVES,カフェレストラン,,福岡県,福岡県福岡市博多区博多駅前３丁目１９−１,924320075.0,博多駅,https://g.page/GARBLEAVES?share,https://www.garb-leaves.jp,,https://facebook.com/GARB.LEAVES/,https://instagram.com/garbleaves/,GARB LEAVES,2.0,False
2983.0,とり田（美野島火鍋工場）,鍋料理,,福岡県,福岡県福岡市博多区美野島１丁目４−１,924410927.0,博多駅,https://goo.gl/maps/kJ86QoQQosPBUGRNA,https://toriden.com/,,https://facebook.com/mizutakitoriden/,https://instagram.com/toriden_hakata/,とり田,2.0,False
2984.0,地球屋 住吉本店,その他,,福岡県,福岡県福岡市博多区住吉５丁目１−４,924719575.0,博多駅,https://goo.gl/maps/XuYHoiyPRN9ttVWX7,http://www.chikyuya-honten.com,,https://facebook.com/pages/%E5%9C%B0%E7%90%83%E5%B1%8B%20%E4%BD%8F%E5%90%89%E6%9C%AC%E5%BA%97/349387122291445/,https://instagram.com/chikyuya_sumiyoshi_honten/,地球屋 住吉,2.0,False
2985.0,博多うまかんもん小野,居酒屋・ダイニングバー,,福岡県,福岡県福岡市博多区博多駅東２丁目１−２４ギャラリー博多B1F,924742439.0,博多駅,https://goo.gl/maps/pw7FAnWPr1NkxYhs6,http://www.umakanmonono.com,,https://facebook.com/博多うまかんもん小野-396730337096168/,https://instagram.com/tonmenya_ono/,博多うまかんもん小野,2.0,False
2986.0,暖炭,居酒屋・ダイニングバー,,福岡県,福岡県福岡市博多区博多駅前3-19-23-1F,924743663.0,博多駅,https://goo.gl/maps/A9HaRhsmkFzW27ud9,https://sumibiyakidantan.com/,,https://facebook.com/sumibiyakidantan/,https://instagram.com/dantan_taisa/,暖炭,2.0,False
2987.0,博多 レターレ,ワインバー,,福岡県,福岡県福岡市博多区博多駅前２丁目１−１B2F,924747374.0,博多駅,https://goo.gl/maps/hTMPp8W9DZ7YBiH97,,,https://facebook.com/博多-レターレ-1436307486656527/,https://instagram.com/hakata.retare/,博多 レターレ,2.0,False
2988.0,Chinastand 二兎,中華料理,,福岡県,福岡県福岡市博多区東比恵1-5-5THERISE八重洲1F,924773315.0,東比恵駅,https://goo.gl/maps/WRCVSJwvoxuxGXuF6,https://comatsu.co/,,https://www.facebook.com/chinastandnito/,https://www.instagram.com/nito_higashihie/,Chinastand 二兎,2.0,False
2989.0,杏仁荘,中華料理,,福岡県,福岡県福岡市博多区博多駅南４丁目１７−６,924811633.0,東比恵駅,https://goo.gl/maps/K78Rb19RR74qFSYb7,,,,https://www.instagram.com/annin.sou/,杏仁荘,2.0,False
2990.0,CHILI-DINING（チリ・ダイニング）,アジア・エスニック,,福岡県,福岡県福岡市博多区上牟田３丁目７−１２福岡アーバンビル1F,924815012.0,東比恵駅,https://g.page/CHILI-DINING?share,https://chili-dining.jp,,https://facebook.com/チリダイニング-CHILI-DINING-131098770324306/,https://instagram.com/chilidining/,CHILI-DINING,2.0,False
2991.0,四川料理 巴蜀,中華料理,,福岡県,福岡県福岡市博多区美野島２丁目３−１４,924827474.0,博多駅,https://goo.gl/maps/H1wmphZEoUA9vk9p6,http://hashoku.9syoku.com,,https://facebook.com/四川料理巴蜀-129774817070359/,,四川料理 巴蜀,2.0,False
2993.0,かえる食堂 蓮,定食・食堂,,福岡県,福岡県福岡市博多区浦田１丁目５−３６,925031199.0,福岡空港駅,https://goo.gl/maps/ceWRG6kSkjBUWcQu9,,,https://facebook.com/pages/%E3%81%8B%E3%81%88%E3%82%8B%E9%A3%9F%E5%A0%82%20%E8%93%AE/295939907137919/,https://instagram.com/kaerushokudouren/,かえる食堂 蓮,2.0,False
2994.0,光四郎,ラーメン・つけ麺,,福岡県,福岡県福岡市南区大橋２丁目１１−１４,925111717.0,大橋駅,https://goo.gl/maps/wKno6KME4LVY61L87,,,https://facebook.com/pages/%E5%85%89%E5%9B%9B%E9%83%8E/333267970340188/,https://instagram.com/koushirounoyome/,光四郎,2.0,False
2995.0,レストラン OHANA,和食,,福岡県,福岡県福岡市南区寺塚２丁目３０−１０,925113787.0,高宮駅,https://goo.gl/maps/GoGN5k5XEybqMx6b6,,,https://facebook.com/pages/category/Restaurant/レストラン-OHANA-1588871991362127/,https://instagram.com/ohana_madam_no_hibinokoto/,レストラン OHANA,2.0,False
2996.0,鉄板焼ダイニング　でん,居酒屋・ダイニングバー,,福岡県,福岡県福岡市南区大橋2-21-21,925120010.0,大橋駅,https://goo.gl/maps/oNkhY7rAtPcrbdVg8,,,https://www.facebook.com/dining.den/,,鉄板焼ダイニング でん,2.0,False
2997.0,大衆焼肉たまや 大橋店,焼肉,,福岡県,福岡県福岡市南区大橋1-18-1,925121129.0,大橋駅,https://goo.gl/maps/ZwNEvnXd4Ysjitii6,,,,https://www.instagram.com/tamayaoohasi/,大衆焼肉たまや,2.0,False
2998.0,焼鳥・ろばた 元祖 無法松,焼き鳥,,福岡県,福岡県福岡市南区寺塚１丁目２６−１８東野興産第２ビル1F,925124073.0,高宮駅,https://goo.gl/maps/Dp5QS4xd4YT6M9md9,https://muhomatu.com,,https://facebook.com/%E7%84%BC%E9%B3%A5%E3%82%8D%E3%81%B0%E3%81%9F-%E5%85%83%E7%A5%96-%E7%84%A1%E6%B3%95%E6%9D%BE-158800670871979,,焼鳥・ろばた 元祖 無法松,2.0,False
2999.0,もつ炊き 大衆焼肉 赤井,焼肉,,福岡県,福岡県福岡市南区長丘５丁目２５−７,925125657.0,高宮駅,https://goo.gl/maps/ZSFBTQU7cxxxYfEy5,http://atmos-dining.com,,https://facebook.com/pages/category/Yakiniku-Restaurant/もつ炊き大衆焼肉-赤井ホルモン-長丘-125402437538766/,https://instagram.com/__akahoru.13/,もつ炊き 大衆焼肉 赤井,2.0,False
3000.0,B.B.M,ハンバーガー,,福岡県,福岡県福岡市中央区六本松３丁目９−１０1F,925154664.0,六本松駅,https://goo.gl/maps/QYmaf3uDdhTtrU5V9,http://bbm-jp.com,,https://facebook.com/BBM-769518873220299/,https://instagram.com/b.b.m.ropponmatsu/,B.B.M,2.0,False
3001.0,博多漢塾,和食,,福岡県,福岡県筑紫野市二日市西1-11-14,925157779.0,二日市駅,https://goo.gl/maps/veQiRNtu3PwF1z2u8,,,https://facebook.com/otokojuku.com22/,https://instagram.com/hakataotokojuku/,博多漢塾,2.0,False
3002.0,居酒屋 さん太,居酒屋・ダイニングバー,,福岡県,福岡県筑紫野市二日市中央2-6-3,925171698.0,JR二日市駅,https://goo.gl/maps/9WE9C3aEsQbdhDoV7,,,,,居酒屋 さん太,2.0,False
3003.0,養生カフェ ことほぎ,喫茶店・カフェ,,福岡県,福岡県福岡市東区箱崎１丁目３−８アシストレジデンス桜離宮1F,925175010.0,箱崎駅,https://g.page/cafekotohogi?share,http://kuroki-clinic.com/laboratory/kotohogi.html,,https://facebook.com/cafekotohogi/,https://instagram.com/kotohogi_cafe/,養生カフェ ことほぎ,2.0,False
3004.0,柚子もつ鍋 松葉,鍋料理,,福岡県,福岡県福岡市中央区薬院４丁目１８−５,925175947.0,薬院駅,https://g.page/fukuoka_yakuin_shoyo?share,https://www.shoyo.shop/,https://twitter.com/YAKUIN_SHOYO,https://facebook.com/shoyo1113/,https://instagram.com/yuzumotunabe_fukuoka_shoyo/,柚子もつ鍋 松葉,2.0,False
3005.0,マグフォー,中華料理,,福岡県,福岡県福岡市中央区大名１丁目８−５養巴コープ105号,925177132.0,赤坂駅,https://g.page/MAG-PHO?share,,,https://facebook.com/magpho105/,,マグフォー,2.0,False
3006.0,OPOL（オポロ）,居酒屋・ダイニングバー,,福岡県,福岡県太宰府市五条2丁目4番5号,925184463.0,五条駅,https://goo.gl/maps/j41V8cYLDZMjaNux5,,,,,OPOL,2.0,False
3007.0,酒と飯 トキシラズ,居酒屋・ダイニングバー,,福岡県,福岡県福岡市中央区今泉１丁目１８−１８1F,925187676.0,西鉄福岡（天神）駅,https://goo.gl/maps/S2XDBtuCrJzaKXJr5,,,https://facebook.com/shinichi.sanui.1,https://instagram.com/tokishirazu_sanui/,酒と飯 トキシラズ,2.0,False
3008.0,小料理むらかみ,和食,,福岡県,福岡県福岡市中央区白金１丁目１２−３,925193471.0,薬院駅,https://goo.gl/maps/KS31kwsQ6wJCXDyd8,,,https://facebook.com/pages/%E5%B0%8F%E6%96%99%E7%90%86%E3%82%80%E3%82%89%E3%81%8B%E3%81%BF/298905270487701/,,小料理むらかみ,2.0,False
3009.0,焼魚 平尾商店,魚介・海鮮料理,,福岡県,福岡県福岡市南区高宮1-14-17,925211835.0,平尾駅,https://goo.gl/maps/gBdRbMVAd7ZwomGv7,,,,https://www.instagram.com/yakizakana_hiraoshoten/,焼魚,2.0,False
3010.0,Rotisserie Lampe,フレンチ,,福岡県,福岡県福岡市中央区白金１丁目１５−７,925212915.0,薬院駅,https://goo.gl/maps/FQtKySMG6iZrMdZ1A,https://rotisserie-lampe.owst.jp,,https://facebook.com/Rotisserie-Lampe-640930626013547/,https://instagram.com/rotisserie.lampe/,Rotisserie Lampe,2.0,False
3011.0,居酒屋食堂 クロスローズ,居酒屋・ダイニングバー,,福岡県,福岡県福岡市中央区平尾２丁目１９−２４ロマネスク平尾,925217736.0,平尾駅,https://goo.gl/maps/LLm5xm1ve6HPZvqXA,,,https://facebook.com/hiraocross/,https://instagram.com/mickgoto0905/,居酒屋食堂 クロスローズ,2.0,False
3012.0,Bistro picd’or,フレンチ,,福岡県,福岡県福岡市中央区白金１丁目９−８,925217966.0,薬院駅,https://goo.gl/maps/mNbit1jmFehKcyaJA,,,https://facebook.com/picdor.sirogane/,instagram.com/picdor_shirogane,Bistro picd’or,2.0,False
3013.0,空とぶ豚,韓国料理,,福岡県,福岡県福岡市中央区薬院3-11-30,925218181.0,薬院駅,https://g.page/soratobubuta,https://soratobubuta.owst.jp/,https://twitter.com/Az1J0OOllcjM3uZ,https://www.facebook.com/soratobu2011/,https://www.instagram.com/soratobubuta_hoi/,空とぶ豚,2.0,False
3014.0,Restaurant Kazu,フレンチ,,福岡県,福岡県福岡市中央区浄水通３−４０3F,925220015.0,薬院駅,https://goo.gl/maps/XRkq1AvYfH52rRx68,http://www.kazukitchen.com/,,https://facebook.com/RestaurantKazu/,https://instagram.com/kazu0925220015/,Restaurant Kazu,2.0,False
3015.0,日赤通りのたまや,焼肉,,福岡県,福岡県福岡市南区大楠1-32-11第七川崎ビル,925221129.0,高宮駅,https://goo.gl/maps/eiryEBauJeXh7kBq6,,,,https://www.instagram.com/tamayanisseki/,日赤通りのたまや,2.0,False
3016.0,田中田,和食,,福岡県,福岡県福岡市中央区清川３丁目１６−１９,925221211.0,平尾駅,https://goo.gl/maps/u9xmX18GyXBzoYwg8,http://tanakada.net,,https://facebook.com/pages/%E7%94%B0%E4%B8%AD%E7%94%B0/142806282427446/,https://instagram.com/tanakada.hakata/,田中田,2.0,False
3017.0,炭火やきとり達磨,居酒屋・ダイニングバー,,福岡県,福岡県福岡市中央区高砂１丁目２０−３小林ビル103,925221584.0,薬院駅,https://goo.gl/maps/7a3rNAYxvT87P66D8,,,https://facebook.com/sumibiyakitoridaruma/,https://instagram.com/sumibiyakitoridaruma/,炭火やきとり達磨,2.0,False
3018.0,仙匠,焼肉,,福岡県,福岡県福岡市中央区白金１丁目４−１1F,925222955.0,薬院駅,https://goo.gl/maps/xU14GHJa1x9sr3jNA,http://www.2955.jp,,https://facebook.com/yakinikusensyo/,https://instagram.com/yakinikusensyo/,仙匠,2.0,False
3019.0,たつ庄,寿司,,福岡県,福岡県福岡市中央区高砂1-19-281F,925223390.0,薬院駅,https://goo.gl/maps/t4AuDNcEK83R43WQ7,,,,https://www.instagram.com/tatusyo/,たつ庄,1.0,False
3020.0,Assiette de MAKO,和食,,福岡県,福岡県福岡市中央区大宮１丁目７−８NEOビル2F,925223687.0,薬院駅,https://goo.gl/maps/cS9iLPhGDp7HBrrs6,,,https://facebook.com/AssietteDeMako/,https://instagram.com/assiettedemako/,Assiette de MAKO,2.0,False
3021.0,かんすけ 本店,居酒屋・ダイニングバー,,福岡県,福岡県福岡市中央区高砂１丁目１８−１,925223710.0,薬院駅,https://goo.gl/maps/tVYd5FTQUEMog6vJ9,,,https://facebook.com/kansuke.roman,https://instagram.com/kansuke_takasago/,かんすけ,2.0,False
3022.0,Melmoso da dorokawa,イタリアン,,福岡県,福岡県福岡市中央区平尾２丁目２１−１８トーカンマンション平尾1F,925226232.0,平尾駅,https://goo.gl/maps/itPUUduhioGzghzcA,https://dorokawa-fukuoka.com/,,https://facebook.com/melmoso.da.dorokawa,https://instagram.com/melmoso_da_dorokawa/,Melmoso da dorokawa,2.0,False
3023.0,ダイニングモア月灯,居酒屋・ダイニングバー,,福岡県,福岡県福岡市中央区白金1-17-5-1F,925226338.0,薬院駅,https://goo.gl/maps/noEbwamfEAVbiJoJ9,,,,https://www.instagram.com/shirogane_tukinoakari/?hl=ja,ダイニングモア月灯,2.0,False
3024.0,Lillet,カフェレストラン,,福岡県,福岡県福岡市中央区高砂１丁目１１−８今西ビル301,925226526.0,薬院駅,https://goo.gl/maps/BZ9eUUw7q8xoMziZ9,,,https://facebook.com/Lillet-170644580399235/,https://www.instagram.com/lillet.takasago/,Lillet,2.0,False
3025.0,ワインと喫茶去 camomille（カモミーユ）,カフェレストラン,,福岡県,福岡県福岡市南区大楠２丁目１５−１５,925227663.0,平尾駅,https://goo.gl/maps/QDQW1CKQh9Yyzr2f6,,,https://facebook.com/camomille-カモミーユ-1563657747215205/,https://instagram.com/camomille_fukuoka/,ワインと喫茶去 camomille,2.0,False
3026.0,白金にし田,和食,,福岡県,福岡県福岡市中央区白金２丁目１１−３０,925228525.0,平尾駅,https://goo.gl/maps/EVh9GR7EjnkE4zB57,http://www.fukuoka-nishida.com,,https://facebook.com/shirogane.nishida/,https://www.instagram.com/shirogane_nishida/,白金にし田,2.0,False
3027.0,焼肉はやと,焼肉,,福岡県,福岡県福岡市中央区高砂２丁目１２−３１原田ビル1F,925229249.0,平尾駅,https://goo.gl/maps/T6MX1wU2mGHUhWLaA,https://yakiniku-hayato.jp,,https://facebook.com/pages/%E3%81%8B%E3%82%8F%E3%81%B0%E3%81%9F%E7%B2%BE%E8%82%89%E5%BA%97%20%E7%84%BC%E8%82%89%E3%81%AF%E3%82%84%E3%81%A8/500541926713531/,https://instagram.com/yakiniku8810_/,焼肉はやと,2.0,False
3028.0,BrasserieL'équipe（ブラッスリーレキップ）,フレンチ,,福岡県,福岡県福岡市中央区薬院３丁目８−１４,925230202.0,薬院駅,https://goo.gl/maps/TH2yPATMUtJhqzrS8,,,https://facebook.com/lequipe.jp/,https://instagram.com/brasserielequipe/,BrasserieL'équipe,2.0,False
3029.0,磯ぎよし 薬院店,魚介・海鮮料理,,福岡県,福岡県福岡市中央区薬院3-7-1,925231068.0,薬院駅,https://goo.gl/maps/8TDB4PXCRegjvN7J6,http://www.isogiyoshi.com/,,https://www.facebook.com/isagiyoshiyakuinten/,https://www.instagram.com/hakataisagiyoshi/,磯ぎよし,2.0,False
3030.0,凛丹一碗居,中華料理,,福岡県,福岡県福岡市中央区平尾１丁目１３−３ジェンティーレ薬院Ⅱ1F,925231302.0,薬院駅,https://goo.gl/maps/gQmU7FDfQVsov7GWA,http://www.rintan.jp/,,https://facebook.com/%E5%87%9B%E4%B8%B9-%E4%B8%80%E7%A2%97%E5%B1%85-342493706139045,https://instagram.com/rintanjp/,凛丹一碗居,2.0,False
3031.0,IL GUFO,イタリアン,,福岡県,福岡県福岡市中央区高砂１丁目８−１２2F,925235700.0,薬院駅,https://goo.gl/maps/PE7DLR9Lkz7WwFiw7,,,https://facebook.com/ILGUFO.cit/,https://instagram.com/ilgufo.cit/,IL GUFO,2.0,False
3032.0,旬鮨季酒 赤石,寿司,,福岡県,福岡県福岡市中央区薬院３丁目７−８スクエア薬院プレミアム1F,925236061.0,薬院駅,https://goo.gl/maps/S2ja9uU3uHBQC7xP9,https://aka-ishi.com,,https://facebook.com/syunshiakaishi/,,旬鮨季酒 赤石,2.0,False
3033.0,Osteria Falco（オステリア ファルコ）,イタリアン,,福岡県,福岡県福岡市中央区薬院伊福町１１−１2F,925238502.0,薬院大通駅,https://g.page/Osteria-Falco,https://www.osteriafalco.com,,https://facebook.com/Osteria.Falco/,https://www.instagram.com/osteria_falco/,Osteria Falco,2.0,False
3034.0,Bistro La Coquette,フレンチ,,福岡県,福岡県福岡市中央区高砂１丁目１２−１７,925239277.0,薬院駅,https://goo.gl/maps/Trv1fXzE5prCbM2U6,,,https://facebook.com/pages/Bistro%20La%20Coquette/620905931581817/,https://instagram.com/bistro_la_coquette/,Bistro La Coquette,2.0,False
3035.0,ラーメン海鳴,ラーメン・つけ麺,つけ麺,福岡県,福岡県福岡市中央区清川1-2-8,925240744.0,薬院,"https://maps.google.com/maps?ll=33.581802,130.409264&z=14&t=m&hl=ja&gl=US&mapclient=embed&q=%E3%80%92810-0005%20%E7%A6%8F%E5%B2%A1%E7%9C%8C%E7%A6%8F%E5%B2%A1%E5%B8%82%E4%B8%AD%E5%A4%AE%E5%8C%BA%E6%B8%85%E5%B7%9D%EF%BC%91%E4%B8%81%E7%9B%AE%EF%BC%92%E2%88%92%EF%BC%98",,,,,ラーメン海鳴,2.0,False
3036.0,山縣屋,フレンチ,,福岡県,福岡県福岡市中央区清川１丁目２−８,925240767.0,渡辺通駅,https://goo.gl/maps/s8QwsnJf5UBCaKZB6,http://www.bistro-yamagataya.com,,https://facebook.com/yamagataya.french/,https://instagram.com/yamagataya/,山縣屋,2.0,False
3037.0,まる福,焼肉,,福岡県,福岡県福岡市中央区白金1-9-121F,925241129.0,薬院駅,https://goo.gl/maps/poX3FgWZoTrfPA489,,,,https://www.instagram.com/marufuku1129/,まる福,1.0,False
3038.0,REC COFFEE 薬院駅前店,喫茶店・カフェ,,福岡県,福岡県福岡市中央区白金１丁目１−２６1F,925242280.0,薬院駅,https://g.page/reccoffee_yakuin,https://rec-coffee.com/,,https://facebook.com/rec.coffee/,https://www.instagram.com/rec_coffee/,REC COFFEE,2.0,False
3039.0,うっちゃり食堂,定食・食堂,,福岡県,福岡県福岡市中央区高砂1−15−271F,925243200.0,薬院駅,https://goo.gl/maps/gfo31VkZrHtT9GNr6,,,,https://www.instagram.com/uttyarisyokudo/,うっちゃり食堂,2.0,False
3040.0,食と酒なかむた,和食,,福岡県,福岡県福岡市中央区平尾１丁目１２−３,925247152.0,薬院駅,https://goo.gl/maps/LyHJzWS6qnRQCUkD9,http://nakamuta.com/,,https://facebook.com/shokutosakenakamuta/,https://instagram.com/nakamutataiji/,食と酒なかむた,2.0,False
3041.0,ピッコラ・フェリーチェ,イタリアン,,福岡県,福岡県福岡市中央区高砂１丁目１４−１５,925252108.0,薬院駅,https://goo.gl/maps/x5zuJFiKe2bj1Qxc8,,,https://facebook.com/ピッコラフェリーチェ-286619551367842/,https://instagram.com/piccola_felice_toku/,ピッコラ・フェリーチェ,2.0,False
3042.0,回ｋａｉ,カレー,,福岡県,福岡県福岡市中央区薬院３丁目１３−２０,925254027.0,薬院駅,https://goo.gl/maps/F4P3jsWAwtEh9LUs5,,,https://facebook.com/kaibemfeito/,https://instagram.com/kai_bem/,回ｋａｉ,1.0,False
3043.0,銀しゃり 酒菜 山本山,居酒屋・ダイニングバー,,福岡県,福岡県福岡市中央区平尾2-2,925262033.0,平尾駅,https://goo.gl/maps/bDh6hoTc2haUyFDS9,,,,https://www.instagram.com/yamamotoyama_/,銀しゃり 酒菜 山本山,2.0,False
3044.0,膾炙,焼肉,,福岡県,福岡県福岡市中央区高砂１丁目５−２2F,925262377.0,薬院駅,https://goo.gl/maps/NP4TYcjMZotw51Bw9,http://www.kaisya29.com,,https://facebook.com/膾炙-114136576816751/,https://instagram.com/kaisya_0518/,膾炙,2.0,False
3045.0,Nishimura Takahito La cuisine creativite,フレンチ,,福岡県,福岡県福岡市南区平和２丁目５−２９,925263153.0,平尾駅,https://goo.gl/maps/ghTYG2p3PUu2DpKL8,http://nishimura-takahito.com,,https://facebook.com/nishimura.takahito,https://instagram.com/nishimura.men/,Nishimura Takahito La cuisine creativite,2.0,False
3046.0,蕎喰いまとみ,そば・うどん,,福岡県,福岡県福岡市中央区高砂１丁目２２−９,925264504.0,薬院駅,https://goo.gl/maps/7CiRZx6RNAfoe81c7,http://www.sobagui-imatomi.jp/,,https://facebook.com/pages/%E8%95%8E%E5%96%B0%E3%81%84%E3%81%BE%E3%81%A8%E3%81%BF/159569494056932/,https://instagram.com/sobiagui_imatomi/,蕎喰いまとみ,2.0,False
3047.0,土竜,居酒屋・ダイニングバー,,福岡県,福岡県福岡市中央区白金1丁目11-25,925265791.0,薬院駅,https://goo.gl/maps/GrkSZPzN5iE2p7No9,,,,,土竜,2.0,False
3048.0,一番星 清川店,その他,,福岡県,福岡県福岡市中央区高砂２丁目１４−１７,925268008.0,平尾駅,https://goo.gl/maps/Wy2FZA7HuzPW2KFH6,https://www.kikurin8000.com,,https://facebook.com/pages/%E5%8D%9A%E5%A4%9A%E3%81%8A%E5%A5%BD%E3%81%BF%E7%84%BC%E3%81%8D%20%E4%B8%80%E7%95%AA%E6%98%9F%E2%98%86/159410437486253/,https://instagram.com/ichibanboshi_kiyokawa/,一番星,2.0,False
3049.0,あかりや&あかりやstand,居酒屋・ダイニングバー,,福岡県,福岡県福岡市中央区白金１丁目９−１８,925268330.0,薬院駅,https://goo.gl/maps/fivMGNQDuLjcdTg1A,,,https://facebook.com/あかりやあかりやstand-106860734120939/,https://instagram.com/akariya_stand_sirogane/,あかりや&あかりやstand,2.0,False
3050.0,すし幸徳,寿司,,福岡県,福岡県福岡市中央区高砂１丁目２２−１０,925312311.0,薬院駅,https://goo.gl/maps/as9wa4jqW55NaHDn7,https://www.sushikoutoku.com,,https://facebook.com/sushikoutoku/,,すし幸徳,2.0,False
3051.0,うどん こまる,和食,,福岡県,福岡県福岡市中央区平尾１丁目１２−１９平尾店舗1F,925312918.0,薬院駅,https://goo.gl/maps/YMWcCDdvM13K5N7Y7,,,https://facebook.com/うどん-こまる-171441093380501/,,うどん こまる,2.0,False
3052.0,Vigneron（ヴィニュロン）,フレンチ,,福岡県,福岡県福岡市中央区高砂１丁目２４−２４Fコラソン薬院2F,925313880.0,薬院駅,https://goo.gl/maps/dN7WbEvJKK6GyS7U6,,,https://facebook.com/ヴィニュロン-300142440508877/,,Vigneron,2.0,False
3053.0,そらや,居酒屋・ダイニングバー,,福岡県,福岡県福岡市中央区清川３丁目２５−１５,925313991.0,平尾駅,https://goo.gl/maps/hxJhQ6XLYpG3PQ9v6,,,,https://www.instagram.com/soraya17_sakesake/,そらや,2.0,False
3054.0,お料理 ほそかわ,和食,,福岡県,福岡県福岡市中央区薬院４丁目１−９堤ビル2F,925316333.0,薬院駅,https://goo.gl/maps/r1Swd3Y8sSJzZgtz9,,,https://facebook.com/oryouri63hosokawa/,,お料理 ほそかわ,2.0,False
3056.0,Cucina Italiana Amelia,イタリアン,,福岡県,福岡県福岡市中央区清川２丁目１１−３３仲西ビルⅡB1F,925317280.0,渡辺通駅,https://goo.gl/maps/yKfAU4NcmMqYPN5Z8,https://www.amelia0828.com,,https://facebook.com/Ameria.since2017/,,Cucina Italiana Amelia,2.0,False
3057.0,和外伝 ぜろ,和食,,福岡県,福岡県福岡市南区高宮３丁目２−２６ST31F,925318088.0,高宮駅,https://goo.gl/maps/WBZLGqgo5hqbbgey6,,,,https://www.instagram.com/ce_solo_amore/,和外伝 ぜろ,2.0,False
3058.0,Kaguwa 芳,焼肉,,福岡県,福岡県福岡市中央区高砂１丁目１７−２７,925318760.0,薬院駅,https://g.page/Kaguwa?share,https://kaguwa.owst.jp,,https://facebook.com/KaguwaFang/,https://instagram.com/teppan_kaguwa/,Kaguwa 芳,2.0,False
3059.0,favo,イタリアン,,福岡県,福岡県福岡市中央区平尾４丁目４−２６桑原ビル1-A,925335566.0,平尾駅,https://goo.gl/maps/XMJWV6wXcp7v73AW6,,,https://facebook.com/favo-1947645195526095/,https://instagram.com/favo_fukuoka/,favo,2.0,False
3060.0,BELLO ベッロ　Natural wine & Roast Beef,焼肉,,福岡県,福岡県福岡市中央区平尾３丁目１−６小河ビル1F,925343711.0,薬院駅,https://goo.gl/maps/cKBPg9LCTjDMKUy36,https://www.bello-fukuoka.com/,,https://facebook.com/BELLO-ベッロ-Natural-wine-Roast-Beef-290580264459403/,https://instagram.com/bello93/,BELLO ベッロ Natural wine & Roast Beef,2.0,False
3061.0,小料理や ぐりこ,居酒屋・ダイニングバー,,福岡県,福岡県福岡市中央区薬院３丁目１２−１５,925343833.0,薬院駅,https://goo.gl/maps/rZVf1AwHakF1chFv8,,,https://facebook.com/小料理や-ぐりこ-1474224249456082/,https://instagram.com/masahikoaratani/,小料理や ぐりこ,2.0,False
3062.0,どん蔵,焼肉,,福岡県,福岡県福岡市中央区薬院３丁目７−２７松田ビル1F,925344533.0,薬院駅,https://goo.gl/maps/T6jpvayWFs1GbfV57,http://www.yakimotudongura.com,,https://facebook.com/akasakadongura/,https://instagram.com/dongurayakuin/,どん蔵,2.0,False
3063.0,寅寅寅（とらさん）,居酒屋・ダイニングバー,,福岡県,福岡県福岡市中央区高砂１丁目２０−２松岡ビル1F,925345722.0,薬院駅,https://goo.gl/maps/iBKqrS5xjiug61rK6,https://www.tora-3.com,,,https://instagram.com/yofukashitorasan/,寅寅寅,2.0,False
3064.0,生牡蠣と魚介炭火焼 Carbon,イタリアン,,福岡県,福岡県福岡市中央区白金１丁目１５−７,925347188.0,薬院駅,https://goo.gl/maps/PZuP8bq7CZxQ6DQj9,,,https://facebook.com/carbonfukuoka/,https://www.instagram.com/carbonfukuoka/,生牡蠣と魚介炭火焼 Carbon,2.0,False
3065.0,一本木 石橋,和食,,福岡県,福岡県福岡市中央区平尾１丁目９−１３,925347560.0,平尾駅,https://goo.gl/maps/XxFn5VX5KCxZU5yG8,,,https://facebook.com/profile.php?id=100027846224971/,,一本木 石橋,2.0,False
3067.0,ぽん太,居酒屋・ダイニングバー,,福岡県,福岡県福岡市南区野間１丁目５−３,925411081.0,高宮駅,https://goo.gl/maps/SGFqjrZ2AMVA1NA3A,,,,https://instagram.com/nomayotsukado.ponta.nyp/,ぽん太,2.0,False
3068.0,炭でやくばい,居酒屋・ダイニングバー,,福岡県,福岡県福岡市南区大橋1-8-8大橋八番館ビルB1F,925412983.0,大橋駅,https://goo.gl/maps/PAVEQ3MTFrXe1THp7,,,,https://www.instagram.com/sumideyakubai/,炭でやくばい,2.0,False
3069.0,焼肉処 國,焼肉,,福岡県,福岡県福岡市南区野間２丁目７−１３ヴィラージュ野間1F,925426029.0,高宮駅,https://goo.gl/maps/4SE8aH8XvpBzEWAd8,https://yakinikudokoro-kuni.owst.jp,,https://facebook.com/ShaoRouChuGuo,https://instagram.com/yakinikukuni/,焼肉処 國,2.0,False
3070.0,ボンジュール食堂,フレンチ,,福岡県,福岡県福岡市南区塩原３丁目２６−２３,925518151.0,大橋駅,https://goo.gl/maps/vv7g5EvTfFtjRQTX6,,,https://facebook.com/bonjoursyokudou/,https://www.instagram.com/bonjoursyokudou_ohasi/,ボンジュール食堂,2.0,False
3071.0,焼鳥高宮 高宮駅前店,焼き鳥,,福岡県,福岡県福岡市南区野間１丁目１−１９高宮駅前ビル1F,925536349.0,高宮駅,https://goo.gl/maps/tGwrS7XqWuqZMFfB7,,,https://facebook.com/pages/%E7%84%BC%E9%B3%A5%20%E9%AB%98%E5%AE%AE%E6%9C%AC%E5%BA%97/188588554510859/,https://instagram.com/yakitaka.ekimae/,焼鳥高宮,2.0,False
3072.0,義,居酒屋・ダイニングバー,,福岡県,福岡県福岡市南区野間１丁目５−１３フラップワン高宮1F,925536355.0,高宮駅,https://goo.gl/maps/S7uCQnqRjgxth1bx5,,,https://facebook.com/a-house-of-refuge-義-729615253776480/,,義,2.0,False
3073.0,酒菜いとう,居酒屋・ダイニングバー,,福岡県,福岡県福岡市南区野間１丁目１０−７,925536566.0,高宮駅,https://goo.gl/maps/aim65M2VTLFS5pxPA,,https://twitter.com/shusaiito,https://facebook.com/shusaiito.noma.fukuoka/,https://instagram.com/shusaiito/,酒菜いとう,2.0,False
3074.0,焼にく とびこ,焼肉,,福岡県,福岡県福岡市南区玉川町１０−７,925542958.0,高宮駅,https://goo.gl/maps/3BpMSyimLnnNHhXc8,,,https://facebook.com/%E7%84%BC%E3%81%AB%E3%81%8F-%E3%81%A8%E3%81%B3%E3%81%93-436235696782745,https://instagram.com/yakiniku_tobiko/,焼にく とびこ,2.0,False
3075.0,大皿と魚 とびこ,魚介・海鮮料理,,福岡県,福岡県福岡市南区玉川町１０−９,925547395.0,高宮駅,https://goo.gl/maps/ZJcHZ1crjqV8E9ym9,,,https://facebook.com/大皿と魚-とびこ-783284198355091/,https://instagram.com/ozaratosakana_tobiko/,大皿と魚 とびこ,2.0,False
3076.0,らーめん はや川,ラーメン・つけ麺,,福岡県,福岡県福岡市南区玉川町１１−１１1F,925547474.0,高宮駅,https://goo.gl/maps/vxyuji2Vg3SUrt9Z9,,https://twitter.com/HAYAKA_WA?s=20,https://facebook.com/pages/%E5%9C%B0%E9%B6%8F%E3%82%89%E3%83%BC%E3%82%81%E3%82%93%20%E3%81%AF%E3%82%84%E5%B7%9D/281966558945159/,,らーめん はや川,2.0,False
3077.0,シェ・ヒグチ,フレンチ,,福岡県,福岡県福岡市南区長丘５丁目２５−２５,925555456.0,高宮駅,https://goo.gl/maps/KZKySrEJvgy5gA319,https://www.chezhiguchi.com,,https://facebook.com/%E3%82%B7%E3%82%A7%E3%83%92%E3%82%B0%E3%83%81-487503614603352,,シェ・ヒグチ,2.0,False
3078.0,鉄板焼き広島お好み焼きもんちゃん,お好み焼き・もんじゃ焼き,広島お好み焼き,福岡県,福岡県筑紫野市二日市中央6-3-121F,925555533.0,西鉄二日市駅,https://goo.gl/maps/nCwVhepNGPv2qi7a7,,,,,鉄板焼き広島お好み焼きもんちゃん,1.0,False
3079.0,Dining en,居酒屋・ダイニングバー,,福岡県,福岡県筑紫野市針摺西1-4-2戸田ビル1階1号,925555627.0,朝倉街道駅,https://goo.gl/maps/WFWdX4QL9vvYNNJS8,,,https://facebook.com/Dining-en-158063454282391/,,Dining en,2.0,False
3080.0,広島のお好み焼 あふろ,居酒屋・ダイニングバー,,福岡県,福岡県筑紫野市紫2丁目7-18,925555834.0,西鉄紫駅,https://goo.gl/maps/oeoCTRHL61MMaaZS6,https://okonomiyaki-restaurant-965.business.site/,,https://facebook.com/%E5%BA%83%E5%B3%B6%E3%81%AE%E3%81%8A%E5%A5%BD%E3%81%BF%E7%84%BC-%E3%81%82%E3%81%B5%E3%82%8D-105309540984006/,https://www.instagram.com/explore/locations/105309540984006/,広島のお好み焼 あふろ,2.0,False
3083.0,飯笑 かつやま,居酒屋・ダイニングバー,,福岡県,福岡県筑紫野市筑紫18−6,925557881.0,筑紫駅,https://goo.gl/maps/MvzoXDpLrhhT6Y4W6,,,,https://instagram.com/katsuyama557/,飯笑 かつやま,2.0,False
3084.0,イタリア料理テシマ,イタリアン,,福岡県,福岡県福岡市南区大橋１丁目２０−１守田第１ビル,925571655.0,大橋駅,https://goo.gl/maps/ZgcFJpHAbbKyaN4S7,http://www.teshima-italiano.com/,,https://facebook.com/イタリア料理テシマ手打ちパスタと季節の野菜-264019413631709/,https://instagram.com/cucinaitalianateshima/,イタリア料理テシマ,2.0,False
3085.0,とり皮みつます,焼き鳥,,福岡県,福岡県福岡市南区大橋１丁目１６−５,925612611.0,大橋駅,https://goo.gl/maps/LZX5UFF63qPpqUfC9,https://www.torikawa-mitsumasu.jp,,,https://instagram.com/heiemon/,とり皮みつます,2.0,False
3086.0,餃子酒場 空心,餃子,,福岡県,福岡県福岡市南区野間２丁目７−１３ヴィラージュ野間1F,925615002.0,高宮駅,https://g.page/kuushin?share,https://kuusingyouza.crayonsite.com,,https://facebook.com/餃子酒場空心-1222101107927222/,https://instagram.com/kuushingyouza/,餃子酒場 空心,2.0,False
3087.0,カレーとケーキ かぼちゃ家,カフェレストラン,,福岡県,福岡県福岡市南区大橋４丁目３−２,925615882.0,大橋駅,https://goo.gl/maps/ZQdq7pwCStKb9L2Y9,,,https://facebook.com/カレーとケーキ−かぼちゃ家−153165668034615/,,カレーとケーキ かぼちゃ家,2.0,False
3089.0,菊鮨×TOAHISU,和食,,福岡県,福岡県福岡市中央区大手門３丁目１２−１２BLDG641F,925750718.0,大濠公園駅,https://goo.gl/maps/WRJdt5YCQhazwevw7,,,https://facebook.com/菊鮨-434174889994239/,,菊鮨×TOAHISU,2.0,False
3090.0,らーめん六長屋,ラーメン・つけ麺,,福岡県,福岡県春日市春日公園2-60,925817656.0,白木原駅,https://goo.gl/maps/r1PZsmMTWVoxTrXT8,,,,,らーめん六長屋,2.0,False
3091.0,ビストロ ユイット,フレンチ,,福岡県,福岡県大野城市白木原１丁目４−１３1F,925820358.0,白木原駅,https://g.page/bistrothuit?share,https://www.bistrot-huit.net,,https://facebook.com/bistrothuit/,https://instagram.com/bistrothuit8/,ビストロ ユイット,1.0,False
3092.0,そば処 武蔵,そば・うどん,,福岡県,福岡県春日市原町1-81,925829772.0,春日駅,https://goo.gl/maps/9ciugWvXLFg5oPfv5,https://musashisoba.co.jp,,https://www.facebook.com/sobadokoromusashi/,,そば処 武蔵,2.0,False
3093.0,からあげハリウッド,居酒屋・ダイニングバー,,福岡県,福岡県大野城市下大利1-13-8-1F,925853913.0,下大利駅,https://goo.gl/maps/u4Go7doGuYeKy2RHA,,,,,からあげハリウッド,2.0,False
3094.0,本場インド料理レストラン　ディプパレス春日,カレー,,福岡県,福岡県春日市昇町4丁目81-2,925866555.0,南福岡駅,https://goo.gl/maps/FW1d5RLYYo5Prisu5,,,https://facebook.com/dippalacekasga/?ref=bookmarks,https://instagram.com/dippalacekasga/?hl=ja,本場インド料理レストラン ディプパレス春日,2.0,False
3095.0,焼鳥 景寅,居酒屋・ダイニングバー,,福岡県,福岡県大野城市下大利1丁目9-171F,925920555.0,下大利駅,https://goo.gl/maps/57wnMykPAq1dYX2j8,,,,,焼鳥 景寅,1.0,False
3097.0,ろじ屋,カフェレストラン,,福岡県,福岡県福岡市東区箱崎１丁目１０−７2F,926004809.0,箱崎駅,https://goo.gl/maps/3taRfsB8Act5P4pq6,,,https://facebook.com/rojiya2020/,https://instagram.com/rojiya0122/,ろじ屋,2.0,False
3098.0,DOMADOMA,カレー,,福岡県,福岡県福岡市東区筥松２丁目１９−１７,926110114.0,箱崎駅,https://goo.gl/maps/a4cm6APUQY6C2JjB6,http://www.domadoma.net,,,,DOMADOMA,2.0,False
3099.0,ノダニク,洋食,,福岡県,福岡県福岡市東区筥松2-19-18,926112525.0,箱崎駅,https://goo.gl/maps/hhJboWUgUUfSLhwE7,https://www.nodaniku.com/,,https://www.facebook.com/ikumen80/,https://instagram.com/nodaniku/,ノダニク,2.0,False
3100.0,力すし,寿司,,福岡県,福岡県福岡市東区原田２丁目２６−１９山口ビル,926218389.0,箱崎駅,https://goo.gl/maps/sTZbXcvidE4dsesk8,https://rikisushi.jimdofree.com,,,,力すし,2.0,False
3101.0,はかた きねやうどん 原田店,そば・うどん,,福岡県,福岡県福岡市東区原田１丁目２４–３７グランベルデ丸善1F,926221098.0,箱崎駅,https://goo.gl/maps/sPBpJyN7MKHjVNsBA,,,https://facebook.com/kineyaharada/,https://instagram.com/hakatakineya/,はかた きねやうどん,2.0,False
3102.0,遊膳いさを,居酒屋・ダイニングバー,,福岡県,福岡県福岡市博多区空港前２丁目１５−１５,926231300.0,福岡空港駅,https://goo.gl/maps/D5c9QqqBcnMkEi8SA,,,https://facebook.com/1300isw/,https://instagram.com/yuzen_1300/,遊膳いさを,2.0,False
3103.0,たこ福,お好み焼き・もんじゃ焼き,,福岡県,福岡県福岡市東区原田２丁目２−４1Uハウス原田1F,926237463.0,箱崎駅,https://goo.gl/maps/srdWduru6rnyReiz7,,,https://facebook.com/たこ福-Takofuku-364958184064838/,,たこ福,2.0,False
3104.0,インド料理SURAJスラジュ,カレー,インドカレー、インド料理,福岡県,福岡県福岡市東区原田4-34-8,926240020.0,柚須駅,https://goo.gl/maps/qe7WFQE182exNw1V7,,,,,インド料理SURAJスラジュ,2.0,False
3105.0,Folivora（フォリボ―ラ）,カフェレストラン,,福岡県,福岡県福岡市博多区空港前２丁目５−４０,926295271.0,福岡空港駅,https://goo.gl/maps/CsMRf4hiUMynN1Go8,,,https://facebook.com/namakemonofuk/,https://instagram.com/shuhei.yamada.946/,Folivora,2.0,False
3106.0,チャイナキッチン しん嘉,中華料理,,福岡県,福岡県福岡市東区箱崎3３丁目３６−３１,926320104.0,箱崎九大前駅,https://goo.gl/maps/hGZzun7EcTiSVqff7,,,,,チャイナキッチン しん嘉,2.0,False
3107.0,J'ai Faim,フレンチ,,福岡県,福岡県福岡市東区箱崎３丁目１３−２アーバンビュー211F,926321123.0,箱崎駅,https://goo.gl/maps/t4UcPXbGgPXvpBC3A,,,https://facebook.com/Jai-Faim-664056287069561/,https://instagram.com/kesuuyu_daraha/,J'ai Faim,2.0,False
3108.0,焼とり串ぼうず,焼き鳥,,福岡県,福岡県福岡市東区箱崎6-3-8,926324110.0,箱崎駅,https://maps.app.goo.gl/NVHSSRGC4dR5modM6,,,https://facebook.com/kushibozu/,https://instagram.com/kushi.bozu/,焼とり串ぼうず,2.0,False
3109.0,ふきや 箱崎店,お好み焼き・もんじゃ焼き,,福岡県,福岡県福岡市東区箱崎４丁目６−２５,926335007.0,箱崎宮前駅,https://goo.gl/maps/sYLj69o9jdhJTU1F8,,,,,ふきや,2.0,False
3110.0,焼鳥ながた,焼き鳥,,福岡県,福岡県福岡市東区箱崎２丁目５−２７,926336233.0,箱崎宮前駅,https://goo.gl/maps/49g41YfPg6L4SfVJ8,,,https://facebook.com/pages/category/Yakitori-Restaurant/焼鳥ながた-2048938381911801/,https://instagram.com/yakitorinagata/,焼鳥ながた,2.0,False
3111.0,アーリオオーリオ,イタリアン,,福岡県,福岡県福岡市東区箱崎１丁目２８−１５1F,926336789.0,箱崎駅,https://goo.gl/maps/J713ngQ5N3FYYhAb8,,,https://facebook.com/AglioOliohakozaki/,https://instagram.com/aglioolio_hakozaki/,アーリオオーリオ,2.0,False
3112.0,竜勝園,中華料理,,福岡県,福岡県福岡市東区箱崎２丁目５−２８,926410429.0,箱崎宮前駅,https://goo.gl/maps/JG81QwNiTqsoDBFc9,,,,https://instagram.com/toyokohamachi/,竜勝園,2.0,False
3113.0,春陽軒,ラーメン・つけ麺,,福岡県,福岡県福岡市東区箱崎１丁目３４−９,926412451.0,箱崎宮前駅,https://goo.gl/maps/FBPJTzRhTjG3hh239,,,,https://instagram.com/shunyoken.ramen.hakozaki/,春陽軒,2.0,False
3114.0,サティ,カレー,,福岡県,福岡県福岡市東区箱崎１丁目１４−１,926415311.0,箱崎駅,https://goo.gl/maps/rUtnaCCLbGDPmf7x5,,,,,サティ,2.0,False
3115.0,ももちゃん,お好み焼き・もんじゃ焼き,,福岡県,福岡県福岡市東区箱崎４丁目７−３９,926415512.0,箱崎九大前駅,https://goo.gl/maps/DWz8WWcb6q6e677dA,,,,,ももちゃん,2.0,False
3116.0,たべたか屋,居酒屋・ダイニングバー,,福岡県,福岡県福岡市東区箱崎１丁目２７−１４,926416855.0,箱崎駅,https://goo.gl/maps/f93aeWkbcEJbyWQf9,https://tabetakaya.jp/,https://twitter.com/HhhM6Xntz91rQGP,https://facebook.com/tabetakaya/,https://instagram.com/tabetakaya/,たべたか屋,2.0,False
3117.0,居酒屋 はかたんもん,居酒屋・ダイニングバー,,福岡県,福岡県福岡市東区箱崎３丁目６−３,926417030.0,箱崎駅,https://goo.gl/maps/PsFVHJ5G4VZCgEcU9,,,,https://instagram.com/izakaya_hakatanmon/,居酒屋 はかたんもん,2.0,False
3118.0,パン・ナガタ 箱崎店,カフェレストラン,,福岡県,福岡県福岡市東区箱崎１丁目４４−２０,926438680.0,箱崎宮前駅,https://goo.gl/maps/Z9eQ7diNZTtBZ1XcA,http://www.pannagata.com,,,,パン・ナガタ,2.0,False
3119.0,NACO 吉塚店,イタリアン,,福岡県,福岡県福岡市博多区東公園2-25,926450510.0,吉塚駅,https://goo.gl/maps/L84CkZ68cm2V4AQGA,,,,https://www.instagram.com/naco___yoshizuka/,NACO,2.0,False
3120.0,カフェキューブリック,カフェレストラン,,福岡県,福岡県福岡市東区箱崎１丁目５−１４ベルニード箱崎1F,926450630.0,箱崎駅,https://goo.gl/maps/CuXg5qotZVdWX1W6A,http://bookskubrick.jp,https://twitter.com/BOOKSKUBRICK,https://facebook.com/BOOKSKUBRICK/,https://instagram.com/bookskubrick/,カフェキューブリック,2.0,False
3121.0,筥崎宮迎賓館,フレンチ,,福岡県,福岡県福岡市東区馬出４丁目１４,926511100.0,箱崎宮前駅,https://goo.gl/maps/qARR2fj7sE92qnpd9,https://hakozakigu-geihinkan.jp,,https://facebook.com/tel0926511100/,https://instagram.com/la_saison_hkz/,筥崎宮迎賓館,2.0,False
3122.0,焼肉くだら,焼肉,,福岡県,福岡県福岡市東区箱崎１丁目２４−１３,926511177.0,箱崎宮前駅,https://goo.gl/maps/UAFo478tzmaiwL9TA,,,https://facebook.com/yakinikukudara/,https://instagram.com/hakozaki.yakiniku.kudara/,焼肉くだら,2.0,False
3123.0,居酒屋 海門,居酒屋・ダイニングバー,,福岡県,福岡県福岡市東区箱崎3-12-1,926511545.0,箱崎駅,https://goo.gl/maps/uenHUbWn3iZE3TX76,https://www.hotpepper.jp/strJ000557177/,,,,居酒屋 海門,2.0,False
3124.0,天井桟敷,居酒屋・ダイニングバー,,福岡県,福岡県福岡市東区馬出５丁目３５−１５,926511688.0,箱崎宮前駅,https://goo.gl/maps/WiWKdRQbkMnjqLyD9,https://tabelog.com/fukuoka/A4001/A400201/40003333/,,https://facebook.com/天井桟敷-635453403268401/,,天井桟敷,2.0,False
3125.0,日本料理 梅嘉,和食,,福岡県,福岡県福岡市東区箱崎２丁目１０−１２,926512550.0,箱崎九大前駅,https://goo.gl/maps/ZXGUX2r4ZBBrZLn57,,,,,日本料理 梅嘉,2.0,False
3126.0,静香,定食・食堂,,福岡県,福岡県福岡市東区箱崎１丁目４５−１８,926516855.0,箱崎宮前駅,https://goo.gl/maps/8o3VgZZXrjXxe7e59,,,,,静香,2.0,False
3129.0,COMODO's tatsuyoshi,イタリアン,,福岡県,福岡県福岡市東区千早５丁目２−２５マテーモ千早2F,926726669.0,千早駅,https://goo.gl/maps/ZiV9rvcsQ4R6yi1Z9,http://r.goope.jp/comodos,,https://facebook.com/ComodosTatsuyoshi/,https://instagram.com/comodos_tatsuyoshi/,COMODO's tatsuyoshi,2.0,False
3130.0,とり焼肉エイト,焼き鳥,,福岡県,福岡県福岡市東区水谷２丁目５０−１,926730215.0,千早駅,https://goo.gl/maps/1LgFHdprtcp562cEA,,,https://facebook.com/pages/%E3%81%A8%E3%82%8A%E7%84%BC%E8%82%89%20%E3%82%A8%E3%82%A4%E3%83%88%208/315305532589962/,https://instagram.com/toriyakiniku_eight/,とり焼肉エイト,2.0,False
3131.0,中国菜 隨園,中華料理,,福岡県,福岡県福岡市東区香椎４丁目１５−１８,926733118.0,香椎神宮駅,https://goo.gl/maps/noV7RUcAQsT4VmP86,,,https://www.facebook.com/中国菜-隨園-515185915197284/,https://instagram.com/zuien_kasii/,中国菜 隨園,2.0,False
3132.0,ほっこり絶品中華 宇宙軒,中華料理,,福岡県,福岡県福岡市東区香椎１丁目２−２８,926814467.0,香椎駅,https://goo.gl/maps/4ZoLDEQN2hc3LZhx8,,,https://facebook.com/Hokkoriuchu/,,ほっこり絶品中華 宇宙軒,2.0,False
3133.0,オリーブ 香椎店,イタリアン,,福岡県,福岡県福岡市東区香椎駅前１丁目８−１４エポックビル1F,926823921.0,香椎駅,https://goo.gl/maps/7Gkhya5EphV2vHFb9,http://www.olive-pasta.co.jp,,https://facebook.com/olive.kashii/,https://www.instagram.com/osteria_d_ltalia_olive/,オリーブ,2.0,False
3134.0,TORTUE A PIED（トルチュ ア ピエ）,フレンチ,,福岡県,福岡県福岡市中央区六本松４丁目５−２２,926874573.0,六本松駅,https://goo.gl/maps/QccmnFyS8tSfmhAC7,,,https://facebook.com/Tortue-a-pied-215635745202297/,https://instagram.com/tortue_a_pied/,TORTUE A PIED,2.0,False
3135.0,ユルイヤ,居酒屋・ダイニングバー,,福岡県,福岡県福岡市早良区高取２丁目１３−１,926882144.0,藤崎駅,https://goo.gl/maps/uHf4r9CijRLKfbmP7,,,https://facebook.com/yuruyuruyuruiya,https://instagram.com/takatori_yuruiya/,ユルイヤ,2.0,False
3136.0,出汁と小鉢の和食 なのに,居酒屋・ダイニングバー,,福岡県,福岡県福岡市博多区上呉服町２−２３2F,926886521.0,祇園駅,https://goo.gl/maps/xxcHneQrt1ZM1toz8,https://hakata-nanoni.com/,,https://facebook.com/hakatananoni,https://instagram.com/nanoni_gofuku/,出汁と小鉢の和食 なのに,2.0,False
3137.0,肉菜処 かえる屋,定食・食堂,,福岡県,福岡県糟屋郡志免町田富２丁目３−３,926922535.0,須恵中央駅,https://goo.gl/maps/JoAPBf1UUoghneDSA,https://toriden.com/,,https://facebook.com/kaeruya0627/,https://instagram.com/nikusaidokoro_kaeruya/,肉菜処 かえる屋,2.0,False
3138.0,古々地庵,カレー,,福岡県,福岡県古賀市薦野１３０２ー１,926926067.0,古賀駅,https://goo.gl/maps/WTh3PsyDq8KLKERFA,http://www.cmall21.jp/cocochian/,,https://facebook.com/pages/%E5%8F%A4%E3%80%85%E5%9C%B0%E5%BA%B5/131282633651778/,https://instagram.com/cocochian0610/,古々地庵,2.0,False
3139.0,Ristorante fanfare,イタリアン,,福岡県,福岡県福岡市中央区大名２丁目１０−３９2F,927070650.0,赤坂駅,https://goo.gl/maps/LBJFz2VbQaSsiGv46,https://www.ristorante-fanfare.com,,https://facebook.com/ristorante.fanfare/,https://instagram.com/ristorante_fanfare/,Ristorante fanfare,2.0,False
3140.0,イタリア食堂SORA,イタリアン,,福岡県,福岡県福岡市中央区薬院2-17-1ライオンズマンション薬院第21F,927070995.0,薬院大通駅,https://g.page/sorafukuoka416,https://sora.owst.jp,https://twitter.com/sorafukuoka416,https://www.facebook.com/sorafukuoka416/,https://www.instagram.com/sorafukuoka/,イタリア食堂SORA,2.0,False
3141.0,肉のだるま,焼肉,,福岡県,福岡県福岡市中央区六本松３丁目８−４,927071029.0,六本松駅,https://goo.gl/maps/wVEmnwVoXuPjXJXx5,http://atmos-dining.com,,https://facebook.com/pages/%E8%82%89%E3%81%AE%E3%81%A0%E3%82%8B%E3%81%BE/162104374441613/,https://instagram.com/nikunodaruma/,肉のだるま,2.0,False
3142.0,山本のハンバーグ 六本松,ステーキ・ハンバーグ,,福岡県,福岡県福岡市中央区六本松４丁目９−１０六本松コーポ1F,927072634.0,六本松駅,https://goo.gl/maps/fuhLCSSGFFRJGZ4n7,,,https://facebook.com/pages/%E5%B1%B1%E6%9C%AC%E3%81%AE%E3%83%8F%E3%83%B3%E3%83%90%E3%83%BC%E3%82%B0/452345185132833/,https://instagram.com/yamahanropponmatsu/,山本のハンバーグ 六本松,2.0,False
3143.0,炉端 NUMBER SHOT,居酒屋・ダイニングバー,,福岡県,福岡県福岡市中央区大名１丁目１２−３６ニューアイランドマンション1F,927073801.0,赤坂駅,https://goo.gl/maps/Nmu7QSUWUszQDXuz5,,,https://facebook.com/炉端-NUMBER-SHOT-1772587766397194/,https://instagram.com/robata_number_shot/,炉端 NUMBER SHOT,2.0,False
3144.0,肉鉄ichinokata,居酒屋・ダイニングバー,,福岡県,福岡県福岡市南区大楠3-20-1,927073878.0,高宮駅,https://goo.gl/maps/wD9HpPwHLNPZHRz9A,,,https://www.facebook.com/ichinokata/,https://www.instagram.com/nikutetsuichinokata/,肉鉄ichinokata,2.0,False
3145.0,NAKAGAWA,イタリアン,,福岡県,福岡県福岡市中央区渡辺通２丁目１−８２電気ビル北館B1F,927073934.0,薬院駅,https://goo.gl/maps/9scpEXst6ZzdjNNy7,,,https://facebook.com/Nakagawa201806/,https://instagram.com/nakagawa.honten64/,NAKAGAWA,2.0,False
3146.0,鯖とら,居酒屋・ダイニングバー,,福岡県,福岡県福岡市城南区鳥飼５丁目７−５,927075277.0,別府駅,https://goo.gl/maps/n1ZDwFquPME91RLW6,https://sabatora.kitchen,,https://facebook.com/sabatorakitchen/,,鯖とら,2.0,False
3147.0,台湾料理福来多,中華料理,,福岡県,福岡県福岡市南区井尻5-4-13,927079887.0,井尻駅,https://goo.gl/maps/a1fhH7DKBr9JcfBYA,,,,,台湾料理福来多,2.0,False
3148.0,創作居酒屋　howl,居酒屋・ダイニングバー,創作洋食＆中華,福岡県,福岡県太宰府市五条1-18-2,927101647.0,西鉄五条駅,https://g.page/gojohowl?share,https://howl.hp.gogo.jp/pc/?fbclid=IwAR0wgHmS6h9Uy9zveeNojGqyxKv83ROXpR8Wl4U3ZO4oGr-gElmp0KsfLgw,https://twitter.com/howl74957179,https://facebook.com/gojohowl/,https://instagram.com/gojohowl/?hl=ja,創作居酒屋 howl,2.0,False
3149.0,山本のハンバーグ 太宰府,ステーキ・ハンバーグ,,福岡県,福岡県太宰府市大佐野３丁目１１−１２,927101663.0,都府楼南駅,https://goo.gl/maps/Hng28Td5FkPLzG2G7,,,,https://instagram.com/wazina.dazaifu/,山本のハンバーグ 太宰府,2.0,False
3150.0,中華料理　永徳酒家,中華料理,,福岡県,福岡県朝倉郡筑前町二224-2,927102007.0,筑紫駅,https://goo.gl/maps/zt5yJ55BELwhqJm4A,,,,,中華料理 永徳酒家,2.0,False
3151.0,魚那海 -uonami-,居酒屋・ダイニングバー,,福岡県,福岡県那珂川市五郎丸1-96,927103634.0,博多南駅,https://goo.gl/maps/31Rig7ZSSSgVYRnh9,,,,,魚那海 -uonami-,2.0,False
3152.0,Restaurante del mar（デルマール）,イタリアン,,福岡県,福岡県福岡市博多区中洲２丁目６−７ジョイフルヤマモトビル1F,927104330.0,中洲川端駅,https://goo.gl/maps/QnEm4Gi9zx1S7Ays9,https://restaurante-delmar.com,,https://facebook.com/restaurantedelmar2017/,https://www.instagram.com/restaurante_del_mar/,Restaurante del mar,2.0,False
3153.0,ワインと天ぷら あら木 都ホテル博多,天ぷら,,福岡県,福岡県福岡市博多区博多駅東２丁目１−１都ホテル博多B1F,927104685.0,博多駅駅,https://goo.gl/maps/CZHNjcB93XjmzvGF7,,,https://facebook.com/pages/%E3%83%AF%E3%82%A4%E3%83%B3%E3%81%A8%E5%A4%A9%E3%81%B7%E3%82%89%20%E3%81%82%E3%82%89%E6%9C%A8%20%E9%83%BD%E3%83%9B%E3%83%86%E3%83%AB%E5%8D%9A%E5%A4%9A/104848787602838/,https://instagram.com/wine_tempura_araki_miyako/,ワインと天ぷら あら木 都ホテル博多,2.0,False
3154.0,二○加屋長介 博多筑紫口店,そば・うどん,,福岡県,福岡県福岡市博多区博多駅東2-3-291F,927104788.0,博多駅,https://goo.gl/maps/X2QVm4PhAXFkYVqf8,,https://twitter.com/niwakayachosuke,https://www.facebook.com/chosuke/,https://www.instagram.com/niwakaya.chosuke/,二○加屋長介,1.0,False
3155.0,中華バル あおいくま,中華料理,,福岡県,福岡県福岡市東区箱崎1-28-17テアトル箱崎2F,927106117.0,箱崎駅,https://g.page/b-b-b-aoikuma?share,https://chinese-restaurant-848.business.site,https://twitter.com/b_b_b_aoikuma,,https://www.instagram.com/b.b.b.aoikuma/,中華バル あおいくま,2.0,False
3156.0,酒処 あかり,居酒屋・ダイニングバー,,福岡県,福岡県福岡市博多区博多駅東２丁目３−２９東福博多駅東ビル1F,927107577.0,博多駅,https://goo.gl/maps/kLXVcSkMuKSNi7LUA,http://atmos-dining.com/,,https://facebook.com/sakedokoro.akari/,https://instagram.com/akari_hakata/,酒処 あかり,2.0,False
3157.0,鎌田製作所,ピザ,,福岡県,福岡県福岡市博多区御供所町5-7,927107907.0,祇園駅,https://goo.gl/maps/qth8WSFtNbAkeJnM7,,,https://www.facebook.com/kamata.works/,https://www.instagram.com/kamataseisakusho/,鎌田製作所,2.0,False
3158.0,中華料理 順興閣,中華料理,,福岡県,福岡県福岡市東区原田１丁目２７−６,927107918.0,箱崎駅,https://goo.gl/maps/8dsTwwXQBZwCA6KF9,,,,,中華料理 順興閣,2.0,False
3159.0,薬膳と花 NENEN−ネネン−,ベジ・ヴィーガン,,福岡県,福岡県福岡市東区香椎照葉６丁目６−２アイランドアイ1F,927109107.0,香椎花園前駅,https://goo.gl/maps/Mj9mALXyhpUKQF2k7,https://www.nenen.jp,,https://www.facebook.com/NENEN.teriha,https://instagram.com/nenen_teriha/,薬膳と花 NENEN−ネネン−,2.0,False
3160.0,CafeBar Que,カフェレストラン,,福岡県,福岡県福岡市中央区警固２丁目１８−１７2F,927110132.0,赤坂駅,https://g.page/cafebarque,,,https://facebook.com/cafebarque/,https://instagram.com/cafebar_que/,CafeBar Que,2.0,False
3161.0,葡萄房,イタリアン,,福岡県,福岡県福岡市中央区春吉３丁目２４−４K'ssquare1F,927116660.0,西鉄福岡（天神）駅,https://goo.gl/maps/hpJHQwkXYCYJMCES6,http://www.budo-bou.jp/,,https://facebook.com/budo.bou/,https://instagram.com/budobou.1019/,葡萄房,2.0,False
3162.0,鳥いち,居酒屋・ダイニングバー,,福岡県,福岡県福岡市中央区警固２丁目１５−２３,927120020.0,赤坂駅,https://goo.gl/maps/6aweXvNRzRL7bbwK9,,,https://facebook.com/tori.ichi.fukuoka/,https://instagram.com/tori.ichi/,鳥いち,2.0,False
3163.0,Wine Bar Refranc,ワインバー,,茨城県,茨城県つくば市下平塚８３４,298454116.0,,https://goo.gl/maps/Z3uJvPfjNVWfa5397,,,,,Wine Bar Refranc,2.0,False
3164.0,Delicatessen 三月の水,その他,,福岡県,福岡県福岡市中央区今泉１丁目２３−４,927123777.0,西鉄福岡（天神）駅,https://goo.gl/maps/ux1hNf2uHaHpgJK7A,http://sanmiz.com,,https://facebook.com/deli3miz/,https://instagram.com/deli_sanmiz/,Delicatessen 三月の水,2.0,False
3165.0,石挽き手打ち蕎麦 地酒 木曽路,和食,,福岡県,福岡県福岡市中央区荒戸１丁目１０−１３,927128253.0,大濠公園駅,https://g.page/soba-fukuoka-hakata,http://soba-kisoji.jp,,https://facebook.com/soba.kisoji/,https://instagram.com/soba_fukuoka_kisoji/,石挽き手打ち蕎麦 地酒 木曽路,2.0,False
3166.0,オヤジのフレンチUEYAMA,フレンチ,,福岡県,福岡県福岡市中央区今泉２丁目3-18プロムナード今泉1F奥,927128403.0,薬院駅,https://goo.gl/maps/13LVYr7zt3av4jTh7,https://ueyama2006.com,,https://facebook.com/ueyama2015/,https://instagram.com/bistro_wine_ueyama/,オヤジのフレンチUEYAMA,2.0,False
3167.0,好来屋,中華料理,,茨城県,茨城県つくば市天久保2丁目6-1,298457011.0,つくば駅,https://goo.gl/maps/ydovLFWvF5gWsdjx6,http://www.kousairai.com/,https://twitter.com/kouraiya888,,,好来屋,2.0,False
3168.0,おさかなキッチン11月24日,魚介・海鮮料理,,福岡県,福岡県福岡市中央区舞鶴１丁目２−２８第ニ友栄ビル1F,927131350.0,赤坂駅,https://goo.gl/maps/DzsmR5rZfAwLEEkH8,,https://twitter.com/misaomisao1124,https://facebook.com/pages/%E3%81%8A%E3%81%95%E3%81%8B%E3%81%AA%E3%82%AD%E3%83%83%E3%83%81%E3%83%B3%2011%E6%9C%8824%E6%97%A5/541472562977565/,https://instagram.com/michopa1124/,おさかなキッチン11月24日,2.0,False
3169.0,ひるとよる,ラーメン・つけ麺,,福岡県,福岡県福岡市中央区大名２丁目２−４１サンライフ大名1F,927132008.0,赤坂駅,https://goo.gl/maps/94U7GQPYKzg6ebLL9,,,https://facebook.com/hirutoyoru092/,https://instagram.com/m2naxx092/,ひるとよる,2.0,False
3170.0,新世界 檳榔の夜,中華料理,,福岡県,福岡県福岡市中央区警固２丁目３−３６大升ビル1F,927133531.0,赤坂駅,https://goo.gl/maps/XmiNcqAqPUmCnJAB8,,,https://facebook.com/%E6%96%B0%E4%B8%96%E7%95%8C-%E6%AA%B3%E6%A6%94%E3%81%AE%E5%A4%9C-702848466512887,https://instagram.com/binrou_no_yoru/,新世界 檳榔の夜,2.0,False
3171.0,肉菜炭火焼ミヤビ,居酒屋・ダイニングバー,,福岡県,福岡県福岡市中央区大名２丁目１−４２,927134148.0,西鉄福岡（天神）駅,https://goo.gl/maps/EVf6Tpm9JPKESuZ76,https://www.nikusai-miyabi.com/,,https://facebook.com/肉菜炭火屋ミヤビ-1542293409135989/,https://instagram.com/miyabi_sumibiya/,肉菜炭火焼ミヤビ,2.0,False
3172.0,イルフェソワフ,その他,,福岡県,福岡県福岡市中央区警固１丁目４−７,927134550.0,薬院駅,https://g.page/ilfaitsoif,,,https://facebook.com/ilfaitsoif/,https://instagram.com/ilfaitsoif/,イルフェソワフ,2.0,False
3173.0,Bistrot Mitsou（ビストロ ミツ）,フレンチ,,福岡県,福岡県福岡市中央区薬院２丁目１６−１１エステートモア薬院JOY1F,927135227.0,薬院駅,https://goo.gl/maps/NhDKmBsGCmsNmXaU8,,,https://facebook.com/Bistrot-Mitsou-352867764898397,,Bistrot Mitsou,2.0,False
3174.0,Le comptoir de TABATA,フレンチ,,福岡県,福岡県福岡市中央区警固１丁目１−１０エステートモア警固本通2F,927135239.0,薬院駅,https://goo.gl/maps/mKPMxWsXjmEZar3Y8,http://le-comptoir-de-tabata.com,,https://facebook.com/le.comptoir.de.tabata/,https://instagram.com/le.comptoir.de.tabata/,Le comptoir de TABATA,2.0,False
3175.0,めしや 女とみそ汁,和食,,福岡県,福岡県福岡市中央区春吉３丁目２５−１０,927136056.0,西鉄福岡（天神）駅,https://goo.gl/maps/cFtaRd3odwdJGPTG7,https://www.onnatomisoshiru.com/,,https://facebook.com/めしや-女とみそ汁-918723118232373/,,めしや 女とみそ汁,2.0,False
3176.0,ニュースマイル,洋食,,福岡県,福岡県福岡市中央区薬院２丁目１９−１,927136058.0,薬院大通駅,https://goo.gl/maps/eP6HkBjGwoeKfVgc8,,,,https://www.instagram.com/newsmile5487/,ニュースマイル,2.0,False
3177.0,Il Sol Levante,イタリアン,,福岡県,福岡県福岡市中央区警固２丁目１４−１,927136888.0,赤坂駅,https://goo.gl/maps/zv5FnmmSYsVadVvj8,https://ilsollevante.com,,https://facebook.com/ilsollevante707/,https://instagram.com/ilsollevante/,Il Sol Levante,2.0,False
3178.0,創作パスタと自家栽培野菜のイタリアンバル Entrance,イタリアン,,福岡県,福岡県福岡市中央区今泉２丁目４−３９ナリタビル3F,927137550.0,西鉄福岡（天神）駅,https://g.page/Entrancefukuoka?share,https://sumamoba.com/entrance,,https://facebook.com/Entrancefukuoka/,,創作パスタと自家栽培野菜のイタリアンバル Entrance,2.0,False
3179.0,歌謡曲BAR スポットライト天神,バー,,福岡県,福岡県福岡市中央区天神2-3-5ジャンティグリ3F,927138686.0,西鉄福岡（天神）駅,https://goo.gl/maps/DPanoEHCE3Dv6QC66,http://www.spot-light.jp/,,https://www.facebook.com/spotlighttenjin/,,歌謡曲BAR スポットライト天神,2.0,False
3180.0,Le Chevalier（ル シュバリエ）,フレンチ,,福岡県,福岡県福岡市中央区大名２丁目１１−１８,927139213.0,赤坂駅,https://goo.gl/maps/v4QnDBss53bRy3kP7,https://www.lechevalier-fukuoka.com,,https://facebook.com/lechevalier.fukuoka/,https://www.instagram.com/chevalier_fukuoka/,Le Chevalier,2.0,False
3181.0,村崎焼鳥研究所,居酒屋・ダイニングバー,,福岡県,福岡県福岡市中央区春吉１丁目１３−１,927140584.0,渡辺通駅,https://goo.gl/maps/9sgJqgviJg9fg6tf9,,,https://facebook.com/pages/%E6%9D%91%E5%B4%8E%E7%84%BC%E9%B3%A5%E7%A0%94%E7%A9%B6%E6%89%80/152821351409136/,https://instagram.com/murasaki_yakitori_labo/,村崎焼鳥研究所,2.0,False
3182.0,ウサギ＆かめ,フレンチ,,福岡県,福岡県福岡市中央区薬院2-11-101F,927140697.0,薬院大通駅,https://goo.gl/maps/JCCNSL2mQxT3rR5y5,,,https://www.facebook.com/french.usagikame/,,ウサギ＆かめ,1.0,False
3183.0,Trattoria del Cielo（トラットリア デル チェーロ）,イタリアン,,福岡県,福岡県福岡市中央区薬院１丁目１１−７2F,927140975.0,薬院駅,https://goo.gl/maps/wTjmzZEyjoyQpYqH8,,,https://facebook.com/Cornucoppia/,https://instagram.com/trattoria_del_cielo/,Trattoria del Cielo,2.0,False
3184.0,ホテルニューオータニ博多,その他,総合（ホテル・洋食・中華・ケーキ・パン）,福岡県,福岡県福岡市中央区渡辺通1-1-2,927141111.0,渡辺通駅,https://goo.gl/maps/fkPYu4H69dfz7vWZ9,https://www.kys-newotani.co.jp/hakata/topics/restaurant_plan_takeout/,,https://facebook.com/NewOtaniHakata,https://www.instagram.com/newotani_hakata_official/,ホテルニューオータニ博多,2.0,False
3185.0,仏蘭西家庭料理 花むら,フレンチ,,福岡県,福岡県福岡市中央区舞鶴1-3-31ハイラーク舞鶴1F,927145273.0,赤坂駅,https://goo.gl/maps/CFR2N5zL2TaQQd5W8,http://bistrot-hanamura.com,,https://www.facebook.com/仏蘭西家庭料理-花むら-1409736145945404/,https://www.instagram.com/bistro_hanamura/,仏蘭西家庭料理 花むら,2.0,False
3186.0,トラットリア ポルチェリーノ,イタリアン,,福岡県,福岡県福岡市中央区警固２丁目１２−１２,927147221.0,赤坂駅,https://goo.gl/maps/QBekQvVjRq7ivihv8,,,https://facebook.com/trattoriaporcellino/,https://instagram.com/trattoria_porcellino/,トラットリア ポルチェリーノ,2.0,False
3187.0,Ibizarte,スペイン料理,,福岡県,福岡県福岡市中央区薬院１丁目１６−１７,927150153.0,薬院駅,https://goo.gl/maps/MY7oR6ctqvDqyrrn7,http://www.ibiza-familia.com,,https://facebook.com/Ibizarte/,https://instagram.com/ibizarte/,Ibizarte,2.0,False
3188.0,立ち呑みうどん みのり,そば・うどん,,福岡県,福岡県福岡市中央区大名１丁目９−２５アンピール大名　1F,927150603.0,赤坂駅,https://goo.gl/maps/StjQfuynAAiSTSe2A,,,https://facebook.com/unityminori/,https://www.instagram.com/unityminori/,立ち呑みうどん みのり,2.0,False
3189.0,焼とり いぶし坐,焼き鳥,,福岡県,福岡県福岡市中央区赤坂３丁目１３−３７,927151698.0,赤坂駅,https://goo.gl/maps/NyuPBTnvbXzZckTGA,,,https://facebook.com/%E7%84%BC%E3%81%A8%E3%82%8A-%E3%81%84%E3%81%B6%E3%81%97%E5%9D%90-403373096676801,https://instagram.com/yakitori_ibushiza/,焼とり いぶし坐,2.0,False
3190.0,梅山鉄平食堂 渡辺通本店,定食・食堂,,福岡県,福岡県福岡市中央区渡辺通３丁目６−１,927152344.0,渡辺通駅,https://goo.gl/maps/QRV4BkZ2c4RXVXMq6,,https://twitter.com/fYqu8bC760oMxVu,https://facebook.com/umeyamateppei/,,梅山鉄平食堂 渡辺通,2.0,False
3192.0,やさい巻き串屋 ねじけもん 本店,居酒屋・ダイニングバー,,福岡県,福岡県福岡市中央区大名2-1-29AIビルC館1F,927154550.0,赤坂駅,https://goo.gl/maps/SfoGsNgmnVHDPqec7,,,https://www.facebook.com/nejikemon,https://www.instagram.com/nejikemon/,やさい巻き串屋 ねじけもん,2.0,False
3193.0,大衆酒場 六本松 ごえん,居酒屋・ダイニングバー,,福岡県,福岡県福岡市中央区六本松２丁目５−９,927157750.0,六本松駅,https://goo.gl/maps/1PFsoEt6Gg5GAAsn6,http://atmos-dining.com/,,https://facebook.com/6.goen/,https://instagram.com/goen_170826/,大衆酒場 六本松 ごえん,2.0,False
3194.0,チキン南蛮＆ハイボール Mughetto（ミュゲット）,居酒屋・ダイニングバー,,福岡県,福岡県福岡市中央区警固１丁目１−１０2F,927160302.0,薬院駅,https://goo.gl/maps/eythpuzzPvzytSK58,https://mughetto0927160302.jimdofree.com,,https://facebook.com/mughetto.jp/,https://instagram.com/mughetto48/,チキン南蛮＆ハイボール Mughetto,1.0,False
3195.0,博多水炊き とり田 薬院店,鍋料理,,福岡県,福岡県福岡市中央区薬院２丁目３−３０CASEBLDG1F,927162202.0,薬院駅,https://goo.gl/maps/t36CUBhxZM38YfEq5,,,https://facebook.com/mizutakitoriden/,https://instagram.com/toriden_hakata/,博多水炊き とり田,2.0,False
3196.0,喜人,居酒屋・ダイニングバー,,福岡県,福岡県福岡市中央区薬院2-4-26ライオンズマンション薬院第5　1F,927162502.0,薬院大通駅,https://goo.gl/maps/wNZG3xwAUPvPqp468,https://kijin.owst.jp,,,https://www.instagram.com/kijin_yakuin/,喜人,2.0,False
3197.0,大衆鉄板めし べべ,居酒屋・ダイニングバー,,福岡県,福岡県福岡市中央区警固１丁目１５−３４警固セントラルビル1F,927162550.0,赤坂駅,https://g.page/taishu_teppanmeshi_bebe?share,http://www.taishu-teppanmeshi-bebe.com,,,https://www.instagram.com/explore/locations/287177125/,大衆鉄板めし べべ,2.0,False
3198.0,アンジェロ＆ミカエル 薬院店,カフェレストラン,,福岡県,福岡県福岡市中央区渡辺通２丁目３−２７　待鳥ビル１Ｆ,927162700.0,薬院駅,https://goo.gl/maps/BarFLsi1npGEomWo7,https://angelo-g.jp/angelo_yakuin/index.html,,https://facebook.com/pages/%E3%82%A2%E3%83%B3%E3%82%B8%E3%82%A7%E3%83%AD%E3%83%BB%E3%83%9F%E3%82%AB%E3%82%A8%E3%83%AB%20%E8%96%AC%E9%99%A2%E5%BA%97/560426147740716/,https://instagram.com/angelo_and_michael/,アンジェロ＆ミカエル,1.0,False
3200.0,コチソバ,そば・うどん,,福岡県,福岡県福岡市中央区今泉１丁目１２−２３　西鉄今泉ビル　1F,927163177.0,西鉄福岡（天神）駅,https://goo.gl/maps/tsXuJAXNjKr6tMiE9,http://www.coccisoba.com/,,https://facebook.com/sobaya.imaizumi/,https://www.instagram.com/cochisoba/,コチソバ,2.0,False
3201.0,CORDUROY cafe,カフェレストラン,,福岡県,福岡県福岡市中央区大名1-15-35247ビル4F,927163367.0,西鉄福岡（天神）駅,https://goo.gl/maps/AxhGMuB4Toa6J9Qs7,https://corduroy-cafe.com/,,https://m.facebook.com/CORDUROYcafe/,https://instagram.com/corduroycafe,CORDUROY cafe,2.0,False
3203.0,大衆焼肉 港のたまや,焼肉,,福岡県,福岡県福岡市中央区港1-9-30ル・アーヴル1F,927164129.0,大濠公園駅,https://goo.gl/maps/P827PqcRGNxanDft5,,,,https://www.instagram.com/tamaya.minato/,大衆焼肉 港のたまや,2.0,False
3204.0,ガムランディー,タイ料理,,福岡県,福岡県福岡市中央区大名1-1-20南風ビルB1,927165554.0,西鉄福岡（天神）駅,https://goo.gl/maps/EdJ3WBK7WQzK6RDW9,,,https://www.facebook.com/タイ屋台居酒屋-ガムランディー-196147683798375/,,ガムランディー,2.0,False
3205.0,不二ラパン,カフェレストラン,,福岡県,福岡県福岡市中央区赤坂１丁目３−６,927166070.0,赤坂駅,https://goo.gl/maps/ejnAUkfkK8JQH5KR7,http://fujilapin.com,,https://facebook.com/fujilapin/,https://instagram.com/fujilapin/,不二ラパン,2.0,False
3206.0,担々麺 梟 薬院本店,ラーメン・つけ麺,,福岡県,福岡県福岡市中央区薬院２丁目２−２,927169388.0,薬院駅,https://goo.gl/maps/NqoThr8oUVPBH8Jq6,,,,https://instagram.com/fukurou.yakuin/,担々麺 梟 薬院,2.0,False
3207.0,九わ萬,居酒屋・ダイニングバー,,福岡県,福岡県福岡市中央区春吉２丁目１６−１４中村ビル3F,927176432.0,渡辺通駅,https://goo.gl/maps/ixW6HkcUWyt3qyPt8,,,https://facebook.com/izakayakuwaman/,https://instagram.com/ku_wa_man/,九わ萬,2.0,False
3208.0,蕎麦 おざき,和食,,福岡県,福岡県福岡市中央区警固１丁目１−１０エステートモア警固本通り1F,927180200.0,薬院駅,https://goo.gl/maps/eoHqREtaMVzmEeoS8,https://www.sobaozaki.jp,,https://facebook.com/sobaozaki/,https://instagram.com/sobaozaki/,蕎麦 おざき,2.0,False
3209.0,Mandarin Market 文華市場 マンダリンマーケット,中華料理,,福岡県,福岡県福岡市中央区警固２丁目２−２８エステートモア警固1F,927180801.0,赤坂駅,https://g.page/mandarinmarket,,,https://facebook.com/Mandarin-Market-文華市場-マンダリンマーケット-729088603872939/,https://instagram.com/mandarinmarket1975/,Mandarin Market 文華市場 マンダリンマーケット,2.0,False
3210.0,侑久上海 天神店,中華料理,,福岡県,福岡県福岡市中央区天神3丁目8−18グラッツィア天神1F,927183377.0,天神駅,https://goo.gl/maps/6J68QCT322ddhTTbA,,,,,侑久上海,2.0,False
3211.0,鎮座タキビヤ,居酒屋・ダイニングバー,,福岡県,福岡県福岡市中央区今泉1-18-1,927187557.0,薬院駅,https://goo.gl/maps/Z2TdyorbMwguoqnUA,,,,https://www.instagram.com/chinnza.takibiya/,鎮座タキビヤ,1.0,False
3212.0,SALVATORE CUOMO & BAR  天神,ピザ,,福岡県,福岡県福岡市中央区今泉１丁目２２−１７レソラサウステラス1F,927187665.0,西鉄天神（福岡）駅,https://goo.gl/maps/jAyQfyNQ4UhUmpTA6,http://www.salvatore.jp/restaurant/tenjin/,,,https://instagram.com/salvatorecuomo_jp/,SALVATORE CUOMO & BAR 天神,2.0,False
3213.0,照鮨,寿司,,福岡県,福岡県福岡市東区香椎照葉６丁目３−１２プライムメゾン照葉クロススタイルEAST棟,927191777.0,香椎花園前駅,https://goo.gl/maps/ScfZvNeDEMKvdcbq5,https://terusushi.net,,https://facebook.com/terusushi.tgm/,https://instagram.com/teriha_sushi/,照鮨,2.0,False
3214.0,香色茶坊 ベジタリアン弁当,ベジ・ヴィーガン,,茨城県,茨城県つくば市吾妻3丁目８-10,298461811.0,つくば駅,https://goo.gl/maps/u6PYazhJ1G5P4cwU6,https://koushikisabou.com/,,,http://instagram.com/vegetarian0298461811,香色茶坊 ベジタリアン弁当,2.0,False
3215.0,やんだ 竜の字,和食,,福岡県,福岡県福岡市中央区今泉２丁目４−６９ライトハウス1F,927214541.0,薬院駅,https://goo.gl/maps/5exLXtGeNy3kHL8GA,https://www.yandaryunoji.com/,,,https://instagram.com/yandaryunoji/,やんだ 竜の字,2.0,False
3216.0,ひょうたん寿司 本店,寿司,,福岡県,福岡県福岡市中央区天神２丁目１０−２０,927220010.0,西鉄福岡（天神）駅,https://goo.gl/maps/Aj3Uiwdxe86t2uTK8,,,https://facebook.com/ひょうたん寿司-100117558327407/,https://instagram.com/hyoutan_sushi/,ひょうたん寿司,2.0,False
3217.0,GASTRO PUB ALES（エールズ）,ビールバー,,福岡県,福岡県福岡市中央区舞鶴１丁目３−１４,927220600.0,赤坂駅,https://goo.gl/maps/TNihsxCVPf2zaGFN8,http://alescook.blog.fc2.com,https://twitter.com/ALES_maizuru,https://facebook.com/gastropubales/,https://instagram.com/gastropubales/,GASTRO PUB ALES,2.0,False
3218.0,La Maison De La Nature Goh,フレンチ,,福岡県,福岡県福岡市中央区西中洲２−２６,927240955.0,西鉄福岡（天神）駅,https://goo.gl/maps/4YmQwK7jybXYRB6f6,http://gohfukuoka.com/,,https://facebook.com/La-Maison-de-la-Nature-Goh-771499229645550/,https://www.instagram.com/goh_f/,La Maison De La Nature Goh,2.0,False
3219.0,オステリア・インクローチ,イタリアン,,福岡県,福岡県福岡市中央区大名１丁目１４−１３プラザホテルプルミエB1F,927243000.0,西鉄福岡（天神）駅,https://goo.gl/maps/pNKN6vc6zFNrvkcx5,https://incroci.jp,,https://facebook.com/OsteriaIncroci/,https://instagram.com/incroci01/,オステリア・インクローチ,2.0,False
3220.0,伝説のすた丼屋 つくば大学店,定食・食堂,,茨城県,茨城県つくば市天久保2丁目2-4サンライズビル102号室,298463939.0,つくば駅,https://goo.gl/maps/H9Zg6oDmFeesRu1K9,http://sutadonya.com/shop/%E3%81%A4%E3%81%8F%E3%81%B0%E5%A4%A7%E5%AD%A6%E5%BA%97/,,,,伝説のすた丼屋,2.0,False
3221.0,ビストロ・ミーヌ,フレンチ,,福岡県,福岡県福岡市中央区荒戸２丁目１−３６,927245007.0,大濠公園駅,https://goo.gl/maps/F9ngy9uBpvef8bLc7,,,https://facebook.com/ビストロミーヌ旧gaza-113016182087877/,https://instagram.com/bistro_mine/,ビストロ・ミーヌ,2.0,False
3222.0,いっかく食堂 警固本店,定食・食堂,,福岡県,福岡県福岡市中央区警固２丁目１３−７オークビルⅡ1F,927245012.0,赤坂駅,https://g.page/ikkakushokudo,,,https://facebook.com/ikkaku.tenjin,https://instagram.com/ikkakushokudo.kego/,いっかく食堂 警固,2.0,False
3223.0,dai-tu,カフェレストラン,,福岡県,福岡県福岡市中央区春吉２丁目１３−４ジェンティーレ天神1F,927245105.0,渡辺通駅,https://g.page/daitu_caffe,,,https://facebook.com/daitu0321,https://instagram.com/dai_tu/,dai-tu,2.0,False
3224.0,猫と魚,定食・食堂,,福岡県,福岡県福岡市中央区渡辺通1-9-3１丁目ビル1F,927246999.0,渡辺通駅,https://goo.gl/maps/t9fuAs3pjvuKvA7b7,,,,https://www.instagram.com/nekotosakana_fukuoka/,猫と魚,2.0,False
3225.0,万 yorozu,バー,,福岡県,福岡県福岡市中央区赤坂２丁目３−３２,927247880.0,赤坂駅,https://goo.gl/maps/Y1bjSJgeBVeZwGx2A,http://www.yorozu-tea.jp,,https://facebook.com/yorozu109,https://instagram.com/yorozu.bunshitsu/,万 yorozu,2.0,False
3226.0,らるきい,洋食,,福岡県,福岡県福岡市中央区荒戸３丁目１−１,927248185.0,大濠公園駅,https://goo.gl/maps/WWjrM2jJ9cpsjoyB8,,,https://facebook.com/pages/%E3%83%91%E3%82%B9%E3%82%BF%E3%81%A8%E3%83%94%E3%82%B6%E3%81%AE%E5%BA%97%20%E3%82%89%E3%82%8B%E3%81%8D%E3%81%84/133468753366652/,https://instagram.com/ralukii0801/,らるきい,2.0,False
3227.0,蕎麦前 出谷右衛門（デヤえもん）,和食,,福岡県,福岡県福岡市中央区大手門３丁目１−１５−１1F,927251789.0,大濠公園駅,https://goo.gl/maps/uBuYWQV78Sxo59aE7,,,https://facebook.com/蕎麦前-出谷右衛門デヤえもん-567056683307909/,https://instagram.com/deyaemon/,蕎麦前 出谷右衛門,2.0,False
3228.0,Le Parigot,フレンチ,,福岡県,福岡県福岡市中央区今泉１丁目２−８Andon2F,927252116.0,西鉄福岡（天神）駅,https://goo.gl/maps/S9E3seiTYkUpcWn56,https://leparigot.shop,,https://facebook.com/LeParigotfukuoka/,https://instagram.com/leparigotfukuoka/,Le Parigot,2.0,False
3229.0,柳町一刻堂 春吉店,和食,,福岡県,福岡県福岡市中央区春吉3-15-30,927252215.0,天神南駅,https://goo.gl/maps/b2ZZJyNCe7haDTMM6,https://ikkoku-dou.com,,https://www.facebook.com/柳町一刻堂-253857764651989/,https://www.instagram.com/yanagimachi_ikkokudou_haruyosi/,柳町一刻堂,2.0,False
3230.0,たてやま,和食,,福岡県,福岡県福岡市中央区春吉３丁目１６−４１RAGAZZA春吉2F,927252755.0,西鉄福岡（天神）駅,https://goo.gl/maps/g77c7S5HZE5Z25PY6,,,https://facebook.com/shunsaijipang/,https://www.instagram.com/tateyama1217/,たてやま,2.0,False
3231.0,ごはんや 飯すけ,魚介・海鮮料理,,福岡県,福岡県福岡市中央区大手門３丁目３−２４小金丸ビル1F,927253366.0,大濠公園駅,https://goo.gl/maps/K9kG9EhZK4oPPJ8o9,http://gohanyahansuke.com,,https://facebook.com/gohanyahansuke/,https://www.instagram.com/hansukegohan/,ごはんや 飯すけ,2.0,False
3232.0,はかたや木鶏,居酒屋・ダイニングバー,,福岡県,福岡県福岡市中央区大濠１丁目３−７1F,927253511.0,六本松駅,https://goo.gl/maps/h2NLFSUn9yxGo7nM8,,,https://facebook.com/はかたや木鶏-1637028959875388/,,はかたや木鶏,2.0,False
3233.0,イタリア料理 ペルケノー！？,イタリアン,,福岡県,福岡県福岡市中央区警固２丁目１７−１０スパジオけやき通りビル1F,927253579.0,赤坂駅,https://goo.gl/maps/4QhJoZue21GdWk5N8,http://www.perche-no.com/,,https://facebook.com/イタリア料理-ペルケノー-382397051880797/,https://instagram.com/percheno_2000/,イタリア料理 ペルケノー！？,1.0,False
3234.0,お酒とごはん 晴海,居酒屋・ダイニングバー,,福岡県,福岡県福岡市中央区薬院１丁目１２−３２薬院パーキングビル1F,927256086.0,薬院駅,https://goo.gl/maps/ecj1QgxNrFdHxNm58,,,https://facebook.com/osaketogohan.harumi/,https://instagram.com/otg.harumi/,お酒とごはん 晴海,2.0,False
3235.0,ベトナムビストロasiatico,ベトナム料理,,福岡県,福岡県福岡市中央区大名１丁目２−３１大名Ｔビル1F,927256684.0,西鉄福岡（天神）駅,https://g.page/vietnambistro-asiatico?share,,,https://facebook.com/vietnambistro.asiatico/,https://instagram.com/asiatico.fukuoka/,ベトナムビストロasiatico,2.0,False
3236.0,元祖博多めんたい重,居酒屋・ダイニングバー,,福岡県,福岡県福岡市中央区西中洲６−１５,927257220.0,中洲川端駅,https://goo.gl/maps/eqWGNG9sJrx5vAYs9,http://www.mentaiju.com,,https://facebook.com/mentaiju/,https://instagram.com/ganso_hakata_mentaiju/,元祖博多めんたい重,2.0,False
3237.0,Yorgo,フレンチ,,福岡県,福岡県福岡市中央区大名１丁目２−１５,927258277.0,西鉄福岡（天神）駅,https://goo.gl/maps/P2uTabA6mxv91ALz5,,,https://facebook.com/yorgo.kego/,,Yorgo,2.0,False
3238.0,Taverna Tiberina,イタリアン,,福岡県,福岡県福岡市中央区警固１丁目８−１２レジディア警固1F,927258771.0,薬院駅,https://goo.gl/maps/7SJUBqovoxMxQA4W9,,,https://facebook.com/Taverna-Tiberina-113326793448293/,https://instagram.com/tavernatiberina/,Taverna Tiberina,2.0,False
3239.0,デフィ・ジョルジュマルソー,フレンチ,,福岡県,福岡県福岡市中央区西中洲５−２８西中洲Ｍビル2F,927259310.0,西鉄福岡（天神）駅,https://goo.gl/maps/uaJXGVy3zfP2swWy9,http://gm.9syoku.com/defi/,,https://facebook.com/defi.gm/,https://instagram.com/defi_gm/,デフィ・ジョルジュマルソー,2.0,False
3240.0,水炊き 橙,和食,,福岡県,福岡県福岡市中央区大手門１丁目８−１４,927260012.0,大濠公園駅,https://goo.gl/maps/vHPxMpYcGQL5Npy96,,,https://facebook.com/pages/%E6%B0%B4%E7%82%8A%E3%81%8D%20%E6%A9%99/160580464143351/,https://instagram.com/hitotubatago/,水炊き 橙,2.0,False
3241.0,凛丹toiet,中華料理,,福岡県,福岡県福岡市中央区大名１丁目６−１３バルビゾン951F,927260611.0,赤坂駅,https://goo.gl/maps/rbSBKRySn8sNeadw5,http://rintan.jp,,https://facebook.com/pages/%E5%87%9B%E4%B8%B9toiet/122034709192272/,https://instagram.com/rintanjp/,凛丹toiet,2.0,False
3242.0,n.Quad,イタリアン,,福岡県,福岡県福岡市中央区今泉１丁目１８−２８アペゼビル2F,927266118.0,西鉄福岡（天神）駅,https://g.page/n-quad,,,https://facebook.com/n.quad/,https://instagram.com/mikinaru/,n.Quad,2.0,False
3243.0,釜喜利うどん,そば・うどん,,福岡県,福岡県福岡市中央区大名1-7-8,927266163.0,赤坂駅,https://goo.gl/maps/NLnsdCizqUGCn9nc6,https://niwakaya-chosuke.com,,https://www.facebook.com/udon.kamakiri/,https://www.instagram.com/niwakaya.chosuke/,釜喜利うどん,2.0,False
3244.0,ビストロクワバラ,フレンチ,,福岡県,福岡県福岡市中央区渡辺通３丁目７−１ボヌール南天神1F,927267883.0,渡辺通駅,https://goo.gl/maps/RCdxPZGSoF4Kh5gJ9,http://www.bistrotkuwabara.com,,https://facebook.com/bistrot.kuwabara/,,ビストロクワバラ,2.0,False
3245.0,和食居酒屋 仙八,居酒屋・ダイニングバー,,福岡県,福岡県福岡市中央区薬院１丁目１２−１４,927311008.0,薬院駅,https://goo.gl/maps/Ae1U4rMdGX7wnXLv6,,,https://facebook.com/和食居酒屋-仙八-655004368027741/,https://instagram.com/battela.daisuke/,和食居酒屋 仙八,2.0,False
3246.0,游來（YUKI）,ステーキ・ハンバーグ,,福岡県,福岡県福岡市中央区西中洲５−６,927312968.0,中洲川端駅,https://goo.gl/maps/77gBG9XxubgiqcEA8,http://nishinakasu-yuki.com,,https://facebook.com/%E6%B8%B8%E4%BE%86YUKI-213647281989169,https://instagram.com/tt.yuki/,游來,2.0,False
3247.0,Telas&mico,各国料理,,福岡県,福岡県福岡市中央区春吉２丁目１−１６,927314917.0,渡辺通駅,https://goo.gl/maps/FRp1kdfYitfQu1Ga9,https://telas-mico.com/,,https://facebook.com/telasmico/,https://instagram.com/telasmico/,Telas&mico,2.0,False
3248.0,おばんざいや むろや,居酒屋・ダイニングバー,,福岡県,福岡県福岡市中央区薬院２丁目１４−２９2F,927320688.0,薬院駅,https://goo.gl/maps/Tva1xNXPdKdHKj3i6,,,https://facebook.com/pages/%E3%81%8A%E3%81%B0%E3%82%93%E3%81%96%E3%81%84%E3%82%84%20%E3%82%80%E3%82%8D%E3%82%84/160327220713688/,https://instagram.com/muroya0688/,おばんざいや むろや,2.0,False
3249.0,蕎麦切り かんべえ,そば・うどん,,福岡県,福岡県福岡市中央区梅光園1-1-1,927323569.0,六本松駅,https://g.page/sobakanbee?share,https://takeout6.com/shop/kanbe/index.html,,https://facebook.com/sobakanbee/,https://instagram.com/s260/,蕎麦切り かんべえ,2.0,False
3250.0,グリルカジン,洋食,,福岡県,福岡県福岡市中央区大名２丁目１−５８モンブランビル5F,927323620.0,西鉄福岡（天神）駅,https://g.page/grillkajin,,https://twitter.com/grillkajin,https://facebook.com/グリルカジン-259170527775298/,,グリルカジン,2.0,False
3251.0,天神テルラ（Tenjin Terra）,その他,,福岡県,福岡県福岡市中央区渡辺通５丁目２５−１８,927324441.0,西鉄福岡（天神）駅,https://g.page/terura?share,https://www.tenjinterra.com,,https://facebook.com/tenjinterra/,,天神テルラ,2.0,False
3252.0,広東料理 session,中華料理,,福岡県,福岡県福岡市中央区渡辺通５丁目２５−１８天神テルラ2F,927324444.0,西鉄福岡（天神）駅,https://goo.gl/maps/1xABSes3AKFRFvsH6,https://www.tenjinterra.com/session.html,,https://facebook.com/ccc.session/,,広東料理 session,2.0,False
3253.0,台湾料理 亜洲界世,中華料理,,福岡県,福岡県福岡市中央区港２丁目４−２４1F,927325258.0,大濠公園駅,https://goo.gl/maps/56MppTvtNYazM2UYA,,,,https://instagram.com/taiwanryori_ashukaisei/,台湾料理 亜洲界世,2.0,False
3255.0,やきとり小森田,焼き鳥,,福岡県,福岡県福岡市中央区赤坂３丁目９−３１1F,927325886.0,赤坂駅,https://goo.gl/maps/qbJSeiq1eUhCqpmQ7,,,https://facebook.com/yakitorikomorita,https://facebook.com/yakitorikomorita/,やきとり小森田,2.0,False
3257.0,温坐,和食,,福岡県,福岡県福岡市中央区西中洲3-1デルタウエスト西中洲1F-G,927333322.0,西鉄福岡（天神）駅,https://goo.gl/maps/T37mfU3j97oNAayY6,http://www.on-za.com/,,https://www.facebook.com/nisinakasu/,,温坐,2.0,False
3259.0,情熱酒場あつまる,居酒屋・ダイニングバー,,福岡県,福岡県福岡市中央区西中洲10-6ラビリンスビル1F,927336100.0,天神南駅,https://goo.gl/maps/AnzYF5UAPSQewXQd9,https://www.instagram.com/jounetsusakaba_atsumaru/?utm_source=ig_embed,,https://facebook.com/fukuokaatsumaru/,https://instagram.com/jounetsusakaba_atsumaru/?utm_source=ig_embed,情熱酒場あつまる,2.0,False
3260.0,むら川.,和食,,福岡県,福岡県福岡市中央区渡辺通５丁目１５−８,927342118.0,西鉄福岡（天神）駅,https://goo.gl/maps/AoEiSB8ABUTnFE1F9,https://muraka-wa.com,,https://facebook.com/むら川-1015397578574935/,https://instagram.com/murakawa_koji/,むら川.,2.0,False
3261.0,リバーサイド コマツ,居酒屋・ダイニングバー,,福岡県,福岡県福岡市中央区渡辺通5-24-1,927343005.0,西鉄（天神）福岡駅,https://g.page/riverside-comatsu?share,https://comatsu.co/,,https://www.facebook.com/riverside.comatsu/,https://www.instagram.com/riverside.comatsu/,リバーサイド コマツ,2.0,False
3262.0,さか本,和食,,福岡県,福岡県福岡市中央区薬院１丁目１６−１４BEIDEN薬院2F,927343019.0,薬院駅,https://goo.gl/maps/vwgaRd42gm1AAxN96,http://www.kappou-sakamoto.com,,https://facebook.com/さか本-1187377454663700/,https://instagram.com/oryourisakamoto/,さか本,2.0,False
3263.0,赤坂こみかん,居酒屋・ダイニングバー,,福岡県,福岡県福岡市中央区大名１丁目７−１０ワコウハイツ1F,927343090.0,赤坂駅,https://goo.gl/maps/fNFWUWjeAbLuWhRv7,,,https://facebook.com/赤坂こみかん-1867088339978333/,https://instagram.com/akasaka_komikan/,赤坂こみかん,2.0,False
3264.0,仏蘭西料理ときかわ,フレンチ,,福岡県,福岡県福岡市中央区唐人町3-2-1,927345525.0,唐人町駅,https://goo.gl/maps/dZm5SpfnjuJhhTyRA,,,,,仏蘭西料理ときかわ,2.0,False
3266.0,本格焼鳥 大名へて,居酒屋・ダイニングバー,,福岡県,福岡県福岡市中央区大名１丁目１０−６,927373703.0,赤坂駅,https://g.page/daimyou-hete-yakitori?share,http://www.daimyou-hete.com/yakitori/,,https://facebook.com/yakitoridaimyouhete/,,本格焼鳥 大名へて,2.0,False
3267.0,筑豊りぼん,焼肉,,福岡県,福岡県福岡市中央区警固１丁目４−２７KEGOEIGHTBLD204,927375151.0,薬院駅,https://goo.gl/maps/H8wJRVGzQzczu5Jh8,http://www.chikuhou-ribbon.com/,,https://facebook.com/gogoribbon/,https://www.instagram.com/chikuhou__ribbon/,筑豊りぼん,2.0,False
3268.0,ほく菜,居酒屋・ダイニングバー,,福岡県,福岡県福岡市中央区春吉２丁目１８−１２,927380531.0,渡辺通駅,https://goo.gl/maps/hNVbhq4NeP9hxvRL6,,,https://facebook.com/ほく菜-hokusai-295370263808969/,https://instagram.com/hokusai.haruyoshi/,ほく菜,2.0,False
3269.0,SYM blanc Restaurant. gris Grocery.,イタリアン,,福岡県,福岡県福岡市中央区赤坂１丁目６−２３赤坂オブジェ3F,927382615.0,赤坂駅,https://goo.gl/maps/dmoaMkmMdgiRa3SRA,https://sym2001.com/,,https://facebook.com/fukuokasym/,https://instagram.com/sym2001/,SYM blanc Restaurant. gris Grocery.,2.0,False
3270.0,amam dacotan,カフェレストラン,,福岡県,福岡県福岡市中央区六本松3-7-6,927384666.0,六本松駅,https://goo.gl/maps/PdFFh6dwCo5WPpte8,https://amamdacotan.com,,https://facebook.com/pages/amam%20dacotan/2108018742625315/,https://www.instagram.com/amam_dacotan/,amam dacotan,2.0,False
3271.0,飯家くーた 西中洲店,和食,,福岡県,福岡県福岡市中央区西中洲２−８,927390102.0,西鉄福岡（天神）駅,https://goo.gl/maps/WoUtH8xGzPxNfpHt5,http://www.ku-ta.net/nishinakasu/,,https://facebook.com/hanyakuta/,https://www.instagram.com/tsubokuta/,飯家くーた,2.0,False
3272.0,ワイン食堂 根,イタリアン,,福岡県,福岡県福岡市中央区今泉１丁目１６−１７プロスペリタ今泉1F,927390126.0,西鉄福岡（天神）駅,https://goo.gl/maps/E42cB1hszWvJK8EQ9,,,https://facebook.com/pages/category/Wine-Bar/ワイン食堂-根-480531278670382/,https://instagram.com/winekon/,ワイン食堂 根,2.0,False
3273.0,焼肉プリンス,焼肉,,福岡県,福岡県福岡市中央区天神1-13-20,927391001.0,天神駅,https://goo.gl/maps/i3uD1kJpajwL9pXdA,http://www.keishu-group.com/shop/prince,,,https://www.instagram.com/yakinikupurinsu/,焼肉プリンス,2.0,False
3275.0,ORTO CAFE,カフェレストラン,,福岡県,福岡県福岡市中央区警固1-15-51,927395110.0,天神駅,https://goo.gl/maps/72umJ9J4ip1grY7b9,http://www.orto-cafe.com/shop.html,,https://www.facebook.com/OrtoCafe,https://www.instagram.com/ortocafe/,ORTO CAFE,2.0,False
3276.0,肉屋うたがわ,焼肉,,福岡県,福岡県福岡市中央区大名２丁目３−５,927398050.0,赤坂駅,https://goo.gl/maps/LFrBxqWSwnAvy5ox9,,,https://facebook.com/肉屋うたがわ-1477225589201526/,https://instagram.com/nikuyautagawa/,肉屋うたがわ,2.0,False
3277.0,大名酒場 駒たか男,居酒屋・ダイニングバー,,福岡県,福岡県福岡市中央区大名１丁目１２−２７パシオンB101,927398123.0,赤坂駅,https://goo.gl/maps/D8RN1mRSR7ZYCYX48,,,https://facebook.com/大名酒場駒たか男-106953390938314/,https://instagram.com/komatakaman/,大名酒場 駒たか男,2.0,False
3278.0,リストランテ インクローチ,イタリアン,,福岡県,福岡県福岡市中央区西中洲１２−１８ホテルグランドルチェ博多2F,927412882.0,西鉄福岡（天神）駅,https://goo.gl/maps/8vcp4kai8fUPfjS37,https://ristorante.incroci.jp,,https://facebook.com/RistoranteIncroci/,https://instagram.com/ristorante_incroci/,リストランテ インクローチ,2.0,False
3279.0,お料理みつやす,和食,,福岡県,福岡県福岡市中央区荒戸３丁目８−９,927415314.0,唐人町駅,https://goo.gl/maps/5efGKDdJckQ5oTdz8,http://www.o-mitsuyasu.com,,https://facebook.com/pages/%E3%81%BF%E3%81%A4%E3%82%84%E3%81%99/208226465911420/,https://instagram.com/oryouri_mitsuyasu/,お料理みつやす,2.0,False
3280.0,茶ぶ釜,和食,,福岡県,福岡県福岡市中央区大濠公園３−２,927416770.0,大濠公園駅,https://goo.gl/maps/REcb6vqC1dJPTCKC6,,,https://facebook.com/chabukama/,https://instagram.com/chabukama/,茶ぶ釜,2.0,False
3281.0,博多牛もつ鍋居酒屋 市兵衛,鍋料理,,福岡県,福岡県福岡市中央区渡辺通２丁目８−２４,927416846.0,薬院駅,https://g.page/gyumotsu-ichibei?share,http://www.ichibei1972.com,,,https://www.instagram.com/ichibei_staff/,博多牛もつ鍋居酒屋 市兵衛,2.0,False
3282.0,CAFE SONES,カフェレストラン,,福岡県,福岡県福岡市中央区薬院１丁目１６−１８江島ビル1F,927418287.0,薬院駅,https://goo.gl/maps/rJTRanCTunPxpC9J8,http://sones.cc,,https://facebook.com/CAFE-SONES-782713151755860/,https://instagram.com/cafe_sones/,CAFE SONES,2.0,False
3283.0,やきとり喜多八,居酒屋・ダイニングバー,,福岡県,福岡県福岡市中央区天神１丁目１５−３,927419363.0,西鉄福岡（天神）駅,https://goo.gl/maps/u58ZCZECLEWUnxYu5,,,https://facebook.com/やきとり喜多八-1633250476922298/,,やきとり喜多八,2.0,False
3284.0,おでん新乃,和食,,福岡県,福岡県福岡市中央区警固２丁目１０−８,927512400.0,赤坂駅,https://goo.gl/maps/6n3LdgLqJbRH9ouRA,,,https://facebook.com/odeniino/,https://instagram.com/oden.niino/,おでん新乃,2.0,False
3285.0,レストラン花の木,フレンチ,,福岡県,福岡県福岡市中央区大濠公園1-3ボートハウス2F,927513340.0,大濠公園駅,https://goo.gl/maps/qQFXp9PJ1u3kdF4EA,https://hananoki-f.jp,,https://www.facebook.com/french.hananoki/,https://www.instagram.com/hananoki_restaurant/,レストラン花の木,2.0,False
3286.0,Osteria e Bar La Luce,イタリアン,,福岡県,福岡県福岡市中央区大名２丁目１−３０AIビルB館202,927513810.0,赤坂駅,https://goo.gl/maps/ojseDf2Kj9L7Y5Cw7,http://fukuoka-luce.com,,https://facebook.com/Osteria-e-Bar-La-Luce-1688845718006183/,,Osteria e Bar La Luce,2.0,False
3287.0,Bistro Ohshima,フレンチ,,福岡県,福岡県福岡市中央区鳥飼1丁目2-33ヴィンテージ大濠,927520170.0,六本松駅,https://goo.gl/maps/fdtfbtbkkHFTrhah7,,,,,Bistro Ohshima,2.0,False
3288.0,福岡の焼肉・泰元（たいげん）,焼肉,,福岡県,福岡県福岡市中央区舞鶴３丁目１−８,927521288.0,赤坂駅,https://goo.gl/maps/NF4bBMmsHrynRd7z7,,,https://facebook.com/taigenjp/,https://instagram.com/taigen_29/,福岡の焼肉・泰元,2.0,False
3289.0,L’eau Blanche,フレンチ,,福岡県,福岡県福岡市中央区西中洲４−４RINFIRST2F,927522122.0,中洲川端駅,https://goo.gl/maps/LzETjSvXMDNpRZFz8,http://leaublanche.com,,https://facebook.com/LeauBlanche/,,L’eau Blanche,2.0,False
3290.0,寄り道スタンド マチルダ,居酒屋・ダイニングバー,,福岡県,福岡県福岡市中央区大名１丁目３−５−１ARKCUBEⅡ202,927522123.0,赤坂駅,https://goo.gl/maps/2t277YyLk4Yd35tq8,,,,https://www.instagram.com/ma_chill_da/,寄り道スタンド マチルダ,2.0,False
3291.0,中国菜 四合院凛丹,中華料理,,福岡県,福岡県福岡市中央区西中洲３−６2F,927525200.0,中洲川端駅,https://goo.gl/maps/ZRfKHddcofLyKSgb7,http://www.rintan.jp,,,https://instagram.com/rintanjp/,中国菜 四合院凛丹,2.0,False
3292.0,美麗酒場 Couta 荒戸店,居酒屋・ダイニングバー,,福岡県,福岡県福岡市中央区荒戸１丁目５−３０ヴィラ大濠1F,927526376.0,大濠公園駅,https://goo.gl/maps/p49E7PaeBzvUB3JW8,,,,https://instagram.com/couta_arato/,美麗酒場 Couta,2.0,False
3293.0,博多天ぷら ながおか,居酒屋・ダイニングバー,,福岡県,福岡県福岡市中央区今泉２丁目４−１１メゾンドール今泉Ⅱ101,927528200.0,薬院駅,https://goo.gl/maps/Pdxgj5uYxSKnC1PK7,,,https://facebook.com/博多天ぷら-ながおか-230053237035828/,https://instagram.com/hakatatempura_nagaoka/,博多天ぷら ながおか,2.0,False
3294.0,旬の美味 味楽や,居酒屋・ダイニングバー,,福岡県,福岡県福岡市中央区渡辺通２丁目８−２４,927528311.0,薬院駅,https://g.page/mirakuya?share,https://mirakuya-official.com,,https://facebook.com/mirakuya1116/,https://instagram.com/taku.mirakuya/,旬の美味 味楽や,2.0,False
3296.0,手羽だるま つくば,居酒屋・ダイニングバー,,茨城県,茨城県つくば市天久保2丁目11-1０横田マンション2号室,298464609.0,つくば駅,https://goo.gl/maps/Lrm8t1oZCaDHy6VU7,https://tebadaruma.com/,https://twitter.com/teba_daruma,,,手羽だるま つくば,2.0,False
3297.0,チャイニングブース,中華料理,,福岡県,福岡県福岡市中央区港２丁目１０−３第二土肥ビル,927536290.0,大濠公園駅,https://goo.gl/maps/2a4cVjT42WMR66WFA,,,https://facebook.com/aaa.c.b.0706/,https://instagram.com/chinning_booth_minato/,チャイニングブース,2.0,False
3298.0,Osteria e Vino PORCO ROSSO,イタリアン,,福岡県,福岡県福岡市中央区薬院２丁目１４−１６,927536329.0,薬院駅,https://goo.gl/maps/z5fw1FjtBzgZsDUv7,https://www.porcorosso.jp/,,https://facebook.com/porcorossofukuoka/,,Osteria e Vino PORCO ROSSO,2.0,False
3299.0,さが蔵,居酒屋・ダイニングバー,,福岡県,福岡県福岡市中央区西中洲11-1浦ビル2F,927536540.0,西鉄天神（福岡）駅,https://goo.gl/maps/cW858PRv1JrHi2A99,http://www.sagakura.com,,https://www.facebook.com/sagakurasagasake,https://www.instagram.com/sagasake_sagakura/,さが蔵,2.0,False
3300.0,ペコラ,イタリアン,,福岡県,福岡県福岡市中央区草香江1-4-5,927536583.0,六本松駅,https://goo.gl/maps/ESbc9dX6nEjcgBEd6,,,https://facebook.com/Pecora.Italian.wine,https://instagram.com/pecora_kusagae/?hl=ja,ペコラ,2.0,False
3301.0,Bar Corner,ビールバー,,福岡県,福岡県福岡市中央区清川1-11-4エレガントビル1階,927536804.0,薬院駅,https://goo.gl/maps/yLCwoAnwyiEMHMKp6,,,,,Bar Corner,2.0,False
3302.0,井本,和食,,福岡県,福岡県福岡市中央区薬院4-15-29香ビル1-2,927537125.0,薬院大通駅,https://goo.gl/maps/4FPjRy4FYHXfePNB9,,,,,井本,2.0,False
3303.0,ひょご鳥 福岡店,居酒屋・ダイニングバー,,福岡県,福岡県福岡市中央区赤坂１丁目１０−７スコーレ赤坂1F,927537269.0,赤坂駅,https://goo.gl/maps/54k2CN3hJswLsySKA,http://hyogodori.com/fukuoka/,,https://facebook.com/ひょご鳥-福岡-1873259976279257/,https://instagram.com/hyogodorifukuoka/,ひょご鳥,2.0,False
3304.0,イタリアンとtsumami キム翔,イタリアン,,福岡県,福岡県福岡市中央区薬院３丁目７−１６1F,927537435.0,薬院駅,https://goo.gl/maps/UeKxYcV4YXWFCJSJA,https://tsumami.business.site,,https://facebook.com/イタリアンとtsumamiキム翔-2165309880355292/,,イタリアンとtsumami キム翔,2.0,False
3305.0,薬院ハシゴ横丁,その他,,福岡県,福岡県福岡市中央区薬院２丁目１６−１４泰光ビル1F,927538222.0,薬院駅,https://goo.gl/maps/BaW62nxTAV97HYpZ8,,,https://facebook.com/薬院ハシゴ横丁-102501487959097/,https://instagram.com/hashigo_yokocho/,薬院ハシゴ横丁,2.0,False
3306.0,GIJI,カフェレストラン,,福岡県,福岡県福岡市中央区大宮2-1-31,927539170.0,平尾駅,https://goo.gl/maps/eW8EVzvU7wfyKMrc7,http://www.giji.jp/,,https://www.facebook.com/giji.fukuoka/,https://www.instagram.com/dinning_bar_giji/,GIJI,2.0,False
3307.0,串屋 長右衛門 薬院店,居酒屋・ダイニングバー,,福岡県,福岡県福岡市中央区渡辺通４丁目２−２７立石ビル103,927539408.0,薬院駅,https://g.page/choemonyakuin?share,https://www.kushiya-choemon.com,,https://facebook.com/choemonyakuin9408/,https://instagram.com/choemonyakuin/,串屋 長右衛門,2.0,False
3308.0,うりぼう～わいんとお酒とお料理～,イタリアン,,福岡県,福岡県福岡市中央区赤坂３丁目１２−１６,927539615.0,赤坂駅,https://goo.gl/maps/Kdgp4kTZ1fiSSmV98,http://livingd.bbplus.net/uribou.html,,https://facebook.com/uribou2016,https://instagram.com/uribou_y/,うりぼう～わいんとお酒とお料理～,1.0,False
3309.0,福岡のお粥カフェ Teddy&Daddy,中華料理,,福岡県,福岡県福岡市中央区荒戸２丁目５−２０,927539640.0,大濠公園駅,https://goo.gl/maps/kjjLTKZqqESSaP8a6,,,https://facebook.com/teddyanddaddy/,https://instagram.com/okayu.cafe/,福岡のお粥カフェ Teddy&Daddy,2.0,False
3310.0,うわのそら,居酒屋・ダイニングバー,,福岡県,福岡県福岡市中央区春吉３丁目１２−２４−２1F,927611160.0,西鉄福岡（天神）駅,https://goo.gl/maps/oCMigmHuMBP4ojXs5,,,https://www.facebook.com/uwanosora.fukuoka/,https://instagram.com/uwanosora2003/,うわのそら,2.0,False
3311.0,博多だるま,ラーメン・つけ麺,,福岡県,福岡県福岡市中央区渡辺通１丁目８−２６1F,927611958.0,渡辺通駅,https://g.page/hakatadaruma?share,https://ra-hide.com,,https://facebook.com/博多だるま-116796015042602/,https://instagram.com/hakata_daruma_honten/,博多だるま,2.0,False
3312.0,和田門,フレンチ,,福岡県,福岡県福岡市中央区西中洲5-15立駐ビル,927612000.0,西鉄福岡（天神）駅,https://goo.gl/maps/TVAYaFxQwpwAP11PA,https://f072300.gorp.jp,,,https://www.instagram.com/wadamon_/,和田門,2.0,False
3313.0,Donna Selvatica（ドンナセルバティカ）,イタリアン,,福岡県,福岡県福岡市中央区大名１丁目７−２けやきビル2F,927615123.0,赤坂駅,https://goo.gl/maps/jWhdTLcLvBt594Rm6,https://www.donnaselvatica-fukuoka.com/,,https://facebook.com/donnaselvatica.2015/,,Donna Selvatica,2.0,False
3314.0,もつ鍋 笑楽,鍋料理,,福岡県,福岡県福岡市中央区西中洲１１−４笑楽ビル,927615706.0,西鉄福岡（天神）駅,https://g.page/shoraku-hakata,http://www.shoraku.jp/,,,https://www.instagram.com/motsunabe.shoraku/,もつ鍋 笑楽,2.0,False
3315.0,酒場コージ,居酒屋・ダイニングバー,,福岡県,福岡県福岡市中央区大名１丁目９−１８大名Fビル102号,927622662.0,赤坂駅,https://goo.gl/maps/zrNnm2AwwqPScoPf9,,,https://facebook.com/pages/%E9%85%92%E5%A0%B4%E3%82%B3%E3%83%BC%E3%82%B8/147502128633009/,https://instagram.com/skb_ko_zi/,酒場コージ,2.0,False
3316.0,どんでんがえし,居酒屋・ダイニングバー,,福岡県,福岡県福岡市中央区春吉３丁目２３−６ポラリス天神南1F,927626004.0,天神南駅,https://goo.gl/maps/KB8Gayd9vzxLorgt5,https://dondengaeshi-2005.com,,,https://www.instagram.com/donden531/,どんでんがえし,2.0,False
3317.0,Fridge（フリッジ）,イタリアン,,福岡県,福岡県福岡市中央区渡辺通５丁目８−５天神エクセル1F,927626355.0,西鉄福岡（天神）駅,https://goo.gl/maps/TLKkvJzynP8H6cAZ9,,,https://facebook.com/フリッジ-Fridge-150757598278142/,https://instagram.com/fridge_genki/,Fridge,2.0,False
3318.0,日本の料理屋 IMURI,和食,,福岡県,福岡県福岡市中央区谷1-3-15,927627070.0,桜坂駅,https://goo.gl/maps/UY9668H54ciAkshS9,https://kanzan.net/imuri/,,https://www.facebook.com/imuri.fukuoka/,https://www.instagram.com/imuri.fukuoka/,日本の料理屋 IMURI,2.0,False
3319.0,日々嘻,和食,,福岡県,福岡県福岡市中央区警固２丁目１３−１２1F,927711307.0,赤坂駅,https://goo.gl/maps/A8EAqeYzHmxVupDF7,,,https://facebook.com/gohanyahibiki/,,日々嘻,2.0,False
3320.0,隠・台所 久岡家,居酒屋・ダイニングバー,,福岡県,福岡県福岡市中央区春吉３丁目１３−２８,927711360.0,西鉄福岡（天神）駅,https://goo.gl/maps/Wff5iYd3b4en421YA,,,https://facebook.com/hisaokaya.hakata.haruyoshi/,https://instagram.com/shinzaburo1765/,隠・台所 久岡家,2.0,False
3321.0,アトリエてらた,カレー,,福岡県,福岡県福岡市中央区六本松３丁目５−２８,927714445.0,六本松駅,https://goo.gl/maps/sSQkbjqVSAYzAgoS7,,,https://facebook.com/Atelier.Terata/,https://instagram.com/atelier.terata/,アトリエてらた,2.0,False
3322.0,トラットリアルンゴ,イタリアン,,福岡県,福岡県福岡市中央区大濠1-5-19ハイツ大濠1F,927717363.0,大濠駅,https://goo.gl/maps/V46UYHNuqu78LFVJA,,,,,トラットリアルンゴ,2.0,False
3323.0,酒と餃子と舌心,餃子,,福岡県,福岡県福岡市中央区渡辺通１丁目９−１５藤コーポ1F,927752627.0,渡辺通駅,https://goo.gl/maps/ftyhnTyrDxdwpeH49,,,https://facebook.com/%E9%85%92%E3%81%A8%E9%A4%83%E5%AD%90%E3%81%A8%E8%88%8C%E5%BF%83-579890979202671,https://instagram.com/sake_gyoza_sitagokoro/,酒と餃子と舌心,2.0,False
3324.0,オカノカリー,カレー,,福岡県,福岡県福岡市城南区松山２丁目５−５,927763133.0,金山駅,https://goo.gl/maps/KNbY5Zeem278jNrT9,,https://twitter.com/spice_okano,,https://instagram.com/okanokaoru/,オカノカリー,2.0,False
3325.0,Filipepe（フィリペペ）,イタリアン,,福岡県,福岡県福岡市中央区警固３丁目１−２８3F,927768371.0,薬院駅,https://goo.gl/maps/tt8VLTq6ngjUKGG69,,,https://facebook.com/Filipepe-フィリペペ-699810910145678/,https://instagram.com/filipepe_fuk/,Filipepe,2.0,False
3326.0,マサラキッチン,カレー,,福岡県,福岡県福岡市南区向野２丁目１３−２２,927769807.0,大橋駅,https://goo.gl/maps/KTm9X696M33gCCDE7,https://www.masalakitchen.jp,https://twitter.com/masala_mitsuji,https://facebook.com/info.masalakitchen/,https://instagram.com/masala_mitsuji/,マサラキッチン,2.0,False
3327.0,FIGO,イタリアン,,福岡県,福岡県福岡市中央区渡辺通2-3-27,927811005.0,薬院駅,https://goo.gl/maps/M7MDz9bsvfMde6KbA,,,,https://www.instagram.com/figofukuoka_official/,FIGO,2.0,False
3328.0,町屋あかりや,居酒屋・ダイニングバー,,福岡県,福岡県福岡市中央区赤坂１丁目１０−７スコーレ赤坂102,927811388.0,赤坂駅,https://goo.gl/maps/vTQ8VqLc3QZTepoT7,,,https://facebook.com/町屋あかりや-1591348601166801/,https://instagram.com/mayukoakariya,町屋あかりや,2.0,False
3329.0,Enjoy teppan！ TAMI,居酒屋・ダイニングバー,,福岡県,福岡県福岡市中央区春吉３丁目２５−８1F,927911056.0,西鉄福岡（天神）駅,https://g.page/enjoyteppanTAMI,,,https://facebook.com/enjoyteppanTAMI/,https://instagram.com/tami.haruyoshi/,Enjoy teppan！ TAMI,1.0,False
3330.0,106 southindian 福岡天神店,カレー,,福岡県,福岡県福岡市中央区今泉１丁目１７−１４,927911065.0,西鉄福岡（天神）駅,https://goo.gl/maps/Ax4EGUQPfouPfRAF7,,https://twitter.com/106southindian,https://facebook.com/106tenjin/,https://instagram.com/106southindian/,106 southindian,2.0,False
3331.0,Fukuoka Craft by エルボラーチョ,ビールバー,,福岡県,福岡県福岡市中央区大名１丁目１１−４どんぱビル1F,927911494.0,西鉄福岡（天神）駅,https://g.page/fukuokacraft?share,http://fukuokacraft.elborracho.com,,https://facebook.com/fukuokacraft/,https://instagram.com/fukuoka_craft/,Fukuoka Craft by エルボラーチョ,2.0,False
3332.0,カレー＆フレンチトーストHono,カレー,,福岡県,福岡県福岡市中央区唐人町１丁目３−４シャンテアサカ1F,927911862.0,唐人町駅,https://goo.gl/maps/cn6otP3txTuzKRHF9,http://hono-curry.com,,https://facebook.com/honotojin/,https://instagram.com/hono_tojin/,カレー＆フレンチトーストHono,1.0,False
3333.0,豚そば月や 大名店,ラーメン・つけ麺,,福岡県,福岡県福岡市中央区大名２丁目２−４４マウンテンハウス21F,927911875.0,赤坂駅,https://goo.gl/maps/RcnLpnbAM7HJGm237,,,,https://www.instagram.com/butasobatsukiya/,豚そば月や,2.0,False
3334.0,TORI-BUDOU 今泉本店,居酒屋・ダイニングバー,,福岡県,福岡県福岡市中央区今泉１丁目１３−３０,927912339.0,西鉄福岡（天神）駅,https://goo.gl/maps/DFQFG2pHeM48mzGH9,https://toribudou-honten.owst.jp,,https://facebook.com/TORI-BUDOU-今泉本店-352999178679375/,https://instagram.com/toribudou_imaizumihonten/,TORI-BUDOU 今泉,2.0,False
3335.0,AKAMIYA COWSI,焼肉,,福岡県,福岡県福岡市中央区春吉２丁目１７−２1F,927912592.0,渡辺通駅,https://goo.gl/maps/zb7wmZchLMgyu9Y67,,,https://facebook.com/Akamiya-COWSI-435137033296047,https://instagram.com/akamiyacowsi/,AKAMIYA COWSI,2.0,False
3336.0,コーヒー＆ランチの店　啄木鳥,カフェレストラン,,茨城県,茨城県つくば市高野1159-4,298475338.0,万博記念公園駅,https://goo.gl/maps/8rKZ6LKztEu3RJ289,,https://twitter.com/tukuba_kitutuki,,,コーヒー＆ランチの店 啄木鳥,1.0,False
3337.0,HAPPY HILL,カフェレストラン,,福岡県,福岡県福岡市中央区薬院４丁目２１−１KKRホテル博多1F,927913299.0,薬院駅,https://goo.gl/maps/bGQeYLPJNZrjSUqV7,https://happyhill.shopinfo.jp,,https://facebook.com/fukuoka.happyhill/,https://instagram.com/cafe_happyhill/,HAPPY HILL,2.0,False
3338.0,酒場おっとん,居酒屋・ダイニングバー,,福岡県,福岡県福岡市中央区平尾２丁目１４−１９,927913423.0,平尾駅,https://goo.gl/maps/yVhjGFZNvxAJuX4SA,,,https://facebook.com/酒場-おっとん-331367550295798/,https://www.instagram.com/sakaba_otton/,酒場おっとん,2.0,False
3339.0,すみ劇場 むさし坐,焼き鳥,,福岡県,福岡県福岡市中央区渡辺通5-5-12,927914866.0,西鉄天神（福岡）駅,https://goo.gl/maps/gkE66Pw8RTv2UQnaA,,,,https://www.instagram.com/musasiza/,すみ劇場 むさし坐,2.0,False
3340.0,Tarkey's Bar（ターキーズ・バー）,ビールバー,,福岡県,福岡県福岡市中央区大名１丁目３−３NEO大名Ⅱ3F,927915322.0,西鉄福岡（天神）駅,https://goo.gl/maps/V7SQsvwYxN1Ft9H2A,,,https://facebook.com/Tarkeys-Bar-ターキーズバー--262955643714814/,https://instagram.com/tarkeys_tarkey/,Tarkey's Bar,2.0,False
3341.0,鉄板 楽久平,ステーキ・ハンバーグ,,福岡県,福岡県福岡市中央区高砂１丁目２２−２アーク七番館202,927915420.0,薬院駅,https://goo.gl/maps/Qx3aEA7X6o9rBALp8,https://teppan-rakuhei.com/,,https://facebook.com/teppanrakuhei/,https://instagram.com/teppan_rakuhei/,鉄板 楽久平,2.0,False
3343.0,鮨 料理 一高,寿司,,福岡県,福岡県福岡市中央区荒戸１丁目２−２,927915868.0,大濠公園駅,https://goo.gl/maps/z2F2wJq4QjmiHf3Z6,,,https://facebook.com/pages/%E9%AE%A8%20%E6%96%99%E7%90%86%20%E4%B8%80%E9%AB%98/326683538239576/,https://instagram.com/sushiryori1taka/,鮨 料理 一高,2.0,False
3344.0,FRILL café,カフェレストラン,,福岡県,福岡県福岡市中央区薬院４丁目８−１５2F,927916471.0,薬院駅,https://goo.gl/maps/vq57DapGgqVtUdYq6,https://www.frill-info.com,,https://facebook.com/frillesprit,https://instagram.com/frill_cafe/,FRILL café,2.0,False
3345.0,シュエット,フレンチ,,福岡県,福岡県福岡市中央区薬院２丁目４−３９,927916823.0,薬院駅,https://goo.gl/maps/ycFYuuNeWbHLUbyG9,https://chouette-fukuoka.amebaownd.com/,,https://facebook.com/chouette.yakuin/,https://instagram.com/chouette.fukuoka/,シュエット,2.0,False
3346.0,Manly（マンリー）,カフェレストラン,,福岡県,福岡県福岡市中央区今泉１丁目１８−５５天神南ロイヤルハイツ1F,927917738.0,西鉄福岡（天神）駅,https://g.page/manly_cafe_bar,http://fukuoka-diningbar.com,,https://facebook.com/Manly.Fukuoka/,https://instagram.com/manly_cafe_bar/,Manly,2.0,False
3347.0,ボンバーキッチン 天神店,カフェレストラン,,福岡県,福岡県福岡市中央区渡辺通５丁目１−２２,927917955.0,西鉄福岡（天神）駅,https://goo.gl/maps/cu4WEYGRkmXDtNJB6,https://www.bomberkitchen.org,,https://facebook.com/キッチンヨーロッパ-339297250271953/,https://instagram.com/bomber_kitchen_tenjin_staff/,ボンバーキッチン,2.0,False
3348.0,atoma,スペイン料理,,福岡県,福岡県福岡市中央区六本松３丁目１６−２８1F,927918296.0,六本松駅,https://goo.gl/maps/zmuAvXPL8kuccBsK7,,,https://facebook.com/CafeBarAtoma,https://instagram.com/atomaralgo/,atoma,2.0,False
3349.0,Lille Curry Bar,カレー,,福岡県,福岡県福岡市中央区大手門３丁目１−１３,927918315.0,大濠公園駅,https://goo.gl/maps/yRnq6UUETFZv72Xd9,,,https://facebook.com/Lille-Curry-Bar-104552421127100/,https://instagram.com/lillecurrybar/,Lille Curry Bar,2.0,False
3350.0,炉端 百式,居酒屋・ダイニングバー,,福岡県,福岡県福岡市中央区警固１丁目１５－３４警固セントラルビル1F,927918385.0,西鉄福岡（天神）駅,https://goo.gl/maps/y6A32WpkFBG3XxCcA,,,https://facebook.com/炉端-百式-773093786040811/,https://instagram.com/robata_hyakushiki/,炉端 百式,2.0,False
3351.0,お酒としゅうまいクリンチ,居酒屋・ダイニングバー,,福岡県,福岡県福岡市中央区春吉３丁目１３−３１イル・レガーロ天神102,927918410.0,西鉄福岡（天神）駅,https://goo.gl/maps/xueH12AwnJqrREPy7,,,https://facebook.com/pages/%E3%81%8A%E9%85%92%E3%81%A8%E3%81%97%E3%82%85%E3%81%86%E3%81%BE%E3%81%84%20%E3%82%AF%E3%83%AA%E3%83%B3%E3%83%81/130875111110869/,https://instagram.com/clinch0619/,お酒としゅうまいクリンチ,2.0,False
3352.0,gaRu,イタリアン,,福岡県,福岡県福岡市中央区高砂１丁目８−８サンクス渡辺通2F,927918774.0,薬院駅,https://goo.gl/maps/26ywFSPwe55BpjHf9,,,,https://www.instagram.com/garu.takasago/,gaRu,2.0,False
3353.0,ぶどう酒場 レガレガ,イタリアン,,福岡県,福岡県福岡市中央区六本松２丁目１５−１７ツクダビル1F,927918819.0,六本松駅,https://goo.gl/maps/P4pmJ8ZUdhdfY5iAA,http://atmos-dining.com,,https://facebook.com/char96legarega/,https://instagram.com/legarega_budousakaba/,ぶどう酒場 レガレガ,2.0,False
3354.0,麺処 極み 大名店,居酒屋・ダイニングバー,,福岡県,福岡県福岡市中央区大名１丁目６−１３バルビゾン1F,927919274.0,赤坂駅,https://goo.gl/maps/Z52C3SWia2bejQaH6,http://mendokoro-kiwami.com/,,https://facebook.com/kiwame.kiyokawa/,https://instagram.com/mendokoro.kiwami/,麺処 極み,2.0,False
3355.0,trene（トレネ）,カフェレストラン,,福岡県,福岡県福岡市中央区警固２丁目９−１４,927919544.0,赤坂駅,https://goo.gl/maps/gKQFaCPAx123aoPw6,,,https://facebook.com/trene.trene/,https://instagram.com/_trene_kego/,trene,2.0,False
3356.0,くらすこと,喫茶店・カフェ,,福岡県,福岡県福岡市中央区平尾１丁目１１−２１村田ビル2F,927919696.0,平尾駅,https://goo.gl/maps/eh9Y2PBViUcyjXH26,https://www.kurasukoto.com/shop-hirao/,https://twitter.com/kurasukoto,https://facebook.com/kurasukoto,https://instagram.com/kurasukoto/,くらすこと,2.0,False
3357.0,びっくり焼亭 早良店,焼肉,スタミナ鉄板,福岡県,福岡県福岡市早良区東入部1-2-44,928043515.0,野芥駅,https://goo.gl/maps/RAKDoDmvHTb9SwyT8,http://www.bikkuriyaki.sakura.ne.jp/sawara.html,,,,びっくり焼亭,2.0,False
3358.0,ピッツェリア・ダ・チールッツォ,イタリアン,,福岡県,福岡県福岡市西区今宿駅前１丁目９−８ウィルマーレ1F,928051770.0,今宿駅,https://goo.gl/maps/CvagAQDzDeDWBukq8,,https://twitter.com/daciruzzo?s=20,https://facebook.com/PizzeriaDaCiruzzo/,https://instagram.com/da.ciruzzo/,ピッツェリア・ダ・チールッツォ,2.0,False
3359.0,イタリアンレストラン ディマーレ,イタリアン,,福岡県,福岡県福岡市西区今宿上ノ原２５４−４０,928070048.0,今宿駅,https://goo.gl/maps/R9EfquKsZ7hzy1GPA,http://dimare.sub.jp,https://twitter.com/lovedimare/,https://facebook.com/ディマーレ-479416038759103/,,イタリアンレストラン ディマーレ,2.0,False
3360.0,中華川菜 蓮華,中華料理,,福岡県,福岡県福岡市西区周船寺２丁目７−７,928070676.0,周船寺駅,https://goo.gl/maps/DUv99eGmwtZUFchB7,,,https://facebook.com/renge.0427/,,中華川菜 蓮華,2.0,False
3361.0,元祖炭火焼鳥しもい,焼き鳥,,福岡県,福岡県福岡市西区今宿駅前１丁目３−２８,928079083.0,今宿駅,https://goo.gl/maps/TSQJrsy7kTQrMr2t7,http://www.yakitoriya.net,,https://facebook.com/gansosumibi.yakitorishimoi/,,元祖炭火焼鳥しもい,2.0,False
3362.0,Beach Cafe Sunset,カフェレストラン,,福岡県,福岡県福岡市西区西ノ浦284,928092937.0,今宿駅,https://goo.gl/maps/4FZ1di58fDM28SBQ9,https://www.beachcafesunset-1990.com/,,https://www.facebook.com/BeachCafeSunset/,https://www.instagram.com/sunset.1990/,Beach Cafe Sunset,2.0,False
3363.0,イタリア食堂キャリー,イタリアン,,福岡県,福岡県福岡市早良区西新４丁目４−４,928210688.0,西新駅,https://goo.gl/maps/yctXboQtuvpdrv6r7,,,https://facebook.com/イタリア食堂キャリー-413967552696929/,https://instagram.com/italiashokudo_carrie/,イタリア食堂キャリー,2.0,False
3364.0,cafe4,カフェレストラン,,茨城県,茨城県つくば市春日4丁目16−2,298511010.0,つくば駅,https://goo.gl/maps/p5GLr3oN3VwdVuEm7,,https://twitter.com/Cafe4_kasuga,,,cafe4,2.0,False
3366.0,福ずし,寿司,,福岡県,福岡県福岡市早良区西新５丁目１５−２８,928220330.0,西新駅,https://goo.gl/maps/5MBmC4ZRg8UyuTSu9,http://nishijin-fukuzushi.com,https://twitter.com/nisijinfukuzusi,https://facebook.com/fukuzushi/,,福ずし,2.0,False
3367.0,熊猫食堂,中華料理,,福岡県,福岡県福岡市早良区西新４丁目４−５,928225121.0,西新駅,https://goo.gl/maps/ZsWRcq3PCudKjBkb9,,,https://facebook.com/profile.php?id=100005892994272,,熊猫食堂,2.0,False
3368.0,和彩 あくね,和食,,福岡県,福岡県福岡市早良区西新１丁目１１−３,928226878.0,西新駅,https://goo.gl/maps/EWdbaae9mitT7Mff9,,,https://facebook.com/wasaiakune/,https://instagram.com/wasai_akune/,和彩 あくね,2.0,False
3369.0,8cho オチョ,スペイン料理,,福岡県,福岡県福岡市早良区西新５丁目８−２３BigLuckin西新2F,928310438.0,藤崎駅,https://goo.gl/maps/7P9YDvURfiDjztKj6,,,https://facebook.com/8cho-オチョ-243524562467283/,,8cho オチョ,2.0,False
3370.0,遊食酒場ひびき,居酒屋・ダイニングバー,,福岡県,福岡県福岡市早良区高取２丁目１８−６,928312167.0,藤崎駅,https://g.page/you-hibiki,,https://twitter.com/yousake_hibiki,https://facebook.com/you.hibiki/,https://instagram.com/you.hibiki/,遊食酒場ひびき,2.0,False
3371.0,高取酒匠 離れ,居酒屋・ダイニングバー,,福岡県,福岡県福岡市早良区高取１丁目３−１３高田ビル1F,928312530.0,藤崎駅,https://g.page/takatorisyuzouhanare?share,,,https://facebook.com/takatorisyuzouhanare/,https://instagram.com/hanare_0427/,高取酒匠 離れ,2.0,False
3372.0,スパイス・ハーブ Rojy（ロジィ）,カレー,,福岡県,福岡県福岡市早良区城西２丁目１１−２８,928314712.0,西新駅,https://goo.gl/maps/FYXqs512kks7HrMN8,,,https://facebook.com/スパイスハーブ-Rojyロジィ-310462272374811/,https://instagram.com/rojy_fukuoka/,スパイス・ハーブ Rojy,2.0,False
3373.0,中華菜 髙福,中華料理,,福岡県,福岡県福岡市早良区西新５丁目５−４,928315155.0,西新駅,https://goo.gl/maps/iqw6qwJpWBzyvrZp6,,,https://facebook.com/chukasai.koufuku/,https://facebook.com/chukasai.koufuku/,中華菜 髙福,2.0,False
3374.0,マンマミーア,イタリアン,,福岡県,福岡県福岡市早良区百道浜２丁目９０２−１,928323353.0,西新駅,https://g.page/mammamia-fukuoka,https://mamma-mia-fukuoka.com,https://twitter.com/mammamia_italy,https://facebook.com/mammamia.momochi,https://instagram.com/mammamia_peaceful_restaurant/,マンマミーア,2.0,False
3375.0,捏製作所,居酒屋・ダイニングバー,,福岡県,福岡県福岡市早良区藤崎１丁目１４−５大産藤崎コーポ103号,928335666.0,藤崎駅,https://goo.gl/maps/u2VWNjuTLMn26VMs8,,,https://facebook.com/捏製作所-877345802356207/,https://facebook.com/捏製作所-877345802356207/,捏製作所,2.0,False
3376.0,高取酒匠,居酒屋・ダイニングバー,,福岡県,福岡県福岡市早良区高取１丁目２８−６,928338010.0,藤崎駅,https://g.page/takatorisyuzou?share,,,https://facebook.com/takatorisyuzou/,https://instagram.com/takatori_syuzo/,高取酒匠,2.0,False
3377.0,集い家かもめ,居酒屋・ダイニングバー,,福岡県,福岡県福岡市早良区荒江２丁目１２−２１,928342154.0,茶山駅,https://goo.gl/maps/fyCdJ6LgWux3K4nW8,https://tsudoiya.owst.jp,,https://facebook.com/tudoiya.kamome/,https://instagram.com/tsudoiya.kamome/,集い家かもめ,2.0,False
3378.0,西新亭,居酒屋・ダイニングバー,ラーメン居酒屋、焼き鳥,福岡県,福岡県福岡市早良区西新4丁目9-15,928343550.0,西新駅,https://goo.gl/maps/E1t1TB2TeHuDJkfp9,,,,https://instagram.com/nishijintei?igshid=ubg889j7652y,西新亭,2.0,False
3379.0,はなゆ,居酒屋・ダイニングバー,,福岡県,福岡県福岡市早良区西新５丁目８−２６リバーケープビル2F,928349382.0,西新駅,https://g.page/nishijinhanayu?share,,,https://facebook.com/nishijinhanayu/,https://instagram.com/hanayu_nishijin/,はなゆ,2.0,False
3380.0,鉄板ダイニングFukudasanchi（フクダサンチ）,ステーキ・ハンバーグ,,福岡県,福岡県福岡市早良区西新１丁目７−１０てんぐ屋西新ビル1F,928365229.0,西新駅,https://g.page/fukudasanchi?share,http://fukudasanchi.com,,https://facebook.com/fukudasanchi/,,鉄板ダイニングFukudasanchi,2.0,False
3381.0,アルパカ,居酒屋・ダイニングバー,,茨城県,茨城県つくば市天久保2丁目3-1,298512951.0,つくば駅,https://goo.gl/maps/a9dEFsuoD7BCxrov5,http://www.alpacadining.com/,https://twitter.com/alpaca_dining,,http://instagram.com/alpacadining,アルパカ,2.0,False
3382.0,カリー専門店KATZ,カレー,,福岡県,福岡県福岡市早良区高取２丁目１８−１６1F,928412201.0,藤崎駅,https://goo.gl/maps/8xWbo9EDHCvQMoVo9,,,,https://instagram.com/katzcurry77/,カリー専門店KATZ,2.0,False
3383.0,八昌 西新店,お好み焼き・もんじゃ焼き,,福岡県,福岡県福岡市早良区西新４丁目６−６ロマネスク西新第51F,928420008.0,西新駅,https://goo.gl/maps/owLE7zKnJeSA2DsT6,http://www.hassho.jp,,https://facebook.com/pages/%E5%85%AB%E6%98%8C/148853198482275/,https://instagram.com/okonomi.hassho/,八昌,2.0,False
3384.0,肉MAR.co,ステーキ・ハンバーグ,,福岡県,福岡県福岡市早良区西新４丁目８−４１レフィーナカサ2F,928430656.0,西新駅,https://goo.gl/maps/iU8MDVf4QtcsFdyv6,https://nikumarco.shopinfo.jp,,https://facebook.com/肉MARco-2706242432734282/,https://instagram.com/nikumar.co/,肉MAR.co,2.0,False
3385.0,馬庵このみ,ステーキ・ハンバーグ,,福岡県,福岡県福岡市早良区百道２丁目７−２８,928432834.0,藤崎駅,https://goo.gl/maps/i2T9XiyKxCBWJSvy6,,,https://facebook.com/pages/馬庵このみ/140134276029595,,馬庵このみ,2.0,False
3386.0,カサーレ,イタリアン,,福岡県,福岡県福岡市早良区西新１丁目１−１８,928439395.0,西新駅,https://goo.gl/maps/sXPr7ELiy6Rbqjfy8,http://www.casale-dal1982.com,,,https://www.instagram.com/casale_fukuoka/,カサーレ,2.0,False
3387.0,鮮度魚来 かさね,魚介・海鮮料理,,福岡県,福岡県福岡市早良区百道２丁目９−３,928440030.0,藤崎駅,https://goo.gl/maps/yu2H8gbbgvtqi9TN9,,,https://facebook.com/fujisaki.kasane/,https://instagram.com/kasane_srnt/,鮮度魚来 かさね,2.0,False
3388.0,広島お好み焼き 鉄板焼 ゆうちゃん,お好み焼き・もんじゃ焼き,,福岡県,福岡県福岡市早良区西新５丁目１５−３１,928441515.0,西新駅,https://goo.gl/maps/TQruEJquqf7Hg9yx6,http://ゆうちゃん.com,,https://facebook.com/広島お好み焼き鉄板焼-ゆうちゃん-243233395726439/,,広島お好み焼き 鉄板焼 ゆうちゃん,2.0,False
3389.0,イタレリ屋ツクセリ屋,イタリアン,,福岡県,福岡県福岡市早良区祖原１４−５,928441741.0,西新駅,https://goo.gl/maps/riSZQ3dPqU8yJHes7,,,https://facebook.com/イタレリ屋ツクセリ屋-1489526541144092/,,イタレリ屋ツクセリ屋,2.0,False
3390.0,ICHI,焼き鳥,,福岡県,福岡県福岡市早良区高取１丁目１−３０,928442289.0,藤崎駅,https://goo.gl/maps/QRoW4Gb2w4cKnSdUA,,,,https://instagram.com/yakitori.ichi_takatori/,ICHI,2.0,False
3391.0,Cafe 明估,居酒屋・ダイニングバー,,福岡県,福岡県福岡市早良区高取２丁目１７−４７2F,928444425.0,藤崎駅,https://goo.gl/maps/zMXdM1KcDaTBL2Am6,,https://twitter.com/akko_cafe,https://facebook.com/Cafe明估Akko-748194941919721/,,Cafe 明估,2.0,False
3392.0,Saccharo（サッカロ）,カフェレストラン,,福岡県,福岡県福岡市早良区高取１丁目１−９シェレステ高取102,928446077.0,西新駅,https://goo.gl/maps/qqcNrCyJ3Hw7MSiDA,,,https://facebook.com/saccharo.jp/,https://instagram.com/saccharo_fukuoka/,Saccharo,2.0,False
3393.0,極味や 藤崎店,焼肉,,福岡県,福岡県福岡市早良区高取１丁目３−１２,928453050.0,藤崎駅,https://goo.gl/maps/fbawhMYLdSfzomMd6,https://www.kiwamiya.com/category/fujisaki/,,https://facebook.com/kiwamiya.fujisaki/,https://instagram.com/kiwamiya_fujisaki/,極味や,2.0,False
3395.0,KHAOS,中華料理,,福岡県,福岡県福岡市早良区西新３丁目１５−９,928457322.0,西新駅,https://g.page/KHAOS0201?share,https://chugokusai-khaos.com,,https://facebook.com/KHAOS0201/,https://instagram.com/khaos_chinese_restaurant/,KHAOS,2.0,False
3396.0,Trattoria MOMO,イタリアン,,福岡県,福岡県福岡市早良区高取２丁目１８−６藤崎センタービル1F,928461501.0,藤崎駅,https://goo.gl/maps/y3icsaBnAZPvH5FR9,,,https://facebook.com/trattoriaxmomo/,https://instagram.com/yoshiaki666/,Trattoria MOMO,2.0,False
3397.0,中国大明火鍋城 本店,中華料理,,福岡県,福岡県福岡市早良区百道１丁目５−１,928462116.0,藤崎駅,https://goo.gl/maps/mYboKYBKv9nYFUcG6,https://daming.owst.jp,,https://facebook.com/中国大明火鍋城-156974100981689/,https://www.instagram.com/daming_firepot/,中国大明火鍋城,2.0,False
3398.0,洋風そば食堂　グリチネ,洋食,,福岡県,福岡県福岡市早良区西新５丁目６−１,928468135.0,西新駅,https://goo.gl/maps/534tdCVfS7EaYA7WA,https://www.glicine-soba.com/,,https://facebook.com/glicinesoba/,https://instagram.com/glicine.official/,洋風そば食堂 グリチネ,2.0,False
3399.0,あじさわ,お好み焼き・もんじゃ焼き,,福岡県,福岡県福岡市早良区西新1-11-20,928471407.0,西新駅,https://goo.gl/maps/TS5YdKNgCsRLyM53A,,,https://www.facebook.com/azisawa/,https://www.instagram.com/ajisawa_nishijin/,あじさわ,2.0,False
3400.0,のみくい処 ばる,ワインバー,,福岡県,福岡県福岡市早良区西新１丁目１０−１４,928472207.0,西新駅,https://goo.gl/maps/1RQNohBaDM8TYcGZ6,,https://twitter.com/nomikui_bar?s=20,https://facebook.com/nomikui.bar/,https://instagram.com/nishijin_bar/,のみくい処 ばる,2.0,False
3401.0,酒呑横丁 てし,居酒屋・ダイニングバー,,福岡県,福岡県福岡市早良区西新５丁目４−４,928474570.0,西新駅,https://goo.gl/maps/E6WeGr5z7P8XCEeA6,,,https://facebook.com/sakenomiyokocho.teshi/,,酒呑横丁 てし,2.0,False
3402.0,のん木,居酒屋・ダイニングバー,,福岡県,福岡県福岡市早良区高取１丁目２９−１０エスパジオ白水電気ビル1F,928477297.0,藤崎駅,https://goo.gl/maps/GcFfteLKCLfanVFx6,,,,https://instagram.com/nonki2814/,のん木,2.0,False
3403.0,ヴァンヴェール珈琲,喫茶店・カフェ,,福岡県,福岡県福岡市早良区高取２丁目１−６,928511808.0,藤崎駅,https://goo.gl/maps/h3fhW8kD46W8VfK18,,,https://facebook.com/ventvertcoffee/,https://instagram.com/ventvertcoffee/,ヴァンヴェール珈琲,2.0,False
3404.0,串揚げ居酒屋 魚武五代目,居酒屋・ダイニングバー,,福岡県,福岡県福岡市早良区西新5-4-24,928512500.0,西新駅,https://goo.gl/maps/FsByncKiTonVuA1J6,,https://twitter.com/samuraifishno05,https://www.facebook.com/串揚げ居酒屋-魚武-ｻﾑﾗｲﾌｨｯｼｭ-五代目-265936957133115/,https://www.instagram.com/samuraifish.no.5/,串揚げ居酒屋 魚武五代目,2.0,False
3405.0,もも焼きト酒 おがた,焼き鳥,,福岡県,福岡県福岡市早良区城西１丁目８−２０,928512840.0,西新駅,https://g.page/MOMOYAKIOGATA,,https://twitter.com/momoyaki_ogata,https://facebook.com/MOMOYAKIOGATA/,https://instagram.com/momoyaki_to_sake_ogata/,もも焼きト酒 おがた,2.0,False
3406.0,長崎ちゃんぽん あっちゃん亭,ラーメン・つけ麺,,福岡県,福岡県福岡市早良区西新５丁目１−２３,928517277.0,西新駅,https://goo.gl/maps/FD1GwNCTmDuqU4788,,,https://facebook.com/acchanpon/,,長崎ちゃんぽん あっちゃん亭,2.0,False
3407.0,ぶぁん,イタリアン,,福岡県,福岡県福岡市早良区荒江２丁目１１−５,928519828.0,別府駅,https://goo.gl/maps/uprneZ3GmHbNodmn8,,https://twitter.com/vin_buono?s=20,https://facebook.com/yasuumavan/,,ぶぁん,2.0,False
3408.0,焼肉 七隈園,焼肉,,福岡県,福岡県福岡市城南区茶山５丁目１７−４,928632586.0,金山駅,https://goo.gl/maps/aVTxsftabqMUZQv56,,,,https://instagram.com/nanakumaen/,焼肉 七隈園,2.0,False
3409.0,カレーショップ河,カレー,,福岡県,福岡県福岡市早良区田村２丁目１２−３,928660016.0,次郎丸駅,https://goo.gl/maps/Tz6Zja2YdMuKBknh6,,,https://facebook.com/pages/%E3%82%AB%E3%83%AC%E3%83%BC%E3%82%B7%E3%83%A7%E3%83%83%E3%83%97%20%E6%B2%B3/146801898739817/,,カレーショップ河,2.0,False
3410.0,焼き鳥居酒屋たていし,焼き鳥,,福岡県,福岡県福岡市城南区長尾４丁目５−１４,928711920.0,七隈駅,https://goo.gl/maps/xhZi3z5hoUtUEXuz9,,,https://facebook.com/Tateishi0202/,https://instagram.com/tateishi.yakitori/,焼き鳥居酒屋たていし,2.0,False
3411.0,居酒屋 玄,居酒屋・ダイニングバー,,福岡県,福岡県福岡市西区姪の浜４丁目１７−４,928917731.0,姪浜駅,https://goo.gl/maps/ZnbKzXfFRMJ1EN4D9,https://izakaya-gen.info/,,https://facebook.com/Izakaya-玄Gen-677820232240048/,,居酒屋 玄,2.0,False
3412.0,ピソリーノ マリナサイドテラス店,イタリアン,,福岡県,福岡県福岡市西区豊浜2-3−4,928945222.0,姪浜駅,https://goo.gl/maps/afv73ZDY5xWynbvq5,,,http://facebook.com/pisolino.marinasideterrace,,ピソリーノ,2.0,False
3413.0,ゆうひ食堂,居酒屋・ダイニングバー,,福岡県,福岡県筑紫野市針摺西1-4-8,929175777.0,西鉄朝倉街道駅,https://goo.gl/maps/sNyTQqPgLoxJQXGt9,,,,,ゆうひ食堂,2.0,False
3414.0,太宰府ハコブネ,お好み焼き・もんじゃ焼き,,福岡県,福岡県太宰府市五条4丁目1番24号,929183935.0,五条駅,https://g.page/DazaihuHakobune?share,,,,,太宰府ハコブネ,2.0,False
3415.0,水城らあ麺,居酒屋・ダイニングバー,,福岡県,福岡県太宰府市水城3丁目4番地24号,929210158.0,水城駅,https://goo.gl/maps/sbWKFehQiQpQkW4T9,,,,,水城らあ麺,2.0,False
3416.0,田舎屋 むつごろう,居酒屋・ダイニングバー,,福岡県,福岡県筑紫野市二日市西1-11-20,929210200.0,JR二日市駅,https://goo.gl/maps/sFPtvEQPXTKckgX39,,,,,田舎屋 むつごろう,2.0,False
3417.0,牛もつ鍋平島,居酒屋・ダイニングバー,,福岡県,福岡県太宰府市五条4丁目3番11号,929211636.0,五条駅,https://goo.gl/maps/NieqjfH6HRzQjXUL6,,,,,牛もつ鍋平島,2.0,False
3418.0,串処 和さん,居酒屋・ダイニングバー,,福岡県,福岡県筑紫野市針摺中央2-14-39,929213291.0,西鉄朝倉街道駅,https://goo.gl/maps/7auiSNBguu42cfku9,,,,https://www.instagram.com/kazusan_official/,串処 和さん,2.0,False
3419.0,吉丁,和食,,福岡県,福岡県筑紫野市二日市中央1-8-38,929213838.0,二日市駅,https://goo.gl/maps/2hR7GERUChJ2bUUM9,http://ki-tyou.com/,,https://facebook.com/chikushino.kiccyo/,,吉丁,2.0,False
3420.0,宴屋う免,居酒屋・ダイニングバー,,福岡県,福岡県太宰府市五条一丁目18-2,929218101.0,西鉄五条駅,https://goo.gl/maps/WsZHFeAZereJ6P727,,,,,宴屋う免,2.0,False
3421.0,花源,和食,,福岡県,福岡県筑紫野市二日市中央2-5-30,929221005.0,JR二日市駅,https://goo.gl/maps/PdMGTZi3yknw9w1W7,,,,,花源,2.0,False
3422.0,寿し栄,寿司,,福岡県,福岡県太宰府市宰府3丁目3番6号,929223089.0,太宰府駅,https://goo.gl/maps/dxaLKvXAWaDXjEgC8,http://sushiei.net/,,,,寿し栄,2.0,False
3423.0,鯉・うなぎ料理　ひろまつ,和食,,福岡県,福岡県筑紫野市塔原西2丁目18-8,929223457.0,二日市駅,https://goo.gl/maps/usj7cWxHbmi3JsYr9,,,https://facebook.com/pages/ひろまつ/303147923056788,,鯉・うなぎ料理 ひろまつ,2.0,False
3424.0,揚げたて天ぷらはまだ,和食,,福岡県,福岡県太宰府市坂本2丁目1-1　ビルムトウ101,929225825.0,都府楼南駅,https://goo.gl/maps/PVof6dhtoMYHBiE16,,,,,揚げたて天ぷらはまだ,2.0,False
3425.0,やきとり 不知火,居酒屋・ダイニングバー,,福岡県,福岡県太宰府市五条4丁目3番43号,929226171.0,五条駅,https://goo.gl/maps/dmac1mxKeQgZQB5o8,,,,,やきとり 不知火,2.0,False
3426.0,古民家カフェひとひら,居酒屋・ダイニングバー,,福岡県,福岡県太宰府市連歌屋2丁目11番12号,929226311.0,太宰府駅,https://goo.gl/maps/gBk2LkYhgmmxWXDSA,,,,https://www.instagram.com/chii_20120228/,古民家カフェひとひら,2.0,False
3427.0,町家カフェ 茶の子,喫茶店・カフェ,,福岡県,福岡県筑紫野市湯町2-4-11,929226855.0,JR二日市駅,https://goo.gl/maps/hJ62a6MN3ezpnxcH7,,,https://facebook.com/DingJiakafeChanoZi/,,町家カフェ 茶の子,2.0,False
3428.0,博多餃子笑井,居酒屋・ダイニングバー,,福岡県,福岡県筑紫野市二日市北1-2-3,929227055.0,西鉄二日市駅,https://g.page/hakatagyoza-warai?share,,,https://facebook.com/%E5%8D%9A%E5%A4%9A%E9%A4%83%E5%AD%90-%E7%AC%91%E4%BA%95-244989725649031,,博多餃子笑井,2.0,False
3429.0,居酒屋山ちゃん,居酒屋・ダイニングバー,,福岡県,福岡県太宰府市五条3-1-21,929228163.0,五条駅,https://goo.gl/maps/uV3fpKfDJTMGrwUr6,,,,,居酒屋山ちゃん,2.0,False
3430.0,ひさや食堂,居酒屋・ダイニングバー,,福岡県,福岡県筑紫野市二日市中央6丁目2-13,929229711.0,二日市駅,https://goo.gl/maps/y256qLjZQb1Q4bNy8,,,https://facebook.com/ひさや食堂-1043529539041188/,https://instagram.com/hisaya__official/,ひさや食堂,2.0,False
3431.0,長浜ラーメン小太郎,居酒屋・ダイニングバー,,福岡県,福岡県太宰府市国分3丁目1番38号,929229896.0,都府楼前駅,https://goo.gl/maps/rThVbponzUGMiFss8,,,,,長浜ラーメン小太郎,2.0,False
3432.0,エイト･エ･リヤン,喫茶店・カフェ,,福岡県,福岡県筑紫野市針摺中央2-4-1,929231812.0,西鉄朝倉街道駅,https://goo.gl/maps/RMrB4Ze3dGB3rGym8,,,,,エイト･エ･リヤン,1.0,False
3433.0,暖歓,居酒屋・ダイニングバー,,福岡県,福岡県筑紫野市二日市中央4-15-6(1F),929232780.0,JR二日市駅,https://g.page/yakitoridankan?share,,,https://facebook.com/yakitoridankan/,,暖歓,2.0,False
3434.0,三十三茶屋（みとみちゃや）,和食,,福岡県,福岡県太宰府市観世音寺2丁目1番1号,929235511.0,都府楼前駅,https://goo.gl/maps/4cSWkiTvzM2tEpMk9,http://33tea.net/,,,,三十三茶屋,2.0,False
3435.0,とふろうグリル,居酒屋・ダイニングバー,,福岡県,福岡県太宰府市通古賀3丁目9−7北橋ビル1階,929236063.0,都府楼前駅,https://goo.gl/maps/wXsF4ZRhva4kd9He8,,,,,とふろうグリル,2.0,False
3436.0,あこ家,居酒屋・ダイニングバー,,福岡県,福岡県筑紫野市紫5丁目19-3,929236875.0,西鉄紫駅,https://goo.gl/maps/hRMqRZUeCPgwVDDc8,,,,,あこ家,2.0,False
3437.0,らぁ麺亭 笑和,居酒屋・ダイニングバー,,福岡県,福岡県太宰府市五条2丁目5番7号,929239171.0,五条駅,https://goo.gl/maps/VrtHNDxLrnE5ku5BA,,,,,らぁ麺亭 笑和,2.0,False
3438.0,ベビーフェイスプラネッツ　二日市店,カフェレストラン,,福岡県,福岡県筑紫野市二日市中央5-2-10,929240955.0,西鉄二日市駅,https://goo.gl/maps/wFerU2dJ4aHZyWko6,http://babyfe-fukuoka.co.jp/,,,,ベビーフェイスプラネッツ,2.0,False
3439.0,ちゃんこ和王,居酒屋・ダイニングバー,,福岡県,福岡県太宰府市通古賀5丁目14番22号,929241972.0,都府楼前駅,https://goo.gl/maps/Q58pbCAioYYVZbsb6,	http://www.chankowaou.com/,,,,ちゃんこ和王,2.0,False
3440.0,居酒屋 天拝,居酒屋・ダイニングバー,,福岡県,福岡県筑紫野市二日市中央1-2-25,929243728.0,JR二日市駅,https://goo.gl/maps/KJXo3b58UyRxgXEo8,,,https://facebook.com/izakayatenpai/,,居酒屋 天拝,2.0,False
3441.0,すし寅,寿司,,福岡県,福岡県太宰府市五条4丁目4番31号,929245385.0,五条駅,https://goo.gl/maps/nFXxdRxS3sz7N2P49,,,,,すし寅,2.0,False
3442.0,炉ばた焼 宝船,居酒屋・ダイニングバー,,福岡県,福岡県筑紫野市二日市中央2-7-10,929248090.0,JR二日市駅,https://goo.gl/maps/dadbtLWMnLgNazya7,,,,,炉ばた焼 宝船,2.0,False
3443.0,むちゃく,居酒屋・ダイニングバー,,福岡県,福岡県筑紫野市二日市中央2丁目6-12,929248514.0,JR二日市駅,https://goo.gl/maps/XqpaYf4w79Ypqki46,,,,https://www.instagram.com/muchaku0403/,むちゃく,2.0,False
3444.0,焼き鳥大政,居酒屋・ダイニングバー,,福岡県,福岡県筑紫野市二日市中央2-1-1,929252493.0,二日市駅,https://goo.gl/maps/QCbgMKjvit4yXWSW9,,,,,焼き鳥大政,2.0,False
3445.0,そば処一耕,そば・うどん,,福岡県,福岡県太宰府市観世音寺1-7-6,929257565.0,太宰府駅,https://goo.gl/maps/TJri6wwRJ2aFKXr7A,https://sobadokoroikko.jimdofree.com/,,https://www.facebook.com/そば処一耕-1486654041664142/,,そば処一耕,2.0,False
3446.0,創作居酒屋 季楽,居酒屋・ダイニングバー,,福岡県,福岡県筑紫野市原田6丁目5-9　吉松ビル1階,929261155.0,,https://goo.gl/maps/XQ3V5NztSsConb9C8,,,,https://www.instagram.com/haruda_kiraku/,創作居酒屋 季楽,2.0,False
3448.0,居酒屋 海亀,居酒屋・ダイニングバー,,福岡県,福岡県筑紫野市筑紫駅前通り一丁目1-10シティハイム筑紫,929270315.0,西鉄筑紫駅,https://goo.gl/maps/FwP6w2oGHB6e28BC9,,,,,居酒屋 海亀,2.0,False
3449.0,鉄板焼じゅうじゅう,居酒屋・ダイニングバー,,福岡県,福岡県筑紫野市筑紫駅前通り1丁目10-102,929272529.0,西鉄筑紫駅,https://goo.gl/maps/UC4zHfoBE9EdST3c6,http://jyuujyuu.jp/,,https://facebook.com/%E9%89%84%E6%9D%BF%E7%84%BC%E3%81%98%E3%82%85%E3%81%86%E3%81%98%E3%82%85%E3%81%86-152457178115268/,https://www.instagram.com/1010shou/,鉄板焼じゅうじゅう,2.0,False
3450.0,焼きとり太閤 二日市店,居酒屋・ダイニングバー,,福岡県,福岡県筑紫野市二日市北2丁目11-1,929280070.0,西鉄二日市駅,https://goo.gl/maps/PBXBFbDnndU26mAi8,,,,,焼きとり太閤,2.0,False
3451.0,チキンハウス,居酒屋・ダイニングバー,,福岡県,福岡県太宰府市朱雀6丁目1番20号,929285050.0,都府楼前駅,https://goo.gl/maps/EqcwBT1gR5it8RT39,,,,,チキンハウス,2.0,False
3452.0,わかな夢工房,居酒屋・ダイニングバー,,福岡県,福岡県筑紫野市山口1270-1,929289110.0,,https://goo.gl/maps/dDKurYYP6YLRGgz98,,,https://facebook.com/%E3%82%8F%E3%81%8B%E3%81%AA%E5%A4%A2%E5%B7%A5%E6%88%BF-411875642179404/,https://www.instagram.com/wakana10a/,わかな夢工房,2.0,False
3453.0,ノエルの樹,カフェレストラン,,福岡県,福岡県太宰府市石坂1丁目2番24号,929290183.0,五条駅,https://goo.gl/maps/7nBzfmHfBzEeTX2QA,http://www.noelnoki.com/,,,,ノエルの樹,2.0,False
3454.0,SON HOUSE（サンハウス）,ハンバーガー,,福岡県,福岡県筑紫野市二日市中央4-10-11,929290780.0,二日市駅,https://goo.gl/maps/yv5JAqUduRy4HVzJ8,,,https://facebook.com/SonHouseFutsukaichi,https://instagram.com/sonhouse_futsukaichi/,SON HOUSE,2.0,False
3455.0,感謝堂,その他,弁当屋さん,福岡県,福岡県太宰府市国分1丁目12番30-102,929291073.0,下大利駅,https://goo.gl/maps/Q2iiaEnAJtbFRmZe9,,,,,感謝堂,2.0,False
3456.0,つどい処ながの屋,居酒屋・ダイニングバー,,福岡県,福岡県太宰府市通古賀3-9-10,929291686.0,都府楼前駅,https://goo.gl/maps/8kFtN23b8wMpimvG8,,,https://facebook.com/pages/category/Local-Business/%E3%81%A4%E3%81%A9%E3%81%84%E5%87%A6-%E3%81%AA%E3%81%8C%E3%81%AE%E5%B1%8B-663533063825190/,,つどい処ながの屋,2.0,False
3457.0,大ばけ小ばけ,和食,,福岡県,福岡県太宰府市太宰府市五条2丁目2番33号,929294556.0,五条駅,https://goo.gl/maps/pAUPjxv1yr84L7mm7,,,,,大ばけ小ばけ,2.0,False
3458.0,ヤキトリ 若大将,居酒屋・ダイニングバー,,福岡県,福岡県筑紫野市吉木2423-5,929294649.0,,https://goo.gl/maps/fSgKNt4dfDFe8JuE6,,,,,ヤキトリ 若大将,2.0,False
3459.0,イタリア食堂 Frutto,イタリアン,,福岡県,福岡県粕屋郡粕屋町長者原西1-7-8デコール欅1F,929392610.0,長者原駅,https://goo.gl/maps/3AyhfE4CqkU4Yw6c6,https://frutto.jimdofree.com/,,,,イタリア食堂 Frutto,2.0,False
3460.0,プントマーレ,イタリアン,,福岡県,福岡県那珂川市中原2丁目151,929530141.0,博多南駅,https://goo.gl/maps/XGtvsCrveGyYyW8R9,,,,,プントマーレ,2.0,False
3461.0,旬菜レオ,居酒屋・ダイニングバー,,福岡県,福岡県那珂川市道善1-2,929530509.0,博多南駅,https://goo.gl/maps/mg8GNTDUwnvvaiMu6,,,,,旬菜レオ,2.0,False
3462.0,喫茶キャプテン,喫茶店・カフェ,,福岡県,福岡県那珂川市松木1丁目1,929530985.0,博多南駅,https://goo.gl/maps/zwW9LZJjXhKMTzrb9,,,,https://instagram.com/captain_nakagawa/,喫茶キャプテン,2.0,False
3463.0,麺専科 げんき,居酒屋・ダイニングバー,,福岡県,福岡県那珂川市西隈3-6-1,929533090.0,博多南駅,https://goo.gl/maps/VWatzaBVjvistekV8,,,,,麺専科 げんき,2.0,False
3464.0,五ケ山豆腐,和食,,佐賀県,佐賀県神埼郡吉野ヶ里町松隈2418－1,929543761.0,博多南駅,https://goo.gl/maps/6qyEMjKFHG71XKkX9,,,,,五ケ山豆腐,2.0,False
3465.0,Pasteria flourish,イタリアン,,福岡県,福岡県福岡市中央区薬院１丁目１６−５,929804585.0,薬院駅,https://goo.gl/maps/eqo3YN9RXUN4cmDR6,https://www.p-flourish.com,,https://facebook.com/Flourish-fukuoka-342395363244118/,https://instagram.com/pasteria_flourish/,Pasteria flourish,2.0,False
3466.0,焼とり 熟成魚 木崎,居酒屋・ダイニングバー,,福岡県,福岡県福岡市南区高宮３丁目１０−３−１,929811959.0,高宮駅,https://g.page/yakitori_kizaki?share,https://www.kizaki0223.com,,https://facebook.com/焼とり−熟成魚−木崎−1195125203984797/,https://instagram.com/yakitori_kizaki/,焼とり 熟成魚 木崎,2.0,False
3467.0,Brewer's Coffee ばんぢろ,喫茶店・カフェ,,福岡県,福岡県福岡市博多区上川端町４−２３５2F,929813335.0,中洲川端駅,https://g.page/vandzillo?share,https://vandzillo.coffee,,https://facebook.com/van.dzillo/,https://instagram.com/van.dzillo/?hl=ja,Brewer's Coffee ばんぢろ,2.0,False
3468.0,魚とやきとり和,居酒屋・ダイニングバー,,福岡県,福岡県那珂川市中原1-30linkF2ビル1F,929813386.0,博多南駅,https://goo.gl/maps/NRdcQFvoH8YqFLUL6,,,,,魚とやきとり和,2.0,False
3469.0,うめや,カフェレストラン,,福岡県,福岡県福岡市早良区室見２丁目２−１１,929820248.0,室見駅,https://goo.gl/maps/Si3LbVECdVCWxW4F9,,,https://facebook.com/umeya2013/,,うめや,2.0,False
3470.0,Ristorante Oicho（リストランテ  オイチョ）,フレンチ,,福岡県,福岡県福岡市早良区西新５丁目１−１１,929822621.0,西新駅,https://goo.gl/maps/3QTYhmvHs4fZusGm9,https://japanese-izakaya-restaurant-3932.business.site/?utm_source=gmb&utm_medium=referral,,https://facebook.com/Ristorante-Oicho-リストランテ-オイチョ-114439846640995/,,Ristorante Oicho,2.0,False
3471.0,ビストロでんでんむし,イタリアン,,福岡県,福岡県太宰府市坂本1丁目4番地22号,929824840.0,都府楼前駅,https://goo.gl/maps/vMi2MtiCmBikxTxo9,,,,,ビストロでんでんむし,2.0,False
3473.0,KISUTEI,イタリアン,,福岡県,福岡県那珂川市今光4-71-1,929825358.0,博多南駅,https://goo.gl/maps/qC5foF6xh9vHZznv6,,,,,KISUTEI,2.0,False
3474.0,INUwines,ワインバー,,福岡県,福岡県福岡市南区那の川２丁目３−１４,929825757.0,平尾駅,https://goo.gl/maps/UnfFfzMxk9461ucp6,,,https://facebook.com/I.N.U.wines/,https://instagram.com/i.n.u.wines/,INUwines,2.0,False
3475.0,クボカリー,カレー,,福岡県,福岡県福岡市南区大楠３丁目１７−１０,929835314.0,高宮駅,https://goo.gl/maps/wN6QbSVMzqQGdbQu8,,,https://facebook.com/kubocurry/,,クボカリー,2.0,False
3476.0,Bar Corazon（バル・コラソン）,イタリアン,,福岡県,福岡県福岡市中央区唐人町１丁目１０−１唐人町パークハウス1F,929835664.0,唐人町駅,https://goo.gl/maps/WXhJcvB3g5mbHgGN8,http://bar-corazon.com,,https://facebook.com/barcorazonjp/,https://www.instagram.com/barcorazon0907/,Bar Corazon,2.0,False
3477.0,Da Fuchigami Hakata,イタリアン,,福岡県,福岡県福岡市博多区上川端町３−１５,929836278.0,中洲川端駅,https://goo.gl/maps/4qxoHKp11B2EhAgy5,http://www.dafuchigami.com,,https://facebook.com/Da-fuchigami-Hakata-166816670710984/,https://instagram.com/da_fuchigami_hakata/,Da Fuchigami Hakata,2.0,False
3478.0,Forest Spice,カレー,,福岡県,福岡県福岡市早良区高取１丁目５−３６,929861083.0,藤崎駅,https://goo.gl/maps/igaZQpa2qpVP4Vhi9,,,https://facebook.com/forest.spice2018,https://instagram.com/forest_spice2018/,Forest Spice,2.0,False
3479.0,肉と葡萄 信玄食道,焼肉,,福岡県,福岡県福岡市中央区春吉２丁目６−１５八番館201,929861224.0,西鉄福岡（天神）駅,https://g.page/shingenshokudo,,,https://facebook.com/%E8%82%89%E3%81%A8%E8%91%A1%E8%90%84-%E4%BF%A1%E7%8E%84%E9%A3%9F%E9%81%93-254264431720745,https://instagram.com/shingenshokudo/,肉と葡萄 信玄食道,2.0,False
3480.0,イタリアワイン専門店Kasa,イタリアン,,福岡県,福岡県福岡市中央区大名１丁目１４−２８第一松村ビル,929864350.0,西鉄福岡（天神）駅,https://goo.gl/maps/n78VYvM9LQckpyLe7,https://kasa-restaurant.business.site/,,https://facebook.com/イタリアワイン専門店Kasa-328043504226330/,,イタリアワイン専門店Kasa,2.0,False
3481.0,ぶどうの樹　麦のキッチン,カフェレストラン,,福岡県,福岡県遠賀郡岡垣町手野183,932823636.0,海老津駅,https://goo.gl/maps/mQAYU8TNrNNReX3M8,,,https://facebook.com/ぶどうの樹-290758964306387/,https://instagram.com/budounoki_okagaki/,ぶどうの樹 麦のキッチン,2.0,False
3482.0,から揚げサンバ,焼き鳥,,福岡県,福岡県北九州市小倉南区中曽根１丁目１３−６エクセレントパレス,934739500.0,下曽根駅,https://goo.gl/maps/6F6AhYH92wjan3B76,https://www.karaage-samba.com,,https://facebook.com/karaagesamba38/,,から揚げサンバ,2.0,False
3483.0,green・green・village,その他,オーガニック・ピッツェリア,福岡県,福岡県北九州市小倉北区京町4-5-1,935211881.0,小倉駅,https://goo.gl/maps/y9gd37uaEhRLTa7D8,,,,,green・green・village,2.0,False
3484.0,元祖 手打ちつけ麺 丸長,ラーメン・つけ麺,,茨城県,茨城県つくば市春日4丁目12-3,298516014.0,つくば駅,https://goo.gl/maps/CAJ12zH9nSLZom2w6,http://tsukuba.ch/shop/?id=76,,,,元祖 手打ちつけ麺 丸長,2.0,False
3485.0,あじ彩,居酒屋・ダイニングバー,,茨城県,茨城県つくば市天久保2丁目9-2,298520050.0,つくば駅,https://goo.gl/maps/GCEAbZpkjSPgqYAU7,,https://twitter.com/ajisaimaster,,,あじ彩,2.0,False
3486.0,ねこバル,イタリアン,,福岡県,福岡県遠賀郡芦屋町船頭町５−１９,937015006.0,水巻,https://goo.gl/maps/W6WwMMCrRAWC4der5,,,https://www.facebook.com/pages/category/Cafe/%E3%81%AD%E3%81%93%E3%83%90%E3%83%AB-2376947302330086/,,ねこバル,2.0,False
3487.0,finlaggan,バー,,茨城県,茨城県つくば市天久保2丁目9-2,298520244.0,つくば駅,https://goo.gl/maps/VQJFoxp1DQRoWvRU7,,https://twitter.com/barfinlaggan,,,finlaggan,2.0,False
3488.0,ポシェジャルダン,フレンチ,,福岡県,福岡県北九州市若松区払川６１６−５,937415945.0,本城駅,https://goo.gl/maps/SsGLhwTZtpaPQ4Lq7,,,https://facebook.com/pages/%E3%83%9D%E3%82%B7%E3%82%A7%E3%82%B8%E3%83%A3%E3%83%AB%E3%83%80%E3%83%B3/460467860649127/,,ポシェジャルダン,2.0,False
3489.0,ひとくち餃子 てん屋,餃子,,福岡県,福岡県久留米市六ツ門町２２−３６,942328099.0,西鉄久留米駅,https://goo.gl/maps/dhwvgPusSJwBx6j58,https://10ya.net,,https://facebook.com/10ya.net/,https://instagram.com/hitokuchigyouza.tenya/,ひとくち餃子 てん屋,2.0,False
3490.0,酒と饂飩 こなから,居酒屋・ダイニングバー,,福岡県,福岡県久留米市蛍川町２−５木下ビル1F,942343315.0,西鉄久留米駅,https://goo.gl/maps/K2HtfYgN1KFW3jbX6,,,https://facebook.com/Udon-こなから-285234448197492/,https://instagram.com/izu_tsu/,酒と饂飩 こなから,2.0,False
3491.0,無化調醤油ラーメン しのわ,ラーメン・つけ麺,,福岡県,福岡県久留米市東櫛原町１１８５−２,942381004.0,櫛原駅,https://goo.gl/maps/3JkfT31BqC4aegq78,,,https://facebook.com/chinois.ramens/,https://instagram.com/ramenchinois/,無化調醤油ラーメン しのわ,2.0,False
3492.0,鍋焼き&バイキング頂−ITADAKI,鍋料理,,福岡県,福岡県久留米市三潴町福光５４９,942551777.0,犬塚駅,https://goo.gl/maps/y1vixzLj6Px8ryTy6,,,,https://instagram.com/itadaki.soweluxkitchen/,鍋焼き&バイキング頂−ITADAKI,2.0,False
3493.0,拉麺 久留米 本田商店,ラーメン・つけ麺,ラーメン,福岡県,福岡県久留米市南3-27-29,942554065.0,久留米,"https://maps.google.com/maps?ll=33.305942,130.508284&z=12&t=m&hl=ja&gl=US&mapclient=embed&q=%E5%8D%97%20%E3%80%92830-0051%20%E7%A6%8F%E5%B2%A1%E7%9C%8C%E4%B9%85%E7%95%99%E7%B1%B3%E5%B8%82",,,,,拉麺 久留米,2.0,False
3494.0,MINOU BOOKS&CAFE,喫茶店・カフェ,,福岡県,福岡県うきは市吉井町１１３７,,筑後吉井駅,https://goo.gl/maps/JAqmG9uju5N1mdJQA,http://minoubooksandcafe.com,,https://facebook.com/minoubooksandcafe/,https://www.instagram.com/minou_booksandcafe/,MINOU BOOKS&CAFE,2.0,False
3495.0,鯉とりまぁしゃん 鯉の巣本店,魚介・海鮮料理,,福岡県,福岡県久留米市田主丸町田主丸641-1,943722451.0,田主丸駅,https://goo.gl/maps/fWH1ehEZCREKP6pD8,https://koitori-maashan.com/,,https://www.facebook.com/koinosu/,,鯉とりまぁしゃん 鯉の巣,2.0,False
3496.0,VinCafe PROSPERO,ワインバー,,福岡県,福岡県うきは市吉井町１２５１−６　2F,943737303.0,筑後吉井駅,https://goo.gl/maps/UCziCNSVTKA7JGcK7,https://vincafe-prospero.com/,,https://facebook.com/VinCafePROSPERO-1341523555960047/,https://www.instagram.com/vincafe_prospero/,VinCafe PROSPERO,2.0,False
3497.0,山北小路 きふね,そば・うどん,,福岡県,福岡県うきは市浮羽町山北６９４−１,943737380.0,筑後大石駅,https://goo.gl/maps/LqMsRhWsFTvWLd5t6,https://kifune-fukuoka.com/,,https://facebook.com/kifune.ukiha.fukuoka/,https://www.instagram.com/kifune_fukuoka/,山北小路 きふね,2.0,False
3498.0,jingoro,喫茶店・カフェ,,福岡県,福岡県うきは市吉井町鷹取１５５７−３,943737773.0,筑後吉井駅,https://goo.gl/maps/jvbRNnFnkPUNWsDr6,http://jingoro.jp,,,https://www.instagram.com/jingoro.jp/,jingoro,2.0,False
3499.0,スープカレー専門店 禅,カレー,,福岡県,福岡県うきは市吉井町６５７−４,943737777.0,筑後吉井駅,https://goo.gl/maps/3dR1PCAXQHgVNGyW8,,,,https://www.instagram.com/soupcurryyoshizen/,スープカレー専門店 禅,2.0,False
3500.0,トラットリア AO,イタリアン,,福岡県,福岡県うきは市吉井町１００３−２０,943752524.0,筑後吉井駅,https://g.page/italianrestaurantao,,,https://facebook.com/italianrestaurantao/,https://www.instagram.com/trattoria_ao_/,トラットリア AO,2.0,False
3501.0,cake.cafe.miel,喫茶店・カフェ,,福岡県,福岡県うきは市吉井町１３４０,943753802.0,筑後吉井駅,https://goo.gl/maps/hpqrU75JnBL4hcYY7,http://mielukiha.com/,,https://facebook.com/mielukiha/,https://www.instagram.com/miel_ukiha/,cake.cafe.miel,2.0,False
3502.0,Peace Delicatessen,カフェレストラン,,福岡県,福岡県うきは市吉井町千年６５３−１,943755081.0,筑後吉井駅,https://goo.gl/maps/R611u6B6r5afZwNt8,,,,https://www.instagram.com/peacedelicatessen/,Peace Delicatessen,2.0,False
3503.0,山の麓,喫茶店・カフェ,,福岡県,福岡県うきは市吉井町７９１−７,943755534.0,筑後吉井駅,https://goo.gl/maps/EzChKjgamWaBC3tj9,,,https://facebook.com/pages/category/Dessert-Shop/山の麓-752729921502234/,https://www.instagram.com/yama_no_fumoto/,山の麓,2.0,False
3504.0,つしま海道,魚介・海鮮料理,,福岡県,福岡県うきは市吉井町２３３−３,943758011.0,筑後吉井駅,https://goo.gl/maps/zfhwgUj8usuQ1bZ97,,,,https://www.instagram.com/tsushimakaidou/,つしま海道,2.0,False
3505.0,博多一番どり居食家あらい,居酒屋・ダイニングバー,,福岡県,福岡県うきは市吉井町字長ヶ坪９６７−１１,943758300.0,筑後吉井駅,https://goo.gl/maps/FxR1EWE7QjTxsNx76,,,,https://www.instagram.com/a_hakata_ichibandori_a/,博多一番どり居食家あらい,2.0,False
3506.0,深山の牡丹,喫茶店・カフェ,,福岡県,福岡県うきは市吉井町生葉２１０７−６,943763017.0,筑後吉井駅,https://g.page/miyamanobotan,,,https://facebook.com/miyamanobotan/,https://www.instagram.com/miyamanobotan/,深山の牡丹,2.0,False
3507.0,磯吉,和食,,福岡県,福岡県うきは市吉井町１３１６−４,943764222.0,筑後吉井駅,https://goo.gl/maps/1Tma6mBUep6oSspq6,,,https://facebook.com/磯吉-522869757724370/,,磯吉,2.0,False
3508.0,居酒屋 託望,居酒屋・ダイニングバー,,福岡県,福岡県うきは市吉井町９２−３,943764809.0,筑後吉井駅,https://goo.gl/maps/pSq4pvii7AxGtkYp8,,,https://facebook.com/居酒屋託望-254420971269633/,,居酒屋 託望,2.0,False
3509.0,託正,寿司,,福岡県,福岡県うきは市吉井町１３９０−２０,943765551.0,筑後吉井駅,https://goo.gl/maps/gagENAdJWn5vuKbJ7,,,https://facebook.com/takumasa2010/,https://www.instagram.com/takumasa415/,託正,2.0,False
3510.0,Sweet's House REN,喫茶店・カフェ,,福岡県,福岡県うきは市吉井町１００３−１２,943769545.0,筑後吉井駅,https://goo.gl/maps/tYwQ3HQm3cJW6RtW8,,,https://facebook.com/sweetshouseren/,,Sweet's House REN,2.0,False
3511.0,野草ベーグルと摘み草料理の店 Plantago,ベジ・ヴィーガン,,福岡県,福岡県うきは市浮羽町新川４４６８,943769910.0,うきは駅,https://goo.gl/maps/97AqQMtbfabUfhPq5,,,https://facebook.com/1104Plantago/,https://www.instagram.com/plantago_/,野草ベーグルと摘み草料理の店 Plantago,2.0,False
3512.0,カモノユキ,居酒屋・ダイニングバー,,福岡県,福岡県うきは市浮羽町朝田８４−７,943772972.0,うきは駅,https://goo.gl/maps/AMunL2wacstWmU3o9,,,,https://www.instagram.com/kamonoyuki/,カモノユキ,2.0,False
3513.0,ラ・セーヌ,喫茶店・カフェ,,福岡県,福岡県うきは市浮羽町浮羽２８９−１６,943773655.0,うきは駅,https://goo.gl/maps/eiWnHoWbB1ouBfvi9,http://www.cafe-laseine.com/,,https://facebook.com/Cafe-ラセーヌ-491088170976956/,https://www.instagram.com/la.3655/,ラ・セーヌ,2.0,False
3514.0,林さん亭,中華料理,,福岡県,福岡県うきは市浮羽町朝田１１３９−１,943773955.0,うきは駅,https://g.page/rinsantei,https://foodplace.jp/rinsantei/,,https://facebook.com/rinsantei/,https://www.instagram.com/rinsantei/,林さん亭,2.0,False
3516.0,ゼルコバコーヒー,喫茶店・カフェ,,福岡県,福岡県うきは市浮羽町流川３３６−１,943777123.0,うきは駅,https://goo.gl/maps/MQWgZchrTsQn8uTZA,,,https://facebook.com/zelkovacoffee/,https://www.instagram.com/zelkovacoffee/,ゼルコバコーヒー,2.0,False
3517.0,DeliBoy BROS. Hamburger,ハンバーガー,,福岡県,福岡県うきは市浮羽町山北１７５８−２１,943778101.0,筑後大石駅,https://goo.gl/maps/hV2AQqMHi7FTaWk46,,,https://facebook.com/deliboyhamburger/,https://www.instagram.com/deliboybros_hamburger/,DeliBoy BROS. Hamburger,2.0,False
3518.0,焼き鳥二番手,焼き鳥,,福岡県,福岡県うきは市浮羽町朝田６８５−７,943778480.0,うきは駅,https://goo.gl/maps/bmueufNjZAQg6vMB7,,,https://facebook.com/pages/category/Chicken-Joint/炭火焼鳥二番手-257866307725042/,https://www.instagram.com/yakitori_nibante/,焼き鳥二番手,2.0,False
3519.0,食彩倶楽部 純正,和食,,福岡県,福岡県うきは市浮羽町朝田５６８−１,943778627.0,うきは駅,https://goo.gl/maps/TY173DmyeF1ocPDF8,,,https://facebook.com/食彩倶楽部-純正-1608833292714595/,https://www.instagram.com/_kousuke_adachi/,食彩倶楽部 純正,2.0,False
3520.0,立花うどん,そば・うどん,,福岡県,福岡県柳川市三橋町高畑191,944731011.0,西鉄柳川駅,https://goo.gl/maps/D3okNzMBUHwYS9Ft9,https://tatibanaudon.com/,,https://facebook.com/tatibanaudon/?locale2=ja_JP,https://instagram.com/tatibanaudon.yanagawa/?hl=ja,立花うどん,2.0,False
3521.0,うなぎ処　玉喜屋,和食,,福岡県,福岡県三潴郡大木町侍島916-1,944759095.0,西鉄八丁牟田駅,https://goo.gl/maps/oa1itJn2fPG3xYwo9,,,,,うなぎ処 玉喜屋,2.0,False
3522.0,チムニーギオット,イタリアン,,茨城県,茨城県つくば市稲荷前27-2,298523598.0,つくば駅,https://goo.gl/maps/UgvVUiZ2UXKJDWAF7,http://www.italian.co.jp/,,,,チムニーギオット,2.0,False
3523.0,pool cafe Axcel,喫茶店・カフェ,,佐賀県,佐賀県武雄市甘久320-1ヤマサキビル1階,954226566.0,高橋駅,https://goo.gl/maps/FxYj6a9L2YZq6qtS8,,https://twitter.com/Pool_cafe_Axcel,https://facebook.com/PoolCafeAxcel/,,pool cafe Axcel,2.0,False
3524.0,韓国料理はるはる,韓国料理,,熊本県,熊本県熊本市東区保田窪本町5-41,962024904.0,東海学園前駅,https://goo.gl/maps/SMEywjENBPZEjzbA7,https://www.facebook.com/haruharucafe,,https://facebook.com/haruharucafe,,韓国料理はるはる,2.0,False
3525.0,馬肉料理　馬勝蔵,和食,馬肉専門店,熊本県,熊本県菊池郡大津町室83,962940303.0,肥後大津,https://g.page/umakatsuzo?share,https://umakatsuzo.com/,https://twitter.com/umakatsuzo,https://www.facebook.com/umakatuzou/,https://www.instagram.com/shihomiokami/,馬肉料理 馬勝蔵,2.0,False
3526.0,熊本屋,居酒屋・ダイニングバー,,熊本県,熊本県熊本市中央区下通１－４－９,963260355.0,熊本城・市役所前,https://goo.gl/maps/XJchpFfYfJikcur47,https://retty.me/area/PRE43/ARE142/SUB14201/100001420310/,,,,熊本屋,2.0,False
3527.0,広島お好み焼き 廣,お好み焼き・もんじゃ焼き,,熊本県,熊本県熊本市中央区本山2-7-12野中ビル1F,963550544.0,熊本駅,https://goo.gl/maps/Pzcz2PKeCL7B3BQb8,https://radioprima.net/259xxhmshirikakusazucomb3/,,,,広島お好み焼き 廣,2.0,False
3528.0,ステーキハウス淀川,その他,鉄板焼き,熊本県,熊本県熊本市中央区上通町11-18-2F,963592914.0,藤崎宮前駅,https://goo.gl/maps/k7nPWeJ7AVeymMzi7,http://www.dandl.co.jp/yodogawa/,,https://facebook.com/steak.yodogawa,,ステーキハウス淀川,2.0,False
3529.0,コップンカー食堂,タイ料理,,熊本県,熊本県八代市通町8-2森本ビル1F,965628490.0,八代駅,https://goo.gl/maps/4LJV3umbnZkTP14N9,https://koppunka.com,,,https://www.instagram.com/koppunka.8.2/,コップンカー食堂,2.0,False
3530.0,レストハウス洞門 -LuxeGarden-,定食・食堂,,大分県,大分県中津市本耶馬渓町曽木1848-1,979522432.0,中津・耶馬渓,https://g.page/resthousedoumon?share,https://yabakei.com/,https://twitter.com/luxegarden,https://www.facebook.com/resthousedoumon/,https://www.instagram.com/yabakei_trip/,レストハウス洞門 -LuxeGarden-,2.0,False
3531.0,スナック まどんな,スナック・ラウンジ,,宮崎県,宮崎県日南市飫肥２丁目４−１８,987250623.0,,https://goo.gl/maps/47WCWapkTZogWA8u6,,,,,スナック まどんな,2.0,False
3532.0,GINNOO,居酒屋・ダイニングバー,,宮崎県,宮崎県日南市飫肥２丁目５−７,987252039.0,,https://goo.gl/maps/tzXRUoEpmqEv1VS87,,,,,GINNOO,2.0,False
3533.0,ワインの酒場 あんべらしゅ,居酒屋・ダイニングバー,,宮崎県,宮崎県日南市飫肥１丁目４−３６−１,987252669.0,,https://goo.gl/maps/Ganx24dKCiLUB6Va8,,,,,ワインの酒場 あんべらしゅ,2.0,False
3534.0,笑まる,居酒屋・ダイニングバー,,宮崎県,宮崎県日南市飫肥２丁目６−１,987253343.0,,https://goo.gl/maps/Gm7qL6iAXuaPi9jc9,,,,,笑まる,2.0,False
3535.0,DOCGおきなわダイニング,ベジ・ヴィーガン,,沖縄県,沖縄県那覇市樋川1−1−65金城ビル1階,988366455.0,県庁前,https://goo.gl/maps/SBJDG7frQuTAWFHo8,,,https://facebook.com/docgokinawa/,https://instagram.com/docgokinawa?igshid=n8egcdg8adn7,DOCGおきなわダイニング,2.0,False
3536.0,ノボテル沖縄那覇 グルメバー,その他,,沖縄県,沖縄県那覇市松川40,988871111.0,安里駅,https://goo.gl/maps/r1JJdzUk1McDsVwc9,https://www.novotelokinawanaha.jp/,,https://facebook.com/NovotelOkinawaNaha/,https://instagram.com/novotelokinawanaha/,ノボテル沖縄那覇 グルメバー,2.0,False
3537.0,OBBLIGATO 読谷店,メキシコ料理,,沖縄県,沖縄県中頭郡読谷村古堅497-1,989567420.0,那覇空港駅,https://goo.gl/maps/RqGyGeURucyWVuX27,https://www.obbligato.co.jp/,,https://facebook.com/oblee.yomitan/,https://instagram.com/obbligato.okinawa?igshid=szg3ng4jv4j9,OBBLIGATO,2.0,False
3538.0,びっくり亭 那珂川店,居酒屋・ダイニングバー,,福岡県,福岡県那珂川市片縄10丁目12,929540141.0,博多南駅,https://goo.gl/maps/RLu6YxE3T6hT3ozd9,,,,,びっくり亭,2.0,False
3539.0,Bistro Récolte,フレンチ,ビストロ,千葉県,千葉県千葉市中央区富士見2-13-1,432162402.0,千葉,https://goo.gl/maps/QnY1H5SsS8VRZQ1HA,https://tabelog.com/chiba/A1201/A120101/12042341/,,https://www.facebook.com/recoltechiba/,,Bistro Récolte,2.0,False
3540.0,wine bar M,ワインバー,,東京都,東京都渋谷区恵比寿西１丁目３−５,334641788.0,恵比寿,https://g.page/winebarm?share,https://www.wine-m.jp/,,https://www.facebook.com/228650600479185,,wine bar M,1.0,False
3541.0,ジョイーレ,イタリアン,,東京都,東京都墨田区江東橋４丁目２９−１４,336310141.0,錦糸町,https://goo.gl/maps/aDv6WEmnvXFr8SVa8,https://r.gnavi.co.jp/b094000/,,https://www.facebook.com/pages/category/Italian-Restaurant/%E3%82%A4%E3%82%BF%E3%83%AA%E3%82%A2%E9%A3%9F%E5%A0%82-%E3%82%B8%E3%83%A7%E3%82%A4%E3%83%BC%E3%83%AC-327873800619021/,,ジョイーレ,1.0,False
3542.0,新宿葡庵,各国料理,ヨーロッパ料理,東京都,東京都新宿区新宿２丁目７−１,5033133679.0,新宿,https://goo.gl/maps/b7vv39ZRXCXsCKJs8,https://shinjuku-buan.gorp.jp/,,https://www.facebook.com/pages/category/Wine-Bar/%E6%96%B0%E5%AE%BF-%E8%91%A1%E5%BA%B5-shinjuku-bu-an-442831142832819/,,新宿葡庵,1.0,False
3543.0,THE FARM CAFE（ザ・ファームカフェ）,ベジ・ヴィーガン,,東京都,東京都台東区花川戸1-3-3矢吹ビル1階,358308134.0,浅草,https://g.page/thefarmcafeasakusa?share,https://thefarmcafetokyo.business.site/,https://twitter.com/thefarmcafe2,https://www.facebook.com/thefarmcafeasakusa/,https://www.instagram.com/thefarmcafe/,THE FARM CAFE,3.0,False
3544.0,Szechwan Cuisine & Wine 四川料理 御馥 中之島ダイビル店,,,,,,,,,,,,Szechwan Cuisine & Wine 四川料理 御馥,1.0,False
3545.0,酒と飯 菜〜sai〜,,,,,,,,,,,,酒と飯 菜〜sai〜,1.0,False
3546.0,インド料理 ムンバイ 九段店,,,,,,,,,,,,インド料理 ムンバイ,2.0,False
3547.0,サワディー 麹町店,,,,,,,,,,,,サワディー,2.0,False
3548.0,排骨担々五ノ井,,,,,,,,,,,,排骨担々五ノ井,2.0,False
3549.0,丼やまの,,,,,,,,,,,,丼やまの,2.0,False
3550.0,神田 いるさ,,,,,,,,,,,,神田 いるさ,2.0,False
3551.0,ランチョン,,,,,,,,,,,,ランチョン,2.0,False
3552.0,神田 笹鮨,,,,,,,,,,,,神田 笹鮨,2.0,False
3553.0,のりまき屋,,,,,,,,,,,,のりまき屋,2.0,False
3554.0,肉のヒマラヤbyポルコロ 築地,,,,,,,,,,,,肉のヒマラヤbyポルコロ 築地,2.0,False
3555.0,Bonte(ボンテ),,,,,,,,,,,,Bonte,2.0,False
3556.0,ポンテチェントロ,,,,,,,,,,,,ポンテチェントロ,2.0,False
3557.0,WINESHOP&DINER FUJIMARU,,,,,,,,,,,,WINESHOP&DINER FUJIMARU,2.0,False
3559.0,イレール人形町,,,,,,,,,,,,イレール人形町,2.0,False
3560.0,La cantinetta Otanukisan,,,,,,,,,,,,La cantinetta Otanukisan,2.0,False
3561.0,シャルキュ,,,,,,,,,,,,シャルキュ,2.0,False
3563.0,肉バル肉リーマン,,,,,,,,,,,,肉バル肉リーマン,2.0,False
3564.0,64 barrack st.,,,,,,,,,,,,64 barrack st.,2.0,False
3565.0,ビストロアンバロン,,,,,,,,,,,,ビストロアンバロン,2.0,False
3566.0,アルド ALDO,,,,,,,,,,,,アルド ALDO,2.0,False
3567.0,apéro. wine bar aoyama,,,,,,,,,,,,apéro. wine bar aoyama,2.0,False
3568.0,ラ・パスタイオーネ,,,,,,,,,,,,ラ・パスタイオーネ,2.0,False
3569.0,First Fruits Coffee,,,,,,,,,,,,First Fruits Coffee,2.0,False
3570.0,ROZZO SICILIA,,,,,,,,,,,,ROZZO SICILIA,2.0,False
3571.0,このむ白金,,,,,,,,,,,,このむ白金,2.0,False
3572.0,タランテッラ・ダ・ルイジ,,,,,,,,,,,,タランテッラ・ダ・ルイジ,2.0,False
3573.0,リストランテ センソ,,,,,,,,,,,,リストランテ センソ,2.0,False
3574.0,ドリームファクトリー,,,,,,,,,,,,ドリームファクトリー,2.0,False
3576.0,肉とクラフトビールCarnism【カーニズム】,,,,,,,,,,,,肉とクラフトビールCarnism,2.0,False
3577.0,九州料理 おにまる,,,,,,,,,,,,九州料理 おにまる,2.0,False
3578.0,インド料理ムンバイ四谷店 + The India Tea House,,,,,,,,,,,,インド料理ムンバイ四谷店 + The India Tea House,2.0,False
3579.0,BRUCIABRUCIA,,,,,,,,,,,,BRUCIABRUCIA,2.0,False
3580.0,根津の谷,,,,,,,,,,,,根津の谷,2.0,False
3581.0,わたべ,,,,,,,,,,,,わたべ,2.0,False
3583.0,Q Cafe 上野,,,,,,,,,,,,Q Cafe 上野,2.0,False
3584.0,李湘潭 湘菜館,,,,,,,,,,,,李湘潭 湘菜館,2.0,False
3585.0,焼肉粋iki,,,,,,,,,,,,焼肉粋iki,2.0,False
3586.0,和牛山本,,,,,,,,,,,,和牛山本,2.0,False
3587.0,カフェレストラン鍵,,,,,,,,,,,,カフェレストラン鍵,2.0,False
3588.0,野菜のちから,,,,,,,,,,,,野菜のちから,2.0,False
3589.0,家庭料理うさぎ,,,,,,,,,,,,家庭料理うさぎ,2.0,False
3590.0,ワインファームTAMURA,,,,,,,,,,,,ワインファームTAMURA,2.0,False
3591.0,ユイット,,,,,,,,,,,,ユイット,2.0,False
3592.0,ランタン 池尻大橋店,,,,,,,,,,,,ランタン,2.0,False
3593.0,創作和食 零,,,,,,,,,,,,創作和食 零,2.0,False
3594.0,トラットリア クレデンツァ,,,,,,,,,,,,トラットリア クレデンツァ,2.0,False
3595.0,リゴレッティーノ,,,,,,,,,,,,リゴレッティーノ,2.0,False
3596.0,ブルックリンダイナー,,,,,,,,,,,,ブルックリンダイナー,2.0,False
3597.0,櫻子,,,,,,,,,,,,櫻子,2.0,False
3598.0,さんぱち食堂,,,,,,,,,,,,さんぱち食堂,2.0,False
3599.0,ロブソンフライズ,,,,,,,,,,,,ロブソンフライズ,2.0,False
3600.0,スパイラル,,,,,,,,,,,,スパイラル,2.0,False
3601.0,オールブルー (ALL Blue),,,,,,,,,,,,オールブルー,2.0,False
3602.0,恵比寿 肉バル Salt(ソルト),,,,,,,,,,,,恵比寿 肉バル Salt,2.0,False
3603.0,真希そば 渋谷店,,,,,,,,,,,,真希そば,2.0,False
3604.0,GRAPES OMOTESANDO - CHEESE & CHOCOLATE,,,,,,,,,,,,GRAPES OMOTESANDO - CHEESE & CHOCOLATE,2.0,False
3605.0,BISTRO kiki harajuku,,,,,,,,,,,,BISTRO kiki harajuku,2.0,False
3606.0,スパイスMARKET,,,,,,,,,,,,スパイスMARKET,2.0,False
3607.0,サルイアモール,,,,,,,,,,,,サルイアモール,2.0,False
3608.0,ROCCOMAN 渋谷道玄坂店,,,,,,,,,,,,ROCCOMAN,2.0,False
3609.0,和香,,,,,,,,,,,,和香,2.0,False
3610.0,トラットリア エ ピッツェリア コニファー,,,,,,,,,,,,トラットリア エ ピッツェリア コニファー,2.0,False
3611.0,BashiBargerChance,,,,,,,,,,,,BashiBargerChance,2.0,False
3612.0,焼酎酒場 BETTAKO,,,,,,,,,,,,焼酎酒場 BETTAKO,2.0,False
3613.0,レクルール,,,,,,,,,,,,レクルール,2.0,False
3614.0,ギャラリー工房カフェ あお木,,,,,,,,,,,,ギャラリー工房カフェ あお木,2.0,False
3615.0,こそだて喫茶cotoca,,,,,,,,,,,,こそだて喫茶cotoca,2.0,False
3616.0,パスタバル マルナカ商店,,,,,,,,,,,,パスタバル,2.0,False
3617.0,フォーシーズンズカフェ,,,,,,,,,,,,フォーシーズンズカフェ,2.0,False
3618.0,居酒屋台 中松,,,,,,,,,,,,居酒屋台 中松,2.0,False
3619.0,洋食ことり亭,,,,,,,,,,,,洋食ことり亭,2.0,False
3620.0,吉祥寺 Mojo Cafe(モジョカフェ),,,,,,,,,,,,吉祥寺 Mojo Cafe,2.0,False
3621.0,エクラ,,,,,,,,,,,,エクラ,2.0,False
3622.0,日本酒や,,,,,,,,,,,,日本酒や,2.0,False
3623.0,SITAL 三鷹店,,,,,,,,,,,,SITAL,2.0,False
3624.0,ワイン食堂 Boulevard,,,,,,,,,,,,ワイン食堂 Boulevard,2.0,False
3625.0,ビーメスワール,,,,,,,,,,,,ビーメスワール,2.0,False
3626.0,キックバックカフェ,,,,,,,,,,,,キックバックカフェ,2.0,False
3627.0,青のこと,,,,,,,,,,,,青のこと,2.0,False
3628.0,ランコントル,,,,,,,,,,,,ランコントル,2.0,False
3629.0,同心居 清瀬店,,,,,,,,,,,,同心居,2.0,False
3630.0,横浜 鳥ぎん みなとみらい店,,,,,,,,,,,,横浜 鳥ぎん,2.0,False
3631.0,DELHI Dining デリーダイニング,,,,,,,,,,,,DELHI Dining デリーダイニング,2.0,False
3632.0,SHIMOMURA,,,,,,,,,,,,SHIMOMURA,2.0,False
3634.0,Bマーリン,,,,,,,,,,,,Bマーリン,2.0,False
3635.0,2bananeira.(ドイスバナネイラ),,,,,,,,,,,,2bananeira.,2.0,False
3636.0,厨 lot eat,,,,,,,,,,,,厨 lot eat,2.0,False
3637.0,蕎麦・酒 青海波,,,,,,,,,,,,蕎麦・酒 青海波,2.0,False
3638.0,ポポロ,,,,,,,,,,,,ポポロ,2.0,False
3639.0,Cafe de TRONC ~カフェ ド トロン~,,,,,,,,,,,,Cafe de TRONC ~カフェ ド トロン~,2.0,False
3640.0,SUGITA,,,,,,,,,,,,SUGITA,2.0,False
3641.0,チャイナガーデン,,,,,,,,,,,,チャイナガーデン,2.0,False
3642.0,ベーカリーアンドビア ブッチャーズ(BBB),,,,,,,,,,,,ベーカリーアンドビア ブッチャーズ,2.0,False
3643.0,米花,,,,,,,,,,,,米花,2.0,False
3645.0,a.ligne,,,,,,,,,,,,a.ligne,2.0,False
3646.0,ホテルアークリッシュ豊橋,,,,,,,,,,,,ホテルアークリッシュ豊橋,2.0,False
3647.0,ATTRACT奥山,,,,,,,,,,,,ATTRACT奥山,2.0,False
3648.0,Ham&Sausage サルメリアポルチーニ,,,,,,,,,,,,Ham&Sausage サルメリアポルチーニ,2.0,False
3649.0,Natul~まるごとキッチン~,,,,,,,,,,,,Natul~まるごとキッチン~,2.0,False
3650.0,鉄板焼き お好み焼き oribe(オリベ),,,,,,,,,,,,鉄板焼き お好み焼き oribe,2.0,False
3651.0,うれしい居酒屋 酒歌,,,,,,,,,,,,うれしい居酒屋 酒歌,2.0,False
3652.0,BISTRO LAMPE,,,,,,,,,,,,BISTRO LAMPE,2.0,False
3653.0,中国菜shinpei,,,,,,,,,,,,中国菜shinpei,2.0,False
3654.0,靱本町がく,,,,,,,,,,,,靱本町がく,2.0,False
3655.0,HATSU,,,,,,,,,,,,HATSU,2.0,False
3657.0,麺屋・國丸 梅田店。,,,,,,,,,,,,麺屋・國丸 梅田店。,2.0,False
3658.0,自然派ワインとお好み焼き Pasania- パセミヤ,,,,,,,,,,,,自然派ワインとお好み焼き Pasania- パセミヤ,2.0,False
3659.0,アルモリカ,,,,,,,,,,,,アルモリカ,2.0,False
3660.0,鳥はな,,,,,,,,,,,,鳥はな,2.0,False
3661.0,めし とーこ,,,,,,,,,,,,めし とーこ,2.0,False
3662.0,下鴨福助,,,,,,,,,,,,下鴨福助,2.0,False
3663.0,瓢亭,,,,,,,,,,,,瓢亭,2.0,False
3664.0,パエリア&グリル バラッカ,,,,,,,,,,,,パエリア&グリル バラッカ,1.0,False
3665.0,ル・ピックアシエット,,,,,,,,,,,,ル・ピックアシエット,2.0,False
3666.0,江戸京 本店,,,,,,,,,,,,江戸京,2.0,False
3667.0,力すし,,,,,,,,,,,,力すし,2.0,False
3668.0,石堂橋 白つぐ,,,,,,,,,,,,石堂橋 白つぐ,2.0,False
3669.0,出汁と小鉢の和食 なのに,,,,,,,,,,,,出汁と小鉢の和食 なのに,2.0,False
3670.0,博多とりかわ大臣・駅前串房,,,,,,,,,,,,博多とりかわ大臣・駅前串房,2.0,False
3671.0,Il Sol Levante,,,,,,,,,,,,Il Sol Levante,2.0,False
3672.0,Rotisserie Lampe,,,,,,,,,,,,Rotisserie Lampe,2.0,False
3673.0,GASTRO PUB ALES(エールズ),,,,,,,,,,,,GASTRO PUB ALES,2.0,False
3674.0,Ibizarte,,,,,,,,,,,,Ibizarte,2.0,False
3675.0,柚子もつ鍋 松葉,,,,,,,,,,,,柚子もつ鍋 松葉,2.0,False
3676.0,HAPPY HILL,,,,,,,,,,,,HAPPY HILL,2.0,False
3677.0,ぶどう酒場 レガレガ,,,,,,,,,,,,ぶどう酒場 レガレガ,2.0,False
3678.0,鳥飼カフェ,,,,,,,,,,,,鳥飼カフェ,2.0,False
3679.0,肉のだるま,,,,,,,,,,,,肉のだるま,2.0,False
3680.0,博多焼肉うしお 長丘店,,,,,,,,,,,,博多焼肉うしお,2.0,False
3681.0,シェ・ヒグチ,,,,,,,,,,,,シェ・ヒグチ,2.0,False
3682.0,チムニーギオット,,,,,,,,,,,,チムニーギオット,2.0,False
3683.0,プリズム,,,,,,,,,,,,プリズム,2.0,False
3684.0,檸檬堂,,,,,,,,,,,,檸檬堂,2.0,False
3685.0,MESO,,,,,,,,,,,,MESO,2.0,False
3686.0,NIKUO 中谷精肉店,,,,,,,,,,,,NIKUO,2.0,False
3687.0,Necojaraci(ネコジャラシ),,,,,,,,,,,,Necojaraci,2.0,False
3688.0,HUM&Go coffee and stock 野々市,,,,,,,,,,,,HUM&Go coffee and stock 野々市,2.0,False
3689.0,白玉蘭-MOKUREN,,,,,,,,,,,,白玉蘭-MOKUREN,2.0,False
3690.0,リストランテ フローリア,,,,,,,,,,,,リストランテ フローリア,2.0,False
3691.0,洋食酒場chelu(チェルー),,,,,,,,,,,,洋食酒場chelu,2.0,False
3692.0,大人の隠れ家イタリアン ルチェルナ,,,,,,,,,,,,大人の隠れ家イタリアン ルチェルナ,2.0,False
3693.0,トラットリア ジラソーレ,,,,,,,,,,,,トラットリア ジラソーレ,2.0,False
3694.0,ワインカフェ サルト,,,,,,,,,,,,ワインカフェ サルト,2.0,False
3695.0,LA CHIAVE,,,,,,,,,,,,LA CHIAVE,2.0,False
3696.0,鶏バル  ワインのぐっさん,,,,,,,,,,,,鶏バル ワインのぐっさん,2.0,False
3697.0,うなぎのまつもと,,,,,,,,,,,,うなぎのまつもと,2.0,False
3698.0,食堂ひらりん,,,,,,,,,,,,食堂ひらりん,2.0,False
3699.0,HIIRAGIYAMA GARDEN (柊山ガーデン),,,,,,,,,,,,HIIRAGIYAMA GARDEN,2.0,False
3701.0,料理人のいる魚屋 かず家,,,,,,,,,,,,料理人のいる魚屋 かず家,2.0,False
3702.0,天見温泉南天苑,,,,,,,,,,,,天見温泉南天苑,2.0,False
3703.0,榎本ハンバーグ研究所,,,,,,,,,,,,榎本ハンバーグ研究所,2.0,False
3704.0,7th FLOOR,,,,,,,,,,,,7th FLOOR,2.0,False
3705.0,博多やさい巻串 鳴門 本店,,,,,,,,,,,,博多やさい巻串 鳴門,2.0,False
3706.0,から好し 北所沢店,,,,,,,,,,,,から好し,1.0,False
3707.0,らくしゅみ,,,,,,,,,,,,らくしゅみ,1.0,False
3708.0,まいどおおきにさがみはら陽光台食堂,,,,,,,,,,,,まいどおおきにさがみはら陽光台食堂,1.0,False
3710.0,ひつまぶし備長 本店,,,,,,,,,,,,ひつまぶし備長,2.0,False
3711.0,半蔵門ビストロBrainStorming,,,,,,,,,,,,半蔵門ビストロBrainStorming,2.0,False
3712.0,シノワ (シノワ銀座店),,,,,,,,,,,,シノワ,2.0,False
3713.0,ヌガ,,,,,,,,,,,,ヌガ,2.0,False
3714.0,鉄板処 茶々,,,,,,,,,,,,鉄板処 茶々,2.0,False
3715.0,オステリア ラディーチ,,,,,,,,,,,,オステリア ラディーチ,2.0,False
3716.0,28CafÉ南青山,,,,,,,,,,,,28CafÉ南青山,2.0,False
3717.0,やきとり嶋家,,,,,,,,,,,,やきとり嶋家,2.0,False
3718.0,ベッカライ ブラウベルグ,,,,,,,,,,,,ベッカライ ブラウベルグ,2.0,False
3719.0,アームウッドコテージ,,,,,,,,,,,,アームウッドコテージ,2.0,False
3720.0,トラットリア デッラ ランテルナ  マジカ,,,,,,,,,,,,トラットリア デッラ ランテルナ マジカ,2.0,False
3722.0,ENERGY PROTEIN BAR,,,,,,,,,,,,ENERGY PROTEIN BAR,2.0,False
3723.0,自然派ワインとフランス郷土料理 シュシュ(Chouchou),,,,,,,,,,,,自然派ワインとフランス郷土料理 シュシュ,3.0,False
3724.0,Quindi,,,,,,,,,,,,Quindi,2.0,False
3725.0,An Di,,,,,,,,,,,,An Di,2.0,False
3726.0,LUG hatagaya,,,,,,,,,,,,LUG hatagaya,2.0,False
3727.0,マロロガバワン indo&more MAROLOGABhavan,,,,,,,,,,,,マロロガバワン indo&more MAROLOGABhavan,2.0,False
3728.0,The Hole In The Wall,,,,,,,,,,,,The Hole In The Wall,2.0,False
3729.0,アムリタ食堂,,,,,,,,,,,,アムリタ食堂,2.0,False
3730.0,ROMI's COMPANY,,,,,,,,,,,,ROMI's COMPANY,1.0,False
3731.0,家庭居酒屋「絆」きずな,,,,,,,,,,,,家庭居酒屋「絆」きずな,2.0,False
3732.0,食助,,,,,,,,,,,,食助,2.0,False
3733.0,エベレストキッチン,,,,,,,,,,,,エベレストキッチン,2.0,False
3734.0,炭火焼鳥とうまい酒 立葵,,,,,,,,,,,,炭火焼鳥とうまい酒 立葵,2.0,False
3735.0,串かつタイガー,,,,,,,,,,,,串かつタイガー,2.0,False
3736.0,焼肉京城苑 加古川で焼肉 ランチ,,,,,,,,,,,,焼肉京城苑 加古川で焼肉 ランチ,2.0,False
3737.0,トラットリア イル カンポ ダ シゲ,,,,,,,,,,,,トラットリア イル カンポ ダ シゲ,2.0,False
3738.0,ル・ロンド・ボーズ Le Ronde Beause,,,,,,,,,,,,ル・ロンド・ボーズ Le Ronde Beause,2.0,False
3739.0,焼鳥屋 良風,,,,,,,,,,,,焼鳥屋 良風,2.0,False
3740.0,みんなの居酒屋 和の輪,,,,,,,,,,,,みんなの居酒屋 和の輪,2.0,False
3741.0,ケラケラケイヴ,,,,,,,,,,,,ケラケラケイヴ,2.0,False
3742.0,PERTICA,,,,,,,,,,,,PERTICA,2.0,False
3743.0,つきじ治作,,,,,,,,,,,,つきじ治作,1.0,False
3744.0,目黒 バー ロマニ,,,,,,,,,,,,目黒 バー ロマニ,1.0,False
3745.0,おうちDELI,,,,,,,,,,,,おうちDELI,1.0,False
3746.0,甚三紅,,,,,,,,,,,,甚三紅,2.0,False
3747.0,ヴァッカロッサ,,,,,,,,,,,,ヴァッカロッサ,1.0,False
3748.0,江戸蕎麦手打處あさだ,,,,,,,,,,,,江戸蕎麦手打處あさだ,1.0,False
3749.0,ジャングレ,,,,,,,,,,,,ジャングレ,2.0,False
3750.0,ジャックマカレル サンドウィッチ,,,,,,,,,,,,ジャックマカレル サンドウィッチ,2.0,False
3751.0,AlberoNero,,,,,,,,,,,,AlberoNero,2.0,False
3752.0,イクラバル,,,,,,,,,,,,イクラバル,2.0,False
3754.0,ア・ニュ Shohei Shimono,,,,,,,,,,,,ア・ニュ Shohei Shimono,2.0,False
3755.0,FICO&POMUM JUICE 青山店,,,,,,,,,,,,FICO&POMUM JUICE,2.0,False
3756.0,パン&カフェ ブーランジェリーラヴィブリヤント,,,,,,,,,,,,パン&カフェ ブーランジェリーラヴィブリヤント,1.0,False
3757.0,和フレンチKomorebi,,,,,,,,,,,,和フレンチKomorebi,2.0,False
3758.0,ワインバル うららかくにたち,,,,,,,,,,,,ワインバル うららかくにたち,2.0,False
3759.0,Colline de Tara,,,,,,,,,,,,Colline de Tara,2.0,False
3760.0,ラ・マンチャ,,,,,,,,,,,,ラ・マンチャ,2.0,False
3761.0,玄米菜食のら,,,,,,,,,,,,玄米菜食のら,2.0,False
3762.0,RiVi,,,,,,,,,,,,RiVi,2.0,False
3763.0,å,,,,,,,,,,,,å,2.0,False
3764.0,六本木 割烹 一献,,,,,,,,,,,,六本木 割烹 一献,1.0,False
3765.0,本家あべや 神楽坂店,,,,,,,,,,,,本家あべや,1.0,False
3766.0,ご馳走や叶え 神楽坂店,,,,,,,,,,,,ご馳走や叶え,2.0,False
3767.0,トラットリア ロッソーレ,,,,,,,,,,,,トラットリア ロッソーレ,1.0,False
3768.0,ご馳走や叶え 新宿歌舞伎町店,,,,,,,,,,,,ご馳走や叶え,2.0,False
3769.0,BrasserieTOURS,,,,,,,,,,,,BrasserieTOURS,1.0,False
3770.0,秋田純米酒処 GEMS恵比寿店,,,,,,,,,,,,秋田純米酒処,1.0,False
3771.0,にっぽん漁港食堂,,,,,,,,,,,,にっぽん漁港食堂,1.0,False
3773.0,REVIVE KITCHEN THREE AOYAMA,,,,,,,,,,,,REVIVE KITCHEN THREE AOYAMA,1.0,False
3774.0,NORI,,,,,,,,,,,,NORI,2.0,False
3775.0,ディップマハル 四谷本店,,,,,,,,,,,,ディップマハル 四谷,2.0,False
3776.0,Gather by UNPLAN(ギャザーバイアンプラン),,,,,,,,,,,,Gather by UNPLAN,2.0,False
3778.0,峰屋,,,,,,,,,,,,峰屋,2.0,False
3779.0,養老乃瀧 西小山店,,,,,,,,,,,,養老乃瀧,2.0,False
3780.0,mique,,,,,,,,,,,,mique,2.0,False
3781.0,なっぱsun,,,,,,,,,,,,なっぱsun,2.0,False
3783.0,オステリア エジリオサーラ,,,,,,,,,,,,オステリア エジリオサーラ,2.0,False
3784.0,さんじゅうまる,,,,,,,,,,,,さんじゅうまる,2.0,False
3785.0,白金バル,,,,,,,,,,,,白金バル,2.0,False
3786.0,レストラン アニス,,,,,,,,,,,,レストラン アニス,2.0,False
3787.0,讃岐直送うどんさいた川,,,,,,,,,,,,讃岐直送うどんさいた川,2.0,False
3788.0,もも吉,,,,,,,,,,,,もも吉,2.0,False
3789.0,ラクシュミー,,,,,,,,,,,,ラクシュミー,2.0,False
3790.0,ビストロ・ロジエ,,,,,,,,,,,,ビストロ・ロジエ,2.0,False
3791.0,ごはんCafe 空彩,,,,,,,,,,,,ごはんCafe 空彩,2.0,False
3792.0,Queen's Healthy Diner,,,,,,,,,,,,Queen's Healthy Diner,2.0,False
3793.0,HANAZONO CAFE,,,,,,,,,,,,HANAZONO CAFE,2.0,False
3794.0,Cafe O,,,,,,,,,,,,Cafe O,2.0,False
3795.0,QUINTOCANTO(クイントカント),,,,,,,,,,,,QUINTOCANTO,2.0,False
3796.0,ざっと,,,,,,,,,,,,ざっと,2.0,False
3797.0,ラシェット,,,,,,,,,,,,ラシェット,2.0,False
3798.0,トロピカルパラダイス [TROPICAL PARADISE],,,,,,,,,,,,トロピカルパラダイス,2.0,False
3799.0,天使のハイボール,,,,,,,,,,,,天使のハイボール,1.0,False
3800.0,寿司処 告膳,,,,,,,,,,,,寿司処 告膳,1.0,False
3801.0,Shrimp Garden,,,,,,,,,,,,Shrimp Garden,2.0,False
3802.0,酒場BEETLE,,,,,,,,,,,,酒場BEETLE,2.0,False
3803.0,串もん酒場 ちゃい九炉 浜松町 芝大門店,,,,,,,,,,,,串もん酒場 ちゃい九炉 浜松町,2.0,False
3805.0,BOUTARY ブタリ,,,,,,,,,,,,BOUTARY ブタリ,2.0,False
3806.0,L for You,,,,,,,,,,,,L for You,2.0,False
3807.0,essence,,,,,,,,,,,,essence,2.0,False
3808.0,nano,,,,,,,,,,,,nano,2.0,False
3809.0,Vegan Store,,,,,,,,,,,,Vegan Store,2.0,False
3810.0,cafe&bar MEDIUM(ミディアム),,,,,,,,,,,,cafe&bar MEDIUM,2.0,False
3812.0,Rica’s kitchen,,,,,,,,,,,,Rica’s kitchen,2.0,False
3813.0,ラ・カンティネッタ 多摩川,,,,,,,,,,,,ラ・カンティネッタ 多摩川,2.0,False
3814.0,世田谷ワインバルSeta,,,,,,,,,,,,世田谷ワインバルSeta,2.0,False
3815.0,レ シュヴルイユ,,,,,,,,,,,,レ シュヴルイユ,2.0,False
3816.0,vineria HIRANO,,,,,,,,,,,,vineria HIRANO,2.0,False
3817.0,渋谷メキシカン カサデサラサ,,,,,,,,,,,,渋谷メキシカン カサデサラサ,2.0,False
3818.0,酒菜ほくら,,,,,,,,,,,,酒菜ほくら,2.0,False
3819.0,MONK,,,,,,,,,,,,MONK,2.0,False
3820.0,バンチャガル(BHANCHAGHAR),,,,,,,,,,,,バンチャガル,2.0,False
3821.0,一粋,,,,,,,,,,,,一粋,2.0,False
3822.0,居酒屋ばらかもん,,,,,,,,,,,,居酒屋ばらかもん,2.0,False
3823.0,PARADISO DEL VINO TAKEUCHI,,,,,,,,,,,,PARADISO DEL VINO TAKEUCHI,2.0,False
3824.0,TORERO TAKEUCHI,,,,,,,,,,,,TORERO TAKEUCHI,2.0,False
3825.0,グリルにんじん,,,,,,,,,,,,グリルにんじん,2.0,False
3826.0,こあの助,,,,,,,,,,,,こあの助,2.0,False
3827.0,一之船入,,,,,,,,,,,,一之船入,2.0,False
3828.0,インド食堂 TADKA(タルカ),,,,,,,,,,,,インド食堂 TADKA,2.0,False
3829.0,Irish PUB field,,,,,,,,,,,,Irish PUB field,2.0,False
3830.0,京甲屋,,,,,,,,,,,,京甲屋,2.0,False
3831.0,Daijo,,,,,,,,,,,,Daijo,2.0,False
3832.0,Restaurant MOTOI,,,,,,,,,,,,Restaurant MOTOI,2.0,False
3833.0,DANIEL'S MONDO 京都駅前(ダニエルズ モンド),,,,,,,,,,,,DANIEL'S MONDO 京都駅前,2.0,False
3834.0,ビストロ&ワインバー をりかみ,,,,,,,,,,,,ビストロ&ワインバー をりかみ,1.0,False
3835.0,御料理 とく涛,,,,,,,,,,,,御料理 とく涛,2.0,False
3836.0,照寿司,,,,,,,,,,,,照寿司,2.0,False
3837.0,照鮨,,,,,,,,,,,,照鮨,2.0,False
3838.0,薬膳と花 NENEN−ネネン−,,,,,,,,,,,,薬膳と花 NENEN−ネネン−,2.0,False
3839.0,たべたか屋,,,,,,,,,,,,たべたか屋,2.0,False
3840.0,焼肉・冷麵 大東園,,,,,,,,,,,,焼肉・冷麵 大東園,2.0,False
3842.0,酒処 あかり,,,,,,,,,,,,酒処 あかり,2.0,False
3843.0,蕎麦 おざき,,,,,,,,,,,,蕎麦 おざき,2.0,False
3844.0,fam,,,,,,,,,,,,fam,2.0,False
3846.0,鉄板 楽久平,,,,,,,,,,,,鉄板 楽久平,2.0,False
3847.0,焼肉はやと,,,,,,,,,,,,焼肉はやと,2.0,False
3848.0,コチソバ,,,,,,,,,,,,コチソバ,2.0,False
3850.0,オヤジのフレンチUEYAMA,,,,,,,,,,,,オヤジのフレンチUEYAMA,2.0,False
3851.0,Telas&mico,,,,,,,,,,,,Telas&mico,2.0,False
3852.0,REC COFFEE 薬院駅前店,,,,,,,,,,,,REC COFFEE,2.0,False
3853.0,白金にし田,,,,,,,,,,,,白金にし田,2.0,False
3854.0,熾火のイオ,,,,,,,,,,,,熾火のイオ,2.0,False
3855.0,凛丹一碗居,,,,,,,,,,,,凛丹一碗居,2.0,False
3856.0,Melmoso da dorokawa,,,,,,,,,,,,Melmoso da dorokawa,2.0,False
3857.0,庵侍燈,,,,,,,,,,,,庵侍燈,2.0,False
3858.0,CAFE SONES,,,,,,,,,,,,CAFE SONES,2.0,False
3859.0,大衆酒場 六本松 ごえん,,,,,,,,,,,,大衆酒場 六本松 ごえん,2.0,False
3860.0,amam dacotan,,,,,,,,,,,,amam dacotan,2.0,False
3861.0,居酒屋 玄,,,,,,,,,,,,居酒屋 玄,2.0,False
3862.0,カフェダイニング マカナ,,,,,,,,,,,,カフェダイニング マカナ,2.0,False
3863.0,フランス料理ポームドパン,,,,,,,,,,,,フランス料理ポームドパン,2.0,False
3864.0,酒菜 八十神,,,,,,,,,,,,酒菜 八十神,2.0,False
3865.0,イタリア食堂 Cucinare クッチナーレ,,,,,,,,,,,,イタリア食堂 Cucinare クッチナーレ,2.0,False
3866.0,日乃家,,,,,,,,,,,,日乃家,2.0,False
3867.0,ジャイアント馬場バル,,,,,,,,,,,,ジャイアント馬場バル,1.0,False
3868.0,下北線路街空き地 空き地カフェ,,,,,,,,,,,,下北線路街空き地 空き地カフェ,1.0,False
3869.0,割烹 美好,,,,,,,,,,,,割烹 美好,1.0,False
3870.0,モアクッチーナ イタリアン,,,,,,,,,,,,モアクッチーナ イタリアン,1.0,False
3872.0,有薫,,,,,,,,,,,,有薫,2.0,False
3873.0,ディップガーデンTOKYO日比谷グルメリウム,,,,,,,,,,,,ディップガーデンTOKYO日比谷グルメリウム,2.0,False
3874.0,中国料理 栄慶,,,,,,,,,,,,中国料理 栄慶,2.0,False
3875.0,ひちょう,,,,,,,,,,,,ひちょう,2.0,False
3876.0,黒毛和牛専門バル 九州ミートK高田馬場店,,,,,,,,,,,,黒毛和牛専門バル,2.0,False
3877.0,佳和津,,,,,,,,,,,,佳和津,2.0,False
3878.0,はりくやまく,,,,,,,,,,,,はりくやまく,2.0,False
3879.0,鶏&デリ 戸越銀座,,,,,,,,,,,,鶏&デリ 戸越銀座,1.0,False
3880.0,青山 雅灯,,,,,,,,,,,,青山 雅灯,2.0,False
3881.0,トルコ料理 ドルジャマフセン,,,,,,,,,,,,トルコ料理 ドルジャマフセン,2.0,False
3882.0,びすとろハヒフヤ,,,,,,,,,,,,びすとろハヒフヤ,2.0,False
3883.0,焼肉大関,,,,,,,,,,,,焼肉大関,2.0,False
3884.0,ビストロボンクール,,,,,,,,,,,,ビストロボンクール,2.0,False
3885.0,インドダイニング ニキタ【NIKITA】,,,,,,,,,,,,インドダイニング ニキタ,2.0,False
3886.0,PIZZA365,,,,,,,,,,,,PIZZA365,2.0,False
3887.0,鳳林,,,,,,,,,,,,鳳林,2.0,False
3888.0,彩膳中華杏ZU,,,,,,,,,,,,彩膳中華杏ZU,2.0,False
3889.0,MAIRO pez&verdura,,,,,,,,,,,,MAIRO pez&verdura,2.0,False
3890.0,olio,,,,,,,,,,,,olio,2.0,False
3891.0,プティコントワ,,,,,,,,,,,,プティコントワ,2.0,False
3892.0,Az/ビーフン東 大阪店,,,,,,,,,,,,Az/ビーフン東,1.0,False
3893.0,gomacro  Salon,,,,,,,,,,,,gomacro Salon,2.0,False
3894.0,やんだ 竜の字,,,,,,,,,,,,やんだ 竜の字,2.0,False
3895.0,テピート,,,,,,,,,,,,テピート,2.0,False
3896.0,高味園,,,,,,,,,,,,高味園,2.0,False
3897.0,セーンスック,,,,,,,,,,,,セーンスック,2.0,False
3898.0,粲sun,,,,,,,,,,,,粲sun,2.0,False
3899.0,CORDUROY cafe,,,,,,,,,,,,CORDUROY cafe,2.0,False
3900.0,焼とりの八兵衛 前原本店,,,,,,,,,,,,焼とりの八兵衛 前原,2.0,False
3901.0,日本料理 野老(ところ),,,,,,,,,,,,日本料理 野老,1.0,False
3902.0,ブリマデ,,,,,,,,,,,,ブリマデ,1.0,False
3905.0,Baru恵比寿,,,,,,,,,,,,Baru恵比寿,2.0,False
3906.0,オステリア・インクローチ,,,,,,,,,,,,オステリア・インクローチ,2.0,False
3907.0,博多だるま,,,,,,,,,,,,博多だるま,2.0,False
3908.0,極味や 藤崎店,,,,,,,,,,,,極味や,2.0,False
3909.0,MINOU BOOKS&CAFE,,,,,,,,,,,,MINOU BOOKS&CAFE,2.0,False
3910.0,鮨つかと,,,,,,,,,,,,鮨つかと,2.0,False
3911.0,レストラン ラ・ヴォワール,,,,,,,,,,,,レストラン ラ・ヴォワール,2.0,False
3912.0,すし 二乃宮,,,,,,,,,,,,すし 二乃宮,2.0,False
3913.0,洋食居酒屋 akichi,,,,,,,,,,,,洋食居酒屋 akichi,2.0,False
3914.0,Maho's Table,,,,,,,,,,,,Maho's Table,2.0,False
3915.0,四谷ふく,,,,,,,,,,,,四谷ふく,2.0,False
3916.0,La maison du 一升 vin,,,,,,,,,,,,La maison du 一升 vin,2.0,False
3917.0,落語・小料理 やきもち,,,,,,,,,,,,落語・小料理 やきもち,2.0,False
3918.0,龍門,,,,,,,,,,,,龍門,2.0,False
3919.0,焼きたてPizza 910,,,,,,,,,,,,焼きたてPizza 910,2.0,False
3920.0,Abysse,,,,,,,,,,,,Abysse,2.0,False
3921.0,リクレアツィオーネ シマ,,,,,,,,,,,,リクレアツィオーネ シマ,2.0,False
3922.0,サラムナマステ,,,,,,,,,,,,サラムナマステ,2.0,False
3923.0,本格タイ料理 ピラブカウ PIRABKAO 池袋,,,,,,,,,,,,本格タイ料理 ピラブカウ PIRABKAO 池袋,2.0,False
3924.0,La ZAPPA,,,,,,,,,,,,La ZAPPA,2.0,False
3925.0,E.stαr(イースター),,,,,,,,,,,,E.stαr,2.0,False
3926.0,OLD NEW DINER,,,,,,,,,,,,OLD NEW DINER,2.0,False
3927.0,酒美飯囲ひろし,,,,,,,,,,,,酒美飯囲ひろし,2.0,False
3928.0,bistro la page(ラパージュ),,,,,,,,,,,,bistro la page,2.0,False
3929.0,マ・カシェット ワイン&米沢牛A5ステーキ,,,,,,,,,,,,マ・カシェット ワイン&米沢牛A5ステーキ,1.0,False
3930.0,Hitotsu,,,,,,,,,,,,Hitotsu,2.0,False
3931.0,浜寅  東戸塚店,,,,,,,,,,,,浜寅,2.0,False
3932.0,柳ばし 角重,,,,,,,,,,,,柳ばし 角重,2.0,False
3933.0,アイリッシュパブ シャムロック,,,,,,,,,,,,アイリッシュパブ シャムロック,2.0,False
3934.0,魚屋 十忠八九,,,,,,,,,,,,魚屋 十忠八九,2.0,False
3935.0,アニエルドール,,,,,,,,,,,,アニエルドール,2.0,False
3936.0,Gastroteka Bimendi,,,,,,,,,,,,Gastroteka Bimendi,2.0,False
3937.0,カンティプール,,,,,,,,,,,,カンティプール,2.0,False
3938.0,串揚げベニエ,,,,,,,,,,,,串揚げベニエ,2.0,False
3939.0,DukkAh,,,,,,,,,,,,DukkAh,2.0,False
3940.0,粋なおつまみとお酒にこ,,,,,,,,,,,,粋なおつまみとお酒にこ,2.0,False
3941.0,居酒屋八べえ,,,,,,,,,,,,居酒屋八べえ,2.0,False
3942.0,みのお滝茶屋 楓来坊,,,,,,,,,,,,みのお滝茶屋 楓来坊,2.0,False
3943.0,ノダニク,,,,,,,,,,,,ノダニク,2.0,False
3944.0,Sola Factory,,,,,,,,,,,,Sola Factory,2.0,False
3945.0,寅寅寅(とらさん),,,,,,,,,,,,寅寅寅,2.0,False
3946.0,cafe RIN カフェリン,,,,,,,,,,,,cafe RIN カフェリン,2.0,False
3947.0,旬の台所 しゃんしゃん龍<tathu>,,,,,,,,,,,,旬の台所 しゃんしゃん龍<tathu>,1.0,False
3948.0,cafebotchi★カフェボッチ,,,,,,,,,,,,cafebotchi★カフェボッチ,2.0,False
3949.0,ハリオン 取手店,,,,,,,,,,,,ハリオン,2.0,False
3950.0,ハンアリ,,,,,,,,,,,,ハンアリ,2.0,False
3951.0,cafe ILare カフェイラーレ,,,,,,,,,,,,cafe ILare カフェイラーレ,2.0,False
3952.0,ジュレ ブランシュ,,,,,,,,,,,,ジュレ ブランシュ,2.0,False
3953.0,信州家,,,,,,,,,,,,信州家,2.0,False
3954.0,信州ちょうざめ家,,,,,,,,,,,,信州ちょうざめ家,2.0,False
3955.0,シシニイク 和酒×くんせい=バル,,,,,,,,,,,,シシニイク 和酒×くんせい=バル,1.0,False
3956.0,ルンゴ,,,,,,,,,,,,ルンゴ,2.0,False
3957.0,インド料理ムンバイ 銀座店,,,,,,,,,,,,インド料理ムンバイ,2.0,False
3958.0,PIZZA DA BABBO,,,,,,,,,,,,PIZZA DA BABBO,2.0,False
3959.0,タシデレ,,,,,,,,,,,,タシデレ,2.0,False
3960.0,炭焼きやきとり はな 扇橋店,,,,,,,,,,,,炭焼きやきとり はな,2.0,False
3961.0,うなぎ さゝ木,,,,,,,,,,,,うなぎ さゝ木,2.0,False
3962.0,なっぱごちそう 目黒,,,,,,,,,,,,なっぱごちそう 目黒,2.0,False
3963.0,スプラウト,,,,,,,,,,,,スプラウト,2.0,False
3964.0,菜食ごはんの店 hallelu peacefood,,,,,,,,,,,,菜食ごはんの店 hallelu peacefood,2.0,False
3965.0,イルピアット カチャトラ,,,,,,,,,,,,イルピアット カチャトラ,2.0,False
3966.0,ビストロ モデスト リュクス,,,,,,,,,,,,ビストロ モデスト リュクス,2.0,False
3967.0,Mr.FARMER 表参道店,,,,,,,,,,,,Mr.FARMER,2.0,False
3968.0,カタリナ,,,,,,,,,,,,カタリナ,2.0,False
3969.0,うな藤,,,,,,,,,,,,うな藤,2.0,False
3970.0,Le Bon Viviant,,,,,,,,,,,,Le Bon Viviant,2.0,False
3971.0,炭火処 炙ゃいち,,,,,,,,,,,,炭火処 炙ゃいち,2.0,False
3972.0,ダンチキンダン,,,,,,,,,,,,ダンチキンダン,2.0,False
3973.0,chuff,,,,,,,,,,,,chuff,2.0,False
3974.0,テキサス&メキシカンレストラン マイクス横田店,,,,,,,,,,,,テキサス&メキシカンレストラン,1.0,False
3975.0,Beach Muffin,,,,,,,,,,,,Beach Muffin,1.0,False
3976.0,それゆけ!鶏ヤロー 大和店,,,,,,,,,,,,それゆけ!鶏ヤロー,2.0,False
3977.0,大衆酒場 桃の花,,,,,,,,,,,,大衆酒場 桃の花,2.0,False
3978.0,安江,,,,,,,,,,,,安江,2.0,False
3979.0,Traiteur Les Vignes トレトゥール・レ・ヴィーニュ(旧店名Cafe236Ark.),,,,,,,,,,,,Traiteur Les Vignes トレトゥール・レ・ヴィーニュ,2.0,False
3980.0,MACELLERIA di TAKEUCHI,,,,,,,,,,,,MACELLERIA di TAKEUCHI,2.0,False
3981.0,RISTORANTINO pinoli (ピノリ),,,,,,,,,,,,RISTORANTINO pinoli,2.0,False
3982.0,スペインバルBANDA,,,,,,,,,,,,スペインバルBANDA,2.0,False
3983.0,Meat Deli Nicklaus' (ミートデリニクラウス),,,,,,,,,,,,Meat Deli Nicklaus',2.0,False
3985.0,kitchen和(ニコ),,,,,,,,,,,,kitchen和,2.0,False
3986.0,Restaurante del mar(デルマール),,,,,,,,,,,,Restaurante del mar,2.0,False
3987.0,Kaguwa 芳,,,,,,,,,,,,Kaguwa 芳,2.0,False
3988.0,CAFE Kiitos -カフェ キートス-,,,,,,,,,,,,CAFE Kiitos -カフェ キートス-,2.0,False
3989.0,カフェグラッチェ,,,,,,,,,,,,カフェグラッチェ,2.0,False
3990.0,伝説のすた丼屋 つくば大学店,,,,,,,,,,,,伝説のすた丼屋,2.0,False
3991.0,アルパカ,,,,,,,,,,,,アルパカ,2.0,False
3992.0,好来屋,,,,,,,,,,,,好来屋,2.0,False
3993.0,わかたろう,,,,,,,,,,,,わかたろう,2.0,False
3994.0,aozola café,,,,,,,,,,,,aozola café,2.0,False
3995.0,和食鉄板花みち,,,,,,,,,,,,和食鉄板花みち,2.0,False
3997.0,串八丁,,,,,,,,,,,,串八丁,2.0,False
3998.0,かのうや,,,,,,,,,,,,かのうや,2.0,False
3999.0,Bistro Coeur,,,,,,,,,,,,Bistro Coeur,2.0,False
4000.0,スペインバル・エルマニータ,,,,,,,,,,,,スペインバル・エルマニータ,2.0,False
4001.0,タイキッチン・ウアムファン,,,,,,,,,,,,タイキッチン・ウアムファン,2.0,False
4002.0,COVO,,,,,,,,,,,,COVO,2.0,False
4003.0,Deli & Restaurant カンタービレ,,,,,,,,,,,,Deli & Restaurant カンタービレ,2.0,False
4004.0,那須家宗庵,,,,,,,,,,,,那須家宗庵,2.0,False
4005.0,蒲焼 小島屋,,,,,,,,,,,,蒲焼 小島屋,2.0,False
4006.0,焼肉万里 武蔵浦和店,,,,,,,,,,,,焼肉万里,2.0,False
4007.0,ワンステップ 南浦和店、ワンステップ浦和店,,,,,,,,,,,,ワンステップ,2.0,False
4008.0,ダイニングバーかはづ,,,,,,,,,,,,ダイニングバーかはづ,2.0,False
4010.0,栗豚と彩たまごのお店 Cafe Sangria,,,,,,,,,,,,栗豚と彩たまごのお店 Cafe Sangria,2.0,False
4011.0,まめぞう 浦和店,,,,,,,,,,,,まめぞう,2.0,False
4012.0,BurgerCafe honohono,,,,,,,,,,,,BurgerCafe honohono,2.0,False
4013.0,カフェマチルダ,,,,,,,,,,,,カフェマチルダ,2.0,False
4014.0,手打うどん 長谷沼,,,,,,,,,,,,手打うどん 長谷沼,2.0,False
4015.0,紅茶浪漫館シマ乃,,,,,,,,,,,,紅茶浪漫館シマ乃,2.0,False
4016.0,Brighton Cafe(ブライトンカフェ),,,,,,,,,,,,Brighton Cafe,2.0,False
4017.0,おむすびとワッフルの店 福々スタンド,,,,,,,,,,,,おむすびとワッフルの店 福々スタンド,2.0,False
4018.0,PIZZERIA ROCCO,,,,,,,,,,,,PIZZERIA ROCCO,2.0,False
4019.0,すずのや おやさいとくだものとお酒と,,,,,,,,,,,,すずのや おやさいとくだものとお酒と,2.0,False
4020.0,うどん土麦,,,,,,,,,,,,うどん土麦,2.0,False
4021.0,川越 蔵ふと,,,,,,,,,,,,川越 蔵ふと,2.0,False
4022.0,沖縄料理 おいしい時間,,,,,,,,,,,,沖縄料理 おいしい時間,2.0,False
4023.0,HIDEAWAY DINING 555,,,,,,,,,,,,HIDEAWAY DINING 555,2.0,False
4024.0,季節料理 八しま,,,,,,,,,,,,季節料理 八しま,2.0,False
4025.0,壱里山Cafe,,,,,,,,,,,,壱里山Cafe,2.0,False
4026.0,自家製酵母ぱんと手づくりあんこの店 いちあん,,,,,,,,,,,,自家製酵母ぱんと手づくりあんこの店 いちあん,2.0,False
4027.0,音楽喫茶モジョ MOJO,,,,,,,,,,,,音楽喫茶モジョ MOJO,2.0,False
4028.0,CARVAAN CRAFT BEER & GRILL,,,,,,,,,,,,CARVAAN CRAFT BEER & GRILL,2.0,False
4029.0,カフェバスブリス&蔵ギャラリー穂和,,,,,,,,,,,,カフェバスブリス&蔵ギャラリー穂和,1.0,False
4030.0,仁泰(キミヒロ),,,,,,,,,,,,仁泰,2.0,False
4031.0,香林,,,,,,,,,,,,香林,2.0,False
4032.0,カウボーイ家族 金沢八景店,,,,,,,,,,,,カウボーイ家族,2.0,False
4033.0,クアトロ・スタジオーネ,,,,,,,,,,,,クアトロ・スタジオーネ,2.0,False
4034.0,ぱるけコーヒー,,,,,,,,,,,,ぱるけコーヒー,2.0,False
4035.0,三笠会館 鵠沼店,,,,,,,,,,,,三笠会館,2.0,False
4036.0,レストラン パッション,,,,,,,,,,,,レストラン パッション,2.0,False
4037.0,城西苑,,,,,,,,,,,,城西苑,2.0,False
4038.0,焼肉プリンス,,,,,,,,,,,,焼肉プリンス,2.0,False
4040.0,横崎哲,,,,,,,,,,,,横崎哲,1.0,False
4041.0,Beer Pub Ishii,,,,,,,,,,,,Beer Pub Ishii,2.0,False
4042.0,石焼きメキシカン コジコジ,,,,,,,,,,,,石焼きメキシカン コジコジ,2.0,False
4043.0,フランス料理レストラン アシエット,,,,,,,,,,,,フランス料理レストラン アシエット,2.0,False
4044.0,factory,,,,,,,,,,,,factory,2.0,False
4045.0,convivio,,,,,,,,,,,,convivio,2.0,False
4046.0,ビストロ アンプティポン,,,,,,,,,,,,ビストロ アンプティポン,2.0,False
4047.0,洋食航旅莉屋,,,,,,,,,,,,洋食航旅莉屋,2.0,False
4048.0,Papa Vasy パパバジィ,,,,,,,,,,,,Papa Vasy パパバジィ,2.0,False
4049.0,オルトレヴィーノ,,,,,,,,,,,,オルトレヴィーノ,2.0,False
4050.0,ごはん屋いっぽ,,,,,,,,,,,,ごはん屋いっぽ,2.0,False
4051.0,亜州食堂チョウク,,,,,,,,,,,,亜州食堂チョウク,2.0,False
4052.0,ノガラッツァ,,,,,,,,,,,,ノガラッツァ,2.0,False
4053.0,明石倶楽部,,,,,,,,,,,,明石倶楽部,2.0,False
4054.0,赤身焼肉USHIO,,,,,,,,,,,,赤身焼肉USHIO,2.0,False
4055.0,Delicatessen 三月の水,,,,,,,,,,,,Delicatessen 三月の水,2.0,False
4056.0,BELLO ベッロ Natural wine & Roast Beef,,,,,,,,,,,,BELLO ベッロ Natural wine & Roast Beef,2.0,False
4057.0,Kafe Toruko,,,,,,,,,,,,Kafe Toruko,2.0,False
4058.0,B.B.M,,,,,,,,,,,,B.B.M,2.0,False
4059.0,イタリアンレストラン ディマーレ,,,,,,,,,,,,イタリアンレストラン ディマーレ,2.0,False
4060.0,カサーレ,,,,,,,,,,,,カサーレ,2.0,False
4061.0,鉄板ダイニングFukudasanchi(フクダサンチ),,,,,,,,,,,,鉄板ダイニングFukudasanchi,2.0,False
4062.0,KHAOS,,,,,,,,,,,,KHAOS,2.0,False
4063.0,中国大明火鍋城 本店,,,,,,,,,,,,中国大明火鍋城,2.0,False
4064.0,マンマミーア,,,,,,,,,,,,マンマミーア,2.0,False
4066.0,ひとくち餃子 てん屋,,,,,,,,,,,,ひとくち餃子 てん屋,2.0,False
4067.0,立花うどん,,,,,,,,,,,,立花うどん,2.0,False
4068.0,広島のお好み焼 あふろ,,,,,,,,,,,,広島のお好み焼 あふろ,2.0,False
4069.0,二日市とりかわきくや,,,,,,,,,,,,二日市とりかわきくや,2.0,False
4070.0,イタリアンレストラン アンテェナアト,,,,,,,,,,,,イタリアンレストラン アンテェナアト,1.0,False
4071.0,大陸食堂Asiancafe,,,,,,,,,,,,大陸食堂Asiancafe,2.0,False
4072.0,三十三茶屋(みとみちゃや),,,,,,,,,,,,三十三茶屋,2.0,False
4073.0,創作居酒屋 howl,,,,,,,,,,,,創作居酒屋 howl,2.0,False
4074.0,寿し栄,,,,,,,,,,,,寿し栄,2.0,False
4075.0,ノエルの樹,,,,,,,,,,,,ノエルの樹,2.0,False
4078.0,ボワ・トスカーナ,,,,,,,,,,,,ボワ・トスカーナ,2.0,False
4079.0,えちごや,,,,,,,,,,,,えちごや,2.0,False
4080.0,バル・バロッサ,,,,,,,,,,,,バル・バロッサ,2.0,False
4081.0,ミエルジャルダン,,,,,,,,,,,,ミエルジャルダン,2.0,False
4082.0,清昇丸,,,,,,,,,,,,清昇丸,2.0,False
4083.0,さくらバーガー,,,,,,,,,,,,さくらバーガー,2.0,False
4084.0,千鳥亭,,,,,,,,,,,,千鳥亭,2.0,False
4085.0,瀬戸内キッチン まともや,,,,,,,,,,,,瀬戸内キッチン まともや,2.0,False
4086.0,da Yoshi sushibar  take a way kochi,,,,,,,,,,,,da Yoshi sushibar take a way kochi,2.0,False
4087.0,ステーキハウス淀川,,,,,,,,,,,,ステーキハウス淀川,2.0,False
4088.0,イタリア料理ジータ GITA世田谷,,,,,,,,,,,,イタリア料理ジータ GITA世田谷,2.0,False
4089.0,BAR PetitLucky(プチラッキー),,,,,,,,,,,,BAR PetitLucky,2.0,False
4091.0,ビストロユイット,,,,,,,,,,,,ビストロユイット,2.0,False
4092.0,SHIBAURA GRILL,,,,,,,,,,,,SHIBAURA GRILL,2.0,False
4094.0,ハブモアカレー,,,,,,,,,,,,ハブモアカレー,2.0,False
4095.0,特撮カフェ&バー ぷらんたん,,,,,,,,,,,,特撮カフェ&バー ぷらんたん,1.0,False
4096.0,Le bage,,,,,,,,,,,,Le bage,2.0,False
4097.0,Ricky’s cafe,,,,,,,,,,,,Ricky’s cafe,2.0,False
4099.0,Bistro St.Anna (ビストロ サンタンナ),,,,,,,,,,,,Bistro St.Anna,2.0,False
4100.0,リトルッカ,,,,,,,,,,,,リトルッカ,2.0,False
4101.0,ラファーロ,,,,,,,,,,,,ラファーロ,2.0,False
4102.0,わいん場,,,,,,,,,,,,わいん場,2.0,False
4103.0,ドットベーカリー,,,,,,,,,,,,ドットベーカリー,2.0,False
4104.0,神戸とんぼ,,,,,,,,,,,,神戸とんぼ,2.0,False
4106.0,お好み焼き千笑の輪,,,,,,,,,,,,お好み焼き千笑の輪,2.0,False
4107.0,なかい天満橋,,,,,,,,,,,,なかい天満橋,2.0,False
4108.0,ラ ピニャータ,,,,,,,,,,,,ラ ピニャータ,2.0,False
4109.0,炭焼TOKI,,,,,,,,,,,,炭焼TOKI,2.0,False
4110.0,京料理 はり清,,,,,,,,,,,,京料理 はり清,2.0,False
4111.0,から揚げサンバ,,,,,,,,,,,,から揚げサンバ,2.0,False
4112.0,筥崎荘々,,,,,,,,,,,,筥崎荘々,2.0,False
4113.0,石挽き手打ち蕎麦 地酒 木曽路,,,,,,,,,,,,石挽き手打ち蕎麦 地酒 木曽路,2.0,False
4115.0,創作パスタと自家栽培野菜のイタリアンバル Entrance,,,,,,,,,,,,創作パスタと自家栽培野菜のイタリアンバル Entrance,2.0,False
4116.0,山縣屋,,,,,,,,,,,,山縣屋,2.0,False
4117.0,Cro-magnonjin(クロマニヨン),,,,,,,,,,,,Cro-magnonjin,2.0,False
4118.0,焼鳥ト唐揚ノ居酒屋 やんちゃ鳥 大名店,,,,,,,,,,,,焼鳥ト唐揚ノ居酒屋 やんちゃ鳥,2.0,False
4119.0,Ristorante fanfare,,,,,,,,,,,,Ristorante fanfare,2.0,False
4120.0,ホテルニューオータニ博多,,,,,,,,,,,,ホテルニューオータニ博多,2.0,False
4121.0,ここりこ,,,,,,,,,,,,ここりこ,2.0,False
4122.0,アンジェロ&ミカエル 薬院店,,,,,,,,,,,,アンジェロ&ミカエル,1.0,False
4123.0,博多牛もつ鍋居酒屋 市兵衛,,,,,,,,,,,,博多牛もつ鍋居酒屋 市兵衛,2.0,False
4124.0,ビストロクワバラ,,,,,,,,,,,,ビストロクワバラ,2.0,False
4125.0,ボンバーキッチン 天神店,,,,,,,,,,,,ボンバーキッチン,2.0,False
4126.0,天神テルラ(Tenjin Terra),,,,,,,,,,,,天神テルラ,2.0,False
4127.0,蕎麦切り かんべえ,,,,,,,,,,,,蕎麦切り かんべえ,2.0,False
4128.0,くらすこと,,,,,,,,,,,,くらすこと,2.0,False
4129.0,食と酒なかむた,,,,,,,,,,,,食と酒なかむた,2.0,False
4130.0,粉やなぎ,,,,,,,,,,,,粉やなぎ,2.0,False
4131.0,さか本,,,,,,,,,,,,さか本,2.0,False
4132.0,Pasteria flourish,,,,,,,,,,,,Pasteria flourish,2.0,False
4133.0,井と瀬,,,,,,,,,,,,井と瀬,2.0,False
4134.0,そいさぼ,,,,,,,,,,,,そいさぼ,2.0,False
4135.0,シュエット,,,,,,,,,,,,シュエット,2.0,False
4137.0,イタリアンとtsumami キム翔,,,,,,,,,,,,イタリアンとtsumami キム翔,2.0,False
4139.0,旬鮨季酒 赤石,,,,,,,,,,,,旬鮨季酒 赤石,2.0,False
4140.0,FRILL café,,,,,,,,,,,,FRILL café,2.0,False
4141.0,Osteria Falco(オステリア ファルコ),,,,,,,,,,,,Osteria Falco,2.0,False
4142.0,イムキッチン,,,,,,,,,,,,イムキッチン,2.0,False
4143.0,味処まつ,,,,,,,,,,,,味処まつ,2.0,False
4144.0,マサラキッチン,,,,,,,,,,,,マサラキッチン,2.0,False
4145.0,焼とり 熟成魚 木崎,,,,,,,,,,,,焼とり 熟成魚 木崎,2.0,False
4146.0,イタリア料理テシマ,,,,,,,,,,,,イタリア料理テシマ,2.0,False
4147.0,餃子のロッキー,,,,,,,,,,,,餃子のロッキー,2.0,False
4148.0,Higebozu,,,,,,,,,,,,Higebozu,2.0,False
4149.0,焼肉処 國,,,,,,,,,,,,焼肉処 國,2.0,False
4150.0,元祖炭火焼鳥しもい,,,,,,,,,,,,元祖炭火焼鳥しもい,2.0,False
4151.0,御厨 神の,,,,,,,,,,,,御厨 神の,2.0,False
4152.0,鯖とら,,,,,,,,,,,,鯖とら,2.0,False
4153.0,味処げん家,,,,,,,,,,,,味処げん家,2.0,False
4155.0,八昌 西新店,,,,,,,,,,,,八昌,2.0,False
4156.0,Ristorante Oicho(リストランテ  オイチョ),,,,,,,,,,,,Ristorante Oicho,2.0,False
4157.0,福ずし,,,,,,,,,,,,福ずし,2.0,False
4158.0,広島お好み焼き 鉄板焼 ゆうちゃん,,,,,,,,,,,,広島お好み焼き 鉄板焼 ゆうちゃん,2.0,False
4160.0,餃子酒場りきまる,,,,,,,,,,,,餃子酒場りきまる,2.0,False
4161.0,ベビーフェイスプラネッツ 二日市店,,,,,,,,,,,,ベビーフェイスプラネッツ,2.0,False
4163.0,重ね煮キッチン ちいさなクローバー,,,,,,,,,,,,重ね煮キッチン ちいさなクローバー,2.0,False
4164.0,パン工房 クロワッサン,,,,,,,,,,,,パン工房 クロワッサン,2.0,False
4165.0,南風荘,,,,,,,,,,,,南風荘,2.0,False
4167.0,古々地庵,,,,,,,,,,,,古々地庵,2.0,False
4168.0,炒飯酒家 Cocokara,,,,,,,,,,,,炒飯酒家 Cocokara,2.0,False
4169.0,ラ・セーヌ,,,,,,,,,,,,ラ・セーヌ,2.0,False
4171.0,Duangjan(ドゥワンチャン),,,,,,,,,,,,Duangjan,2.0,False
4172.0,イタル,,,,,,,,,,,,イタル,2.0,False
4173.0,Organic Kitchen Chikyu,,,,,,,,,,,,Organic Kitchen Chikyu,2.0,False
4175.0,スパイスダイニングDIYO 岩見沢店,,,,,,,,,,,,スパイスダイニングDIYO,2.0,False
4176.0,旬の台所 連根屋,,,,,,,,,,,,旬の台所 連根屋,2.0,False
4177.0,HIKARI SHOKUDO,,,,,,,,,,,,HIKARI SHOKUDO,2.0,False
4178.0,大宮手打ち蕎麦 吉敷末広,,,,,,,,,,,,大宮手打ち蕎麦 吉敷末広,2.0,False
4179.0,氷川ブリュワリー,,,,,,,,,,,,氷川ブリュワリー,2.0,False
4180.0,大宮コーヒーロースターズ,,,,,,,,,,,,大宮コーヒーロースターズ,2.0,False
4181.0,ビストロアミー,,,,,,,,,,,,ビストロアミー,2.0,False
4182.0,087cafe ~OHANA~,,,,,,,,,,,,087cafe ~OHANA~,2.0,False
4183.0,D&DEPARTMENT TOYAMA,,,,,,,,,,,,D&DEPARTMENT TOYAMA,2.0,False
4184.0,日本酒真琴,,,,,,,,,,,,日本酒真琴,2.0,False
4185.0,Fluunt KOFU(フルウント甲府),,,,,,,,,,,,Fluunt KOFU,2.0,False
4186.0,和-ku どんく,,,,,,,,,,,,和-ku どんく,2.0,False
4187.0,Asian Station Matsumoto(アジアンステーション),,,,,,,,,,,,Asian Station Matsumoto,2.0,False
4188.0,Sot l'y laisse (ソリレス),,,,,,,,,,,,Sot l'y laisse,2.0,False
4189.0,日本ワインバル SANS SOUCI (サンスーシィ),,,,,,,,,,,,日本ワインバル SANS SOUCI,2.0,False
4190.0,銀座エスコフィエ,,,,,,,,,,,,銀座エスコフィエ,2.0,False
4191.0,中華料理 安楽,,,,,,,,,,,,中華料理 安楽,2.0,False
4192.0,釜喜利うどん,,,,,,,,,,,,釜喜利うどん,2.0,False
4194.0,monkava,,,,,,,,,,,,monkava,1.0,False
4195.0,うどん処 松島,,,,,,,,,,,,うどん処 松島,1.0,False
4197.0,弁当『平日昼だけ』カレーだけ,,,,,,,,,,,,弁当『平日昼だけ』カレーだけ,2.0,False
4198.0,桂花,,,,,,,,,,,,桂花,2.0,False
4199.0,春風駘蕩,,,,,,,,,,,,春風駘蕩,2.0,False
4200.0,サロン クスダ,,,,,,,,,,,,サロン クスダ,2.0,False
4201.0,恵比寿山の上バル,,,,,,,,,,,,恵比寿山の上バル,2.0,False
4202.0,時たらず,,,,,,,,,,,,時たらず,2.0,False
4203.0,ネパール料理プルジャダイニング 巣鴨,,,,,,,,,,,,ネパール料理プルジャダイニング 巣鴨,2.0,False
4204.0,バルストロキッチン,,,,,,,,,,,,バルストロキッチン,2.0,False
4205.0,AMA-LUR,,,,,,,,,,,,AMA-LUR,2.0,False
4206.0,ナポリピッツァ専門研究開発室Pizza.co.lab,,,,,,,,,,,,ナポリピッツァ専門研究開発室Pizza.co.lab,2.0,False
4207.0,保護猫とVEGANのお店 neu。,,,,,,,,,,,,保護猫とVEGANのお店 neu。,2.0,False
4209.0,Ristoria Radice,,,,,,,,,,,,Ristoria Radice,2.0,False
4210.0,B Legumes a table,,,,,,,,,,,,B Legumes a table,2.0,False
4212.0,都野菜 賀茂 烏丸店,,,,,,,,,,,,都野菜 賀茂,2.0,False
4213.0,松正,,,,,,,,,,,,松正,2.0,False
4214.0,養生カフェ ことほぎ,,,,,,,,,,,,養生カフェ ことほぎ,2.0,False
4215.0,なかもと,,,,,,,,,,,,なかもと,2.0,False
4216.0,Da Fuchigami Hakata,,,,,,,,,,,,Da Fuchigami Hakata,2.0,False
4217.0,竹乃屋 東比恵 本店,,,,,,,,,,,,竹乃屋 東比恵,2.0,False
4218.0,暖炭,,,,,,,,,,,,暖炭,2.0,False
4219.0,GARB LEAVES,,,,,,,,,,,,GARB LEAVES,2.0,False
4220.0,博多うまかんもん小野,,,,,,,,,,,,博多うまかんもん小野,2.0,False
4221.0,Dining Cafe&Bar Kingston,,,,,,,,,,,,Dining Cafe&Bar Kingston,2.0,False
4222.0,とり田(美野島火鍋工場),,,,,,,,,,,,とり田,2.0,False
4223.0,チキン南蛮&ハイボール Mughetto(ミュゲット),,,,,,,,,,,,チキン南蛮&ハイボール Mughetto,1.0,False
4224.0,筑豊りぼん,,,,,,,,,,,,筑豊りぼん,2.0,False
4225.0,お料理みつやす,,,,,,,,,,,,お料理みつやす,2.0,False
4226.0,蕎喰いまとみ,,,,,,,,,,,,蕎喰いまとみ,2.0,False
4227.0,TORI-BUDOU 今泉本店,,,,,,,,,,,,TORI-BUDOU 今泉,2.0,False
4228.0,Manly(マンリー),,,,,,,,,,,,Manly,2.0,False
4229.0,林さん亭,,,,,,,,,,,,林さん亭,2.0,False
4230.0,La Tomateria,,,,,,,,,,,,La Tomateria,2.0,False
4231.0,アンドゥトヮ,,,,,,,,,,,,アンドゥトヮ,2.0,False
4232.0,BANANA CAFE,,,,,,,,,,,,BANANA CAFE,2.0,False
4233.0,洋風厨房ソーシエ,,,,,,,,,,,,洋風厨房ソーシエ,2.0,False
4234.0,くずし割烹sawa,,,,,,,,,,,,くずし割烹sawa,2.0,False
4235.0,THE OYSTER BAR YUMMY 浦和店,,,,,,,,,,,,THE OYSTER BAR YUMMY,2.0,False
4236.0,テッパンバル グリリア,,,,,,,,,,,,テッパンバル グリリア,2.0,False
4237.0,王龍,,,,,,,,,,,,王龍,2.0,False
4238.0,鮮彩もつ焼き わか大将,,,,,,,,,,,,鮮彩もつ焼き わか大将,2.0,False
4239.0,むくむく食堂,,,,,,,,,,,,むくむく食堂,2.0,False
4240.0,インド料理ピアーズ Piaaz,,,,,,,,,,,,インド料理ピアーズ Piaaz,2.0,False
4241.0,音喫茶一乗,,,,,,,,,,,,音喫茶一乗,2.0,False
4242.0,セサミキッチン,,,,,,,,,,,,セサミキッチン,2.0,False
4243.0,小江戸オハナ,,,,,,,,,,,,小江戸オハナ,2.0,False
4244.0,Cafe K,,,,,,,,,,,,Cafe K,2.0,False
4245.0,HILL PINE'S ESPRESSO,,,,,,,,,,,,HILL PINE'S ESPRESSO,2.0,False
4246.0,きょうのごはん ゆるりCafe,,,,,,,,,,,,きょうのごはん ゆるりCafe,2.0,False
4247.0,繭久里カフェ(ククリカフェ),,,,,,,,,,,,繭久里カフェ,2.0,False
4248.0,スバカマナ,,,,,,,,,,,,スバカマナ,2.0,False
4249.0,洋食yabu kara bou,,,,,,,,,,,,洋食yabu kara bou,2.0,False
4250.0,caféトワイエ,,,,,,,,,,,,caféトワイエ,2.0,False
4251.0,トラットリア ニャムニャム,,,,,,,,,,,,トラットリア ニャムニャム,2.0,False
4252.0,アオヤギ食堂,,,,,,,,,,,,アオヤギ食堂,2.0,False
4253.0,フィオーレ ディ ファリーナ,,,,,,,,,,,,フィオーレ ディ ファリーナ,2.0,False
4254.0,SHOGUN BURGER,,,,,,,,,,,,SHOGUN BURGER,2.0,False
4255.0,とんかつや栃谷,,,,,,,,,,,,とんかつや栃谷,2.0,False
4256.0,シャルマ婦中店 インドダイニング,,,,,,,,,,,,シャルマ婦中店 インドダイニング,2.0,False
4257.0,doria cafe Doriarivo(ドリアカフェ ドリアリーボ),,,,,,,,,,,,doria cafe Doriarivo,2.0,False
4258.0,シーサイドハウスボルカノ,,,,,,,,,,,,シーサイドハウスボルカノ,2.0,False
4259.0,パノラマレストラン光彩,,,,,,,,,,,,パノラマレストラン光彩,2.0,False
4260.0,マルミットアンサン,,,,,,,,,,,,マルミットアンサン,2.0,False
4261.0,惣菜barカタコト屋,,,,,,,,,,,,惣菜barカタコト屋,2.0,False
4262.0,モルトボーノ マハロ黒部店,,,,,,,,,,,,モルトボーノ,2.0,False
4263.0,かふぇにこ,,,,,,,,,,,,かふぇにこ,2.0,False
4264.0,おすしと和食 はた中,,,,,,,,,,,,おすしと和食 はた中,2.0,False
4265.0,&sand(アンドサンド),,,,,,,,,,,,&sand,1.0,False
4266.0,アジアごはんとおはぎ 善,,,,,,,,,,,,アジアごはんとおはぎ 善,2.0,False
4267.0,ビストロひらみぱん,,,,,,,,,,,,ビストロひらみぱん,2.0,False
4268.0,FULL OF BEANS,,,,,,,,,,,,FULL OF BEANS,2.0,False
4269.0,炭火焼きとお酒が楽しめる店 おおぜき,,,,,,,,,,,,炭火焼きとお酒が楽しめる店 おおぜき,2.0,False
4270.0,門前茶寮弥生座,,,,,,,,,,,,門前茶寮弥生座,2.0,False
4271.0,あめいろ たこやき&ダイニングバー,,,,,,,,,,,,あめいろ たこやき&ダイニングバー,1.0,False
4272.0,焼肉ハウス大将軍,,,,,,,,,,,,焼肉ハウス大将軍,2.0,False
4273.0,そば処 安留賀,,,,,,,,,,,,そば処 安留賀,2.0,False
4274.0,ヒルトップ,,,,,,,,,,,,ヒルトップ,2.0,False
4276.0,焼とりの八兵衛 Bekkan,,,,,,,,,,,,焼とりの八兵衛 Bekkan,2.0,False
4277.0,インド料理ムンバイ 丸の内店+The India Coffee House,,,,,,,,,,,,インド料理ムンバイ 丸の内店+The India Coffee House,1.0,False
4278.0,ARASH-Exotic Dining-,,,,,,,,,,,,ARASH-Exotic Dining-,2.0,False
4279.0,松記鶏飯,,,,,,,,,,,,松記鶏飯,2.0,False
4280.0,ビストロシンバ,,,,,,,,,,,,ビストロシンバ,2.0,False
4281.0,銀座 小料理 龍,,,,,,,,,,,,銀座 小料理 龍,2.0,False
4282.0,築地さらしなの里,,,,,,,,,,,,築地さらしなの里,2.0,False
4283.0,Abbraccio,,,,,,,,,,,,Abbraccio,2.0,False
4284.0,天ぷら魚新 西麻布,,,,,,,,,,,,天ぷら魚新 西麻布,2.0,False
4285.0,濱松うなぎ中川屋,,,,,,,,,,,,濱松うなぎ中川屋,2.0,False
4286.0,壽修,,,,,,,,,,,,壽修,2.0,False
4287.0,タベルナユキ,,,,,,,,,,,,タベルナユキ,2.0,False
4289.0,白金こむすび庵さんかく,,,,,,,,,,,,白金こむすび庵さんかく,2.0,False
4290.0,ヤザワミート,,,,,,,,,,,,ヤザワミート,2.0,False
4291.0,La Sosta(ラ ソスタ),,,,,,,,,,,,La Sosta,2.0,False
4292.0,ひごの屋 青山本店,,,,,,,,,,,,ひごの屋 青山,2.0,False
4293.0,Linio(リニーオ),,,,,,,,,,,,Linio,2.0,False
4294.0,mosh Kitchen,,,,,,,,,,,,mosh Kitchen,2.0,False
4295.0,和牛ブロス,,,,,,,,,,,,和牛ブロス,2.0,False
4296.0,海山和酒なるたか,,,,,,,,,,,,海山和酒なるたか,2.0,False
4297.0,ごはん×カフェ madei,,,,,,,,,,,,ごはん×カフェ madei,2.0,False
4298.0,Le Marais マレ,,,,,,,,,,,,Le Marais マレ,2.0,False
4299.0,よつえだ,,,,,,,,,,,,よつえだ,2.0,False
4300.0,ボンシュマン,,,,,,,,,,,,ボンシュマン,2.0,False
4301.0,中目黒 肉バル Salt(ソルト),,,,,,,,,,,,中目黒 肉バル Salt,2.0,False
4302.0,アウテンティコ,,,,,,,,,,,,アウテンティコ,2.0,False
4303.0,パスタR1,,,,,,,,,,,,パスタR1,2.0,False
4304.0,Your Daily Coffee,,,,,,,,,,,,Your Daily Coffee,2.0,False
4305.0,椿,,,,,,,,,,,,椿,2.0,False
4306.0,ヴィーガン創作家庭料理KLASINA,,,,,,,,,,,,ヴィーガン創作家庭料理KLASINA,2.0,False
4307.0,孤高のからあげ 用賀店,,,,,,,,,,,,孤高のからあげ,2.0,False
4308.0,のどか,,,,,,,,,,,,のどか,2.0,False
4309.0,ORGANIC TABLE BY LAPAZ,,,,,,,,,,,,ORGANIC TABLE BY LAPAZ,2.0,False
4311.0,クリスチアノ,,,,,,,,,,,,クリスチアノ,2.0,False
4312.0,CICLO,,,,,,,,,,,,CICLO,2.0,False
4313.0,TAKAGIYA,,,,,,,,,,,,TAKAGIYA,2.0,False
4314.0,ゴーゴーカレー池袋東口スタジアム,,,,,,,,,,,,ゴーゴーカレー池袋東口スタジアム,2.0,False
4315.0,Indian Restaurant Mumbai Machiya,,,,,,,,,,,,Indian Restaurant Mumbai Machiya,2.0,False
4316.0,PONTE,,,,,,,,,,,,PONTE,2.0,False
4317.0,食と和酒の店 暁,,,,,,,,,,,,食と和酒の店 暁,2.0,False
4318.0,かしかし,,,,,,,,,,,,かしかし,2.0,False
4319.0,ヒマラヤ,,,,,,,,,,,,ヒマラヤ,3.0,False
4320.0,per sorriso ペールソリッソ,,,,,,,,,,,,per sorriso ペールソリッソ,2.0,False
4321.0,くしのはな,,,,,,,,,,,,くしのはな,2.0,False
4322.0,キッチンスズキ,,,,,,,,,,,,キッチンスズキ,2.0,False
4323.0,立ち食い鮨 鈴な凛,,,,,,,,,,,,立ち食い鮨 鈴な凛,2.0,False
4324.0,立ち呑みエイト/bar eight,,,,,,,,,,,,立ち呑みエイト/bar eight,2.0,False
4325.0,Fete le marche,,,,,,,,,,,,Fete le marche,2.0,False
4326.0,en-kitchen cafe,,,,,,,,,,,,en-kitchen cafe,2.0,False
4327.0,うえ山,,,,,,,,,,,,うえ山,2.0,False
4328.0,ラチェルバ,,,,,,,,,,,,ラチェルバ,2.0,False
4329.0,ケラケラクランツ,,,,,,,,,,,,ケラケラクランツ,2.0,False
4330.0,ツーサムズアップ two sam's up,,,,,,,,,,,,ツーサムズアップ two sam's up,2.0,False
4331.0,ハードロックカフェ大阪,,,,,,,,,,,,ハードロックカフェ大阪,2.0,False
4332.0,味乃家,,,,,,,,,,,,味乃家,2.0,False
4333.0,アンティム intime,,,,,,,,,,,,アンティム intime,2.0,False
4334.0,オ・タン・ペルデュ,,,,,,,,,,,,オ・タン・ペルデュ,2.0,False
4335.0,ル・ナチュレ,,,,,,,,,,,,ル・ナチュレ,2.0,False
4336.0,ヴィネリア アッシュ,,,,,,,,,,,,ヴィネリア アッシュ,2.0,False
4337.0,筥崎宮迎賓館,,,,,,,,,,,,筥崎宮迎賓館,2.0,False
4338.0,天井桟敷,,,,,,,,,,,,天井桟敷,2.0,False
4339.0,DOMADOMA,,,,,,,,,,,,DOMADOMA,2.0,False
4340.0,和食堂 山里,,,,,,,,,,,,和食堂 山里,2.0,False
4341.0,ウルフギャング・ステーキハウス 福岡店,,,,,,,,,,,,ウルフギャング・ステーキハウス,3.0,False
4342.0,Brewer's Coffee ばんぢろ,,,,,,,,,,,,Brewer's Coffee ばんぢろ,2.0,False
4344.0,大衆鉄板めし べべ,,,,,,,,,,,,大衆鉄板めし べべ,2.0,False
4345.0,どんでんがえし,,,,,,,,,,,,どんでんがえし,2.0,False
4346.0,葡萄房,,,,,,,,,,,,葡萄房,2.0,False
4347.0,イタリアワインと料理 ROMA ROMA,,,,,,,,,,,,イタリアワインと料理 ROMA ROMA,2.0,False
4348.0,Restaurant Kazu,,,,,,,,,,,,Restaurant Kazu,2.0,False
4349.0,Cucina Italiana Amelia,,,,,,,,,,,,Cucina Italiana Amelia,2.0,False
4350.0,元祖博多めんたい重,,,,,,,,,,,,元祖博多めんたい重,2.0,False
4351.0,Fukuoka Craft by エルボラーチョ,,,,,,,,,,,,Fukuoka Craft by エルボラーチョ,2.0,False
4353.0,Osteria e Bar La Luce,,,,,,,,,,,,Osteria e Bar La Luce,2.0,False
4354.0,ぎゅう丸 大名店,,,,,,,,,,,,ぎゅう丸,2.0,False
4355.0,肉菜炭火焼ミヤビ,,,,,,,,,,,,肉菜炭火焼ミヤビ,2.0,False
4358.0,旬の美味 味楽や,,,,,,,,,,,,旬の美味 味楽や,2.0,False
4359.0,串屋 長右衛門 薬院店,,,,,,,,,,,,串屋 長右衛門,2.0,False
4360.0,むら川.,,,,,,,,,,,,むら川.,2.0,False
4361.0,広東料理 session,,,,,,,,,,,,広東料理 session,2.0,False
4362.0,Bar Corazon(バル・コラソン),,,,,,,,,,,,Bar Corazon,2.0,False
4363.0,カレー&フレンチトーストHono,,,,,,,,,,,,カレー&フレンチトーストHono,1.0,False
4364.0,cake.cafe.miel,,,,,,,,,,,,cake.cafe.miel,2.0,False
4365.0,jingoro,,,,,,,,,,,,jingoro,2.0,False
4366.0,山北小路 きふね,,,,,,,,,,,,山北小路 きふね,2.0,False
4367.0,M-lab,,,,,,,,,,,,M-lab,2.0,False
4368.0,ダンザ パデーラ 糸島ランチバイキング,,,,,,,,,,,,ダンザ パデーラ 糸島ランチバイキング,2.0,False
4369.0,イタリア食堂 Frutto,,,,,,,,,,,,イタリア食堂 Frutto,2.0,False
4370.0,オーガニックカフェ知恵の木,,,,,,,,,,,,オーガニックカフェ知恵の木,2.0,False
4371.0,宿屋つばき,,,,,,,,,,,,宿屋つばき,2.0,False
4372.0,Nonnkey仙台,,,,,,,,,,,,Nonnkey仙台,2.0,False
4373.0,肉バル タンジン商店,,,,,,,,,,,,肉バル,2.0,False
4374.0,魚浪人,,,,,,,,,,,,魚浪人,2.0,False
4375.0,レストランワイキキ,,,,,,,,,,,,レストランワイキキ,2.0,False
4376.0,ARCO,,,,,,,,,,,,ARCO,1.0,False
4377.0,GOOD 4 LIFE 36 CAFE,,,,,,,,,,,,GOOD 4 LIFE 36 CAFE,2.0,False
4378.0,彩食厨房TSUBOMI,,,,,,,,,,,,彩食厨房TSUBOMI,2.0,False
4379.0,Hérisson d'un jour,,,,,,,,,,,,Hérisson d'un jour,2.0,False
4380.0,MONZEN TERRACE ENYA,,,,,,,,,,,,MONZEN TERRACE ENYA,2.0,False
4381.0,ハナアカリ,,,,,,,,,,,,ハナアカリ,2.0,False
4382.0,パスタと洋食のお店 cavallo(カヴァロ),,,,,,,,,,,,パスタと洋食のお店 cavallo,2.0,False
4383.0,Ristorante CIELO,,,,,,,,,,,,Ristorante CIELO,2.0,False
4384.0,一汁三菜イタリア~の,,,,,,,,,,,,一汁三菜イタリア~の,1.0,False
4385.0,Restaurant Aréna(レストラン アレナ),,,,,,,,,,,,Restaurant Aréna,2.0,False
4387.0,ココ・ファーム・ワイナリー,,,,,,,,,,,,ココ・ファーム・ワイナリー,2.0,False
4388.0,稲毛海岸北口の串屋横丁,,,,,,,,,,,,稲毛海岸北口の串屋横丁,2.0,False
4389.0,petit CACO,,,,,,,,,,,,petit CACO,2.0,False
4390.0,Ma Cuisine( マ・キュイジーヌ),,,,,,,,,,,,Ma Cuisine,2.0,False
4391.0,焼肉処くらちゃん,,,,,,,,,,,,焼肉処くらちゃん,2.0,False
4392.0,竹井幸彦,,,,,,,,,,,,竹井幸彦,2.0,False
4393.0,AIN SOPH. ripple,,,,,,,,,,,,AIN SOPH. ripple,2.0,False
4394.0,イタリア食堂SORA,,,,,,,,,,,,イタリア食堂SORA,2.0,False
4396.0,Bistro Le Petit Tonneau Toranomon,,,,,,,,,,,,Bistro Le Petit Tonneau Toranomon,2.0,False
4397.0,CABOT CAFE,,,,,,,,,,,,CABOT CAFE,2.0,False
4398.0,MANDALA 2nd,,,,,,,,,,,,MANDALA 2nd,2.0,False
4399.0,やき肉かのや,,,,,,,,,,,,やき肉かのや,2.0,False
4400.0,S'ACCAPAU (サッカパウ),,,,,,,,,,,,S'ACCAPAU,2.0,False
4401.0,Trattoria Cicci Fantastico(トラットリア・チッチ・ファンタスティコ),,,,,,,,,,,,Trattoria Cicci Fantastico,2.0,False
4404.0,KIBOKO,,,,,,,,,,,,KIBOKO,2.0,False
4405.0,鮪専門店 MEGRO,,,,,,,,,,,,鮪専門店 MEGRO,2.0,False
4406.0,インド・ネパール料理 ラクシュミー,,,,,,,,,,,,インド・ネパール料理 ラクシュミー,2.0,False
4407.0,いちばんや,,,,,,,,,,,,いちばんや,2.0,False
4409.0,オステリア・ダ・ピンチョ,,,,,,,,,,,,オステリア・ダ・ピンチョ,2.0,False
4410.0,naturam kazuya sugiura,,,,,,,,,,,,naturam kazuya sugiura,2.0,False
4411.0,居酒屋佐藤 恵比寿,,,,,,,,,,,,居酒屋佐藤 恵比寿,2.0,False
4412.0,ALTRO!,,,,,,,,,,,,ALTRO!,2.0,False
4413.0,will o' wisp,,,,,,,,,,,,will o' wisp,2.0,False
4414.0,IL DOGE,,,,,,,,,,,,IL DOGE,2.0,False
4415.0,豊洲すし本,,,,,,,,,,,,豊洲すし本,1.0,False
4416.0,TUBOCAFE,,,,,,,,,,,,TUBOCAFE,2.0,False
4417.0,ラザニ屋LABO,,,,,,,,,,,,ラザニ屋LABO,2.0,False
4418.0,グレインズ,,,,,,,,,,,,グレインズ,2.0,False
4419.0,薬草labo. 棘,,,,,,,,,,,,薬草labo. 棘,2.0,False
4420.0,(食)ましか,,,,,,,,,,,,(食)ましか,2.0,False
4421.0,たゆたゆ 難波千日前店,,,,,,,,,,,,たゆたゆ,2.0,False
4422.0,イルチェント 平野町,,,,,,,,,,,,イルチェント 平野町,2.0,False
4423.0,バルベラ,,,,,,,,,,,,バルベラ,2.0,False
4424.0,洋食キッチンファミーユ,,,,,,,,,,,,洋食キッチンファミーユ,2.0,False
4425.0,うずら屋京都,,,,,,,,,,,,うずら屋京都,2.0,False
4426.0,Taverna Mezzanotte,,,,,,,,,,,,Taverna Mezzanotte,2.0,False
4427.0,庵茂,,,,,,,,,,,,庵茂,2.0,False
4428.0,御料理 古川,,,,,,,,,,,,御料理 古川,2.0,False
4429.0,四川料理 巴蜀,,,,,,,,,,,,四川料理 巴蜀,2.0,False
4430.0,無垢,,,,,,,,,,,,無垢,2.0,False
4431.0,一番星 清川店,,,,,,,,,,,,一番星,2.0,False
4432.0,とりなべマルニ,,,,,,,,,,,,とりなべマルニ,2.0,False
4434.0,SALVATORE CUOMO & BAR  天神,,,,,,,,,,,,SALVATORE CUOMO & BAR 天神,2.0,False
4435.0,ソルリバ,,,,,,,,,,,,ソルリバ,2.0,False
4436.0,錦大館本店,,,,,,,,,,,,錦大館,2.0,False
4437.0,ジュールファスト,,,,,,,,,,,,ジュールファスト,2.0,False
4438.0,いちごいちえ,,,,,,,,,,,,いちごいちえ,2.0,False
4439.0,京雀(きょうすずめ),,,,,,,,,,,,京雀,2.0,False
4440.0,ギャラリー南風蔵の家,,,,,,,,,,,,ギャラリー南風蔵の家,2.0,False
4441.0,肉バル×アヒージョ Trim 北浦和店,,,,,,,,,,,,肉バル×アヒージョ Trim,2.0,False
4442.0,王龍餃子房,,,,,,,,,,,,王龍餃子房,2.0,False
4443.0,ラ プロメッサ,,,,,,,,,,,,ラ プロメッサ,2.0,False
4444.0,バンカレッラ,,,,,,,,,,,,バンカレッラ,2.0,False
4445.0,旬菜料理 でんご,,,,,,,,,,,,旬菜料理 でんご,2.0,False
4446.0,深井屋,,,,,,,,,,,,深井屋,2.0,False
4447.0,CARVAAN,,,,,,,,,,,,CARVAAN,2.0,False
4448.0,らーめん愛彩流,,,,,,,,,,,,らーめん愛彩流,2.0,False
4449.0,ウフフドーナチュ,,,,,,,,,,,,ウフフドーナチュ,2.0,False
4450.0,HUM&Go# 橋場町スタンド,,,,,,,,,,,,HUM&Go# 橋場町スタンド,2.0,False
4451.0,an.loca ぼくとコーヒーとお酒,,,,,,,,,,,,an.loca ぼくとコーヒーとお酒,2.0,False
4452.0,のどか牧場直営たまご屋キッチン,,,,,,,,,,,,のどか牧場直営たまご屋キッチン,2.0,False
4453.0,MaCaroni (マカロニ),,,,,,,,,,,,MaCaroni,2.0,False
4454.0,マーノ・エ・マーノ,,,,,,,,,,,,マーノ・エ・マーノ,2.0,False
4455.0,Bengal Curry,,,,,,,,,,,,Bengal Curry,2.0,False
4456.0,近江牛と近江野菜 漣 GRILL SAZANAMI,,,,,,,,,,,,近江牛と近江野菜 漣 GRILL SAZANAMI,2.0,False
4457.0,ラトラース,,,,,,,,,,,,ラトラース,2.0,False
4458.0,鉄板焼レストランcafeソラ,,,,,,,,,,,,鉄板焼レストランcafeソラ,2.0,False
4459.0,味な大富,,,,,,,,,,,,味な大富,2.0,False
4460.0,Cafe. +f,,,,,,,,,,,,Cafe. +f,2.0,False
4461.0,磯ぎよし 薬院店,,,,,,,,,,,,磯ぎよし,2.0,False
4462.0,空とぶ豚,,,,,,,,,,,,空とぶ豚,2.0,False
4464.0,カフェ・トリオンプ,,,,,,,,,,,,カフェ・トリオンプ,2.0,False
4465.0,atacu-cafe あたくカフェ,,,,,,,,,,,,atacu-cafe あたくカフェ,2.0,False
4466.0,白金よこ山,,,,,,,,,,,,白金よこ山,2.0,False
4467.0,クッチーナヒラタ,,,,,,,,,,,,クッチーナヒラタ,2.0,False
4470.0,ディップパレス HERITAGE Roppongi 六本木店,,,,,,,,,,,,ディップパレス HERITAGE Roppongi,2.0,False
4471.0,HAVANA CAFE 六本木 (ハバナ カフェ ),,,,,,,,,,,,HAVANA CAFE 六本木,2.0,False
4472.0,听屋 六本木,,,,,,,,,,,,听屋 六本木,2.0,False
4473.0,ファラフェルブラザーズ六本木,,,,,,,,,,,,ファラフェルブラザーズ六本木,2.0,False
4474.0,六本木 福鮨,,,,,,,,,,,,六本木 福鮨,2.0,False
4476.0,#uni Safood,,,,,,,,,,,,#uni Safood,2.0,False
4477.0,VEGANIC TO GO,,,,,,,,,,,,VEGANIC TO GO,2.0,False
4478.0,新宿なごみ(水炊き 季節料理),,,,,,,,,,,,新宿なごみ,2.0,False
4480.0,神楽坂カントリークラブ,,,,,,,,,,,,神楽坂カントリークラブ,2.0,False
4481.0,井泉本店,,,,,,,,,,,,井泉,2.0,False
4482.0,GREEN MONDAY,,,,,,,,,,,,GREEN MONDAY,2.0,False
4483.0,Gentil(ジョンティ),,,,,,,,,,,,Gentil,2.0,False
4484.0,心らん 清澄白河,,,,,,,,,,,,心らん 清澄白河,2.0,False
4485.0,ダンポテトカフェ,,,,,,,,,,,,ダンポテトカフェ,2.0,False
4486.0,焼肉チャンピオン NAKAME+ -Yakiniku Champion NAKAME+-,,,,,,,,,,,,焼肉チャンピオン NAKAME+ -Yakiniku Champion NAKAME+-,2.0,False
4487.0,LA GODAILLE ラゴダーユ,,,,,,,,,,,,LA GODAILLE ラゴダーユ,2.0,False
4488.0,DIALOGUE,,,,,,,,,,,,DIALOGUE,2.0,False
4489.0,ICON,,,,,,,,,,,,ICON,2.0,False
4490.0,呑ん処二◯九,,,,,,,,,,,,呑ん処二◯九,1.0,False
4491.0,エリックサウス高円寺カレー&ビリヤニセンター,,,,,,,,,,,,エリックサウス高円寺カレー&ビリヤニセンター,1.0,False
4492.0,Craft Beer Stand Turquoise,,,,,,,,,,,,Craft Beer Stand Turquoise,2.0,False
4493.0,熟成和牛焼肉エイジング・ビーフ西日暮里本店,,,,,,,,,,,,熟成和牛焼肉エイジング・ビーフ西日暮里,2.0,False
4494.0,むぎわらい,,,,,,,,,,,,むぎわらい,2.0,False
4495.0,金町焼肉 雅,,,,,,,,,,,,金町焼肉 雅,2.0,False
4496.0,CAFE FLAっと,,,,,,,,,,,,CAFE FLAっと,2.0,False
4497.0,デリーキッチン シャンティ 東久留米店,,,,,,,,,,,,デリーキッチン シャンティ,2.0,False
4498.0,AQUA VITA,,,,,,,,,,,,AQUA VITA,2.0,False
4499.0,たこ焼きお好み焼き花車,,,,,,,,,,,,たこ焼きお好み焼き花車,2.0,False
4500.0,キッチン アトリエ リル,,,,,,,,,,,,キッチン アトリエ リル,2.0,False
4501.0,ラ・バレーナ,,,,,,,,,,,,ラ・バレーナ,2.0,False
4502.0,PRONTO湘南藤沢OPA,,,,,,,,,,,,PRONTO湘南藤沢OPA,2.0,False
4503.0,ステーキハウス キングス,,,,,,,,,,,,ステーキハウス キングス,2.0,False
4504.0,レストランVive(ビブ),,,,,,,,,,,,レストランVive,2.0,False
4505.0,ヘルシングあい&pupu kitchen,,,,,,,,,,,,ヘルシングあい&pupu kitchen,2.0,False
4506.0,スペイン料理店エルトレロ,,,,,,,,,,,,スペイン料理店エルトレロ,2.0,False
4507.0,創作料理とワインのお店 上田慎一郎,,,,,,,,,,,,創作料理とワインのお店 上田慎一郎,2.0,False
4508.0,インドレストランShama,,,,,,,,,,,,インドレストランShama,2.0,False
4509.0,La grue ラ グリュ,,,,,,,,,,,,La grue ラ グリュ,2.0,False
4510.0,ワッシーズダイニングスープル Souple,,,,,,,,,,,,ワッシーズダイニングスープル Souple,2.0,False
4511.0,あなぐま亭,,,,,,,,,,,,あなぐま亭,2.0,False
4512.0,酒場ばんと,,,,,,,,,,,,酒場ばんと,2.0,False
4515.0,和彩厨房KATURA,,,,,,,,,,,,和彩厨房KATURA,2.0,False
4516.0,オーレベアーテ,,,,,,,,,,,,オーレベアーテ,2.0,False
4517.0,ONZORO.,,,,,,,,,,,,ONZORO.,2.0,False
4519.0,Leone,,,,,,,,,,,,Leone,2.0,False
4520.0,イルチェントリーノ,,,,,,,,,,,,イルチェントリーノ,2.0,False
4521.0,シロカフェ 大手前 | SHIRO Cafe Osaka,,,,,,,,,,,,シロカフェ 大手前 | SHIRO Cafe Osaka,2.0,False
4522.0,Wine Bar NOAM,,,,,,,,,,,,Wine Bar NOAM,2.0,False
4523.0,ヴィットーリア,,,,,,,,,,,,ヴィットーリア,2.0,False
4524.0,味噌 ラーメン【麺乃國+ 難波千日前店】中央区 難波千日前,,,,,,,,,,,,味噌 ラーメン【麺乃國+ 難波千日前店】中央区 難波千日前,2.0,False
4525.0,el Bau Decoration(エルバウデコラシオン),,,,,,,,,,,,el Bau Decoration,2.0,False
4526.0,フジマル食堂 枚方T-SITE店,,,,,,,,,,,,フジマル食堂,2.0,False
4527.0,コンポステラ,,,,,,,,,,,,コンポステラ,2.0,False
4528.0,L'éclat,,,,,,,,,,,,L'éclat,2.0,False
4529.0,COMODO's tatsuyoshi,,,,,,,,,,,,COMODO's tatsuyoshi,2.0,False
4530.0,Hamburger SUKEYA 箱崎本店,,,,,,,,,,,,Hamburger SUKEYA 箱崎,2.0,False
4531.0,オールデイダイニング カメリア,,,,,,,,,,,,オールデイダイニング カメリア,2.0,False
4532.0,住吉酒販,,,,,,,,,,,,住吉酒販,2.0,False
4533.0,Booze 甲斐,,,,,,,,,,,,Booze 甲斐,2.0,False
4535.0,Bistro en cocotte(ビストロ アン・ココット),,,,,,,,,,,,Bistro en cocotte,2.0,False
4536.0,ORTO CAFE,,,,,,,,,,,,ORTO CAFE,2.0,False
4537.0,Le comptoir de TABATA,,,,,,,,,,,,Le comptoir de TABATA,2.0,False
4538.0,イタリア料理 ペルケノー!?,,,,,,,,,,,,イタリア料理 ペルケノー!?,1.0,False
4539.0,めしや 女とみそ汁,,,,,,,,,,,,めしや 女とみそ汁,2.0,False
4540.0,イタリアワイン専門店Kasa,,,,,,,,,,,,イタリアワイン専門店Kasa,2.0,False
4541.0,Donna Selvatica(ドンナセルバティカ),,,,,,,,,,,,Donna Selvatica,2.0,False
4542.0,Le Chevalier(ル シュバリエ),,,,,,,,,,,,Le Chevalier,2.0,False
4543.0,仙匠,,,,,,,,,,,,仙匠,2.0,False
4544.0,Osteria e Vino PORCO ROSSO,,,,,,,,,,,,Osteria e Vino PORCO ROSSO,2.0,False
4545.0,どん蔵,,,,,,,,,,,,どん蔵,2.0,False
4546.0,焼鳥・ろばた 元祖 無法松,,,,,,,,,,,,焼鳥・ろばた 元祖 無法松,2.0,False
4547.0,とり皮みつます,,,,,,,,,,,,とり皮みつます,2.0,False
4548.0,もつ炊き 大衆焼肉 赤井,,,,,,,,,,,,もつ炊き 大衆焼肉 赤井,2.0,False
4549.0,Nishimura Takahito La cuisine creativite,,,,,,,,,,,,Nishimura Takahito La cuisine creativite,2.0,False
4552.0,洋風そば食堂 グリチネ,,,,,,,,,,,,洋風そば食堂 グリチネ,2.0,False
4553.0,西の食堂 うめぼし,,,,,,,,,,,,西の食堂 うめぼし,2.0,False
4554.0,びっくり焼亭 早良店,,,,,,,,,,,,びっくり焼亭,2.0,False
4555.0,吉丁,,,,,,,,,,,,吉丁,2.0,False
4556.0,VinCafe PROSPERO,,,,,,,,,,,,VinCafe PROSPERO,2.0,False
4557.0,肉菜処 かえる屋,,,,,,,,,,,,肉菜処 かえる屋,2.0,False
4558.0,Holistic Bio Cafe Veggy Way,,,,,,,,,,,,Holistic Bio Cafe Veggy Way,2.0,False
4559.0,にんにく専門 だるま食堂,,,,,,,,,,,,にんにく専門 だるま食堂,2.0,False
4560.0,CRAFTSMAN仙台,,,,,,,,,,,,CRAFTSMAN仙台,2.0,False
4561.0,食楽Bar Nobe,,,,,,,,,,,,食楽Bar Nobe,2.0,False
4562.0,自然派ワインと純米酒 Sauvage ソヴァージュ,,,,,,,,,,,,自然派ワインと純米酒 Sauvage ソヴァージュ,2.0,False
4563.0,シャンパンビストロ 泡包-048 (アワヅツミ ゼロヨンハチ),,,,,,,,,,,,シャンパンビストロ 泡包-048,2.0,False
4564.0,一の家,,,,,,,,,,,,一の家,2.0,False
4565.0,酒蔵力 大宮西口店,,,,,,,,,,,,酒蔵力,2.0,False
4567.0,大宮 甲羅本店,,,,,,,,,,,,大宮 甲羅,2.0,False
4568.0,レストラン アキュイ パー ペルショワール,,,,,,,,,,,,レストラン アキュイ パー ペルショワール,2.0,False
4569.0,やきとり達ちゃん,,,,,,,,,,,,やきとり達ちゃん,2.0,False
4570.0,Danapani,,,,,,,,,,,,Danapani,2.0,False
4571.0,THE OYSTER BAR YUMMY ヤミー 大宮店,,,,,,,,,,,,THE OYSTER BAR YUMMY ヤミー,2.0,False
4572.0,リストランテ オガワ,,,,,,,,,,,,リストランテ オガワ,2.0,False
4573.0,素敵屋さん,,,,,,,,,,,,素敵屋さん,2.0,False
4574.0,アルピーノ,,,,,,,,,,,,アルピーノ,2.0,False
4575.0,利休 さいたま新都心店,,,,,,,,,,,,利休,2.0,False
4576.0,トラットリア ボナペティ 大和田店,,,,,,,,,,,,トラットリア ボナペティ,2.0,False
4577.0,中華そば弌,,,,,,,,,,,,中華そば弌,2.0,False
4578.0,麺飯菜館じょうじょう,,,,,,,,,,,,麺飯菜館じょうじょう,2.0,False
4579.0,茶ちゃまる,,,,,,,,,,,,茶ちゃまる,2.0,False
4580.0,OpenKitchen然,,,,,,,,,,,,OpenKitchen然,1.0,False
4581.0,永楽,,,,,,,,,,,,永楽,2.0,False
4582.0,ジャパマラ,,,,,,,,,,,,ジャパマラ,2.0,False
4583.0,元祖松阪牛ホルモン 脇田屋,,,,,,,,,,,,元祖松阪牛ホルモン 脇田屋,2.0,False
4585.0,CAFE DUMBO,,,,,,,,,,,,CAFE DUMBO,2.0,False
4586.0,Espresso Bar ケサランパサラン,,,,,,,,,,,,Espresso Bar ケサランパサラン,2.0,False
4587.0,レスピラシオン,,,,,,,,,,,,レスピラシオン,2.0,False
4588.0,matsumoto MT.BARU,,,,,,,,,,,,matsumoto MT.BARU,2.0,False
4589.0,ポルトガル食堂 casa do Fernando,,,,,,,,,,,,ポルトガル食堂 casa do Fernando,2.0,False
4590.0,おにくとワイン。フィガロ,,,,,,,,,,,,おにくとワイン。フィガロ,2.0,False
4591.0,ベルタカギーBell Cafe,,,,,,,,,,,,ベルタカギーBell Cafe,2.0,False
4592.0,レストラン・ミルポワ,,,,,,,,,,,,レストラン・ミルポワ,2.0,False
4593.0,大衆食堂&沖縄料理ゆいま〜る,,,,,,,,,,,,大衆食堂&沖縄料理ゆいま〜る,2.0,False
4594.0,和かふぇよろづや,,,,,,,,,,,,和かふぇよろづや,2.0,False
4595.0,ノンナジーニャ,,,,,,,,,,,,ノンナジーニャ,2.0,False
4596.0,ラ フェリチタァ,,,,,,,,,,,,ラ フェリチタァ,2.0,False
4597.0,やきにく食堂ふーさん,,,,,,,,,,,,やきにく食堂ふーさん,2.0,False
4598.0,のみくい処 いなせ,,,,,,,,,,,,のみくい処 いなせ,2.0,False
4599.0,デリ&カフェ「K」,,,,,,,,,,,,デリ&カフェ「K」,1.0,False
4601.0,Vino della Gatta SAKAKI,,,,,,,,,,,,Vino della Gatta SAKAKI,2.0,False
4602.0,クチーナ・イタリアーナ・パーチェ,,,,,,,,,,,,クチーナ・イタリアーナ・パーチェ,2.0,False
4603.0,JAPANESE DINING GOEN,,,,,,,,,,,,JAPANESE DINING GOEN,2.0,False
4604.0,サンクゼール,,,,,,,,,,,,サンクゼール,2.0,False
4605.0,Ristorante il Presidente,,,,,,,,,,,,Ristorante il Presidente,2.0,False
4606.0,十割蕎麦 石山,,,,,,,,,,,,十割蕎麦 石山,2.0,False
4607.0,アレグロアッサイ,,,,,,,,,,,,アレグロアッサイ,2.0,False
4609.0,La Cachette(ラ・キャシェット),,,,,,,,,,,,La Cachette,2.0,False
4610.0,彩り料理 このは,,,,,,,,,,,,彩り料理 このは,2.0,False
4611.0,maru修善寺,,,,,,,,,,,,maru修善寺,2.0,False
4612.0,ラ・カンティーナ・ダ・ターキ,,,,,,,,,,,,ラ・カンティーナ・ダ・ターキ,2.0,False
4613.0,韓国料理はるはる,,,,,,,,,,,,韓国料理はるはる,2.0,False
4614.0,コップンカー食堂,,,,,,,,,,,,コップンカー食堂,2.0,False
4615.0,ノボテル沖縄那覇 グルメバー,,,,,,,,,,,,ノボテル沖縄那覇 グルメバー,2.0,False
4616.0,エノテカ イル ジェンティーレ,,,,,,,,,,,,エノテカ イル ジェンティーレ,2.0,False
4618.0,シンボパン,,,,,,,,,,,,シンボパン,2.0,False
4622.0,レストラン花の木,,,,,,,,,,,,レストラン花の木,2.0,False
4623.0,さが蔵,,,,,,,,,,,,さが蔵,2.0,False
4624.0,ゆるり,,,,,,,,,,,,ゆるり,2.0,False
4625.0,串揚・旬彩 隆,,,,,,,,,,,,串揚・旬彩 隆,2.0,False
4626.0,GIJI,,,,,,,,,,,,GIJI,2.0,False
4627.0,ネコノワイン(旧オステリア・ガット),,,,,,,,,,,,ネコノワイン,2.0,False
4628.0,粉門屋仔猫,,,,,,,,,,,,粉門屋仔猫,2.0,False
4629.0,田中田,,,,,,,,,,,,田中田,2.0,False
4630.0,情熱酒場あつまる,,,,,,,,,,,,情熱酒場あつまる,2.0,False
4631.0,もつ鍋 笑楽,,,,,,,,,,,,もつ鍋 笑楽,2.0,False
4632.0,リストランテ インクローチ,,,,,,,,,,,,リストランテ インクローチ,2.0,False
4633.0,La Maison De La Nature Goh,,,,,,,,,,,,La Maison De La Nature Goh,2.0,False
4634.0,飯家くーた 西中洲店,,,,,,,,,,,,飯家くーた,2.0,False
4635.0,日本料理ながおか,,,,,,,,,,,,日本料理ながおか,2.0,False
4636.0,L’eau Blanche,,,,,,,,,,,,L’eau Blanche,2.0,False
4637.0,たかしるや,,,,,,,,,,,,たかしるや,2.0,False
4638.0,デフィ・ジョルジュマルソー,,,,,,,,,,,,デフィ・ジョルジュマルソー,2.0,False
4639.0,游來(YUKI),,,,,,,,,,,,游來,2.0,False
4640.0,ひょご鳥 福岡店,,,,,,,,,,,,ひょご鳥,2.0,False
4641.0,不二ラパン,,,,,,,,,,,,不二ラパン,2.0,False
4642.0,SYM blanc Restaurant. gris Grocery.,,,,,,,,,,,,SYM blanc Restaurant. gris Grocery.,2.0,False
4643.0,万 yorozu,,,,,,,,,,,,万 yorozu,2.0,False
4644.0,うりぼう~わいんとお酒とお料理~,,,,,,,,,,,,うりぼう~わいんとお酒とお料理~,1.0,False
4645.0,オステリア エスト  エスト  エスト,,,,,,,,,,,,オステリア エスト エスト エスト,2.0,False
4646.0,パルコフィエラ,,,,,,,,,,,,パルコフィエラ,2.0,False
4648.0,An Dining,,,,,,,,,,,,An Dining,2.0,False
4649.0,青森居酒屋いい友,,,,,,,,,,,,青森居酒屋いい友,2.0,False
4650.0,夢来のや,,,,,,,,,,,,夢来のや,2.0,False
4651.0,ここから食堂,,,,,,,,,,,,ここから食堂,2.0,False
4652.0,Momo's Izakaya 福-Huku-,,,,,,,,,,,,Momo's Izakaya 福-Huku-,2.0,False
4653.0,トロイカ,,,,,,,,,,,,トロイカ,2.0,False
4654.0,大衆酒場BEETLE仙台,,,,,,,,,,,,大衆酒場BEETLE仙台,2.0,False
4655.0,弁慶鮨,,,,,,,,,,,,弁慶鮨,2.0,False
4656.0,WA GO 鶴屋町店,,,,,,,,,,,,WA GO,1.0,False
4657.0,OMAJOUE (オマージュです,,,,,,,,,,,,OMAJOUE (オマージュです,1.0,False
4658.0,韓国風居酒屋 オソオセヨ,,,,,,,,,,,,韓国風居酒屋 オソオセヨ,1.0,False
4662.0,肉汁餃子製作所 ダンダダン酒場 橋本店,,,,,,,,,,,,肉汁餃子製作所 ダンダダン酒場 橋,1.0,False
4672.0,ダイニングバー Keynz(ケインズ),,,,,,,,,,,,ダイニングバー Keynz,1.0,False
4673.0,炭火焼きステーキ Grill C,,,,,,,,,,,,炭火焼きステーキ Grill C,1.0,False
4675.0,若竹 鶴見東口店,,,,,,,,,,,,若竹,3.0,False
4676.0,若竹 日吉駅前店,,,,,,,,,,,,若竹,3.0,False
4677.0,ジャグカフェ ジャグスカッドベース,,,,,,,,,,,,ジャグカフェ ジャグスカッドベース,1.0,False
4678.0,新横酒場 新横本店,,,,,,,,,,,,新横酒場 新横,1.0,False
4679.0,関内酒場 関内本店,,,,,,,,,,,,関内酒場 関内,1.0,False
4680.0,鶴見酒場 鶴見本店,,,,,,,,,,,,鶴見酒場 鶴見,1.0,False
4681.0,鶴見酒場 鶴見西口店,,,,,,,,,,,,鶴見酒場,1.0,False
4682.0,馬車道大かわ,,,,,,,,,,,,馬車道大かわ,1.0,False
4683.0,一の酉 戸塚原宿店,,,,,,,,,,,,一の酉,1.0,False
4684.0,滝酒房,,,,,,,,,,,,滝酒房,1.0,False
4685.0,横浜 美海寿司,,,,,,,,,,,,横浜 美海寿司,1.0,False
4686.0,横濱亭,,,,,,,,,,,,横濱亭,1.0,False
4687.0,スペインバスク料理ビオッツア,,,,,,,,,,,,スペインバスク料理ビオッツア,1.0,False
4688.0,Cafebar & Lunch Box スマイル,,,,,,,,,,,,Cafebar & Lunch Box スマイル,1.0,False
4689.0,BISTRO Indigo jam,,,,,,,,,,,,BISTRO Indigo jam,1.0,False
4690.0,Cafe & 逃げBar White Out,,,,,,,,,,,,Cafe & 逃げBar White Out,1.0,False
4691.0,MOTOWN DINER,,,,,,,,,,,,MOTOWN DINER,1.0,False
4692.0,AQUILA VOLANS(アクイラ・ウォランス),,,,,,,,,,,,AQUILA VOLANS,1.0,False
4693.0,Smokin' Bluemoon,,,,,,,,,,,,Smokin' Bluemoon,1.0,False
4694.0,KAIGANDORI Des Anges,,,,,,,,,,,,KAIGANDORI Des Anges,1.0,False
4695.0,sprout(スプラウト),,,,,,,,,,,,sprout,1.0,False
4696.0,CJCAFE,,,,,,,,,,,,CJCAFE,1.0,False
4699.0,お好み焼ころんぶす根岸本店,,,,,,,,,,,,お好み焼ころんぶす根岸,1.0,False
4700.0,トラットリア アルボルゴ,,,,,,,,,,,,トラットリア アルボルゴ,1.0,False
4701.0,バル デ エスパーニャ ゴリアテ,,,,,,,,,,,,バル デ エスパーニャ ゴリアテ,1.0,False
4702.0,福々むすび,,,,,,,,,,,,福々むすび,1.0,False
4703.0,インド料理ムンバイ 三田店 + Indian Local Food,,,,,,,,,,,,インド料理ムンバイ 三田店 + Indian Local Food,2.0,False
4704.0,オルタナティブ,,,,,,,,,,,,オルタナティブ,2.0,False
4705.0,大衆酒場BEETLE 五反田店,,,,,,,,,,,,大衆酒場BEETLE,2.0,False
4706.0,大衆酒場BEETLE 蒲田東,,,,,,,,,,,,大衆酒場BEETLE 蒲田東,2.0,False
4707.0,HarunAtsu Café,,,,,,,,,,,,HarunAtsu Café,2.0,False
4708.0,ネムクリュ,,,,,,,,,,,,ネムクリュ,2.0,False
4709.0,プリヤマハル東京,,,,,,,,,,,,プリヤマハル東京,2.0,False
4710.0,サンライズカフェ,,,,,,,,,,,,サンライズカフェ,2.0,False
4711.0,龍の翼,,,,,,,,,,,,龍の翼,2.0,False
4712.0,グルメ倶楽部,,,,,,,,,,,,グルメ倶楽部,2.0,False
4713.0,伊佐木商店 武蔵小杉店,,,,,,,,,,,,伊佐木商店,2.0,False
4714.0,kasiko (かしこ),,,,,,,,,,,,kasiko,2.0,False
4715.0,さんぽ,,,,,,,,,,,,さんぽ,2.0,False
4716.0,どじょう Dashi du Japon et Vin Naturel.,,,,,,,,,,,,どじょう Dashi du Japon et Vin Naturel.,2.0,False
4717.0,中華バル あおいくま,,,,,,,,,,,,中華バル あおいくま,2.0,False
4718.0,カフェキューブリック,,,,,,,,,,,,カフェキューブリック,2.0,False
4719.0,居酒屋 海門,,,,,,,,,,,,居酒屋 海門,2.0,False
4720.0,LULU,,,,,,,,,,,,LULU,2.0,False
4721.0,地球屋 住吉本店,,,,,,,,,,,,地球屋 住吉,2.0,False
4722.0,鉄板焼じゅうじゅう,,,,,,,,,,,,鉄板焼じゅうじゅう,2.0,False
4723.0,うなぎの満寿家,,,,,,,,,,,,うなぎの満寿家,2.0,False
4724.0,朱苑 浦和高砂店,,,,,,,,,,,,朱苑,2.0,False
4725.0,すし居酒屋 さかなや道場 与野西口店,,,,,,,,,,,,すし居酒屋 さかなや道場,2.0,False
4726.0,中華楼,,,,,,,,,,,,中華楼,2.0,False
4727.0,デリ&レストランDesmo,,,,,,,,,,,,デリ&レストランDesmo,2.0,False
4728.0,カジュアルフレンチアミー,,,,,,,,,,,,カジュアルフレンチアミー,2.0,False
4729.0,やきとり大ちゃん,,,,,,,,,,,,やきとり大ちゃん,2.0,False
4730.0,ろばた焼 和和,,,,,,,,,,,,ろばた焼 和和,2.0,False
4731.0,台湾食堂パイクー屋 桃園,,,,,,,,,,,,台湾食堂パイクー屋 桃園,2.0,False
4733.0,自由ELE (ジュエル),,,,,,,,,,,,自由ELE,2.0,False
4734.0,旬菜ダイニングバーveggies,,,,,,,,,,,,旬菜ダイニングバーveggies,2.0,False
4735.0,とりみそ家,,,,,,,,,,,,とりみそ家,2.0,False
4736.0,Italian caravelイタリアンキャラベル,,,,,,,,,,,,Italian caravelイタリアンキャラベル,2.0,False
4737.0,ル・ペイザン,,,,,,,,,,,,ル・ペイザン,2.0,False
4738.0,生蕎麦 浅野屋 東池袋駅前ライズアリーナ店,,,,,,,,,,,,生蕎麦 浅野屋,2.0,False
4739.0,肉処にくのすけ,,,,,,,,,,,,肉処にくのすけ,2.0,False
4740.0,温坐,,,,,,,,,,,,温坐,2.0,False
4741.0,仏蘭西家庭料理 花むら,,,,,,,,,,,,仏蘭西家庭料理 花むら,2.0,False
4742.0,リバーサイド コマツ,,,,,,,,,,,,リバーサイド コマツ,2.0,False
4743.0,sio,,,,,,,,,,,,sio,2.0,False
4744.0,ウズハウス,,,,,,,,,,,,ウズハウス,1.0,False
4745.0,Roji銀,,,,,,,,,,,,Roji銀,1.0,False
4746.0,Boo Booキッチン,,,,,,,,,,,,Boo Booキッチン,1.0,False
4747.0,Boo Booキッチン長居店,,,,,,,,,,,,Boo,1.0,False
4748.0,M's Dining (エムズダイニング),,,,,,,,,,,,M's Dining,1.0,False
4749.0,オステリアイルレオーネ,,,,,,,,,,,,オステリアイルレオーネ,2.0,False
4752.0,ひつまぶし和食備長 中洲川端店,,,,,,,,,,,,ひつまぶし和食備長,2.0,False
4753.0,鰻ひつまぶし備長 三越銀座店,,,,,,,,,,,,鰻ひつまぶし備長,2.0,False
4757.0,燻製ダイニング 煙ぷらす,,,,,,,,,,,,燻製ダイニング 煙ぷらす,1.0,False
4758.0,カフェ・ジャックインザボックス,,,,,,,,,,,,カフェ・ジャックインザボックス,1.0,False
4759.0,中華料理  丸勝,,,,,,,,,,,,中華料理 丸勝,1.0,False
4760.0,横浜中華街 牡丹園,,,,,,,,,,,,横浜中華街 牡丹園,1.0,False
4761.0,キールズバーハウス青葉台,,,,,,,,,,,,キールズバーハウス青葉台,1.0,False
4762.0,pizza &wine ESOLA戸塚店,,,,,,,,,,,,pizza &wine,1.0,False
4763.0,ロイヤルホール横浜,,,,,,,,,,,,ロイヤルホール横浜,1.0,False
4764.0,BENTO,,,,,,,,,,,,BENTO,1.0,False
4765.0,SALONE2007,,,,,,,,,,,,SALONE2007,2.0,False
4766.0,NAGI COFFEE,,,,,,,,,,,,NAGI COFFEE,1.0,False
4767.0,若鳥焼 雅,,,,,,,,,,,,若鳥焼 雅,1.0,False
4768.0,Kitchen & BAR Perrito,,,,,,,,,,,,Kitchen & BAR Perrito,1.0,False
4769.0,横濱 一品香 港南台バーズ店,,,,,,,,,,,,横濱 一品香,1.0,False
4771.0,DRAGON酒家,,,,,,,,,,,,DRAGON酒家,2.0,False
4772.0,Yayoi,,,,,,,,,,,,Yayoi,1.0,False
4773.0,焼肉 濱皇,,,,,,,,,,,,焼肉 濱皇,1.0,False
4774.0,ローカーボやざわダイニング,,,,,,,,,,,,ローカーボやざわダイニング,1.0,False
4775.0,濱蔵 戸塚店,,,,,,,,,,,,濱蔵,1.0,False
4776.0,お好み焼き よし田,,,,,,,,,,,,お好み焼き よし田,1.0,False
4779.0,横濱アイス工房 戸塚本店,,,,,,,,,,,,横濱アイス工房 戸塚,1.0,False
4781.0,横濱アイス工房 ゆめが丘店,,,,,,,,,,,,横濱アイス工房,1.0,False
4782.0,レストランアルティザン,,,,,,,,,,,,レストランアルティザン,2.0,False
4783.0,イタリア料理ヴェルデ,,,,,,,,,,,,イタリア料理ヴェルデ,2.0,False
4784.0,モンテファーレ,,,,,,,,,,,,モンテファーレ,1.0,False
4785.0,花咲ブッチャーズストア,,,,,,,,,,,,花咲ブッチャーズストア,1.0,False
4786.0,出前寿司 味よし 白根店,,,,,,,,,,,,出前寿司 味よし,1.0,False
4787.0,マムズダイニング,,,,,,,,,,,,マムズダイニング,1.0,False
4788.0,鉄板バルHANANOKI,,,,,,,,,,,,鉄板バルHANANOKI,2.0,False
4789.0,カンブーザ,,,,,,,,,,,,カンブーザ,1.0,False
4790.0,katakura食堂 coda,,,,,,,,,,,,katakura食堂 coda,1.0,False
4791.0,林家楼,,,,,,,,,,,,林家楼,1.0,False
4792.0,Wines Kitchen RIGATTO リガット,,,,,,,,,,,,Wines Kitchen RIGATTO リガット,1.0,False
4793.0,3丁目RIGATTO,,,,,,,,,,,,3丁目RIGATTO,1.0,False
4794.0,満留賀,,,,,,,,,,,,満留賀,1.0,False
4795.0,江戸前寿司 日ノ出茶屋 横浜,,,,,,,,,,,,江戸前寿司 日ノ出茶屋 横浜,1.0,False
4796.0,ほどがや千成鮨,,,,,,,,,,,,ほどがや千成鮨,1.0,False
4797.0,むさし 野毛,,,,,,,,,,,,むさし 野毛,1.0,False
4798.0,タイガー食堂,,,,,,,,,,,,タイガー食堂,1.0,False
4799.0,Grill Moon bow 月虹,,,,,,,,,,,,Grill Moon bow 月虹,1.0,False
4800.0,元町 心心相印(しんしんしゃんいん),,,,,,,,,,,,元町 心心相印,1.0,False
4801.0,隠れやご縁,,,,,,,,,,,,隠れやご縁,1.0,False
4802.0,鬼熊 おにくま,,,,,,,,,,,,鬼熊 おにくま,1.0,False
4803.0,Felice,,,,,,,,,,,,Felice,1.0,False
4804.0,上海豫園,,,,,,,,,,,,上海豫園,1.0,False
4806.0,日本酒バルUMAMI,,,,,,,,,,,,日本酒バルUMAMI,1.0,False
4807.0,Toast neighborhood bakery,,,,,,,,,,,,Toast neighborhood bakery,1.0,False
4808.0,鮨 酒 肴 杉玉 横浜西口,,,,,,,,,,,,鮨 酒 肴 杉玉 横浜西口,1.0,False
4809.0,ハードロックカフェ横浜,,,,,,,,,,,,ハードロックカフェ横浜,1.0,False
4810.0,かいせき工房ききょう,,,,,,,,,,,,かいせき工房ききょう,1.0,False
4811.0,おにぎり弁慶,,,,,,,,,,,,おにぎり弁慶,1.0,False
4812.0,エッグスンシングス 横浜山下公園店,,,,,,,,,,,,エッグスンシングス,1.0,False
4813.0,カプリチョーザ 横浜元町店,,,,,,,,,,,,カプリチョーザ,2.0,False
4814.0,タイ料理トムヤムくん,,,,,,,,,,,,タイ料理トムヤムくん,1.0,False
4815.0,寿司・鰻・天婦羅~奴~,,,,,,,,,,,,寿司・鰻・天婦羅~奴~,1.0,False
4816.0,炭火焼・ホルモン 勝滝,,,,,,,,,,,,炭火焼・ホルモン 勝滝,1.0,False
4817.0,DAIGOMI BURGER,,,,,,,,,,,,DAIGOMI BURGER,1.0,False
4818.0,海んちょ,,,,,,,,,,,,海んちょ,1.0,False
4819.0,にっぽんのひとさら,,,,,,,,,,,,にっぽんのひとさら,2.0,False
4820.0,イル ボッリート 新宿,,,,,,,,,,,,イル ボッリート 新宿,2.0,False
4821.0,洋食ヨシカミ,,,,,,,,,,,,洋食ヨシカミ,2.0,False
4822.0,ぬか処Virgin Swan,,,,,,,,,,,,ぬか処Virgin Swan,2.0,False
4823.0,オーガニック・キッチン,,,,,,,,,,,,オーガニック・キッチン,2.0,False
4824.0,チーボ サーノ,,,,,,,,,,,,チーボ サーノ,2.0,False
4825.0,CAFE & BAR MiDI,,,,,,,,,,,,CAFE & BAR MiDI,2.0,False
4826.0,Ond craft food+,,,,,,,,,,,,Ond craft food+,2.0,False
4827.0,アジアン居酒屋 2階のぞうさん 国分寺店,,,,,,,,,,,,アジアン居酒屋 2階のぞうさん,1.0,False
4828.0,福海楼,,,,,,,,,,,,福海楼,2.0,False
4829.0,洋菜酒房ほんだ,,,,,,,,,,,,洋菜酒房ほんだ,2.0,False
4830.0,レストラン・ペルージュ,,,,,,,,,,,,レストラン・ペルージュ,2.0,False
4831.0,ステーキハウス縁,,,,,,,,,,,,ステーキハウス縁,2.0,False
4832.0,nemo×夢kitchen,,,,,,,,,,,,nemo×夢kitchen,2.0,False
4833.0,IL VIGORE(イル ヴィゴーレ),,,,,,,,,,,,IL VIGORE,2.0,False
4834.0,カサレッチョ,,,,,,,,,,,,カサレッチョ,2.0,False
4835.0,炭の屋,,,,,,,,,,,,炭の屋,2.0,False
4836.0,アヴォロンテ,,,,,,,,,,,,アヴォロンテ,2.0,False
4837.0,北山 ランタン,,,,,,,,,,,,北山 ランタン,2.0,False
4839.0,和洋キッチン松之助,,,,,,,,,,,,和洋キッチン松之助,2.0,False
4840.0,Le Cadeau,,,,,,,,,,,,Le Cadeau,2.0,False
4841.0,パン・ナガタ 箱崎店,,,,,,,,,,,,パン・ナガタ,2.0,False
4842.0,はこざきランプ,,,,,,,,,,,,はこざきランプ,2.0,False
4843.0,グリルsumitoko,,,,,,,,,,,,グリルsumitoko,2.0,False
4844.0,梅山鉄平食堂 博多店,,,,,,,,,,,,梅山鉄平食堂,2.0,False
4845.0,ごはんや 飯すけ,,,,,,,,,,,,ごはんや 飯すけ,2.0,False
4846.0,本格焼鳥 大名へて,,,,,,,,,,,,本格焼鳥 大名へて,2.0,False
4847.0,麺処 極み 大名店,,,,,,,,,,,,麺処 極み,2.0,False
4848.0,肉MAR.co,,,,,,,,,,,,肉MAR.co,2.0,False
4849.0,ちゃんこ和王,,,,,,,,,,,,ちゃんこ和王,2.0,False
4850.0,TAKK,,,,,,,,,,,,TAKK,2.0,False
4851.0,スパイシースポット,,,,,,,,,,,,スパイシースポット,2.0,False
4852.0,つかさや旅館,,,,,,,,,,,,つかさや旅館,2.0,False
4853.0,安兵衛寿し,,,,,,,,,,,,安兵衛寿し,2.0,False
4854.0,庄内ざっこ,,,,,,,,,,,,庄内ざっこ,2.0,False
4855.0,焼肉レストラン天山,,,,,,,,,,,,焼肉レストラン天山,2.0,False
4856.0,リストランテ 勘十郎,,,,,,,,,,,,リストランテ 勘十郎,2.0,False
4857.0,中華そば 浜田屋 本店,,,,,,,,,,,,中華そば 浜田屋,2.0,False
4858.0,レストラン中台,,,,,,,,,,,,レストラン中台,2.0,False
4859.0,蕎麦、狸庵つたや,,,,,,,,,,,,蕎麦、狸庵つたや,2.0,False
4860.0,庭カフェKULA,,,,,,,,,,,,庭カフェKULA,2.0,False
4861.0,マクロビオティック・カフェ  ju-tou,,,,,,,,,,,,マクロビオティック・カフェ ju-tou,2.0,False
4862.0,サルデーレ,,,,,,,,,,,,サルデーレ,2.0,False
4863.0,パンダカフェ,,,,,,,,,,,,パンダカフェ,2.0,False
4864.0,サワトのつけもの,,,,,,,,,,,,サワトのつけもの,2.0,False
4865.0,SORACAFE,,,,,,,,,,,,SORACAFE,2.0,False
4866.0,リネア,,,,,,,,,,,,リネア,2.0,False
4867.0,はな膳 守谷店,,,,,,,,,,,,はな膳,2.0,False
4868.0,テネレの木,,,,,,,,,,,,テネレの木,2.0,False
4869.0,餃子の西丸,,,,,,,,,,,,餃子の西丸,2.0,False
4870.0,九州酒場丸久,,,,,,,,,,,,九州酒場丸久,2.0,False
4871.0,ワインバルビストロパッチョ,,,,,,,,,,,,ワインバルビストロパッチョ,2.0,False
4872.0,カリビアンカフェ 守谷店,,,,,,,,,,,,カリビアンカフェ,2.0,False
4873.0,海鮮浜焼 一笑一盃,,,,,,,,,,,,海鮮浜焼 一笑一盃,2.0,False
4874.0,ポッシュドゥマモン,,,,,,,,,,,,ポッシュドゥマモン,2.0,False
4875.0,さくら坂 VIVACE,,,,,,,,,,,,さくら坂 VIVACE,2.0,False
4876.0,中華蕎麦 一無庵,,,,,,,,,,,,中華蕎麦 一無庵,2.0,False
4877.0,ひさご亭,,,,,,,,,,,,ひさご亭,2.0,False
4878.0,カフェ・ド・ラパン,,,,,,,,,,,,カフェ・ド・ラパン,2.0,False
4879.0,和食処 元禄鮨,,,,,,,,,,,,和食処 元禄鮨,2.0,False
4880.0,手作りロケ弁hungry,,,,,,,,,,,,手作りロケ弁hungry,2.0,False
4883.0,ナチュラルセンスいのせ,,,,,,,,,,,,ナチュラルセンスいのせ,2.0,False
4884.0,お好み焼き 蔵人,,,,,,,,,,,,お好み焼き 蔵人,2.0,False
4885.0,ねぎしや,,,,,,,,,,,,ねぎしや,2.0,False
4886.0,くりや,,,,,,,,,,,,くりや,2.0,False
4887.0,しあわせ家,,,,,,,,,,,,しあわせ家,2.0,False
4888.0,ぎゃれ楽坐,,,,,,,,,,,,ぎゃれ楽坐,2.0,False
4889.0,くいもの屋わん 高松南新町店,,,,,,,,,,,,くいもの屋わん,2.0,False
4890.0,中国家庭料理 北斗 青山店,,,,,,,,,,,,中国家庭料理 北斗,2.0,False
4891.0,柳町一刻堂 春吉店,,,,,,,,,,,,柳町一刻堂,2.0,False
4892.0,喜人,,,,,,,,,,,,喜人,2.0,False
4893.0,Beach Cafe Sunset,,,,,,,,,,,,Beach Cafe Sunset,2.0,False
4894.0,歌謡曲BAR スポットライト天神,,,,,,,,,,,,歌謡曲BAR スポットライト天神,2.0,False
4895.0,鯉とりまぁしゃん 鯉の巣本店,,,,,,,,,,,,鯉とりまぁしゃん 鯉の巣,2.0,False
4896.0,道産ワイン応援団winecaféry veraison(ヴェレゾン),,,,,,,,,,,,道産ワイン応援団winecaféry veraison,2.0,False
4897.0,さぎの湯温泉 竹葉,,,,,,,,,,,,さぎの湯温泉 竹葉,2.0,False
4898.0,THE GRAND GINZA,,,,,,,,,,,,THE GRAND GINZA,2.0,False
4899.0,幸の木,,,,,,,,,,,,幸の木,1.0,False
4900.0,九州居酒屋いちばんや,,,,,,,,,,,,九州居酒屋いちばんや,1.0,False
4901.0,カフェ 七ヶ月,,,,,,,,,,,,カフェ 七ヶ月,1.0,False
4902.0,松 まつもと,,,,,,,,,,,,松 まつもと,1.0,False
4903.0,えさけ Et Ca Qu'est,,,,,,,,,,,,えさけ Et Ca Qu'est,1.0,False
4904.0,AQUA VITAE,,,,,,,,,,,,AQUA VITAE,1.0,False
4905.0,こーさんのうち,,,,,,,,,,,,こーさんのうち,1.0,False
4906.0,Organic restaurant & deli みどりえ,,,,,,,,,,,,Organic restaurant & deli みどりえ,1.0,False
4907.0,焼肉ハウス慶福,,,,,,,,,,,,焼肉ハウス慶福,1.0,False
4908.0,オステリア カンティーナ,,,,,,,,,,,,オステリア カンティーナ,1.0,False
4909.0,焼肉しゃぶしゃぶ ぶう,,,,,,,,,,,,焼肉しゃぶしゃぶ ぶう,1.0,False
4910.0,かばのおうどん 横浜元町本店,,,,,,,,,,,,かばのおうどん 横浜元町,1.0,False
4911.0,cafe/dining  PLUS,,,,,,,,,,,,cafe/dining PLUS,1.0,False
4912.0,オリエンタルカフェ バニアンツリー,,,,,,,,,,,,オリエンタルカフェ バニアンツリー,1.0,False
4913.0,ROOMS101 by CHARMAN (HOTEL LAFAYETTE 1F),,,,,,,,,,,,ROOMS101 by CHARMAN,1.0,False
4914.0,重慶飯店新館レストラン(ローズホテル横浜内1階),,,,,,,,,,,,重慶飯店新館レストラン,1.0,False
4915.0,宮崎料理どんげね,,,,,,,,,,,,宮崎料理どんげね,1.0,False
4916.0,レストラン フィオーレ,,,,,,,,,,,,レストラン フィオーレ,1.0,False
4917.0,湯島寿司,,,,,,,,,,,,湯島寿司,1.0,False
4918.0,andon,,,,,,,,,,,,andon,2.0,False
4919.0,ヴェヌス サウス インディアン ダイニング 錦糸町店,,,,,,,,,,,,ヴェヌス サウス インディアン ダイニング,2.0,False
4920.0,アルドアック,,,,,,,,,,,,アルドアック,2.0,False
4921.0,桃花,,,,,,,,,,,,桃花,2.0,False
4922.0,カンボジア&エスニックレストラン アンコール・トム,,,,,,,,,,,,カンボジア&エスニックレストラン アンコール・トム,1.0,False
4923.0,ぼんまり,,,,,,,,,,,,ぼんまり,2.0,False
4924.0,深川つり舟,,,,,,,,,,,,深川つり舟,2.0,False
4925.0,炭火・七輪 ホルモン焼 珍満,,,,,,,,,,,,炭火・七輪 ホルモン焼 珍満,2.0,False
4926.0,ameen's oven,,,,,,,,,,,,ameen's oven,2.0,False
4927.0,LOUISE(ルイーズ),,,,,,,,,,,,LOUISE,2.0,False
4928.0,cugnette キュニエット,,,,,,,,,,,,cugnette キュニエット,2.0,False
4929.0,ダイヤモンドカリー,,,,,,,,,,,,ダイヤモンドカリー,2.0,False
4930.0,柏屋,,,,,,,,,,,,柏屋,2.0,False
4931.0,成田家,,,,,,,,,,,,成田家,2.0,False
4932.0,日本酒BARあさくら,,,,,,,,,,,,日本酒BARあさくら,2.0,False
4933.0,オステリア コチネッラ,,,,,,,,,,,,オステリア コチネッラ,2.0,False
4934.0,CHILI-DINING(チリ・ダイニング),,,,,,,,,,,,CHILI-DINING,2.0,False
4935.0,博多やきやき三輪,,,,,,,,,,,,博多やきやき三輪,2.0,False
4936.0,肉盛食堂 肉一 取手店,,,,,,,,,,,,肉盛食堂 肉一,2.0,False
4937.0,筑波ハム,,,,,,,,,,,,筑波ハム,2.0,False
4938.0,スペイン料理cambio,,,,,,,,,,,,スペイン料理cambio,2.0,False
4939.0,わだ家 つくば店,,,,,,,,,,,,わだ家,2.0,False
4940.0,香色茶坊 ベジタリアン弁当,,,,,,,,,,,,香色茶坊 ベジタリアン弁当,2.0,False
4941.0,タイ料理メーマリ~Thai food Mae Mali~,,,,,,,,,,,,タイ料理メーマリ~Thai food Mae Mali~,2.0,False
4942.0,元祖 手打ちつけ麺 丸長,,,,,,,,,,,,元祖 手打ちつけ麺 丸長,2.0,False
4944.0,つくば食堂 花,,,,,,,,,,,,つくば食堂 花,2.0,False
4945.0,Lyon de Lyon,,,,,,,,,,,,Lyon de Lyon,2.0,False
4946.0,TABLE-cafe&dining-(ターブル),,,,,,,,,,,,TABLE-cafe&dining-,2.0,False
4947.0,うまいもん太陽,,,,,,,,,,,,うまいもん太陽,2.0,False
4948.0,Fromagerie LA MARINIERE,,,,,,,,,,,,Fromagerie LA MARINIERE,2.0,False
4949.0,つけめん・まぜそばむじゃき,,,,,,,,,,,,つけめん・まぜそばむじゃき,2.0,False
4950.0,手羽だるま つくば,,,,,,,,,,,,手羽だるま つくば,2.0,False
4951.0,ばんどう太郎,,,,,,,,,,,,ばんどう太郎,2.0,False
4952.0,台湾めしと四川麻婆豆腐専門店 金の馬結,,,,,,,,,,,,台湾めしと四川麻婆豆腐専門店 金の馬結,2.0,False
4953.0,BEETLE浦和,,,,,,,,,,,,BEETLE浦和,2.0,False
4954.0,3552食堂,,,,,,,,,,,,3552食堂,2.0,False
4955.0,千葉 居酒屋 柚月,,,,,,,,,,,,千葉 居酒屋 柚月,2.0,False
4956.0,グラム 千葉店,,,,,,,,,,,,グラム,2.0,False
4957.0,印度料理シタール,,,,,,,,,,,,印度料理シタール,2.0,False
4958.0,ホリスティックマーケットキッチン,,,,,,,,,,,,ホリスティックマーケットキッチン,2.0,False
4959.0,居酒屋うたげ,,,,,,,,,,,,居酒屋うたげ,2.0,False
4960.0,nabaita (ナバイタ),,,,,,,,,,,,nabaita,2.0,False
4961.0,駅南ビアホール アマリロ,,,,,,,,,,,,駅南ビアホール アマリロ,2.0,False
4962.0,ワイナリー&レストランフェルミエ,,,,,,,,,,,,ワイナリー&レストランフェルミエ,1.0,False
4963.0,イタリアンバル Viva 富山駅前店,,,,,,,,,,,,イタリアンバル Viva,2.0,False
4964.0,高倉町珈琲 高岡店,,,,,,,,,,,,高倉町珈琲,2.0,False
4965.0,居酒屋たかまさ,,,,,,,,,,,,居酒屋たかまさ,2.0,False
4966.0,イタリアンキッチンオリーブ,,,,,,,,,,,,イタリアンキッチンオリーブ,2.0,False
4967.0,とみや TOMIYA obento&cafe,,,,,,,,,,,,とみや TOMIYA obento&cafe,2.0,False
4968.0,茶舎 野うさぎ,,,,,,,,,,,,茶舎 野うさぎ,2.0,False
4969.0,ハグ ミトン ワークス,,,,,,,,,,,,ハグ ミトン ワークス,2.0,False
4970.0,月和茶,,,,,,,,,,,,月和茶,2.0,False
4971.0,桜坂 拓,,,,,,,,,,,,桜坂 拓,2.0,False
4972.0,Chinastand 二兎,,,,,,,,,,,,Chinastand 二兎,2.0,False
4973.0,恵比寿 今市,,,,,,,,,,,,恵比寿 今市,2.0,False
4974.0,純喫茶モネ,,,,,,,,,,,,純喫茶モネ,1.0,False
4976.0,海鮮居酒屋ふじさわ,,,,,,,,,,,,海鮮居酒屋ふじさわ,1.0,False
4977.0,宵山むらさき(厨房さくら),,,,,,,,,,,,宵山むらさき,1.0,False
4985.0,Dubois デュボワ,,,,,,,,,,,,Dubois デュボワ,2.0,False
4986.0,Cafe Restaurant AUREOLE(オリオール),,,,,,,,,,,,Cafe Restaurant AUREOLE,1.0,False
4987.0,銀座 米沢牛黄木,,,,,,,,,,,,銀座 米沢牛黄木,2.0,False
4988.0,BAR(バル)食堂CORAZON,,,,,,,,,,,,BAR(バル)食堂CORAZON,2.0,False
4989.0,IL PONTILE,,,,,,,,,,,,IL PONTILE,2.0,False
4990.0,Japanese Wine Bar Sirocco,,,,,,,,,,,,Japanese Wine Bar Sirocco,2.0,False
4991.0,Am Rhein/アム ライン,,,,,,,,,,,,Am Rhein/アム ライン,1.0,False
4992.0,炭火処 鳥ひろ,,,,,,,,,,,,炭火処 鳥ひろ,1.0,False
4993.0,オステリア ピッツェリア ダルマーレ,,,,,,,,,,,,オステリア ピッツェリア ダルマーレ,1.0,False
4994.0,PIZZA PAZZA,,,,,,,,,,,,PIZZA PAZZA,1.0,False
4995.0,爽爽,,,,,,,,,,,,爽爽,1.0,False
4996.0,横浜ハンバーグの虎,,,,,,,,,,,,横浜ハンバーグの虎,1.0,False
4997.0,TANOJI,,,,,,,,,,,,TANOJI,1.0,False
4998.0,Afro Tacos,,,,,,,,,,,,Afro Tacos,1.0,False
4999.0,帰ってきた☆じゃんかれ!!戸部編,,,,,,,,,,,,帰ってきた☆じゃんかれ!!戸部編,1.0,False
5000.0,末廣園 有限会社末廣園鈴木商会,,,,,,,,,,,,末廣園 有限会社末廣園鈴木商会,1.0,False
5001.0,大衆焼肉ヒノモト,,,,,,,,,,,,大衆焼肉ヒノモト,1.0,False
5003.0,大衆肉酒場ブッチャー,,,,,,,,,,,,大衆肉酒場ブッチャー,1.0,False
5004.0,カンティーナ コニーリォ・ビアンコ,,,,,,,,,,,,カンティーナ コニーリォ・ビアンコ,1.0,False
5005.0,Cafe みtsuりんご,,,,,,,,,,,,Cafe みtsuりんご,1.0,False
5006.0,パスタ&バー 夏への扉,,,,,,,,,,,,パスタ&バー 夏への扉,1.0,False
5007.0,ハマカレ,,,,,,,,,,,,ハマカレ,1.0,False
5008.0,DRAGON酒家 関内店,,,,,,,,,,,,DRAGON酒家,2.0,False
5009.0,Tosaka-na Dining Gosso 横浜創業本店,,,,,,,,,,,,Tosaka-na Dining Gosso 横浜創業,1.0,False
5011.0,RUSH,,,,,,,,,,,,RUSH,1.0,False
5012.0,小麦畑の石窯ベーカリー&食堂 Far niente,,,,,,,,,,,,小麦畑の石窯ベーカリー&食堂 Far niente,1.0,False
5013.0,こしたんたん,,,,,,,,,,,,こしたんたん,2.0,False
5014.0,シチュー&カリー 横濱KAN,,,,,,,,,,,,シチュー&カリー 横濱KAN,1.0,False
5015.0,トラットリア ビコローレ ヨコハマ,,,,,,,,,,,,トラットリア ビコローレ ヨコハマ,2.0,False
5016.0,BURGER'S+CAFE  h a s a m u,,,,,,,,,,,,BURGER'S+CAFE h a s a m u,1.0,False
5017.0,藤松,,,,,,,,,,,,藤松,1.0,False
5018.0,肉屋の肉料理みずむら,,,,,,,,,,,,肉屋の肉料理みずむら,1.0,False
5019.0,鉄板焼 福むろ,,,,,,,,,,,,鉄板焼 福むろ,1.0,False
5020.0,Cafe Bar Nibbles,,,,,,,,,,,,Cafe Bar Nibbles,1.0,False
5021.0,ロットチェント,,,,,,,,,,,,ロットチェント,2.0,False
5022.0,オステリア・カルネヤ,,,,,,,,,,,,オステリア・カルネヤ,2.0,False
5023.0,焼肉IWA,,,,,,,,,,,,焼肉IWA,2.0,False
5024.0,ビストロマエダ,,,,,,,,,,,,ビストロマエダ,2.0,False
5025.0,フィオッキ,,,,,,,,,,,,フィオッキ,2.0,False
5026.0,KOSO CAFE BIORISE,,,,,,,,,,,,KOSO CAFE BIORISE,2.0,False
5027.0,みりおんばんぶー,,,,,,,,,,,,みりおんばんぶー,2.0,False
5028.0,麺場 浜虎,,,,,,,,,,,,麺場 浜虎,2.0,False
5029.0,インドカレー&ナン ムンバイ みなとみらい店,,,,,,,,,,,,インドカレー&ナン ムンバイ,1.0,False
5030.0,ロティスリー・レイ,,,,,,,,,,,,ロティスリー・レイ,2.0,False
5031.0,大衆酒場 串車力 武蔵小杉店,,,,,,,,,,,,大衆酒場 串車力,2.0,False
5032.0,ORIBIO Cafe Dining Nagoya,,,,,,,,,,,,ORIBIO Cafe Dining Nagoya,2.0,False
5033.0,wine kitchen sabori,,,,,,,,,,,,wine kitchen sabori,2.0,False
5034.0,和食&ワイン いわい,,,,,,,,,,,,和食&ワイン いわい,1.0,False
5035.0,イタリアン&BARアトリエ,,,,,,,,,,,,イタリアン&BARアトリエ,1.0,False
5036.0,vivo・pizzeria,,,,,,,,,,,,vivo・pizzeria,1.0,False
5037.0,天ぷら 奇天屋,,,,,,,,,,,,天ぷら 奇天屋,2.0,False
5038.0,すし幸徳,,,,,,,,,,,,すし幸徳,2.0,False
5039.0,Le Parigot,,,,,,,,,,,,Le Parigot,2.0,False
5040.0,凛丹toiet,,,,,,,,,,,,凛丹toiet,2.0,False
5041.0,すし酒屋ちゃりん,,,,,,,,,,,,すし酒屋ちゃりん,2.0,False
5042.0,cafe&roaster Strange Fruit カフェ&ロースター ストレンジフルーツ,,,,,,,,,,,,cafe&roaster Strange Fruit カフェ&ロースター ストレンジフルーツ,1.0,False
5043.0,手打そば 尾沼,,,,,,,,,,,,手打そば 尾沼,2.0,False
5044.0,居酒屋二十六屋,,,,,,,,,,,,居酒屋二十六屋,2.0,False
5045.0,JAMES american food,,,,,,,,,,,,JAMES american food,2.0,False
5046.0,はすみふぁーむ&ワイナリーshop&cafe@上田柳町,,,,,,,,,,,,はすみふぁーむ&ワイナリーshop&cafe@上田柳町,1.0,False
5047.0,そば処一耕,,,,,,,,,,,,そば処一耕,2.0,False
5048.0,ナワブ 日本橋店,,,,,,,,,,,,ナワブ,2.0,False
5049.0,Mistletoe,,,,,,,,,,,,Mistletoe,2.0,False
5050.0,MOBS FELLAS,,,,,,,,,,,,MOBS FELLAS,2.0,False
5051.0,Niru,,,,,,,,,,,,Niru,2.0,False
5052.0,Pantograph,,,,,,,,,,,,Pantograph,2.0,False
5053.0,魚進,,,,,,,,,,,,魚進,2.0,False
5054.0,高円寺葡庵,,,,,,,,,,,,高円寺葡庵,2.0,False
5055.0,酒商熊澤2F,,,,,,,,,,,,酒商熊澤2F,2.0,False
5056.0,ジュジュアン,,,,,,,,,,,,ジュジュアン,2.0,False
5057.0,旬のや 藤,,,,,,,,,,,,旬のや 藤,2.0,False
5058.0,Cafe & Bar spare,,,,,,,,,,,,Cafe & Bar spare,2.0,False
5059.0,懐石ダイニング いおり,,,,,,,,,,,,懐石ダイニング いおり,1.0,False
5061.0,ぐるめ亭 鶴見岸谷店,,,,,,,,,,,,ぐるめ亭,1.0,False
5063.0,寿司駒,,,,,,,,,,,,寿司駒,1.0,False
5065.0,ビヨンドdeli,,,,,,,,,,,,ビヨンドdeli,1.0,False
5066.0,鳥芳,,,,,,,,,,,,鳥芳,1.0,False
5067.0,大鶴見食堂,,,,,,,,,,,,大鶴見食堂,2.0,False
5068.0,FORESTARIA(フォレスタリア),,,,,,,,,,,,FORESTARIA,2.0,False
5069.0,BLUES GUITAR FOREVER,,,,,,,,,,,,BLUES GUITAR FOREVER,1.0,False
5070.0,和食居酒屋花まる,,,,,,,,,,,,和食居酒屋花まる,1.0,False
5071.0,ほっかまんてん 環2上永谷店 丸山台店\n,,,,,,,,,,,,ほっかまんてん 環2上永谷店 丸山台店\n,1.0,False
5073.0,発酵スープカレー ミコヤ.,,,,,,,,,,,,発酵スープカレー ミコヤ.,1.0,False
5074.0,カラフル,,,,,,,,,,,,カラフル,1.0,False
5076.0,日本ワイン酒場マルノヒ,,,,,,,,,,,,日本ワイン酒場マルノヒ,2.0,False
5077.0,備長炭火焼鳥 ぢどりや,,,,,,,,,,,,備長炭火焼鳥 ぢどりや,1.0,False
5078.0,LA FIGLIA DEL PRESIDENTE,,,,,,,,,,,,LA FIGLIA DEL PRESIDENTE,1.0,False
5079.0,馬さんの店龍仙 本店,,,,,,,,,,,,馬さんの店龍仙,1.0,False
5080.0,崎陽軒 外商課,,,,,,,,,,,,崎陽軒 外商課,1.0,False
5081.0,イタリアンバールBACCO,,,,,,,,,,,,イタリアンバールBACCO,2.0,False
5082.0,マザーインディア 半蔵門駅前店,,,,,,,,,,,,マザーインディア,2.0,False
5083.0,トラットリア ナカタ 高輪台,,,,,,,,,,,,トラットリア ナカタ 高輪台,2.0,False
5084.0,ヴィネリア ソルクオーレ,,,,,,,,,,,,ヴィネリア ソルクオーレ,2.0,False
5086.0,チェリー,,,,,,,,,,,,チェリー,2.0,False
5087.0,1010Noel Dr.,,,,,,,,,,,,1010Noel Dr.,2.0,False
5088.0,ひな酉 ふじ乃,,,,,,,,,,,,ひな酉 ふじ乃,2.0,False
5089.0,弁当一揆,,,,,,,,,,,,弁当一揆,2.0,False
5090.0,ぱんぷきん,,,,,,,,,,,,ぱんぷきん,2.0,False
5092.0,やきとり 鳥一番,,,,,,,,,,,,やきとり 鳥一番,2.0,False
5093.0,蕎麦 伊とう,,,,,,,,,,,,蕎麦 伊とう,2.0,False
5094.0,parlor184(パーラーイワシ),,,,,,,,,,,,parlor184,2.0,False
5095.0,ワインショップ&ダイナー FUJIMARU 東心斎橋店,,,,,,,,,,,,ワインショップ&ダイナー FUJIMARU,2.0,False
5096.0,くえろ・くえら,,,,,,,,,,,,くえろ・くえら,2.0,False
5097.0,膳處漢ぽっちり,,,,,,,,,,,,膳處漢ぽっちり,2.0,False
5099.0,宮川町 㐂久屋,,,,,,,,,,,,宮川町 㐂久屋,2.0,False
5100.0,Ignition Switch(イグニッションスイッチ),,,,,,,,,,,,Ignition Switch,2.0,False
5101.0,膾炙,,,,,,,,,,,,膾炙,2.0,False
5103.0,アクアコッタ,,,,,,,,,,,,アクアコッタ,2.0,False
5104.0,餃子の宮でんでん,,,,,,,,,,,,餃子の宮でんでん,2.0,False
5105.0,デクの海小屋,,,,,,,,,,,,デクの海小屋,2.0,False
5106.0,韓国料理 縁,,,,,,,,,,,,韓国料理 縁,2.0,False
5107.0,武蔵野うどん 藤原 北与野本店,,,,,,,,,,,,武蔵野うどん 藤原 北与野,2.0,False
5108.0,GALA BAR MIZUNO,,,,,,,,,,,,GALA BAR MIZUNO,2.0,False
5109.0,楽笑 北浦和西口店,,,,,,,,,,,,楽笑,2.0,False
5110.0,囲坊主,,,,,,,,,,,,囲坊主,2.0,False
5111.0,川越ベーカリー楽楽,,,,,,,,,,,,川越ベーカリー楽楽,2.0,False
5113.0,Mie Coco,,,,,,,,,,,,Mie Coco,2.0,False
5114.0,Restauranteすぺいん亭 本店,,,,,,,,,,,,Restauranteすぺいん亭,2.0,False
5115.0,Trattoria Caro(トラットリアカーロ),,,,,,,,,,,,Trattoria Caro,2.0,False
5116.0,はすの香カフェ,,,,,,,,,,,,はすの香カフェ,2.0,False
5117.0,KOEDOイタリアンルーチェ,,,,,,,,,,,,KOEDOイタリアンルーチェ,2.0,False
5118.0,COFFEE POST,,,,,,,,,,,,COFFEE POST,2.0,False
5119.0,レストランModesty,,,,,,,,,,,,レストランModesty,2.0,False
5120.0,レストランバーココシス,,,,,,,,,,,,レストランバーココシス,2.0,False
5121.0,居酒屋葉花集,,,,,,,,,,,,居酒屋葉花集,2.0,False
5122.0,てんぬま,,,,,,,,,,,,てんぬま,2.0,False
5123.0,幸膳,,,,,,,,,,,,幸膳,2.0,False
5124.0,Coedo Tradish Curry Jam3281,,,,,,,,,,,,Coedo Tradish Curry Jam3281,2.0,False
5125.0,笛木醤油,,,,,,,,,,,,笛木醤油,2.0,False
5126.0,富山市呉羽の季節パフェと手作りデザート Cafe Socio,,,,,,,,,,,,富山市呉羽の季節パフェと手作りデザート Cafe Socio,2.0,False
5127.0,ハム&ゴー 香林坊アトリオ店,,,,,,,,,,,,ハム&ゴー,1.0,False
5128.0,THELONICA(セロニカ)地中海料理&ワイン,,,,,,,,,,,,THELONICA(セロニカ)地中海料理&ワイン,1.0,False
5129.0,リュードヴァン,,,,,,,,,,,,リュードヴァン,2.0,False
5130.0,パティスリーパパ,,,,,,,,,,,,パティスリーパパ,2.0,False
5131.0,キッチンバー そごう,,,,,,,,,,,,キッチンバー そごう,2.0,False
5132.0,CAFE126,,,,,,,,,,,,CAFE126,2.0,False
5133.0,Keitto Ruokala(ケイットルオカラ),,,,,,,,,,,,Keitto Ruokala,2.0,False
5134.0,そば処 武蔵,,,,,,,,,,,,そば処 武蔵,2.0,False
5135.0,ピッツェリアレオーネ,,,,,,,,,,,,ピッツェリアレオーネ,2.0,False
5136.0,ペペローネ,,,,,,,,,,,,ペペローネ,2.0,False
5137.0,フォーハーツカフェ,,,,,,,,,,,,フォーハーツカフェ,2.0,False
5138.0,街角グラス,,,,,,,,,,,,街角グラス,2.0,False
5139.0,めしと日本酒と日本ワイン アジート 那覇,,,,,,,,,,,,めしと日本酒と日本ワイン アジート 那覇,2.0,False
5140.0,牛たんぐ永助,,,,,,,,,,,,牛たんぐ永助,1.0,False
5142.0,王朝,,,,,,,,,,,,王朝,1.0,False
5143.0,ワンタンスープ専門店 くぬぎ屋,,,,,,,,,,,,ワンタンスープ専門店 くぬぎ屋,1.0,False
5144.0,デリカテッセン ミュンヘン,,,,,,,,,,,,デリカテッセン ミュンヘン,1.0,False
5145.0,アリラン飯店 井土ヶ谷店,,,,,,,,,,,,アリラン飯店,1.0,False
5146.0,野毛焼きそばセンターまるき 野毛本店,,,,,,,,,,,,野毛焼きそばセンターまるき 野毛,1.0,False
5147.0,洋食&Bar  関内KushiBa〈クシバ〉,,,,,,,,,,,,洋食&Bar 関内KushiBa〈クシバ〉,1.0,False
5148.0,重慶飯店 本館売店,,,,,,,,,,,,重慶飯店,1.0,False
5149.0,Pizzeria Quo Vadis,,,,,,,,,,,,Pizzeria Quo Vadis,1.0,False
5151.0,ロッチャドォーロ神楽坂,,,,,,,,,,,,ロッチャドォーロ神楽坂,2.0,False
5152.0,ワヰン酒場 かもしや,,,,,,,,,,,,ワヰン酒場 かもしや,2.0,False
5153.0,和酒バル 二喬,,,,,,,,,,,,和酒バル 二喬,2.0,False
5154.0,THE FARM CAFE,,,,,,,,,,,,THE FARM CAFE,3.0,False
5155.0,トリゴコロ,,,,,,,,,,,,トリゴコロ,1.0,False
5156.0,バー・クラークスデール,,,,,,,,,,,,バー・クラークスデール,1.0,False
5157.0,龍ちゃん,,,,,,,,,,,,龍ちゃん,1.0,False
5158.0,Cafe OREO,,,,,,,,,,,,Cafe OREO,1.0,False
5159.0,Cafe&Dining Dongkang(ドンカン),,,,,,,,,,,,Cafe&Dining Dongkang,1.0,False
5160.0,A.cafe,,,,,,,,,,,,A.cafe,1.0,False
5161.0,Anuchan,,,,,,,,,,,,Anuchan,1.0,False
5162.0,大衆酒場上ル食堂,,,,,,,,,,,,大衆酒場上ル食堂,1.0,False
5163.0,花潮-かちょう,,,,,,,,,,,,花潮-かちょう,1.0,False
5164.0,ピアチェーレ,,,,,,,,,,,,ピアチェーレ,1.0,False
5165.0,聘珍樓横濱本店,,,,,,,,,,,,聘珍樓横濱,1.0,False
5166.0,熱血系 麺侍誠,,,,,,,,,,,,熱血系 麺侍誠,1.0,False
5167.0,馬車道十番館,,,,,,,,,,,,馬車道十番館,1.0,False
5168.0,レストラン  マコト,,,,,,,,,,,,レストラン マコト,1.0,False
5169.0,キッチンカリオカ,,,,,,,,,,,,キッチンカリオカ,1.0,False
5170.0,Bistro Panier ビストロ パニエ,,,,,,,,,,,,Bistro Panier ビストロ パニエ,1.0,False
5171.0,ほっかまんてん 丸山台店,,,,,,,,,,,,ほっかまんてん,1.0,False
5172.0,伊勢福,,,,,,,,,,,,伊勢福,1.0,False
5173.0,お箸でフレンチ欧風懐石 勝,,,,,,,,,,,,お箸でフレンチ欧風懐石 勝,2.0,False
5174.0,焼肉 京城苑,,,,,,,,,,,,焼肉 京城苑,1.0,False
5175.0,炭火焼ケータリングのニュージーランド社,,,,,,,,,,,,炭火焼ケータリングのニュージーランド社,1.0,False
5176.0,横浜元町 香炉庵,,,,,,,,,,,,横浜元町 香炉庵,1.0,False
5177.0,LANDER,,,,,,,,,,,,LANDER,1.0,False
5178.0,上大岡ジビエ 野生,,,,,,,,,,,,上大岡ジビエ 野生,1.0,False
5179.0,Sisiliya(シシリヤ),,,,,,,,,,,,Sisiliya,1.0,False
5180.0,横濱 肉バル まつ吉,,,,,,,,,,,,横濱 肉バル まつ吉,1.0,False
5181.0,たまプラーザのひもの屋,,,,,,,,,,,,たまプラーザのひもの屋,1.0,False
5182.0,下田寿司,,,,,,,,,,,,下田寿司,2.0,False
5183.0,銀座フランス屋 港南台バーズ店,,,,,,,,,,,,銀座フランス屋,2.0,False
5184.0,たまごcaféごはん,,,,,,,,,,,,たまごcaféごはん,1.0,False
5185.0,チャングミィ,,,,,,,,,,,,チャングミィ,1.0,False
5187.0,麦家,,,,,,,,,,,,麦家,1.0,False
5188.0,横浜フランス菓子 プチ・フルール,,,,,,,,,,,,横浜フランス菓子 プチ・フルール,1.0,False
5189.0,インド・アジア料理 アマル,,,,,,,,,,,,インド・アジア料理 アマル,1.0,False
5190.0,サーティワンアイスクリーム 上永谷イトーヨーカドー店,,,,,,,,,,,,サーティワンアイスクリーム,1.0,False
5191.0,焼肉レストラン 港南台 関内苑,,,,,,,,,,,,焼肉レストラン 港南台 関内苑,1.0,False
5192.0,寿司の一濱,,,,,,,,,,,,寿司の一濱,1.0,False
5193.0,有限会社愛知屋,,,,,,,,,,,,有限会社愛知屋,1.0,False
5194.0,ブラッスリーピガール横浜野毛,,,,,,,,,,,,ブラッスリーピガール横浜野毛,1.0,False
5195.0,トラットリア フランコ,,,,,,,,,,,,トラットリア フランコ,1.0,False
5196.0,crescere,,,,,,,,,,,,crescere,1.0,False
5197.0,GOHANYA'GOHAN,,,,,,,,,,,,GOHANYA'GOHAN,1.0,False
5198.0,中華料理 味臨軒,,,,,,,,,,,,中華料理 味臨軒,1.0,False
5199.0,ワイン場CataCata,,,,,,,,,,,,ワイン場CataCata,2.0,False
5200.0,Bistro Rigole (ビストロ リゴレ),,,,,,,,,,,,Bistro Rigole,2.0,False
5201.0,夕-seki-,,,,,,,,,,,,夕-seki-,2.0,False
5202.0,アオジソシガヤ,,,,,,,,,,,,アオジソシガヤ,2.0,False
5203.0,湘南肉豚屋,,,,,,,,,,,,湘南肉豚屋,2.0,False
5204.0,下鴨茶寮,,,,,,,,,,,,下鴨茶寮,2.0,False
5205.0,オリーブ 香椎店,,,,,,,,,,,,オリーブ,2.0,False
5206.0,ルカ スズモト,,,,,,,,,,,,ルカ スズモト,2.0,False
5207.0,カレー食堂 心 さいたま新都心店,,,,,,,,,,,,カレー食堂 心,2.0,False
5208.0,スウィート バジル 与野 本店,,,,,,,,,,,,スウィート バジル 与野,2.0,False
5209.0,自然派喫茶 Sol,,,,,,,,,,,,自然派喫茶 Sol,2.0,False
5210.0,海鮮料理 大山,,,,,,,,,,,,海鮮料理 大山,2.0,False
5211.0,Trattoria piano,,,,,,,,,,,,Trattoria piano,2.0,False
5212.0,HALAL & VEGGIE Restaurant ポンテロッソ,,,,,,,,,,,,HALAL & VEGGIE Restaurant ポンテロッソ,2.0,False
5213.0,osteria YURURI,,,,,,,,,,,,osteria YURURI,2.0,False
5214.0,cafe WAKAKUSA,,,,,,,,,,,,cafe WAKAKUSA,2.0,False
5215.0,夢空間はしまや,,,,,,,,,,,,夢空間はしまや,2.0,False
5216.0,喫茶 さえき,,,,,,,,,,,,喫茶 さえき,2.0,False
5217.0,ロシナンテ2世 (RocinanteII),,,,,,,,,,,,ロシナンテ2世,1.0,False
5218.0,広島お好み焼き 廣,,,,,,,,,,,,広島お好み焼き 廣,2.0,False
5219.0,ココカラ,,,,,,,,,,,,ココカラ,2.0,False
5220.0,Bistrot et Vin 20区,,,,,,,,,,,,Bistrot et Vin 20区,2.0,False
5221.0,HOTEL GREGES(オテルグレージュ),,,,,,,,,,,,HOTEL GREGES,2.0,False
5222.0,日本の料理屋 IMURI,,,,,,,,,,,,日本の料理屋 IMURI,2.0,False
5223.0,焼肉 醍醐横浜店,,,,,,,,,,,,焼肉,1.0,False
5224.0,マラサダ直売所,,,,,,,,,,,,マラサダ直売所,1.0,False
5225.0,L'antica pizzeria da Michele Yokohama,,,,,,,,,,,,L'antica pizzeria da Michele Yokohama,1.0,False
5226.0,アサドールケリコ,,,,,,,,,,,,アサドールケリコ,1.0,False
5227.0,角よし,,,,,,,,,,,,角よし,1.0,False
5228.0,カフェ&バー エスメラルダ,,,,,,,,,,,,カフェ&バー エスメラルダ,1.0,False
5229.0,横浜ラーメン はま家,,,,,,,,,,,,横浜ラーメン はま家,1.0,False
5230.0,遊zen たつ吉,,,,,,,,,,,,遊zen たつ吉,1.0,False
5231.0,九州焼肉たらふく,,,,,,,,,,,,九州焼肉たらふく,1.0,False
5232.0,居酒屋 えん結び,,,,,,,,,,,,居酒屋 えん結び,1.0,False
5233.0,うどんの伊之助,,,,,,,,,,,,うどんの伊之助,1.0,False
5234.0,鉄板焼 KOTORA,,,,,,,,,,,,鉄板焼 KOTORA,1.0,False
5235.0,そば処 深山,,,,,,,,,,,,そば処 深山,1.0,False
5236.0,カサ・デ・・フジモリ \n関内店,,,,,,,,,,,,カサ・デ・・フジモリ,1.0,False
5237.0,バール・エスパニョール,,,,,,,,,,,,バール・エスパニョール,1.0,False
5240.0,鶏笑 横浜希望ヶ丘店,,,,,,,,,,,,鶏笑,1.0,False
5241.0,うなぎ料理 しま村 高田本店,,,,,,,,,,,,うなぎ料理 しま村 高田,1.0,False
5242.0,うなぎ料理 しま村 青葉台店,,,,,,,,,,,,うなぎ料理 しま村,1.0,False
5243.0,宮地亭,,,,,,,,,,,,宮地亭,1.0,False
5245.0,AMERICAN HOUSE DINER 港山下店,,,,,,,,,,,,AMERICAN HOUSE DINER,1.0,False
5246.0,BURGER JO'S元町店,,,,,,,,,,,,BURGER,1.0,False
5247.0,GARLIC JO'S 元町店,,,,,,,,,,,,GARLIC JO'S,1.0,False
5248.0,WINE HALL元町倶楽部 元町本店,,,,,,,,,,,,WINE HALL元町倶楽部 元町,1.0,False
5249.0,KITCHEN JO'S CIAL桜木町店,,,,,,,,,,,,KITCHEN JO'S,1.0,False
5250.0,トラットリア ロジック 横浜店,,,,,,,,,,,,トラットリア ロジック,1.0,False
5251.0,音羽鮨,,,,,,,,,,,,音羽鮨,1.0,False
5252.0,木曽路 霧が丘店,,,,,,,,,,,,木曽路,1.0,False
5254.0,QUAYS pacific grill(キーズ パシフィックグリル),,,,,,,,,,,,QUAYS pacific grill,1.0,False
5255.0,お好み焼 杏子(あんず)センター北店,,,,,,,,,,,,お好み焼,1.0,False
5257.0,やきとり工房 希望ヶ丘,,,,,,,,,,,,やきとり工房 希望ヶ丘,1.0,False
5262.0,85bar+kitchen,,,,,,,,,,,,85bar+kitchen,1.0,False
5263.0,ワインと煮込み 市?離れ?,,,,,,,,,,,,ワインと煮込み 市?離れ?,1.0,False
5264.0,とことん餃子の朝日屋,,,,,,,,,,,,とことん餃子の朝日屋,1.0,False
5265.0,中国料理 吉祥楼,,,,,,,,,,,,中国料理 吉祥楼,1.0,False
5266.0,スペイン料理店 ラ・イベリカ La Iberica,,,,,,,,,,,,スペイン料理店 ラ・イベリカ La Iberica,1.0,False
5267.0,海鮮屋 だるま商店 杉田店,,,,,,,,,,,,海鮮屋 だるま商店,1.0,False
5268.0,究極野菜のイタリアン POZ DINING,,,,,,,,,,,,究極野菜のイタリアン POZ DINING,1.0,False
5271.0,ZOPF  ツオップ,,,,,,,,,,,,ZOPF ツオップ,1.0,False
5272.0,セスクラン c'est succulent!,,,,,,,,,,,,セスクラン c'est succulent!,1.0,False
5273.0,初代 割烹 高橋  代々木上原,,,,,,,,,,,,初代 割烹 高橋 代々木上原,1.0,False
5274.0,鳥焼処車屋,,,,,,,,,,,,鳥焼処車屋,1.0,False
5275.0,Bar _ Vin ムッシュヨースケ,,,,,,,,,,,,Bar _ Vin ムッシュヨースケ,1.0,False
5276.0,和風ダイニング旅,,,,,,,,,,,,和風ダイニング旅,1.0,False
5277.0,オステリアチケッティ,,,,,,,,,,,,オステリアチケッティ,1.0,False
5278.0,和食 須賀,,,,,,,,,,,,和食 須賀,1.0,False
5280.0,ファイヤーホール4000 麻布十番店,,,,,,,,,,,,ファイヤーホール4000,2.0,False
5286.0,味奈登庵 関内店\n,,,,,,,,,,,,味奈登庵 関内店\n,1.0,False
5289.0,炭焼 鳥佳,,,,,,,,,,,,炭焼 鳥佳,1.0,False
5290.0,大衆立飲 もつ刺すずき,,,,,,,,,,,,大衆立飲 もつ刺すずき,1.0,False
5291.0,BARBA,,,,,,,,,,,,BARBA,1.0,False
5292.0,蕎麦ダイニングたかくら,,,,,,,,,,,,蕎麦ダイニングたかくら,1.0,False
5293.0,鮨 甚平,,,,,,,,,,,,鮨 甚平,1.0,False
5294.0,John’s Kitchen,,,,,,,,,,,,John’s Kitchen,1.0,False
5295.0,懐石 花里,,,,,,,,,,,,懐石 花里,1.0,False
5296.0,北海道らーめん文太朗,,,,,,,,,,,,北海道らーめん文太朗,1.0,False
5297.0,炭火居酒屋 ひもの屋 鶴見総本店,,,,,,,,,,,,炭火居酒屋 ひもの屋 鶴見,1.0,False
5298.0,リストランテ ドーヂィッチ アポストリ,,,,,,,,,,,,リストランテ ドーヂィッチ アポストリ,1.0,False
5299.0,炭火居酒屋 もも,,,,,,,,,,,,炭火居酒屋 もも,1.0,False
5300.0,OBBLIGATO 読谷店,,,,,,,,,,,,OBBLIGATO,2.0,False
5301.0,鮨 みずかみ,,,,,,,,,,,,鮨 みずかみ,2.0,False
5302.0,calme (カルム),,,,,,,,,,,,calme,2.0,False
5303.0,焼肉チャンピオン 恵比寿本店 -Yakiniku Champion Ebisu Head Store-,,,,,,,,,,,,焼肉チャンピオン 恵比寿本店 -Yakiniku Champion Ebisu Head Store-,2.0,False
5304.0,ベポカ,,,,,,,,,,,,ベポカ,2.0,False
5305.0,南国酒家 原宿本店(本館),,,,,,,,,,,,南国酒家 原宿,2.0,False
5306.0,おそうざいと煎餅もんじゃさとう,,,,,,,,,,,,おそうざいと煎餅もんじゃさとう,2.0,False
5307.0,little star restaurant,,,,,,,,,,,,little star restaurant,2.0,False
5308.0,なっぱjuicy,,,,,,,,,,,,なっぱjuicy,2.0,False
5309.0,Bistro バル Tsuji,,,,,,,,,,,,Bistro バル Tsuji,2.0,False
5310.0,中国料理 桃花林,,,,,,,,,,,,中国料理 桃花林,2.0,False
5312.0,中国菜 四合院凛丹,,,,,,,,,,,,中国菜 四合院凛丹,2.0,False
5314.0,アリーズケバブ,,,,,,,,,,,,アリーズケバブ,2.0,False
5315.0,イルネッソ,,,,,,,,,,,,イルネッソ,2.0,False
5316.0,川越トライシクルカフェ,,,,,,,,,,,,川越トライシクルカフェ,2.0,False
5317.0,Trattoria e Pizzeria FICO,,,,,,,,,,,,Trattoria e Pizzeria FICO,2.0,False
5318.0,居酒屋れいちゃん,,,,,,,,,,,,居酒屋れいちゃん,2.0,False
5320.0,RESTAURANT Chez Masa,,,,,,,,,,,,RESTAURANT Chez Masa,2.0,False
5321.0,ゾンネブルーメ,,,,,,,,,,,,ゾンネブルーメ,2.0,False
5322.0,北近江リゾート,,,,,,,,,,,,北近江リゾート,2.0,False
5323.0,レストランコバヤシ,,,,,,,,,,,,レストランコバヤシ,1.0,False
5324.0,銀座すし嘉,,,,,,,,,,,,銀座すし嘉,1.0,False
5325.0,風早橋ガーデングリルカフェ,,,,,,,,,,,,風早橋ガーデングリルカフェ,1.0,False
5326.0,bar   felix,,,,,,,,,,,,bar felix,1.0,False
5327.0,ビオディナミコ,,,,,,,,,,,,ビオディナミコ,1.0,False
5328.0,ハラジュク201cafe,,,,,,,,,,,,ハラジュク201cafe,1.0,False
5329.0,Cafe POKAPOKA,,,,,,,,,,,,Cafe POKAPOKA,1.0,False
5330.0,恵比寿 吉乃坐,,,,,,,,,,,,恵比寿 吉乃坐,2.0,False
5331.0,日本茶屋ハトハ 日本橋,,,,,,,,,,,,日本茶屋ハトハ 日本橋,1.0,False
5332.0,サクンタラ,,,,,,,,,,,,サクンタラ,1.0,False
5333.0,すし屋の芳勘,,,,,,,,,,,,すし屋の芳勘,1.0,False
5334.0,クチネッタにし村,,,,,,,,,,,,クチネッタにし村,1.0,False
5336.0,EIMZ,,,,,,,,,,,,EIMZ,1.0,False
5339.0,インドダイニング サティ―,,,,,,,,,,,,インドダイニング サティ―,1.0,False
5340.0,グランドゥーカ    伊勢佐木町店,,,,,,,,,,,,グランドゥーカ,1.0,False
5341.0,横浜家系らーめん魂心家 青葉台,,,,,,,,,,,,横浜家系らーめん魂心家 青葉台,1.0,False
5342.0,横浜家系らーめん魂心家 あざみ野,,,,,,,,,,,,横浜家系らーめん魂心家 あざみ野,1.0,False
5343.0,うどん居酒屋さるちゃん,,,,,,,,,,,,うどん居酒屋さるちゃん,1.0,False
5344.0,glidecafe bar&grill,,,,,,,,,,,,glidecafe bar&grill,1.0,False
5345.0,にこにこ弁当(ヒカリフーズ),,,,,,,,,,,,にこにこ弁当,1.0,False
5346.0,牡蠣とピッツァのワイン食堂レ・アーレ,,,,,,,,,,,,牡蠣とピッツァのワイン食堂レ・アーレ,1.0,False
5347.0,Le Caprice Yokohama,,,,,,,,,,,,Le Caprice Yokohama,1.0,False
5348.0,カフェカリオカ,,,,,,,,,,,,カフェカリオカ,1.0,False
5349.0,東林,,,,,,,,,,,,東林,1.0,False
5350.0,イタリアンと炭火焼の店 カウベル本店,,,,,,,,,,,,イタリアンと炭火焼の店 カウベル,1.0,False
5351.0,COCOBAR(ココバル),,,,,,,,,,,,COCOBAR,1.0,False
5352.0,上海料理 状元樓,,,,,,,,,,,,上海料理 状元樓,1.0,False
5353.0,洋光台バル Amu,,,,,,,,,,,,洋光台バル Amu,1.0,False
5354.0,新鮮地鶏と旨い酒 とりこ,,,,,,,,,,,,新鮮地鶏と旨い酒 とりこ,1.0,False
5355.0,沖縄料理・島酒場 がらくた,,,,,,,,,,,,沖縄料理・島酒場 がらくた,1.0,False
5356.0,ダイニングしゃぶしゃぶ仁 本店,,,,,,,,,,,,ダイニングしゃぶしゃぶ仁,1.0,False
5357.0,橘家,,,,,,,,,,,,橘家,1.0,False
5358.0,サンキュウチキン,,,,,,,,,,,,サンキュウチキン,1.0,False
5359.0,アジアンキッチン あえら\nAsian Kitchen AYERA,,,,,,,,,,,,アジアンキッチン あえら\nAsian Kitchen AYERA,1.0,False
5360.0,ボケロナ,,,,,,,,,,,,ボケロナ,2.0,False
5361.0,四文屋 吉祥寺店,,,,,,,,,,,,四文屋,2.0,False
5362.0,アルゴリズム,,,,,,,,,,,,アルゴリズム,1.0,False
5363.0,沖縄酒場 茅ヶ崎チャンプルー,,,,,,,,,,,,沖縄酒場 茅ヶ崎チャンプルー,1.0,False
5364.0,トラットリア フルジェンテ,,,,,,,,,,,,トラットリア フルジェンテ,1.0,False
5365.0,旬席割烹しとり,,,,,,,,,,,,旬席割烹しとり,1.0,False
5366.0,THE BURN ザ・バーン,,,,,,,,,,,,THE BURN ザ・バーン,1.0,False
5367.0,オテル・ドゥ・ミクニ,,,,,,,,,,,,オテル・ドゥ・ミクニ,1.0,False
5368.0,燻製Kitchen 五反田,,,,,,,,,,,,燻製Kitchen 五反田,2.0,False
5369.0,おじゃったもんせ,,,,,,,,,,,,おじゃったもんせ,1.0,False
5370.0,Picasso BAR & KITCHEN,,,,,,,,,,,,Picasso BAR & KITCHEN,2.0,False
5371.0,vend,,,,,,,,,,,,vend,1.0,False
5372.0,Maggie's Kitchen マギーズキッチン,,,,,,,,,,,,Maggie's Kitchen マギーズキッチン,1.0,False
5373.0,とら屋食堂,,,,,,,,,,,,とら屋食堂,1.0,False
5374.0,CIMOLO BBQ&GRILL,,,,,,,,,,,,CIMOLO BBQ&GRILL,1.0,False
5375.0,九段プレジール,,,,,,,,,,,,九段プレジール,2.0,False
5376.0,tsukiji kitchen,,,,,,,,,,,,tsukiji kitchen,1.0,False
5377.0,成城の食卓,,,,,,,,,,,,成城の食卓,1.0,False
5378.0,深沢キッチン,,,,,,,,,,,,深沢キッチン,1.0,False
5379.0,コチンニヴァース,,,,,,,,,,,,コチンニヴァース,1.0,False
5380.0,ジンギスカン 羊のヒカリ,,,,,,,,,,,,ジンギスカン 羊のヒカリ,1.0,False
5381.0,タベルナクアーレ青葉台,,,,,,,,,,,,タベルナクアーレ青葉台,1.0,False
5382.0,アジアンダイニング ロータス,,,,,,,,,,,,アジアンダイニング ロータス,1.0,False
5384.0,ワイン&キッチン ポコアポコ,,,,,,,,,,,,ワイン&キッチン ポコアポコ,1.0,False
5385.0,チャクラ,,,,,,,,,,,,チャクラ,1.0,False
5386.0,池袋ルイブ,,,,,,,,,,,,池袋ルイブ,1.0,False
5387.0,せろ,,,,,,,,,,,,せろ,1.0,False
5388.0,GENEI.WAGAN,,,,,,,,,,,,GENEI.WAGAN,1.0,False
5389.0,FabCafe Tokyo,,,,,,,,,,,,FabCafe Tokyo,1.0,False
5390.0,日本料理水車本店,,,,,,,,,,,,日本料理水車,1.0,False
5391.0,La fede,,,,,,,,,,,,La fede,1.0,False
5392.0,敷嶋あられ嵯峨乃家本店,,,,,,,,,,,,敷嶋あられ嵯峨乃家,1.0,False
5393.0,蕎麦café粉々奈,,,,,,,,,,,,蕎麦café粉々奈,1.0,False
5394.0,ヨコハマ グランド インターコンチネンタル ホテル 中国料理「カリュウ」,,,,,,,,,,,,ヨコハマ グランド インターコンチネンタル ホテル 中国料理「カリュウ」,1.0,False
5395.0,野毛☆大夢,,,,,,,,,,,,野毛☆大夢,1.0,False
5396.0,鮨処 江戸寿し,,,,,,,,,,,,鮨処 江戸寿し,1.0,False
5397.0,トラットリア ペコレッラ,,,,,,,,,,,,トラットリア ペコレッラ,1.0,False
5398.0,うおたま&くうかい,,,,,,,,,,,,うおたま&くうかい,1.0,False
5399.0,虹橋,,,,,,,,,,,,虹橋,1.0,False
5400.0,菜香新館,,,,,,,,,,,,菜香新館,1.0,False
5401.0,Neptune,,,,,,,,,,,,Neptune,1.0,False
5402.0,あいおい食堂,,,,,,,,,,,,あいおい食堂,1.0,False
5403.0,海哥グループ 味彩香,,,,,,,,,,,,海哥グループ 味彩香,1.0,False
5404.0,RISTORANTE  UMIRIA(リストランテ ウミリア),,,,,,,,,,,,RISTORANTE UMIRIA,1.0,False
5405.0,中華料理 珍味楼,,,,,,,,,,,,中華料理 珍味楼,1.0,False
5406.0,Ristorante REAL(リストランテ リアル),,,,,,,,,,,,Ristorante REAL,1.0,False
5407.0,リストランテ クム,,,,,,,,,,,,リストランテ クム,1.0,False
5409.0,カプリチョーザ ウィング上大岡店,,,,,,,,,,,,カプリチョーザ,2.0,False
5410.0,宮古寿司,,,,,,,,,,,,宮古寿司,1.0,False
5411.0,タコリブレ 横浜店,,,,,,,,,,,,タコリブレ,1.0,False
5412.0,64ダイナー/日吉バーガー,,,,,,,,,,,,64ダイナー/日吉バーガー,1.0,False
5413.0,金沢 六浦 清川寿司,,,,,,,,,,,,金沢 六浦 清川寿司,1.0,False
5415.0,RoofTopCafe-YOKOHAMA-,,,,,,,,,,,,RoofTopCafe-YOKOHAMA-,1.0,False
5416.0,居食処すえひろ\n,,,,,,,,,,,,居食処すえひろ\n,1.0,False
5417.0,rokucafe,,,,,,,,,,,,rokucafe,1.0,False
5418.0,イタリアンキッチンNavita,,,,,,,,,,,,イタリアンキッチンNavita,1.0,False
5419.0,横浜ベイシェラトン ホテル&タワーズ フレンチ 「ベイ・ビュー」,,,,,,,,,,,,横浜ベイシェラトン ホテル&タワーズ フレンチ 「ベイ・ビュー」,1.0,False
5420.0,インドネパール料理トルシー,,,,,,,,,,,,インドネパール料理トルシー,1.0,False
5421.0,焼肉レストラン ミート工房(焼肉工房),,,,,,,,,,,,焼肉レストラン ミート工房,1.0,False
5422.0,M's Farm,,,,,,,,,,,,M's Farm,1.0,False
5423.0,キリン食堂,,,,,,,,,,,,キリン食堂,1.0,False
5424.0,大衆料理 津和野,,,,,,,,,,,,大衆料理 津和野,1.0,False
5426.0,健康創作中華 玲瓏,,,,,,,,,,,,健康創作中華 玲瓏,1.0,False
5427.0,酒客酒場 仙や 野毛店,,,,,,,,,,,,酒客酒場 仙や,1.0,False
5428.0,自家焙煎コーヒー&レストラン View,,,,,,,,,,,,自家焙煎コーヒー&レストラン View,1.0,False
5429.0,日本料理 あきない,,,,,,,,,,,,日本料理 あきない,1.0,False
5430.0,スペインバル チコ,,,,,,,,,,,,スペインバル チコ,1.0,False
5431.0,codie's,,,,,,,,,,,,codie's,1.0,False
5432.0,スペインバル クロ,,,,,,,,,,,,スペインバル クロ,1.0,False
5435.0,居食処 すえひろ\n,,,,,,,,,,,,居食処 すえひろ\n,1.0,False
5436.0,中国料理 一楽,,,,,,,,,,,,中国料理 一楽,1.0,False
5437.0,センターグリル,,,,,,,,,,,,センターグリル,1.0,False
5439.0,洋風れすとらんSoleil,,,,,,,,,,,,洋風れすとらんSoleil,1.0,False
5440.0,アステカ,,,,,,,,,,,,アステカ,1.0,False
5441.0,太陽ホエール 野毛本店,,,,,,,,,,,,太陽ホエール 野毛,1.0,False
5442.0,オムライスのひまわり,,,,,,,,,,,,オムライスのひまわり,1.0,False
5444.0,Gatti(ガッティ),,,,,,,,,,,,Gatti,1.0,False
5445.0,肉汁餃子製作所ダンダダン酒場 野毛店,,,,,,,,,,,,肉汁餃子製作所ダンダダン酒場,3.0,False
5446.0,肉汁餃子製作所ダンダダン酒場 関内店,,,,,,,,,,,,肉汁餃子製作所ダンダダン酒場,3.0,False
5447.0,肉汁餃子製作所ダンダダン酒場 青葉台店,,,,,,,,,,,,肉汁餃子製作所ダンダダン酒場,3.0,False
5450.0,デニーズ綱島東,,,,,,,,,,,,デニーズ綱島東,1.0,False
5452.0,デニーズ鶴見一国,,,,,,,,,,,,デニーズ鶴見一国,1.0,False
5457.0,デニーズ港北ニュータウン,,,,,,,,,,,,デニーズ港北ニュータウン,1.0,False
5469.0,餃子酒場 空心,,,,,,,,,,,,餃子酒場 空心,2.0,False
5470.0,ELMO,,,,,,,,,,,,ELMO,1.0,False
5471.0,中華料理 紅華,,,,,,,,,,,,中華料理 紅華,1.0,False
5472.0,中華レストラン 紅華,,,,,,,,,,,,中華レストラン 紅華,1.0,False
5473.0,Meet Meats 5バル 中野店,,,,,,,,,,,,Meet Meats 5バル,1.0,False
5474.0,肉バル Trim 神谷町,,,,,,,,,,,,肉バル Trim 神谷町,1.0,False
5475.0,トラットリア パラン,,,,,,,,,,,,トラットリア パラン,1.0,False
5476.0,マンジャ ペッシェ,,,,,,,,,,,,マンジャ ペッシェ,1.0,False
5477.0,欧風料理 ラ・コンセルジュ,,,,,,,,,,,,欧風料理 ラ・コンセルジュ,1.0,False
5478.0,ノースリンク コーヒーアンドティー 立川ステージガーデン,,,,,,,,,,,,ノースリンク コーヒーアンドティー 立川ステージガーデン,1.0,False
5479.0,駅前酒場赤まる 横川店,,,,,,,,,,,,駅前酒場赤まる,1.0,False
5480.0,中華そば 桃李,,,,,,,,,,,,中華そば 桃李,1.0,False
5481.0,cafe&restaurant周(しゅう),,,,,,,,,,,,cafe&restaurant周,1.0,False
5482.0,惣菜文香,,,,,,,,,,,,惣菜文香,1.0,False
5483.0,金とき テイクアウト店,,,,,,,,,,,,金とき,2.0,False
5484.0,金とき 池田店,,,,,,,,,,,,金とき,2.0,False
5485.0,ma~ku cafe.,,,,,,,,,,,,ma~ku cafe.,1.0,False
5486.0,リストランテ カシーナ カナミッラ,,,,,,,,,,,,リストランテ カシーナ カナミッラ,1.0,False
5487.0,花壇,,,,,,,,,,,,花壇,1.0,False
5488.0,プチ・レストラン やながわ,,,,,,,,,,,,プチ・レストラン やながわ,1.0,False
5489.0,TOKOROZAWA star nest cafe,,,,,,,,,,,,TOKOROZAWA star nest cafe,1.0,False
5490.0,インド家庭料理ラニ,,,,,,,,,,,,インド家庭料理ラニ,1.0,False
5491.0,ASAPI PAIN(アサヒパン),,,,,,,,,,,,ASAPI PAIN,1.0,False
5492.0,横浜野菜と日本酒 七草,,,,,,,,,,,,横浜野菜と日本酒 七草,1.0,False
5493.0,鴨屋 そば香 菊名店,,,,,,,,,,,,鴨屋 そば香,1.0,False
5494.0,トルコ料理 ジェイハン,,,,,,,,,,,,トルコ料理 ジェイハン,1.0,False
5495.0,Bistrobonno,,,,,,,,,,,,Bistrobonno,1.0,False
5496.0,Cafe&Cocktail Bar En Route,,,,,,,,,,,,Cafe&Cocktail Bar En Route,1.0,False
5497.0,ナポリの窯 横浜青葉店,,,,,,,,,,,,ナポリの窯,2.0,False
5498.0,ナポリの窯 横浜福富町店,,,,,,,,,,,,ナポリの窯,2.0,False
5499.0,復興居酒屋がんばっぺし 横浜本店,,,,,,,,,,,,復興居酒屋がんばっぺし 横浜,1.0,False
5500.0,復興居酒屋がんばっぺし 桜木町店,,,,,,,,,,,,復興居酒屋がんばっぺし,1.0,False
5501.0,荒井屋 本店,,,,,,,,,,,,荒井屋,2.0,False
5502.0,荒井屋 万國橋店,,,,,,,,,,,,荒井屋,2.0,False
5503.0,Italian&Rotisserie TRATTORIA LA COCORICO 横浜東口店,,,,,,,,,,,,Italian&Rotisserie TRATTORIA LA COCORICO,1.0,False
5504.0,焼肉すどう 春吉,,,,,,,,,,,,焼肉すどう 春吉,2.0,False
5505.0,レストラン マルシェ,,,,,,,,,,,,レストラン マルシェ,1.0,False
5506.0,割烹味香佐,,,,,,,,,,,,割烹味香佐,1.0,False
5507.0,イルチェルボ,,,,,,,,,,,,イルチェルボ,1.0,False
5508.0,仏蘭西料亭 横濱元町 霧笛楼,,,,,,,,,,,,仏蘭西料亭 横濱元町 霧笛楼,1.0,False
5509.0,ガーリックハウス,,,,,,,,,,,,ガーリックハウス,1.0,False
5510.0,居酒屋 輝,,,,,,,,,,,,居酒屋 輝,1.0,False
5511.0,炭焼 鳥火,,,,,,,,,,,,炭焼 鳥火,1.0,False
5512.0,中華ダイニング四川厨房 横浜西口店,,,,,,,,,,,,中華ダイニング四川厨房,1.0,False
5513.0,Piacere,,,,,,,,,,,,Piacere,1.0,False
5515.0,愛嬌酒場えにし  吉田町,,,,,,,,,,,,愛嬌酒場えにし 吉田町,1.0,False
5516.0,旬のご馳走ごはん山水草木,,,,,,,,,,,,旬のご馳走ごはん山水草木,1.0,False
5517.0,China Table 花木蘭,,,,,,,,,,,,China Table 花木蘭,1.0,False
5518.0,ごはんカフェ笑emu,,,,,,,,,,,,ごはんカフェ笑emu,1.0,False
5519.0,T.M.Oピクニック,,,,,,,,,,,,T.M.Oピクニック,1.0,False
5520.0,Porta Kitchen,,,,,,,,,,,,Porta Kitchen,1.0,False
5521.0,ブラントンズ,,,,,,,,,,,,ブラントンズ,1.0,False
5522.0,シュシュ・クレール,,,,,,,,,,,,シュシュ・クレール,1.0,False
5523.0,勢 鴨居店,,,,,,,,,,,,勢,1.0,False
5524.0,とんかつ勝 上大岡店,,,,,,,,,,,,とんかつ勝,1.0,False
5525.0,ラ ポルタ,,,,,,,,,,,,ラ ポルタ,1.0,False
5526.0,スペイン料理と自然派ワイン LUZ,,,,,,,,,,,,スペイン料理と自然派ワイン LUZ,1.0,False
5527.0,中華居酒屋 彩,,,,,,,,,,,,中華居酒屋 彩,1.0,False
5528.0,和肴 黒よし,,,,,,,,,,,,和肴 黒よし,1.0,False
5529.0,ジャンボおしどり寿司 日野本店,,,,,,,,,,,,ジャンボおしどり寿司 日野,1.0,False
5530.0,cozy-cafe DAIN,,,,,,,,,,,,cozy-cafe DAIN,1.0,False
5531.0,バーデンバーデン,,,,,,,,,,,,バーデンバーデン,1.0,False
5532.0,らあめん花月嵐 金沢八景店,,,,,,,,,,,,らあめん花月嵐,1.0,False
5533.0,和み酒 帆凪(はんなぎ),,,,,,,,,,,,和み酒 帆凪,1.0,False
5534.0,アジアンビストロ横浜バリバール,,,,,,,,,,,,アジアンビストロ横浜バリバール,1.0,False
5535.0,イタリアンバル バンビーノ,,,,,,,,,,,,イタリアンバル バンビーノ,1.0,False
5536.0,鉄板バルSOURCE 三軒茶屋店,,,,,,,,,,,,鉄板バルSOURCE,1.0,False
5537.0,立ち食い焼肉 治郎丸,,,,,,,,,,,,立ち食い焼肉 治郎丸,1.0,False
5538.0,廣東厨房 鴻,,,,,,,,,,,,廣東厨房 鴻,1.0,False
5539.0,中国家庭料理 香園 横浜店,,,,,,,,,,,,中国家庭料理 香園,1.0,False
5540.0,風見鶏,,,,,,,,,,,,風見鶏,1.0,False
5541.0,bistro-confl.,,,,,,,,,,,,bistro-confl.,1.0,False
5542.0,集い家かもめ,,,,,,,,,,,,集い家かもめ,2.0,False
5543.0,Sunaco cafe - スナコカフェ,,,,,,,,,,,,Sunaco cafe - スナコカフェ,1.0,False
5544.0,All About My Croquette,,,,,,,,,,,,All About My Croquette,1.0,False
5545.0,ロシア料理 ロゴスキー Russian Restaurant Rogovski,,,,,,,,,,,,ロシア料理 ロゴスキー Russian Restaurant Rogovski,1.0,False
5546.0,鳥陣,,,,,,,,,,,,鳥陣,1.0,False
5547.0,永翔苑 本店,,,,,,,,,,,,永翔苑,1.0,False
5548.0,dot Eatery and Ber,,,,,,,,,,,,dot Eatery and Ber,1.0,False
5549.0,dot Grill and Bar,,,,,,,,,,,,dot Grill and Bar,1.0,False
5550.0,ナイスアイドル,,,,,,,,,,,,ナイスアイドル,1.0,False
5551.0,公珠,,,,,,,,,,,,公珠,1.0,False
5552.0,山東,,,,,,,,,,,,山東,1.0,False
5553.0,餃子のハルピン,,,,,,,,,,,,餃子のハルピン,1.0,False
5554.0,海上海,,,,,,,,,,,,海上海,1.0,False
5555.0,スープカレー奥芝商店 白石オッケー丸,,,,,,,,,,,,スープカレー奥芝商店 白石オッケー丸,1.0,False
5556.0,シュマン,,,,,,,,,,,,シュマン,2.0,False
5557.0,ともえ寿司,,,,,,,,,,,,ともえ寿司,1.0,False
5558.0,サルデスカ スペイン料理,,,,,,,,,,,,サルデスカ スペイン料理,2.0,False
5559.0,花わさび 縁,,,,,,,,,,,,花わさび 縁,2.0,False
5560.0,銀座 壮石 新,,,,,,,,,,,,銀座 壮石 新,2.0,False
5561.0,ぐるりごはん,,,,,,,,,,,,ぐるりごはん,1.0,False
5562.0,サンガム,,,,,,,,,,,,サンガム,1.0,False
5563.0,ふくよし(麺処福吉),,,,,,,,,,,,ふくよし,1.0,False
5564.0,HARU Diner,,,,,,,,,,,,HARU Diner,1.0,False
5565.0,Cafe豆うさぎ,,,,,,,,,,,,Cafe豆うさぎ,1.0,False
5566.0,寿司・割烹 やなぎ,,,,,,,,,,,,寿司・割烹 やなぎ,1.0,False
5567.0,イタリアンバルPARADISO,,,,,,,,,,,,イタリアンバルPARADISO,1.0,False
5568.0,青山エリュシオンハウス,,,,,,,,,,,,青山エリュシオンハウス,1.0,False
5569.0,LaGocciaTokyo,,,,,,,,,,,,LaGocciaTokyo,2.0,False
5570.0,らかん亭・らかん茶屋,,,,,,,,,,,,らかん亭・らかん茶屋,1.0,False
5571.0,カナリヤ,,,,,,,,,,,,カナリヤ,1.0,False
5572.0,肉おでんと天ぷらの店 なお良し,,,,,,,,,,,,肉おでんと天ぷらの店 なお良し,1.0,False
5573.0,ゆいまーる,,,,,,,,,,,,ゆいまーる,1.0,False
5574.0,topinambur(トピナンブール),,,,,,,,,,,,topinambur,1.0,False
5576.0,鶴見葡萄酒酒場,,,,,,,,,,,,鶴見葡萄酒酒場,1.0,False
5577.0,トレトゥール エズ,,,,,,,,,,,,トレトゥール エズ,1.0,False
5578.0,串焼居酒屋 楽匠,,,,,,,,,,,,串焼居酒屋 楽匠,1.0,False
5579.0,エスプラン,,,,,,,,,,,,エスプラン,1.0,False
5580.0,江戸割烹 料理膳 井上,,,,,,,,,,,,江戸割烹 料理膳 井上,1.0,False
5581.0,酒処馬酔木,,,,,,,,,,,,酒処馬酔木,1.0,False
5582.0,原価ビストロBAN!横浜西口天理ビル,,,,,,,,,,,,原価ビストロBAN!横浜西口天理ビル,1.0,False
5583.0,食楽 たざわこ,,,,,,,,,,,,食楽 たざわこ,1.0,False
5584.0,京都 瓢斗 京都駅前本店,,,,,,,,,,,,京都 瓢斗 京都駅前,1.0,False
5585.0,ワインビストロ アンフォラ,,,,,,,,,,,,ワインビストロ アンフォラ,2.0,False
5586.0,太陽ホエール 横浜駅西口店,,,,,,,,,,,,太陽ホエール,1.0,False
5587.0,楓 横浜駅前店,,,,,,,,,,,,楓,1.0,False
5590.0,カラオケダイニング ブラッサム,,,,,,,,,,,,カラオケダイニング ブラッサム,1.0,False
5591.0,横浜中華街 翡翠楼本店,,,,,,,,,,,,横浜中華街 翡翠楼,1.0,False
5592.0,極上 上大岡生食パン,,,,,,,,,,,,極上 上大岡生食パン,1.0,False
5599.0,とりのすけ 綱島店,,,,,,,,,,,,とりのすけ,1.0,False
5600.0,広東名菜 福鼓樓,,,,,,,,,,,,広東名菜 福鼓樓,1.0,False
5601.0,チキン料理屋TORIGE(とりげ),,,,,,,,,,,,チキン料理屋TORIGE,1.0,False
5602.0,西洋料理ル・ポティロン,,,,,,,,,,,,西洋料理ル・ポティロン,1.0,False
5603.0,PizzaHouseつくるよ,,,,,,,,,,,,PizzaHouseつくるよ,1.0,False
5604.0,GRATIA (グラティア 青葉台),,,,,,,,,,,,GRATIA,1.0,False
5605.0,護佐丸,,,,,,,,,,,,護佐丸,2.0,False
5606.0,ぎょうざビストロ黄河,,,,,,,,,,,,ぎょうざビストロ黄河,1.0,False
5607.0,和田門,,,,,,,,,,,,和田門,2.0,False
5608.0,東京TEMPLAND,,,,,,,,,,,,東京TEMPLAND,1.0,False
5609.0,すしざんまい 横浜西口店,,,,,,,,,,,,すしざんまい,1.0,False
5610.0,肉と石窯ピザのイタリアン Pizza cozou ピザコゾウ,,,,,,,,,,,,肉と石窯ピザのイタリアン Pizza cozou ピザコゾウ,1.0,False
5611.0,とんかつ新宿さぼてん みなとみらい東急スクエア店,,,,,,,,,,,,とんかつ新宿さぼてん,1.0,False
5612.0,Chelsea ザ・バル,,,,,,,,,,,,Chelsea ザ・バル,1.0,False
5613.0,ドライブスルー八百屋 横浜,,,,,,,,,,,,ドライブスルー八百屋 横浜,1.0,False
5614.0,フレンチビストロルミディ桜木町みなとみらい,,,,,,,,,,,,フレンチビストロルミディ桜木町みなとみらい,1.0,False
5615.0,すし処纏(まとい),,,,,,,,,,,,すし処纏,1.0,False
5616.0,poro珈琲,,,,,,,,,,,,poro珈琲,1.0,False
5617.0,クルーズ・クルーズYOKOHAMA,,,,,,,,,,,,クルーズ・クルーズYOKOHAMA,1.0,False
5618.0,侘助,,,,,,,,,,,,侘助,1.0,False
5619.0,宮ノ前テラス,,,,,,,,,,,,宮ノ前テラス,1.0,False
5622.0,時遊陣,,,,,,,,,,,,時遊陣,1.0,False
5624.0,エタージュ 横浜マンダリンホテル,,,,,,,,,,,,エタージュ 横浜マンダリンホテル,1.0,False
5625.0,ピッツェリア ダ タサキ,,,,,,,,,,,,ピッツェリア ダ タサキ,1.0,False
5626.0,梅蘭 市場通り本店,,,,,,,,,,,,梅蘭 市場通り,1.0,False
5627.0,スープカレーKIFUKU,,,,,,,,,,,,スープカレーKIFUKU,1.0,False
5628.0,焼肉家族だるま小僧,,,,,,,,,,,,焼肉家族だるま小僧,1.0,False
5629.0,有限会社 重寿司,,,,,,,,,,,,有限会社 重寿司,1.0,False
5630.0,横浜星のなる木,,,,,,,,,,,,横浜星のなる木,1.0,False
5631.0,&BAR Old⇔Craft,,,,,,,,,,,,&BAR Old⇔Craft,1.0,False
5632.0,ダイニング・カフェ たん吉,,,,,,,,,,,,ダイニング・カフェ たん吉,1.0,False
5633.0,和彩もろほし,,,,,,,,,,,,和彩もろほし,1.0,False
5635.0,Osteria UVA RARA横浜,,,,,,,,,,,,Osteria UVA RARA横浜,1.0,False
5636.0,中国名菜 龍華,,,,,,,,,,,,中国名菜 龍華,1.0,False
5637.0,イタリアンダイニング カリーナ,,,,,,,,,,,,イタリアンダイニング カリーナ,1.0,False
5638.0,英一番館,,,,,,,,,,,,英一番館,1.0,False
5639.0,お家ごはんカフェunwind,,,,,,,,,,,,お家ごはんカフェunwind,1.0,False
5640.0,有限会社ドウマン,,,,,,,,,,,,有限会社ドウマン,1.0,False
5641.0,プチ・フルール レストランウィング上大岡店,,,,,,,,,,,,プチ・フルール,1.0,False
5643.0,サンパ(SYMPA)(ワインレストラン サンパ),,,,,,,,,,,,サンパ,2.0,False
5644.0,横浜ベイシェラトンホテル&タワーズ オールデイブッフェコンパス,,,,,,,,,,,,横浜ベイシェラトンホテル&タワーズ オールデイブッフェコンパス,1.0,False
5645.0,お菓子工房 Keimin,,,,,,,,,,,,お菓子工房 Keimin,1.0,False
5646.0,めろんぱん工房 15 べーかりー,,,,,,,,,,,,めろんぱん工房 15 べーかりー,1.0,False
5647.0,ホテル横浜キャメロットジャパン 中国料理 桃花苑,,,,,,,,,,,,ホテル横浜キャメロットジャパン 中国料理 桃花苑,1.0,False
5648.0,cafeジューセン,,,,,,,,,,,,cafeジューセン,1.0,False
5649.0,kawara CAFE&DINING 横浜店,,,,,,,,,,,,kawara CAFE&DINING,2.0,False
5650.0,コーヒーハウス「ザ・カフェ」,,,,,,,,,,,,コーヒーハウス「ザ・カフェ」,1.0,False
5651.0,DANZERO,,,,,,,,,,,,DANZERO,1.0,False
5654.0,佐賀県三瀬村ふもと赤鶏 丸の内店,,,,,,,,,,,,佐賀県三瀬村ふもと赤鶏,3.0,False
5656.0,ミスター焼肉,,,,,,,,,,,,ミスター焼肉,1.0,False
5657.0,ドラミ,,,,,,,,,,,,ドラミ,1.0,False
5658.0,ZERO ワイン×日本酒×バル,,,,,,,,,,,,ZERO ワイン×日本酒×バル,1.0,False
5659.0,肉バル 肉ソン大統領 秋葉原店,,,,,,,,,,,,肉バル 肉ソン大統領,1.0,False
5660.0,焼肉 笑,,,,,,,,,,,,焼肉 笑,1.0,False
5662.0,トラットリア・ラ・テスタドゥーラ ,,,,,,,,,,,,トラットリア・ラ・テスタドゥーラ,1.0,False
5663.0,鳥取和牛オレイン55一頭買い専門店 炭火焼肉 さんこう苑,,,,,,,,,,,,鳥取和牛オレイン55一頭買い専門店 炭火焼肉 さんこう苑,1.0,False
5664.0,キッチン・イシガキ,,,,,,,,,,,,キッチン・イシガキ,1.0,False
5665.0,神田餃子居酒屋WARASHIBE GYOZA,,,,,,,,,,,,神田餃子居酒屋WARASHIBE GYOZA,1.0,False
5666.0,キャンティ デュエ,,,,,,,,,,,,キャンティ デュエ,1.0,False
5667.0,Sala Spa,,,,,,,,,,,,Sala Spa,1.0,False
5669.0,カラシビつけ麺 鬼金棒 ,,,,,,,,,,,,カラシビつけ麺 鬼金棒,1.0,False
5670.0,神田新八,,,,,,,,,,,,神田新八,1.0,False
5672.0,広島焼 HIDE坊 神田店 ,,,,,,,,,,,,広島焼 HIDE坊,1.0,False
5673.0,Italian Bar 2538 GEMS神田店,,,,,,,,,,,,Italian Bar 2538,1.0,False
5674.0,CHEESE FAICAL 神田店,,,,,,,,,,,,CHEESE FAICAL,1.0,False
5675.0,スパイスボックス,,,,,,,,,,,,スパイスボックス,1.0,False
5676.0,BISTRO BROOK KITCHEN,,,,,,,,,,,,BISTRO BROOK KITCHEN,1.0,False
5677.0,まる豚 ,,,,,,,,,,,,まる豚,1.0,False
5678.0,Mr. Happy 神保町,,,,,,,,,,,,Mr. Happy 神保町,1.0,False
5679.0,グリル&ビアカフェ gaarden(ガーデン),,,,,,,,,,,,グリル&ビアカフェ gaarden,1.0,False
5680.0,路地裏バルO's ,,,,,,,,,,,,路地裏バルO's,1.0,False
5681.0,GOOD MORNING CAFE 錦町,,,,,,,,,,,,GOOD MORNING CAFE 錦町,1.0,False
5682.0,東京アスリート食堂 本店,,,,,,,,,,,,東京アスリート食堂,1.0,False
5683.0,恵比寿餃子 大豊記 水道橋,,,,,,,,,,,,恵比寿餃子 大豊記 水道橋,1.0,False
5684.0,水道橋 海老バル,,,,,,,,,,,,水道橋 海老バル,1.0,False
5685.0,焼肉 京城 水道橋店 ,,,,,,,,,,,,焼肉 京城,1.0,False
5686.0,カレー&オリエンタルバル 桃の実 水道橋店,,,,,,,,,,,,カレー&オリエンタルバル 桃の実,1.0,False
5687.0,合掌 水道橋店,,,,,,,,,,,,合掌,1.0,False
5688.0,熟成肉&WINE Bistro29 ,,,,,,,,,,,,熟成肉&WINE Bistro29,1.0,False
5689.0,淡路町カフェ カプチェットロッソ,,,,,,,,,,,,淡路町カフェ カプチェットロッソ,1.0,False
5692.0,牡蠣ビストロ貝殻荘 飯田橋サクラテラス店,,,,,,,,,,,,牡蠣ビストロ貝殻荘,1.0,False
5693.0,ピッツェリア・ドォーロ 麹町店,,,,,,,,,,,,ピッツェリア・ドォーロ,2.0,False
5694.0,メソン・セルバンテス,,,,,,,,,,,,メソン・セルバンテス,1.0,False
5695.0,GARB CENTRAL,,,,,,,,,,,,GARB CENTRAL,1.0,False
5696.0,オールドタイランド市ヶ谷,,,,,,,,,,,,オールドタイランド市ヶ谷,1.0,False
5697.0,IRORI,,,,,,,,,,,,IRORI,1.0,False
5698.0,魚食堂きてれつ,,,,,,,,,,,,魚食堂きてれつ,1.0,False
5699.0,大阪焼肉・ホルモン ふたご 人形町店,,,,,,,,,,,,大阪焼肉・ホルモン ふたご,2.0,False
5702.0,キュル・ド・サック ,,,,,,,,,,,,キュル・ド・サック,1.0,False
5703.0,北海道八雲町 三越前店,,,,,,,,,,,,北海道八雲町,1.0,False
5704.0,CAFE SALVADOR BUSINESS SALON,,,,,,,,,,,,CAFE SALVADOR BUSINESS SALON,1.0,False
5705.0,北海道八雲町 日本橋別館,,,,,,,,,,,,北海道八雲町 日本橋別館,1.0,False
5706.0,カキ酒場 北海道厚岸 日本橋本店,,,,,,,,,,,,カキ酒場 北海道厚岸 日本橋,1.0,False
5707.0,熟成魚場 福井県美浜町 日本橋本店,,,,,,,,,,,,熟成魚場 福井県美浜町 日本橋,1.0,False
5708.0,高知県芸西村 土佐鴨 日本橋,,,,,,,,,,,,高知県芸西村 土佐鴨 日本橋,1.0,False
5709.0,薮伊豆総本店,,,,,,,,,,,,薮伊豆,1.0,False
5711.0,ジャスミンタイレストラン 八重洲店,,,,,,,,,,,,ジャスミンタイレストラン,2.0,False
5712.0,佐賀県三瀬村ふもと赤鶏 八重洲店,,,,,,,,,,,,佐賀県三瀬村ふもと赤鶏,3.0,False
5713.0,京都 瓢喜 京橋店,,,,,,,,,,,,京都 瓢喜,1.0,False
5714.0,金の独楽,,,,,,,,,,,,金の独楽,1.0,False
5716.0,京都 瓢喜 銀座本店,,,,,,,,,,,,京都 瓢喜 銀座,1.0,False
5717.0,カフェ ラ・ボエム 銀座,,,,,,,,,,,,カフェ ラ・ボエム 銀座,1.0,False
5718.0,焼肉 うしごろ 銀座店,,,,,,,,,,,,焼肉 うしごろ,2.0,False
5719.0,焼肉 うしごろ 銀座並木通り店,,,,,,,,,,,,焼肉 うしごろ,2.0,False
5720.0,天ぷら やす田,,,,,,,,,,,,天ぷら やす田,2.0,False
5721.0,銀座夜市,,,,,,,,,,,,銀座夜市,1.0,False
5722.0,銀座ひらい,,,,,,,,,,,,銀座ひらい,1.0,False
5723.0,銀座 水炊き 笹二,,,,,,,,,,,,銀座 水炊き 笹二,1.0,False
5724.0,すし縁,,,,,,,,,,,,すし縁,1.0,False
5725.0,銀座トレオン 16区,,,,,,,,,,,,銀座トレオン 16区,1.0,False
5726.0,GINZA芳園,,,,,,,,,,,,GINZA芳園,1.0,False
5727.0,銀座 扇や,,,,,,,,,,,,銀座 扇や,1.0,False
5728.0,カリーナ イル・キャンティ,,,,,,,,,,,,カリーナ イル・キャンティ,1.0,False
5729.0,いしづか,,,,,,,,,,,,いしづか,1.0,False
5730.0,銀座 海老料理&和牛レストラン マダムシュリンプ東京,,,,,,,,,,,,銀座 海老料理&和牛レストラン マダムシュリンプ東京,1.0,False
5731.0,焼肉会席 舌牛 銀座店,,,,,,,,,,,,焼肉会席 舌牛,1.0,False
5732.0,加藤牛肉店 銀座,,,,,,,,,,,,加藤牛肉店 銀座,1.0,False
5733.0,銀座楸,,,,,,,,,,,,銀座楸,1.0,False
5734.0,ケンゾーエステイトワイナリー 銀座店,,,,,,,,,,,,ケンゾーエステイトワイナリー,1.0,False
5735.0,PHAKCHI JO'S,,,,,,,,,,,,PHAKCHI JO'S,1.0,False
5736.0,アロセリア ラ パンサ,,,,,,,,,,,,アロセリア ラ パンサ,1.0,False
5737.0,焼き鳥・博多水炊き 座和めき 銀座本店,,,,,,,,,,,,焼き鳥・博多水炊き 座和めき 銀座,1.0,False
5738.0,飛騨牛一頭家 馬喰一代 銀座,,,,,,,,,,,,飛騨牛一頭家 馬喰一代 銀座,1.0,False
5739.0,ヴォメロ,,,,,,,,,,,,ヴォメロ,1.0,False
5740.0,中国名菜処 悟空 ,,,,,,,,,,,,中国名菜処 悟空,1.0,False
5741.0,カツキ 銀座本店,,,,,,,,,,,,カツキ 銀座,1.0,False
5742.0,銀座フォワグラ,,,,,,,,,,,,銀座フォワグラ,1.0,False
5743.0,銀座伴助 銀座本店,,,,,,,,,,,,銀座伴助 銀座,2.0,False
5744.0,銀座魚勝,,,,,,,,,,,,銀座魚勝,1.0,False
5745.0,カフェ ラ・ボエム G-Zone銀座,,,,,,,,,,,,カフェ ラ・ボエム G-Zone銀座,1.0,False
5746.0,SUSHI 権八 G-Zone銀座,,,,,,,,,,,,SUSHI 権八 G-Zone銀座,1.0,False
5747.0,権八 G-Zone 銀座,,,,,,,,,,,,権八 G-Zone 銀座,1.0,False
5748.0,モンスーンカフェ G-Zone 銀座,,,,,,,,,,,,モンスーンカフェ G-Zone 銀座,1.0,False
5749.0,ゼストキャンティナ― G-Zone 銀座,,,,,,,,,,,,ゼストキャンティナ― G-Zone 銀座,1.0,False
5750.0,鳥とも,,,,,,,,,,,,鳥とも,1.0,False
5751.0,ビストロチカラ,,,,,,,,,,,,ビストロチカラ,2.0,False
5753.0,鉄板焼はじめ,,,,,,,,,,,,鉄板焼はじめ,1.0,False
5754.0,鯨の胃袋,,,,,,,,,,,,鯨の胃袋,1.0,False
5755.0,大阪焼肉・ホルモン ふたご新橋本館,,,,,,,,,,,,大阪焼肉・ホルモン ふたご新橋本館,1.0,False
5757.0,タイの食卓 オールドタイランド 新橋店,,,,,,,,,,,,タイの食卓 オールドタイランド,1.0,False
5759.0,ピッツェリア・ドォーロ 新橋店,,,,,,,,,,,,ピッツェリア・ドォーロ,2.0,False
5762.0,いいとこ鶏,,,,,,,,,,,,いいとこ鶏,1.0,False
5763.0,牛かつと和酒バル koda,,,,,,,,,,,,牛かつと和酒バル koda,1.0,False
5765.0,ニコラス 新橋店,,,,,,,,,,,,ニコラス,1.0,False
5766.0,地鶏屋ごくう 新橋本店,,,,,,,,,,,,地鶏屋ごくう 新橋,1.0,False
5767.0,焼肉職人 ベアーズ 新橋店,,,,,,,,,,,,焼肉職人 ベアーズ,1.0,False
5768.0,アルベルゴ,,,,,,,,,,,,アルベルゴ,1.0,False
5769.0,オステリア パージナ,,,,,,,,,,,,オステリア パージナ,1.0,False
5770.0,秀苑天,,,,,,,,,,,,秀苑天,1.0,False
5771.0,Gold Fin 過門香 新橋店,,,,,,,,,,,,Gold Fin 過門香,1.0,False
5772.0,Tokyo焼売マニア,,,,,,,,,,,,Tokyo焼売マニア,1.0,False
5773.0,ビーフン東,,,,,,,,,,,,ビーフン東,1.0,False
5774.0,ビストロ・ソングラム 新橋店,,,,,,,,,,,,ビストロ・ソングラム,1.0,False
5776.0,焼肉ここから 大門浜松町店,,,,,,,,,,,,焼肉ここから,1.0,False
5777.0,燻製Dining OJIJI,,,,,,,,,,,,燻製Dining OJIJI,1.0,False
5779.0,豚しゃぶしゃぶ・炭火焼 座和めき 浜松町,,,,,,,,,,,,豚しゃぶしゃぶ・炭火焼 座和めき 浜松町,1.0,False
5780.0,バルティザン ブレッドアンドパスタ ,,,,,,,,,,,,バルティザン ブレッドアンドパスタ,1.0,False
5781.0,BESIDE SEASIDE,,,,,,,,,,,,BESIDE SEASIDE,1.0,False
5782.0,エノテカ ドォーロ オンニジョルノ ,,,,,,,,,,,,エノテカ ドォーロ オンニジョルノ,1.0,False
5783.0,佐賀県三瀬村ふもと赤鶏 田町本店,,,,,,,,,,,,佐賀県三瀬村ふもと赤鶏 田町,1.0,False
5784.0,フィッシュバンク トーキョー,,,,,,,,,,,,フィッシュバンク トーキョー,1.0,False
5786.0,麻布淺井,,,,,,,,,,,,麻布淺井,1.0,False
5787.0,西麻布 吾空,,,,,,,,,,,,西麻布 吾空,1.0,False
5788.0,にくだらけ,,,,,,,,,,,,にくだらけ,1.0,False
5789.0,ahill azabu,,,,,,,,,,,,ahill azabu,1.0,False
5790.0,寿司 はせ川 西麻布店,,,,,,,,,,,,寿司 はせ川,1.0,False
5791.0,USHIMITSU NISHIAZABU,,,,,,,,,,,,USHIMITSU NISHIAZABU,1.0,False
5792.0,西麻布 焼肉 X,,,,,,,,,,,,西麻布 焼肉 X,1.0,False
5793.0,the ringo,,,,,,,,,,,,the ringo,1.0,False
5794.0,十々 西麻布店,,,,,,,,,,,,十々,1.0,False
5795.0,松阪牛炭火焼肉 東海亭,,,,,,,,,,,,松阪牛炭火焼肉 東海亭,1.0,False
5796.0,うし松,,,,,,,,,,,,うし松,1.0,False
5797.0,胡同 西麻布店,,,,,,,,,,,,胡同,1.0,False
5798.0,焼肉 うしごろ 西麻布本店,,,,,,,,,,,,焼肉 うしごろ 西麻布,1.0,False
5799.0,焼肉ステーキ あつし,,,,,,,,,,,,焼肉ステーキ あつし,1.0,False
5800.0,SUSHI 権八 西麻布,,,,,,,,,,,,SUSHI 権八 西麻布,1.0,False
5801.0,権八西麻布,,,,,,,,,,,,権八西麻布,1.0,False
5803.0,豚組 しゃぶ庵六本木店,,,,,,,,,,,,豚組,1.0,False
5805.0,シェイブシェイブ,,,,,,,,,,,,シェイブシェイブ,1.0,False
5806.0,六本木 肉とワイン Uchibito,,,,,,,,,,,,六本木 肉とワイン Uchibito,1.0,False
5807.0,8PLACE The Kitchen & Bar 六本木,,,,,,,,,,,,8PLACE The Kitchen & Bar 六本木,1.0,False
5808.0,六本木 とりや幸,,,,,,,,,,,,六本木 とりや幸,1.0,False
5809.0,喃喃 本店,,,,,,,,,,,,喃喃,1.0,False
5810.0,KINKA sushi bar izakaya 六本木,,,,,,,,,,,,KINKA sushi bar izakaya 六本木,1.0,False
5811.0,カフェ フランジパニ,,,,,,,,,,,,カフェ フランジパニ,1.0,False
5812.0,鉄板焼き あおやま,,,,,,,,,,,,鉄板焼き あおやま,1.0,False
5813.0,Empire Steak House Roppongi,,,,,,,,,,,,Empire Steak House Roppongi,1.0,False
5814.0,六本木 すし巽,,,,,,,,,,,,六本木 すし巽,1.0,False
5815.0,創作お茶漬け専門店 だよね。 六本木店,,,,,,,,,,,,創作お茶漬け専門店 だよね。,1.0,False
5816.0,焼肉 433,,,,,,,,,,,,焼肉 433,1.0,False
5817.0,とさか 六本木,,,,,,,,,,,,とさか 六本木,1.0,False
5818.0,IL FIGO INGORDO,,,,,,,,,,,,IL FIGO INGORDO,1.0,False
5819.0,六本木 焼肉きらく,,,,,,,,,,,,六本木 焼肉きらく,1.0,False
5820.0,旬熟成 六本木店,,,,,,,,,,,,旬熟成,1.0,False
5821.0,ハードロックカフェ 東京,,,,,,,,,,,,ハードロックカフェ 東京,1.0,False
5822.0,焼肉白炭,,,,,,,,,,,,焼肉白炭,1.0,False
5823.0,サカナバル グリル,,,,,,,,,,,,サカナバル グリル,1.0,False
5824.0,焼とり いちかわ,,,,,,,,,,,,焼とり いちかわ,1.0,False
5825.0,焼肉膳所 龍土町 匠,,,,,,,,,,,,焼肉膳所 龍土町 匠,1.0,False
5826.0,なかみ屋本店,,,,,,,,,,,,なかみ屋,1.0,False
5827.0,鮨 由う,,,,,,,,,,,,鮨 由う,1.0,False
5828.0,六本木焼肉Kintan,,,,,,,,,,,,六本木焼肉Kintan,1.0,False
5829.0,ジャスミンタイレストラン 六本木本店,,,,,,,,,,,,ジャスミンタイレストラン 六本木,1.0,False
5830.0,りょう,,,,,,,,,,,,りょう,1.0,False
5831.0,Bar 夜光虫,,,,,,,,,,,,Bar 夜光虫,1.0,False
5832.0,御料理 辻,,,,,,,,,,,,御料理 辻,1.0,False
5833.0,十番右京,,,,,,,,,,,,十番右京,2.0,False
5834.0,三と十,,,,,,,,,,,,三と十,1.0,False
5835.0,麻布 あみ城,,,,,,,,,,,,麻布 あみ城,1.0,False
5836.0,パナメ,,,,,,,,,,,,パナメ,1.0,False
5837.0,Gyoza Bar Chaozu,,,,,,,,,,,,Gyoza Bar Chaozu,1.0,False
5838.0,かなざわ,,,,,,,,,,,,かなざわ,1.0,False
5839.0,麻布十番しも井,,,,,,,,,,,,麻布十番しも井,1.0,False
5840.0,飄香 麻布十番本店,,,,,,,,,,,,飄香 麻布十番,1.0,False
5841.0,十一,,,,,,,,,,,,十一,1.0,False
5842.0,仙台坂 ひむか,,,,,,,,,,,,仙台坂 ひむか,1.0,False
5843.0,ALLIE,,,,,,,,,,,,ALLIE,1.0,False
5844.0,焼肉苑 麻布十番店,,,,,,,,,,,,焼肉苑,2.0,False
5845.0,花十番 麻布十番店,,,,,,,,,,,,花十番,2.0,False
5846.0,中目黒いぐち 麻布十番店,,,,,,,,,,,,中目黒いぐち,2.0,False
5847.0,カフェ ラ・ボエム 麻布十番,,,,,,,,,,,,カフェ ラ・ボエム 麻布十番,1.0,False
5848.0,蝦夷屋,,,,,,,,,,,,蝦夷屋,1.0,False
5849.0,クラージュ,,,,,,,,,,,,クラージュ,2.0,False
5850.0,麻布十番松栄寿司,,,,,,,,,,,,麻布十番松栄寿司,1.0,False
5851.0,麻布 とさか,,,,,,,,,,,,麻布 とさか,1.0,False
5852.0,釜津田,,,,,,,,,,,,釜津田,1.0,False
5853.0,中国料理 桂亭,,,,,,,,,,,,中国料理 桂亭,1.0,False
5854.0,グリル満天星 麻布十番 本店 ,,,,,,,,,,,,グリル満天星 麻布十番,1.0,False
5855.0,ボンコローネ,,,,,,,,,,,,ボンコローネ,1.0,False
5856.0,麻布十番 燻製apartment 別邸,,,,,,,,,,,,麻布十番 燻製apartment 別邸,1.0,False
5857.0,タストゥー,,,,,,,,,,,,タストゥー,1.0,False
5859.0,オービカモッツァレラバー 東京ミッドタウン店,,,,,,,,,,,,オービカモッツァレラバー,1.0,False
5860.0,ロウリーズ 赤坂店,,,,,,,,,,,,ロウリーズ,2.0,False
5861.0,ペスカデリア 赤坂店,,,,,,,,,,,,ペスカデリア,1.0,False
5864.0,赤坂ゆうが,,,,,,,,,,,,赤坂ゆうが,1.0,False
5865.0,EZO,,,,,,,,,,,,EZO,1.0,False
5866.0,野菜がおいしい LONGING HOUSE,,,,,,,,,,,,野菜がおいしい LONGING HOUSE,1.0,False
5867.0,カフェ ラ・ボエム 北青山,,,,,,,,,,,,カフェ ラ・ボエム 北青山,1.0,False
5868.0,モンスーンカフェ 表参道,,,,,,,,,,,,モンスーンカフェ 表参道,1.0,False
5870.0,リストランテ・ホンダ,,,,,,,,,,,,リストランテ・ホンダ,1.0,False
5871.0,表参道焼肉KINTAN,,,,,,,,,,,,表参道焼肉KINTAN,1.0,False
5872.0,否否三杯,,,,,,,,,,,,否否三杯,1.0,False
5874.0,ひごの屋 表参道店,,,,,,,,,,,,ひごの屋,1.0,False
5875.0,薩摩 牛の蔵 広尾本店 ,,,,,,,,,,,,薩摩 牛の蔵 広尾,1.0,False
5876.0,"Terres de Truffes, Tokyo",,,,,,,,,,,,"Terres de Truffes, Tokyo",2.0,False
5877.0,イル テアトリーノ ダ サローネ,,,,,,,,,,,,イル テアトリーノ ダ サローネ,1.0,False
5878.0,御料理宮坂,,,,,,,,,,,,御料理宮坂,1.0,False
5879.0,バルティザン ブレッドファクトリー,,,,,,,,,,,,バルティザン ブレッドファクトリー,1.0,False
5880.0,青山まんぷく,,,,,,,,,,,,青山まんぷく,1.0,False
5881.0,てのしま,,,,,,,,,,,,てのしま,2.0,False
5882.0,希須林,,,,,,,,,,,,希須林,1.0,False
5883.0,発酵居酒屋5,,,,,,,,,,,,発酵居酒屋5,1.0,False
5885.0,五韓満足 田町店,,,,,,,,,,,,五韓満足,1.0,False
5887.0,Wee Nam Kee 日本本店,,,,,,,,,,,,Wee Nam Kee 日本,1.0,False
5888.0,カフェ ラ・ボエム 白金,,,,,,,,,,,,カフェ ラ・ボエム 白金,1.0,False
5892.0,グッドモーニングカフェ品川シーズンテラス,,,,,,,,,,,,グッドモーニングカフェ品川シーズンテラス,1.0,False
5893.0,匠のローストビーフ キッチン フォーク,,,,,,,,,,,,匠のローストビーフ キッチン フォーク,1.0,False
5894.0,レストラン香味屋,,,,,,,,,,,,レストラン香味屋,2.0,False
5895.0,根ぎし 宮川,,,,,,,,,,,,根ぎし 宮川,1.0,False
5896.0,入谷鬼子母神門前のだや,,,,,,,,,,,,入谷鬼子母神門前のだや,1.0,False
5898.0,房家上野6丁目,,,,,,,,,,,,房家上野6丁目,1.0,False
5899.0,キープアンドタッチ,,,,,,,,,,,,キープアンドタッチ,1.0,False
5900.0,プロースト東京 ソーセージ&燻製バル 上野店,,,,,,,,,,,,プロースト東京 ソーセージ&燻製バル,1.0,False
5901.0,TOKYO 焼肉 ごぉ,,,,,,,,,,,,TOKYO 焼肉 ごぉ,1.0,False
5902.0,陽山道 上野本店,,,,,,,,,,,,陽山道 上野,1.0,False
5903.0,陽山道 上野広小路店,,,,,,,,,,,,陽山道,3.0,False
5904.0,陽山道 上野駅前店,,,,,,,,,,,,陽山道,3.0,False
5905.0,ラ ココリコ 上野本店 ,,,,,,,,,,,,ラ ココリコ 上野,1.0,False
5906.0,上野 太昌園 上野駅前店 ,,,,,,,,,,,,上野 太昌園,1.0,False
5907.0,西口やきとん 御徒町店,,,,,,,,,,,,西口やきとん,1.0,False
5908.0,クリエーション ジャパニーズフード 81+,,,,,,,,,,,,クリエーション ジャパニーズフード 81+,1.0,False
5910.0,Bistrot Lucci ,,,,,,,,,,,,Bistrot Lucci,1.0,False
5911.0,ハリマ・ケバブ・ビリヤニ,,,,,,,,,,,,ハリマ・ケバブ・ビリヤニ,1.0,False
5912.0,ボスコ イル・キャンティ,,,,,,,,,,,,ボスコ イル・キャンティ,1.0,False
5914.0,沖縄 肉酒場 ぬちぐすい 浅草店,,,,,,,,,,,,沖縄 肉酒場 ぬちぐすい,1.0,False
5915.0,焼肉BEAST ,,,,,,,,,,,,焼肉BEAST,1.0,False
5916.0,FEBRUARY KITCHEN,,,,,,,,,,,,FEBRUARY KITCHEN,1.0,False
5918.0,権八浅草吾妻橋,,,,,,,,,,,,権八浅草吾妻橋,1.0,False
5919.0,ピッツェリア サン グスト,,,,,,,,,,,,ピッツェリア サン グスト,1.0,False
5920.0,TROIS CUIT ASANUMA ,,,,,,,,,,,,TROIS CUIT ASANUMA,1.0,False
5921.0,ボン花火,,,,,,,,,,,,ボン花火,1.0,False
5922.0,リバーサイドカフェ シエロイリオ,,,,,,,,,,,,リバーサイドカフェ シエロイリオ,1.0,False
5923.0,青いナポリ,,,,,,,,,,,,青いナポリ,1.0,False
5924.0,四川料理 胡一刀四代目,,,,,,,,,,,,四川料理 胡一刀四代目,1.0,False
5925.0,ババ・ガンプ・シュリンプ 東京,,,,,,,,,,,,ババ・ガンプ・シュリンプ 東京,1.0,False
5926.0,イタリアン酒場SORRISOLE,,,,,,,,,,,,イタリアン酒場SORRISOLE,1.0,False
5927.0,やきとん酒場 マルコ,,,,,,,,,,,,やきとん酒場 マルコ,1.0,False
5929.0,なるたか,,,,,,,,,,,,なるたか,1.0,False
5930.0,hide mode,,,,,,,,,,,,hide mode,1.0,False
5931.0,ラ クッチーナ ビバーチェ,,,,,,,,,,,,ラ クッチーナ ビバーチェ,1.0,False
5932.0,ソレイユ ドゥ マタン,,,,,,,,,,,,ソレイユ ドゥ マタン,1.0,False
5933.0,つち活,,,,,,,,,,,,つち活,1.0,False
5934.0,海鮮大衆酒場ル うなり,,,,,,,,,,,,海鮮大衆酒場ル うなり,1.0,False
5936.0,肉小屋 板橋本店 和牛・ジビエ,,,,,,,,,,,,肉小屋 板橋本店 和牛・ジビエ,1.0,False
5937.0,トムボーイカフェ 十条本店,,,,,,,,,,,,トムボーイカフェ 十条,1.0,False
5938.0,チャ~ボン 多福楼 十条駅前店,,,,,,,,,,,,チャ~ボン 多福楼,2.0,False
5939.0,クラフトビール&イタリアンバル レイブンズ,,,,,,,,,,,,クラフトビール&イタリアンバル レイブンズ,1.0,False
5940.0,赤羽スペインバルCirco,,,,,,,,,,,,赤羽スペインバルCirco,1.0,False
5941.0,寿し和 赤羽店,,,,,,,,,,,,寿し和,1.0,False
5942.0,チェゴヤ 赤羽店,,,,,,,,,,,,チェゴヤ,1.0,False
5943.0,炭火晩酌屋はればれ,,,,,,,,,,,,炭火晩酌屋はればれ,1.0,False
5944.0,東京バル ,,,,,,,,,,,,東京バル,1.0,False
5945.0,川栄 ,,,,,,,,,,,,川栄,1.0,False
5946.0,和牛一頭買 焼肉 樹々 juju,,,,,,,,,,,,和牛一頭買 焼肉 樹々 juju,1.0,False
5947.0,戴天ふぐ 赤羽,,,,,,,,,,,,戴天ふぐ 赤羽,1.0,False
5948.0,醸し屋素郎slow,,,,,,,,,,,,醸し屋素郎slow,1.0,False
5949.0,グッドミート・バル,,,,,,,,,,,,グッドミート・バル,1.0,False
5950.0,エベレストカレー,,,,,,,,,,,,エベレストカレー,1.0,False
5951.0,房家西日暮里本店,,,,,,,,,,,,房家西日暮里,1.0,False
5953.0,ステーキ The 高橋 ,,,,,,,,,,,,ステーキ The 高橋,1.0,False
5954.0,旬菜ダイニング 新,,,,,,,,,,,,旬菜ダイニング 新,1.0,False
5955.0,Darjeeling Spice,,,,,,,,,,,,Darjeeling Spice,1.0,False
5956.0,via A,,,,,,,,,,,,via A,1.0,False
5957.0,アダッキオ,,,,,,,,,,,,アダッキオ,1.0,False
5958.0,美美 ,,,,,,,,,,,,美美,1.0,False
5959.0,さかなや いいとこ 北千住店,,,,,,,,,,,,さかなや いいとこ,1.0,False
5960.0,和食ビストロ寛,,,,,,,,,,,,和食ビストロ寛,1.0,False
5961.0,わかば堂,,,,,,,,,,,,わかば堂,1.0,False
5962.0,九龍酒樓,,,,,,,,,,,,九龍酒樓,1.0,False
5963.0,さかなや別邸,,,,,,,,,,,,さかなや別邸,1.0,False
5964.0,雑賀 北千住駅前店,,,,,,,,,,,,雑賀,1.0,False
5965.0,鉄板TOKYO ,,,,,,,,,,,,鉄板TOKYO,1.0,False
5966.0,Italian Dining Vittoria 北千住店 ,,,,,,,,,,,,Italian Dining Vittoria,1.0,False
5967.0,北千住 とんとん,,,,,,,,,,,,北千住 とんとん,1.0,False
5968.0,ロティ 千住,,,,,,,,,,,,ロティ 千住,1.0,False
5969.0,Asu a VIVANT ,,,,,,,,,,,,Asu a VIVANT,1.0,False
5970.0,ASIAN BISTRO REW,,,,,,,,,,,,ASIAN BISTRO REW,1.0,False
5971.0,さかなさま 北千住本店,,,,,,,,,,,,さかなさま 北千住,1.0,False
5972.0,オステリア ヨシ,,,,,,,,,,,,オステリア ヨシ,1.0,False
5973.0,食彩Kikumizu,,,,,,,,,,,,食彩Kikumizu,1.0,False
5974.0,萌蔵,,,,,,,,,,,,萌蔵,1.0,False
5975.0,Italian bar 2538 ,,,,,,,,,,,,Italian bar 2538,1.0,False
5976.0,北千住ワイン酒場 Bistro2538 ,,,,,,,,,,,,北千住ワイン酒場 Bistro2538,1.0,False
5977.0,和Bistro2538,,,,,,,,,,,,和Bistro2538,1.0,False
5978.0,あさり食堂,,,,,,,,,,,,あさり食堂,1.0,False
5979.0,WINE & DINE Vinogris KITASENJYU,,,,,,,,,,,,WINE & DINE Vinogris KITASENJYU,1.0,False
5980.0,LA CULIYA ,,,,,,,,,,,,LA CULIYA,1.0,False
5981.0,チャハヤ,,,,,,,,,,,,チャハヤ,1.0,False
5982.0,寿し×酒場 まるはな屋 本店,,,,,,,,,,,,寿し×酒場 まるはな屋,1.0,False
5983.0,The四季處 飛来,,,,,,,,,,,,The四季處 飛来,1.0,False
5984.0,黒毛和牛とラクレット専門店 ワインバル 80 梅島店 ,,,,,,,,,,,,黒毛和牛とラクレット専門店 ワインバル 80,1.0,False
5986.0,生焼きホルモン 元家 西新井本町本店,,,,,,,,,,,,生焼きホルモン 元家 西新井本町,1.0,False
5987.0,沖縄家庭料理ちゃぁ〜まぁじゅん,,,,,,,,,,,,沖縄家庭料理ちゃぁ〜まぁじゅん,1.0,False
5988.0,うまいもん串酒場ありがたや,,,,,,,,,,,,うまいもん串酒場ありがたや,1.0,False
5989.0,Hamburg Will 錦糸町,,,,,,,,,,,,Hamburg Will 錦糸町,1.0,False
5990.0,両国テラスカフェ,,,,,,,,,,,,両国テラスカフェ,1.0,False
5991.0,焼肉ここから 錦糸町本店,,,,,,,,,,,,焼肉ここから 錦糸町,1.0,False
5994.0,陽山道 篠崎店,,,,,,,,,,,,陽山道,3.0,False
5995.0,鉄板ダイニング KUNI,,,,,,,,,,,,鉄板ダイニング KUNI,1.0,False
5996.0,pizzeria FILONICO,,,,,,,,,,,,pizzeria FILONICO,1.0,False
5998.0,O2 (オーツー),,,,,,,,,,,,O2,3.0,False
5999.0,Bistro2538 門前仲町店,,,,,,,,,,,,Bistro2538,1.0,False
6000.0,プラスアルファキッチン,,,,,,,,,,,,プラスアルファキッチン,1.0,False
6001.0,アリラン,,,,,,,,,,,,アリラン,1.0,False
6002.0,BAR BREZZA,,,,,,,,,,,,BAR BREZZA,1.0,False
6004.0,ラ・フォンテ,,,,,,,,,,,,ラ・フォンテ,1.0,False
6005.0,ピッツェリア グランデバッボ,,,,,,,,,,,,ピッツェリア グランデバッボ,1.0,False
6006.0,うなぎ小泉,,,,,,,,,,,,うなぎ小泉,1.0,False
6007.0,ワイン&熟成肉 亀戸 ラ ルピカイア,,,,,,,,,,,,ワイン&熟成肉 亀戸 ラ ルピカイア,1.0,False
6008.0,ホルモンナカジ はなれ,,,,,,,,,,,,ホルモンナカジ はなれ,1.0,False
6009.0,横十間川酒造 ガハハビール,,,,,,,,,,,,横十間川酒造 ガハハビール,1.0,False
6010.0,洋風酒場 バル ピッキオ 新木場店,,,,,,,,,,,,洋風酒場 バル ピッキオ,1.0,False
6011.0,うまいもん炙り道場 新木場店,,,,,,,,,,,,うまいもん炙り道場,1.0,False
6014.0,RIDE,,,,,,,,,,,,RIDE,1.0,False
6016.0,大衆肉酒場 ゼニバ,,,,,,,,,,,,大衆肉酒場 ゼニバ,1.0,False
6017.0,銭場精肉店 大井町,,,,,,,,,,,,銭場精肉店 大井町,1.0,False
6020.0,燻製kitchen大井町,,,,,,,,,,,,燻製kitchen大井町,1.0,False
6026.0,Pizzeria&Trattoria GONZO目黒店,,,,,,,,,,,,Pizzeria&Trattoria,1.0,False
6027.0,新目黒茶屋,,,,,,,,,,,,新目黒茶屋,1.0,False
6028.0,ファイヤーホール4000,,,,,,,,,,,,ファイヤーホール4000,2.0,False
6029.0,大阪焼肉・ホルモン ふたご五反田本店,,,,,,,,,,,,大阪焼肉・ホルモン ふたご五反田,1.0,False
6030.0,イタリアン食堂 五反田店,,,,,,,,,,,,イタリアン食堂,1.0,False
6031.0,鳥料理それがし,,,,,,,,,,,,鳥料理それがし,1.0,False
6032.0,燻製kitchen 五反田店,,,,,,,,,,,,燻製kitchen,1.0,False
6033.0,Setouchi Kitchen 五反田店,,,,,,,,,,,,Setouchi Kitchen,1.0,False
6034.0,銭場精肉店 五反田,,,,,,,,,,,,銭場精肉店 五反田,1.0,False
6035.0,食堂とだか,,,,,,,,,,,,食堂とだか,1.0,False
6036.0,とり口,,,,,,,,,,,,とり口,1.0,False
6039.0,うしごろ貫 五反田店,,,,,,,,,,,,うしごろ貫,1.0,False
6040.0,クラフトマン五反田,,,,,,,,,,,,クラフトマン五反田,1.0,False
6041.0,BISTRO COSICOSI,,,,,,,,,,,,BISTRO COSICOSI,1.0,False
6042.0,肴WAIGAYA五反田本店,,,,,,,,,,,,肴WAIGAYA五反田,1.0,False
6043.0,酒場それがし,,,,,,,,,,,,酒場それがし,1.0,False
6044.0,カレーダイニング 太陽堂,,,,,,,,,,,,カレーダイニング 太陽堂,1.0,False
6045.0,バンコク食堂ポーモンコン,,,,,,,,,,,,バンコク食堂ポーモンコン,2.0,False
6046.0,イル・キャンティ 大崎,,,,,,,,,,,,イル・キャンティ 大崎,1.0,False
6047.0,ビストロ ポーカー,,,,,,,,,,,,ビストロ ポーカー,1.0,False
6048.0,らーめん平太周味庵,,,,,,,,,,,,らーめん平太周味庵,1.0,False
6049.0,大衆あげもん酒場 前田屋,,,,,,,,,,,,大衆あげもん酒場 前田屋,1.0,False
6050.0,目黒日本酒ほろよい党,,,,,,,,,,,,目黒日本酒ほろよい党,1.0,False
6051.0,ストン,,,,,,,,,,,,ストン,1.0,False
6052.0,ステーキハウスB&M 戸越店,,,,,,,,,,,,ステーキハウスB&M,3.0,False
6053.0,ステーキハウスB&M 大井本店,,,,,,,,,,,,ステーキハウスB&M 大井,1.0,False
6055.0,神鶏 武蔵小山,,,,,,,,,,,,神鶏 武蔵小山,1.0,False
6056.0,エメ,,,,,,,,,,,,エメ,1.0,False
6057.0,どすこい酒場 玉海力 武蔵小山店,,,,,,,,,,,,どすこい酒場 玉海力,1.0,False
6059.0,マイユ,,,,,,,,,,,,マイユ,1.0,False
6060.0,スペイン食堂石井,,,,,,,,,,,,スペイン食堂石井,1.0,False
6061.0,タパス&タパス 大森山王店,,,,,,,,,,,,タパス&タパス,1.0,False
6063.0,ほいさっさ 蒲田,,,,,,,,,,,,ほいさっさ 蒲田,1.0,False
6064.0,ちゃんぽん食堂 よかばってん,,,,,,,,,,,,ちゃんぽん食堂 よかばってん,1.0,False
6066.0,中国家常飯荘 瑞雲,,,,,,,,,,,,中国家常飯荘 瑞雲,1.0,False
6067.0,ハルナツカフェ (HarunAtsu cafe) ,,,,,,,,,,,,ハルナツカフェ,1.0,False
6068.0,メッツゲライ・ササキ(Metzgerei SASAKI),,,,,,,,,,,,メッツゲライ・ササキ,1.0,False
6069.0,福寿司,,,,,,,,,,,,福寿司,1.0,False
6070.0,とめ丸ブルース,,,,,,,,,,,,とめ丸ブルース,1.0,False
6071.0,酒菜酒房 下丸子一休,,,,,,,,,,,,酒菜酒房 下丸子一休,1.0,False
6072.0,バル369,,,,,,,,,,,,バル369,1.0,False
6074.0,表参道 はるの,,,,,,,,,,,,表参道 はるの,1.0,False
6075.0,権八 NORI-TEMAKI 原宿,,,,,,,,,,,,権八 NORI-TEMAKI 原宿,1.0,False
6076.0,イートリップ,,,,,,,,,,,,イートリップ,1.0,False
6077.0,モツ酒場「kogane」(こがね),,,,,,,,,,,,モツ酒場「kogane」,1.0,False
6078.0,四川料理 龍の子,,,,,,,,,,,,四川料理 龍の子,1.0,False
6079.0,カフェ ラ・ボエム 表参道,,,,,,,,,,,,カフェ ラ・ボエム 表参道,1.0,False
6080.0,マルザック 表参道/MARZAC 表参道,,,,,,,,,,,,マルザック 表参道/MARZAC 表参道,1.0,False
6081.0,LATURE(ラチュレ),,,,,,,,,,,,LATURE,1.0,False
6082.0,なるとキッチン 渋谷店,,,,,,,,,,,,なるとキッチン,1.0,False
6083.0,goo ITALIANO グーイタリアーノ 渋谷本店,,,,,,,,,,,,goo ITALIANO グーイタリアーノ 渋谷,1.0,False
6084.0,ビス トリス (bis tris),,,,,,,,,,,,ビス トリス,1.0,False
6085.0,ガブリシェア 渋谷店 ,,,,,,,,,,,,ガブリシェア,1.0,False
6086.0,HermitageK,,,,,,,,,,,,HermitageK,1.0,False
6087.0,産直青魚専門 恵比寿 御厨,,,,,,,,,,,,産直青魚専門 恵比寿 御厨,1.0,False
6088.0,ウサギ,,,,,,,,,,,,ウサギ,1.0,False
6089.0,酒井商会,,,,,,,,,,,,酒井商会,1.0,False
6090.0,加藤牛肉店 シブツウ,,,,,,,,,,,,加藤牛肉店 シブツウ,1.0,False
6091.0,PUBLIC HOUSE 渋谷,,,,,,,,,,,,PUBLIC HOUSE 渋谷,1.0,False
6092.0,中目黒いぐち 上ル,,,,,,,,,,,,中目黒いぐち 上ル,1.0,False
6093.0,鮨ニシツグ,,,,,,,,,,,,鮨ニシツグ,1.0,False
6094.0,イルチェーロ 恵比寿,,,,,,,,,,,,イルチェーロ 恵比寿,1.0,False
6095.0,nomad,,,,,,,,,,,,nomad,1.0,False
6096.0,caff’e trattoria D’oro ,,,,,,,,,,,,caff’e trattoria D’oro,1.0,False
6097.0,141,,,,,,,,,,,,141,1.0,False
6098.0,レストラン マノワ,,,,,,,,,,,,レストラン マノワ,1.0,False
6099.0,HACHI HACHI 広尾店,,,,,,,,,,,,HACHI HACHI,1.0,False
6100.0,タイ料理 コンロウ 恵比寿,,,,,,,,,,,,タイ料理 コンロウ 恵比寿,1.0,False
6101.0,アレヴェリー テラス,,,,,,,,,,,,アレヴェリー テラス,1.0,False
6102.0,十番右京 恵比寿店,,,,,,,,,,,,十番右京,2.0,False
6104.0,レッドペッパー 恵比寿店,,,,,,,,,,,,レッドペッパー,1.0,False
6105.0,京鼎樓 恵比寿本店,,,,,,,,,,,,京鼎樓 恵比寿,1.0,False
6106.0,白金Baru,,,,,,,,,,,,白金Baru,1.0,False
6107.0,モンスーンカフェ 恵比寿,,,,,,,,,,,,モンスーンカフェ 恵比寿,1.0,False
6108.0,リグニス,,,,,,,,,,,,リグニス,1.0,False
6109.0,鉄板焼キュイジーヌ,,,,,,,,,,,,鉄板焼キュイジーヌ,1.0,False
6110.0,トラットリア ヴィヴァーチェ 恵比寿 ,,,,,,,,,,,,トラットリア ヴィヴァーチェ 恵比寿,1.0,False
6111.0,和cheese TENSAI,,,,,,,,,,,,和cheese TENSAI,1.0,False
6112.0,AELU&BRODO,,,,,,,,,,,,AELU&BRODO,1.0,False
6113.0,グリル アンブロシア 恵比寿,,,,,,,,,,,,グリル アンブロシア 恵比寿,1.0,False
6114.0,アンティーカ・ピッツェリア・ダ・ミケーレ 恵比寿,,,,,,,,,,,,アンティーカ・ピッツェリア・ダ・ミケーレ 恵比寿,1.0,False
6115.0,ソウテン,,,,,,,,,,,,ソウテン,1.0,False
6116.0,恵比寿の隠れ家 魚やころすけ,,,,,,,,,,,,恵比寿の隠れ家 魚やころすけ,1.0,False
6118.0,泡包シャンパンマニア 恵比寿店,,,,,,,,,,,,泡包シャンパンマニア,1.0,False
6119.0,Ku-Fuku,,,,,,,,,,,,Ku-Fuku,1.0,False
6120.0,恵比寿 比内亭,,,,,,,,,,,,恵比寿 比内亭,1.0,False
6121.0,広島やまと&bar,,,,,,,,,,,,広島やまと&bar,1.0,False
6122.0,門 (モン),,,,,,,,,,,,門,1.0,False
6123.0,CHINESE BISTRO 802,,,,,,,,,,,,CHINESE BISTRO 802,1.0,False
6124.0,EBISUBASHI珊瑚,,,,,,,,,,,,EBISUBASHI珊瑚,1.0,False
6125.0,セルサルサーレ selsalsale,,,,,,,,,,,,セルサルサーレ selsalsale,1.0,False
6127.0,TGHearth,,,,,,,,,,,,TGHearth,1.0,False
6128.0,酒 秀治郎,,,,,,,,,,,,酒 秀治郎,1.0,False
6129.0,恵比寿 米ル,,,,,,,,,,,,恵比寿 米ル,1.0,False
6130.0,まごころ創作 しげ田 恵比寿本,,,,,,,,,,,,まごころ創作 しげ田 恵比寿本,1.0,False
6131.0,八寸,,,,,,,,,,,,八寸,1.0,False
6132.0,串遊海鮮 かいり,,,,,,,,,,,,串遊海鮮 かいり,1.0,False
6133.0,ハース,,,,,,,,,,,,ハース,1.0,False
6134.0,中國名菜 龍坊 代官山店,,,,,,,,,,,,中國名菜 龍坊,1.0,False
6135.0,ワインバー エム,,,,,,,,,,,,ワインバー エム,1.0,False
6136.0,博多水炊きと炭火焼き鳥 美神鶏,,,,,,,,,,,,博多水炊きと炭火焼き鳥 美神鶏,1.0,False
6137.0,六角亭 串揚げと和食 ,,,,,,,,,,,,六角亭 串揚げと和食,1.0,False
6138.0,恵比寿 鮨 おぎ乃,,,,,,,,,,,,恵比寿 鮨 おぎ乃,1.0,False
6139.0,フィッシュハウス オイスターバー 恵比寿本店,,,,,,,,,,,,フィッシュハウス オイスターバー 恵比寿,1.0,False
6140.0,代官山焼肉 kintan,,,,,,,,,,,,代官山焼肉 kintan,1.0,False
6141.0,TACUBO,,,,,,,,,,,,TACUBO,1.0,False
6142.0,魚見茶寮,,,,,,,,,,,,魚見茶寮,1.0,False
6143.0,鳥星,,,,,,,,,,,,鳥星,1.0,False
6144.0,喜鈴 別邸,,,,,,,,,,,,喜鈴 別邸,1.0,False
6145.0,中目黒いぐち 恵比寿店,,,,,,,,,,,,中目黒いぐち,2.0,False
6146.0,RODEO hanare,,,,,,,,,,,,RODEO hanare,1.0,False
6147.0,鮨 早川,,,,,,,,,,,,鮨 早川,1.0,False
6148.0,ダンヴィーヴァ,,,,,,,,,,,,ダンヴィーヴァ,1.0,False
6149.0,ristorante della collina,,,,,,,,,,,,ristorante della collina,1.0,False
6150.0,鮨 喜一,,,,,,,,,,,,鮨 喜一,1.0,False
6151.0,アジアン屋台バル クアトロ 恵比寿,,,,,,,,,,,,アジアン屋台バル クアトロ 恵比寿,1.0,False
6152.0,うしごろバンビーナ 恵比寿本店,,,,,,,,,,,,うしごろバンビーナ 恵比寿,1.0,False
6153.0,うしごろ 貫 恵比寿本店,,,,,,,,,,,,うしごろ 貫 恵比寿,1.0,False
6154.0,CINA New Modern Chinese 恵比寿本店,,,,,,,,,,,,CINA New Modern Chinese 恵比寿,1.0,False
6155.0,テッパン ニキ,,,,,,,,,,,,テッパン ニキ,1.0,False
6156.0,尾道てっぱん家 恵比寿丘の上で,,,,,,,,,,,,尾道てっぱん家 恵比寿丘の上で,1.0,False
6157.0,Cheese Tavern CASCINA,,,,,,,,,,,,Cheese Tavern CASCINA,1.0,False
6158.0,焼肉 うしみつ 恵比寿本店,,,,,,,,,,,,焼肉 うしみつ 恵比寿,1.0,False
6159.0,オステリアラリベラ,,,,,,,,,,,,オステリアラリベラ,1.0,False
6160.0,PULS,,,,,,,,,,,,PULS,1.0,False
6161.0,トーチ カフェ,,,,,,,,,,,,トーチ カフェ,1.0,False
6162.0,BISTRO TORICOYA,,,,,,,,,,,,BISTRO TORICOYA,1.0,False
6164.0,渋谷 ガパオ食堂,,,,,,,,,,,,渋谷 ガパオ食堂,1.0,False
6165.0,お好み焼き いまり 渋谷店,,,,,,,,,,,,お好み焼き いまり,1.0,False
6166.0,なごやめし・地酒 名古屋バル 渋谷店,,,,,,,,,,,,なごやめし・地酒 名古屋バル,1.0,False
6167.0,自然派ワインとフランス郷土料理 シュシュ,,,,,,,,,,,,自然派ワインとフランス郷土料理 シュシュ,3.0,False
6169.0,サリーヒルズ,,,,,,,,,,,,サリーヒルズ,1.0,False
6170.0,オステリアウララ,,,,,,,,,,,,オステリアウララ,1.0,False
6171.0,レストラン シェ・リュイ,,,,,,,,,,,,レストラン シェ・リュイ,1.0,False
6172.0,レザンファン ギャテ,,,,,,,,,,,,レザンファン ギャテ,1.0,False
6173.0,LB8,,,,,,,,,,,,LB8,1.0,False
6174.0,daikanyama Q’z cuisine&wine,,,,,,,,,,,,daikanyama Q’z cuisine&wine,1.0,False
6175.0,ベジホリック,,,,,,,,,,,,ベジホリック,1.0,False
6176.0,モンスーンカフェ 代官山,,,,,,,,,,,,モンスーンカフェ 代官山,1.0,False
6177.0,セブンクローバー,,,,,,,,,,,,セブンクローバー,1.0,False
6178.0,Dang Tea House 暖茶房,,,,,,,,,,,,Dang Tea House 暖茶房,1.0,False
6179.0,KINKA sushi bar izakaya,,,,,,,,,,,,KINKA sushi bar izakaya,1.0,False
6180.0,Risotto Cafe 東京基地 渋谷店,,,,,,,,,,,,Risotto Cafe 東京基地,1.0,False
6181.0,UNTITLED,,,,,,,,,,,,UNTITLED,1.0,False
6182.0,N9Y 奥渋店,,,,,,,,,,,,N9Y,1.0,False
6183.0,横浜家系ラーメン 町田商店 渋谷店,,,,,,,,,,,,横浜家系ラーメン 町田商店,1.0,False
6184.0,完全個室×和風料理居酒屋 うみきん,,,,,,,,,,,,完全個室×和風料理居酒屋 うみきん,1.0,False
6185.0,アティックルーム,,,,,,,,,,,,アティックルーム,1.0,False
6186.0,MOGA cafe ,,,,,,,,,,,,MOGA cafe,1.0,False
6187.0,noki shibuya,,,,,,,,,,,,noki shibuya,1.0,False
6188.0,京鼎樓,,,,,,,,,,,,京鼎樓,1.0,False
6189.0,房総ホルモン 道玄坂店,,,,,,,,,,,,房総ホルモン,1.0,False
6190.0,ざぶとん,,,,,,,,,,,,ざぶとん,1.0,False
6191.0,蕎麦由々 金王庵,,,,,,,,,,,,蕎麦由々 金王庵,1.0,False
6192.0,フォルチェ,,,,,,,,,,,,フォルチェ,1.0,False
6193.0,ロブスター&シャンパン Ebizo,,,,,,,,,,,,ロブスター&シャンパン Ebizo,1.0,False
6194.0,USHIHACHI 渋谷店,,,,,,,,,,,,USHIHACHI,1.0,False
6195.0,むつ湊 渋谷本店,,,,,,,,,,,,むつ湊 渋谷,1.0,False
6196.0,デ サリータ 渋谷,,,,,,,,,,,,デ サリータ 渋谷,1.0,False
6197.0,BEE HOUSE 渋谷本店,,,,,,,,,,,,BEE HOUSE 渋谷,1.0,False
6198.0,本格タイ料理バル プアン 渋谷店,,,,,,,,,,,,本格タイ料理バル プアン,1.0,False
6199.0,房総ホルモン 渋谷本店,,,,,,,,,,,,房総ホルモン 渋谷,1.0,False
6200.0,天空の月 渋谷,,,,,,,,,,,,天空の月 渋谷,1.0,False
6201.0,うに小屋 渋谷店,,,,,,,,,,,,うに小屋,1.0,False
6202.0,ワイン酒場 ウラッチェ!,,,,,,,,,,,,ワイン酒場 ウラッチェ!,1.0,False
6203.0,AURELIO,,,,,,,,,,,,AURELIO,1.0,False
6204.0,SUSHI 権八 渋谷,,,,,,,,,,,,SUSHI 権八 渋谷,1.0,False
6205.0,権八渋谷,,,,,,,,,,,,権八渋谷,1.0,False
6206.0,うに小屋 渋谷別邸,,,,,,,,,,,,うに小屋 渋谷別邸,1.0,False
6207.0,ロウリーズ 恵比寿店,,,,,,,,,,,,ロウリーズ,2.0,False
6209.0,シュラスコレストランALEGRIA shibuya,,,,,,,,,,,,シュラスコレストランALEGRIA shibuya,1.0,False
6210.0,本家かのや,,,,,,,,,,,,本家かのや,2.0,False
6211.0,da bere vinitalia ダ ベーレ ヴィニタリア,,,,,,,,,,,,da bere vinitalia ダ ベーレ ヴィニタリア,1.0,False
6213.0,お食事処 ぱるすびーと ,,,,,,,,,,,,お食事処 ぱるすびーと,1.0,False
6214.0,ソムタムダー,,,,,,,,,,,,ソムタムダー,1.0,False
6216.0,代々木タンネ,,,,,,,,,,,,代々木タンネ,1.0,False
6217.0,代々木ビストリア,,,,,,,,,,,,代々木ビストリア,1.0,False
6218.0,イル・キャンティ 代々木公園,,,,,,,,,,,,イル・キャンティ 代々木公園,1.0,False
6219.0,& CHEESE STAND,,,,,,,,,,,,& CHEESE STAND,1.0,False
6220.0,ラファソン古賀,,,,,,,,,,,,ラファソン古賀,1.0,False
6221.0,四季ごはん 晴れ間,,,,,,,,,,,,四季ごはん 晴れ間,1.0,False
6222.0,pigeon 代々木上原,,,,,,,,,,,,pigeon 代々木上原,1.0,False
6223.0,goo ITALIANO グーイタリアーノ 代々木上原店,,,,,,,,,,,,goo ITALIANO グーイタリアーノ,1.0,False
6224.0,代々木上原まんぷく,,,,,,,,,,,,代々木上原まんぷく,1.0,False
6225.0,AELU,,,,,,,,,,,,AELU,1.0,False
6226.0,楽食楽酒まこと,,,,,,,,,,,,楽食楽酒まこと,1.0,False
6227.0,LaLa Chai thaifood & craftbeer,,,,,,,,,,,,LaLa Chai thaifood & craftbeer,1.0,False
6228.0,キャンティ・ノーノ ,,,,,,,,,,,,キャンティ・ノーノ,1.0,False
6231.0,キャンティ 本店,,,,,,,,,,,,キャンティ,1.0,False
6232.0,キャンティ・クアトロ シェルクラブ,,,,,,,,,,,,キャンティ・クアトロ シェルクラブ,1.0,False
6233.0,イル・キャンティ カフェ,,,,,,,,,,,,イル・キャンティ カフェ,1.0,False
6234.0,東京 ITALIAN AKATSUKA,,,,,,,,,,,,東京 ITALIAN AKATSUKA,1.0,False
6235.0,MANIMAL ,,,,,,,,,,,,MANIMAL,1.0,False
6236.0,らーたん,,,,,,,,,,,,らーたん,1.0,False
6237.0,焼肉店 にくる,,,,,,,,,,,,焼肉店 にくる,1.0,False
6238.0,メゾンブルトンヌ ガレット屋,,,,,,,,,,,,メゾンブルトンヌ ガレット屋,1.0,False
6239.0,野菜巻き串 薄田商店 学芸大学店,,,,,,,,,,,,野菜巻き串 薄田商店,1.0,False
6240.0,farm studio #203,,,,,,,,,,,,farm studio #203,1.0,False
6241.0,カンティーナ カーリカ・リ/Cantina Carica ri,,,,,,,,,,,,カンティーナ カーリカ・リ/Cantina Carica ri,1.0,False
6242.0,KINGS,,,,,,,,,,,,KINGS,1.0,False
6243.0,ヒラクヤレガーレ,,,,,,,,,,,,ヒラクヤレガーレ,1.0,False
6244.0,ル モンド グルマン,,,,,,,,,,,,ル モンド グルマン,1.0,False
6245.0,ZEN ROOM,,,,,,,,,,,,ZEN ROOM,1.0,False
6246.0,タイの食卓 クルン・サイアム 自由が丘店,,,,,,,,,,,,タイの食卓 クルン・サイアム,1.0,False
6247.0,山本のハンバーグ 自由が丘店,,,,,,,,,,,,山本のハンバーグ,2.0,False
6248.0,バッボアンジェロ/BABBO ANGELO,,,,,,,,,,,,バッボアンジェロ/BABBO ANGELO,1.0,False
6249.0,Jusqu’au noir 自由が丘(ジュスコノアール ),,,,,,,,,,,,Jusqu’au noir 自由が丘,1.0,False
6250.0,食堂ムラッチョ,,,,,,,,,,,,食堂ムラッチョ,1.0,False
6251.0,L'ATELIER+ / ラトリエプリュ,,,,,,,,,,,,L'ATELIER+ / ラトリエプリュ,1.0,False
6252.0,串かつ 名代,,,,,,,,,,,,串かつ 名代,1.0,False
6253.0,自由が丘 和食×栄養 七参(しちさん),,,,,,,,,,,,自由が丘 和食×栄養 七参,1.0,False
6254.0,SECONDO CASA 自由が丘,,,,,,,,,,,,SECONDO CASA 自由が丘,1.0,False
6255.0,mondo,,,,,,,,,,,,mondo,1.0,False
6256.0,サン マキアージュ,,,,,,,,,,,,サン マキアージュ,1.0,False
6257.0,Bisteria Satollo ビステリア サトッロ,,,,,,,,,,,,Bisteria Satollo ビステリア サトッロ,1.0,False
6258.0,プティマルシェ,,,,,,,,,,,,プティマルシェ,1.0,False
6259.0,D'êtraison デトレゾン,,,,,,,,,,,,D'êtraison デトレゾン,1.0,False
6260.0,Plus Veganique JIYUGAOKA,,,,,,,,,,,,Plus Veganique JIYUGAOKA,1.0,False
6261.0,パームスカフェ 自由が丘店,,,,,,,,,,,,パームスカフェ,1.0,False
6262.0,SHUTTERS(シャッターズ)Luz自由が丘,,,,,,,,,,,,SHUTTERS(シャッターズ)Luz自由が丘,1.0,False
6263.0,魚斉(うおなり),,,,,,,,,,,,魚斉,1.0,False
6264.0,菜道 Saido,,,,,,,,,,,,菜道 Saido,2.0,False
6265.0,ナンリ亭,,,,,,,,,,,,ナンリ亭,1.0,False
6266.0,魚と味 / うおとみ,,,,,,,,,,,,魚と味 / うおとみ,1.0,False
6267.0,Shanghai Dining 状元樓,,,,,,,,,,,,Shanghai Dining 状元樓,1.0,False
6268.0,お好み焼 良,,,,,,,,,,,,お好み焼 良,1.0,False
6269.0,まんぷく,,,,,,,,,,,,まんぷく,1.0,False
6270.0,花十番 自由が丘店,,,,,,,,,,,,花十番,2.0,False
6271.0,LATTE GRAPHIC Jiyugaoka,,,,,,,,,,,,LATTE GRAPHIC Jiyugaoka,1.0,False
6272.0,やき鳥 歩ム,,,,,,,,,,,,やき鳥 歩ム,1.0,False
6273.0,usubane / ウスバネ,,,,,,,,,,,,usubane / ウスバネ,1.0,False
6274.0,ワインとイタリア料理 141,,,,,,,,,,,,ワインとイタリア料理 141,1.0,False
6275.0,Salir,,,,,,,,,,,,Salir,1.0,False
6276.0,ザ・バンフ  / THE BANFF 自由が丘店,,,,,,,,,,,,ザ・バンフ / THE BANFF,1.0,False
6277.0,カフェ ラ・ボエム 自由が丘,,,,,,,,,,,,カフェ ラ・ボエム 自由が丘,1.0,False
6278.0,モンスーンカフェ 自由が丘,,,,,,,,,,,,モンスーンカフェ 自由が丘,1.0,False
6279.0,和牛焼肉 金タレ 自由が丘店,,,,,,,,,,,,和牛焼肉 金タレ,1.0,False
6280.0,OPTIMUM EATS!!,,,,,,,,,,,,OPTIMUM EATS!!,1.0,False
6281.0,Tanterisa Shota,,,,,,,,,,,,Tanterisa Shota,1.0,False
6282.0,炭焼 小料理 わさび,,,,,,,,,,,,炭焼 小料理 わさび,1.0,False
6283.0,GULF’s transit table,,,,,,,,,,,,GULF’s transit table,1.0,False
6284.0,こかげ酒場,,,,,,,,,,,,こかげ酒場,1.0,False
6285.0,ひなたキッチン,,,,,,,,,,,,ひなたキッチン,1.0,False
6286.0,焼鳥きみゆき 自由が丘,,,,,,,,,,,,焼鳥きみゆき 自由が丘,1.0,False
6287.0,もつ焼き勝利はなれ 中目黒店,,,,,,,,,,,,もつ焼き勝利はなれ,1.0,False
6288.0,ステーキなぐら,,,,,,,,,,,,ステーキなぐら,1.0,False
6289.0,焼肉苑 中目黒店,,,,,,,,,,,,焼肉苑,2.0,False
6290.0,シックス バイ ファーイーストクラフト (SiCX by FarEastCraft),,,,,,,,,,,,シックス バイ ファーイーストクラフト,1.0,False
6291.0,中目黒ひつじ 東山店,,,,,,,,,,,,中目黒ひつじ,1.0,False
6293.0,焼鳥やおや,,,,,,,,,,,,焼鳥やおや,1.0,False
6294.0,大阪焼肉・ホルモン ふたご中目黒本館,,,,,,,,,,,,大阪焼肉・ホルモン ふたご中目黒本館,1.0,False
6295.0,目黒川ワイン食堂 マルザック7/MARZAC7 ,,,,,,,,,,,,目黒川ワイン食堂 マルザック7/MARZAC7,1.0,False
6297.0,中目黒 いぐち 本店,,,,,,,,,,,,中目黒 いぐち,1.0,False
6298.0,タコ ファナティコ,,,,,,,,,,,,タコ ファナティコ,1.0,False
6299.0,わっぱ飯 いちや,,,,,,,,,,,,わっぱ飯 いちや,1.0,False
6300.0,コロッセオ中目黒,,,,,,,,,,,,コロッセオ中目黒,1.0,False
6301.0,Moreish 中目黒店,,,,,,,,,,,,Moreish,1.0,False
6302.0,鶏ノ屋,,,,,,,,,,,,鶏ノ屋,1.0,False
6303.0,産直鮮魚と地酒 酒旬亭 中目魚,,,,,,,,,,,,産直鮮魚と地酒 酒旬亭 中目魚,1.0,False
6304.0,鍋焼ぼうず,,,,,,,,,,,,鍋焼ぼうず,1.0,False
6305.0,Steak Dining Vitis,,,,,,,,,,,,Steak Dining Vitis,1.0,False
6306.0,アカベコ,,,,,,,,,,,,アカベコ,1.0,False
6307.0,KUMAMOTODining×あざみ 中目黒店,,,,,,,,,,,,KUMAMOTODining×あざみ,1.0,False
6308.0,和えに ,,,,,,,,,,,,和えに,1.0,False
6309.0,焼肉DOURAKU,,,,,,,,,,,,焼肉DOURAKU,1.0,False
6310.0,Trueberry 中目黒店,,,,,,,,,,,,Trueberry,1.0,False
6311.0,ふぐぶた酒場,,,,,,,,,,,,ふぐぶた酒場,1.0,False
6312.0,マーゴ (margo),,,,,,,,,,,,マーゴ,1.0,False
6313.0,カウンター焼肉専門 焼肉おおにし 祐天寺店,,,,,,,,,,,,カウンター焼肉専門 焼肉おおにし,1.0,False
6314.0,nakameguro燻製apartment,,,,,,,,,,,,nakameguro燻製apartment,1.0,False
6315.0,RODEO,,,,,,,,,,,,RODEO,1.0,False
6316.0,ミタケ・オアシン,,,,,,,,,,,,ミタケ・オアシン,1.0,False
6317.0,へぎそば 匠 中目黒店,,,,,,,,,,,,へぎそば 匠,2.0,False
6318.0,ラ・ルーナ・ロッサ,,,,,,,,,,,,ラ・ルーナ・ロッサ,1.0,False
6319.0,目黒 鳥かど,,,,,,,,,,,,目黒 鳥かど,1.0,False
6320.0,焼肉 乙ちゃん 目黒不動前店,,,,,,,,,,,,焼肉 乙ちゃん,1.0,False
6321.0,カフェ ラ・ボエム 世田谷,,,,,,,,,,,,カフェ ラ・ボエム 世田谷,1.0,False
6322.0,+ruli-ro (ルリイロ),,,,,,,,,,,,+ruli-ro,1.0,False
6323.0,大衆イタリア酒場 ダビンチ Davinci,,,,,,,,,,,,大衆イタリア酒場 ダビンチ Davinci,1.0,False
6324.0,KITCHEN 401,,,,,,,,,,,,KITCHEN 401,1.0,False
6325.0,池尻 ぶらいあん,,,,,,,,,,,,池尻 ぶらいあん,1.0,False
6327.0,焼肉芝浦 三宿店,,,,,,,,,,,,焼肉芝浦,1.0,False
6328.0,三茶呑場 マルコ,,,,,,,,,,,,三茶呑場 マルコ,1.0,False
6329.0,ニューマルコ,,,,,,,,,,,,ニューマルコ,1.0,False
6330.0,コマル,,,,,,,,,,,,コマル,1.0,False
6331.0,LIZARRAN 三軒茶屋,,,,,,,,,,,,LIZARRAN 三軒茶屋,1.0,False
6332.0,三太の庭,,,,,,,,,,,,三太の庭,1.0,False
6333.0,肉汁餃子と小籠包 三茶 ツツミずき,,,,,,,,,,,,肉汁餃子と小籠包 三茶 ツツミずき,1.0,False
6334.0,三軒茶屋 焼肉さかもと,,,,,,,,,,,,三軒茶屋 焼肉さかもと,1.0,False
6335.0,大阪タレ焼肉まる29 produced by Athreebo,,,,,,,,,,,,大阪タレ焼肉まる29 produced by Athreebo,1.0,False
6336.0,オステリアチードゥエ,,,,,,,,,,,,オステリアチードゥエ,1.0,False
6338.0,炭火焼肉 十一,,,,,,,,,,,,炭火焼肉 十一,1.0,False
6339.0,Rikka,,,,,,,,,,,,Rikka,1.0,False
6340.0,カフェ ラ・ボエム 桜新町,,,,,,,,,,,,カフェ ラ・ボエム 桜新町,1.0,False
6341.0,炭焼き権八 桜新町,,,,,,,,,,,,炭焼き権八 桜新町,1.0,False
6342.0,シティ コーヒー セタガヤ 世田谷 (City.Coffee.Setagaya),,,,,,,,,,,,シティ コーヒー セタガヤ 世田谷,1.0,False
6343.0,やきとりshira,,,,,,,,,,,,やきとりshira,1.0,False
6345.0,三軒茶屋燻製201号室,,,,,,,,,,,,三軒茶屋燻製201号室,1.0,False
6346.0,三軒茶屋 鮨かんてら,,,,,,,,,,,,三軒茶屋 鮨かんてら,1.0,False
6347.0,板前焼肉 赤と霜,,,,,,,,,,,,板前焼肉 赤と霜,1.0,False
6348.0,グリルバル マルノワ,,,,,,,,,,,,グリルバル マルノワ,1.0,False
6351.0,胃袋にズキュン,,,,,,,,,,,,胃袋にズキュン,1.0,False
6352.0,カレーの惑星,,,,,,,,,,,,カレーの惑星,1.0,False
6353.0,下北沢熟成室,,,,,,,,,,,,下北沢熟成室,1.0,False
6354.0,魚真 下北沢店,,,,,,,,,,,,魚真,3.0,False
6355.0,EUREKA,,,,,,,,,,,,EUREKA,1.0,False
6356.0,アンド カリー (and CURRY) ,,,,,,,,,,,,アンド カリー,1.0,False
6357.0,佳酒旬肴 のすけ,,,,,,,,,,,,佳酒旬肴 のすけ,1.0,False
6359.0,vivo daily stand 下高井戸店,,,,,,,,,,,,vivo daily stand,3.0,False
6360.0,8PLACE The Kitchen & Bar 明大前,,,,,,,,,,,,8PLACE The Kitchen & Bar 明大前,1.0,False
6361.0,明大前 肉流通センター,,,,,,,,,,,,明大前 肉流通センター,1.0,False
6362.0,KIGARU,,,,,,,,,,,,KIGARU,1.0,False
6363.0,WIRED フレンテ明大前店,,,,,,,,,,,,WIRED,1.0,False
6364.0,旭鮨総本店 下高井戸本店,,,,,,,,,,,,旭鮨総本店 下高井戸,1.0,False
6365.0,ブンガブラン,,,,,,,,,,,,ブンガブラン,1.0,False
6367.0,ヨウケル舎 ,,,,,,,,,,,,ヨウケル舎,2.0,False
6368.0,KITCHEN CLOWN,,,,,,,,,,,,KITCHEN CLOWN,1.0,False
6369.0,すこし贅沢な旨い焼肉 ゆうすい 八幡山店,,,,,,,,,,,,すこし贅沢な旨い焼肉 ゆうすい,1.0,False
6370.0,武蔵野うどん 一彩 本店,,,,,,,,,,,,武蔵野うどん 一彩,1.0,False
6371.0,焼肉 成城おはな,,,,,,,,,,,,焼肉 成城おはな,1.0,False
6372.0,とんかつ ひびき,,,,,,,,,,,,とんかつ ひびき,1.0,False
6373.0,BENE TOKYO,,,,,,,,,,,,BENE TOKYO,1.0,False
6374.0,世田谷テーブル,,,,,,,,,,,,世田谷テーブル,1.0,False
6375.0,シャッターズ 自由が丘店/SHUTTERS,,,,,,,,,,,,シャッターズ 自由が丘店/SHUTTERS,1.0,False
6376.0,Osteria&Bar GONZO自由が丘店,,,,,,,,,,,,Osteria&Bar,1.0,False
6377.0,イルンゴ奥沢WINE&SAKE,,,,,,,,,,,,イルンゴ奥沢WINE&SAKE,1.0,False
6378.0,奥沢食堂 ghiotto(ギオット) 自由が丘,,,,,,,,,,,,奥沢食堂 ghiotto(ギオット) 自由が丘,1.0,False
6379.0,みつばち,,,,,,,,,,,,みつばち,1.0,False
6380.0,HIRAKUYA OSTERIA,,,,,,,,,,,,HIRAKUYA OSTERIA,1.0,False
6381.0,Y’s Diner,,,,,,,,,,,,Y’s Diner,1.0,False
6382.0,Fonte de Floresta / フォンチ・ジ・フロレスタ,,,,,,,,,,,,Fonte de Floresta / フォンチ・ジ・フロレスタ,1.0,False
6383.0,TETO 自由が丘,,,,,,,,,,,,TETO 自由が丘,1.0,False
6384.0,鶏焼 申SALU,,,,,,,,,,,,鶏焼 申SALU,1.0,False
6385.0,おでん高太郎,,,,,,,,,,,,おでん高太郎,1.0,False
6386.0,鮨光 Sushi Hikari,,,,,,,,,,,,鮨光 Sushi Hikari,1.0,False
6387.0,川目 / かわめ,,,,,,,,,,,,川目 / かわめ,1.0,False
6388.0,薪窯ピッツァ オルガニコ,,,,,,,,,,,,薪窯ピッツァ オルガニコ,1.0,False
6389.0,PIZZERIA IMOLA / ピッツェリア イモラ,,,,,,,,,,,,PIZZERIA IMOLA / ピッツェリア イモラ,1.0,False
6390.0,スピリトリベロ(SPIRITO LIBERO),,,,,,,,,,,,スピリトリベロ,1.0,False
6391.0,爆香房,,,,,,,,,,,,爆香房,1.0,False
6392.0,韓旬菜Dining Yui ー結ー,,,,,,,,,,,,韓旬菜Dining Yui ー結ー,1.0,False
6393.0,フェテカフェ Fetecafe,,,,,,,,,,,,フェテカフェ Fetecafe,1.0,False
6394.0,Cafe.maison de K. カフェ.メゾンドケー.,,,,,,,,,,,,Cafe.maison de K. カフェ.メゾンドケー.,1.0,False
6395.0,Café tora カフェトラ,,,,,,,,,,,,Café tora カフェトラ,1.0,False
6396.0,泰興楼 自由が丘店,,,,,,,,,,,,泰興楼,1.0,False
6397.0,igora,,,,,,,,,,,,igora,1.0,False
6398.0,ロクロナン,,,,,,,,,,,,ロクロナン,1.0,False
6399.0,世田谷焼肉 bon,,,,,,,,,,,,世田谷焼肉 bon,1.0,False
6400.0,Osteria & Bar GONZO,,,,,,,,,,,,Osteria & Bar GONZO,1.0,False
6401.0,ヤキニク フィフティーファイブ トウキョウ,,,,,,,,,,,,ヤキニク フィフティーファイブ トウキョウ,1.0,False
6403.0,カフェアンドダイニング パコ,,,,,,,,,,,,カフェアンドダイニング パコ,1.0,False
6405.0,フルーツパーラーフクナガ,,,,,,,,,,,,フルーツパーラーフクナガ,1.0,False
6406.0,ジャスミンタイレストラン 四谷店,,,,,,,,,,,,ジャスミンタイレストラン,2.0,False
6407.0,ひとえ 四谷本店,,,,,,,,,,,,ひとえ 四谷,1.0,False
6408.0,a La Bouteille,,,,,,,,,,,,a La Bouteille,1.0,False
6409.0,かつれつ四谷たけだ,,,,,,,,,,,,かつれつ四谷たけだ,1.0,False
6410.0,鉄板焼ビストロ En Terrasse,,,,,,,,,,,,鉄板焼ビストロ En Terrasse,1.0,False
6411.0,キッチンドロマミレ,,,,,,,,,,,,キッチンドロマミレ,1.0,False
6412.0,メゾン・ド・ミナミ,,,,,,,,,,,,メゾン・ド・ミナミ,1.0,False
6413.0,の弥七,,,,,,,,,,,,の弥七,1.0,False
6414.0,荒木町 るぼわ,,,,,,,,,,,,荒木町 るぼわ,1.0,False
6415.0,うぶか,,,,,,,,,,,,うぶか,1.0,False
6416.0,鳥焼のんき 四谷本店,,,,,,,,,,,,鳥焼のんき 四谷,1.0,False
6417.0,cruzburgers,,,,,,,,,,,,cruzburgers,1.0,False
6418.0,GOOD MORNING CAFE NOWADAYS,,,,,,,,,,,,GOOD MORNING CAFE NOWADAYS,1.0,False
6421.0,尾崎牛 焼肉ますお 新宿本店,,,,,,,,,,,,尾崎牛 焼肉ますお 新宿,1.0,False
6422.0, ~47都道府県の日本酒勢揃い~ 夢酒 新宿本店,,,,,,,,,,,,~47都道府県の日本酒勢揃い~ 夢酒 新宿,1.0,False
6424.0,肉人,,,,,,,,,,,,肉人,1.0,False
6428.0,モーモーパラダイス 新宿東口店,,,,,,,,,,,,モーモーパラダイス,1.0,False
6429.0,グットドレザン,,,,,,,,,,,,グットドレザン,2.0,False
6430.0,新宿六,,,,,,,,,,,,新宿六,1.0,False
6431.0,農家の台所 新宿三丁目店,,,,,,,,,,,,農家の台所,1.0,False
6432.0,匠 達広,,,,,,,,,,,,匠 達広,1.0,False
6433.0,burger kitchen CHATTY CHATTY,,,,,,,,,,,,burger kitchen CHATTY CHATTY,1.0,False
6434.0,カフェ ラ・ボエム 新宿御苑,,,,,,,,,,,,カフェ ラ・ボエム 新宿御苑,1.0,False
6435.0,かっぱ食堂,,,,,,,,,,,,かっぱ食堂,1.0,False
6437.0,CHEESE SQUARE AVANTI 新宿東口店,,,,,,,,,,,,CHEESE SQUARE AVANTI,1.0,False
6438.0,バインセオサイゴン新宿,,,,,,,,,,,,バインセオサイゴン新宿,1.0,False
6439.0,Hamburg WILL,,,,,,,,,,,,Hamburg WILL,1.0,False
6440.0,魚と味噌と日本酒 こころむすび,,,,,,,,,,,,魚と味噌と日本酒 こころむすび,1.0,False
6441.0,ダンジー 餃子,,,,,,,,,,,,ダンジー 餃子,1.0,False
6442.0,小麦と肉桃の木,,,,,,,,,,,,小麦と肉桃の木,1.0,False
6443.0,魚真 新宿店,,,,,,,,,,,,魚真,3.0,False
6444.0,焼肉酒家 李苑,,,,,,,,,,,,焼肉酒家 李苑,1.0,False
6445.0,肉バル カンビーフ 新宿東南口店,,,,,,,,,,,,肉バル カンビーフ,1.0,False
6449.0,オイスターズインク,,,,,,,,,,,,オイスターズインク,1.0,False
6450.0,ぢどりや,,,,,,,,,,,,ぢどりや,1.0,False
6451.0,佐賀県三瀬村ふもと赤鶏 西新宿店,,,,,,,,,,,,佐賀県三瀬村ふもと赤鶏,3.0,False
6452.0,中国料理「翡翠宮」,,,,,,,,,,,,中国料理「翡翠宮」,1.0,False
6453.0,「カフェ」,,,,,,,,,,,,「カフェ」,1.0,False
6454.0,日本料理「佳香」,,,,,,,,,,,,日本料理「佳香」,1.0,False
6455.0,新宿麻辣湯,,,,,,,,,,,,新宿麻辣湯,1.0,False
6456.0,みかわや,,,,,,,,,,,,みかわや,1.0,False
6457.0,曙橋 まる富,,,,,,,,,,,,曙橋 まる富,1.0,False
6458.0,愛縁喜宴,,,,,,,,,,,,愛縁喜宴,1.0,False
6459.0,フォカッチェリア アルタムーラ,,,,,,,,,,,,フォカッチェリア アルタムーラ,1.0,False
6460.0,ラ・タルタルギーナ,,,,,,,,,,,,ラ・タルタルギーナ,1.0,False
6461.0,グルトンベール,,,,,,,,,,,,グルトンベール,1.0,False
6462.0,蕎楽亭もがみ,,,,,,,,,,,,蕎楽亭もがみ,1.0,False
6463.0,MARTINIBURGER,,,,,,,,,,,,MARTINIBURGER,1.0,False
6464.0,焼鳥 山香-SANKA-,,,,,,,,,,,,焼鳥 山香-SANKA-,1.0,False
6465.0,ビストロ・ラ・グラティチュード,,,,,,,,,,,,ビストロ・ラ・グラティチュード,1.0,False
6466.0,E-to,,,,,,,,,,,,E-to,1.0,False
6467.0,フレンチ前菜食堂 ボングゥ神楽坂,,,,,,,,,,,,フレンチ前菜食堂 ボングゥ神楽坂,1.0,False
6468.0,フジコミュニケーション,,,,,,,,,,,,フジコミュニケーション,1.0,False
6469.0,中国菜 智林,,,,,,,,,,,,中国菜 智林,1.0,False
6470.0,ヴィアンド ,,,,,,,,,,,,ヴィアンド,1.0,False
6471.0,葉歩花庭,,,,,,,,,,,,葉歩花庭,1.0,False
6472.0,レ・ピコロ,,,,,,,,,,,,レ・ピコロ,2.0,False
6473.0,スリジエ,,,,,,,,,,,,スリジエ,1.0,False
6474.0,縁楽,,,,,,,,,,,,縁楽,1.0,False
6475.0,jiubar (ジュウバー),,,,,,,,,,,,jiubar,1.0,False
6476.0,神楽坂スタジオーネ,,,,,,,,,,,,神楽坂スタジオーネ,1.0,False
6477.0,フルッティフィカーレ,,,,,,,,,,,,フルッティフィカーレ,1.0,False
6478.0,亀戸ホルモン 神楽坂店,,,,,,,,,,,,亀戸ホルモン,1.0,False
6479.0,焼肉しんうち神楽坂,,,,,,,,,,,,焼肉しんうち神楽坂,1.0,False
6480.0,離島キッチン,,,,,,,,,,,,離島キッチン,1.0,False
6481.0,インド料理 想いの木,,,,,,,,,,,,インド料理 想いの木,1.0,False
6482.0,御料理 宮した,,,,,,,,,,,,御料理 宮した,1.0,False
6483.0,神楽坂  宙山,,,,,,,,,,,,神楽坂 宙山,1.0,False
6484.0,ステファノ神楽坂,,,,,,,,,,,,ステファノ神楽坂,1.0,False
6485.0,神楽坂 LASTRICATO ,,,,,,,,,,,,神楽坂 LASTRICATO,1.0,False
6486.0,Osteria LASTRICATO,,,,,,,,,,,,Osteria LASTRICATO,1.0,False
6487.0,NAKANO HAJIMENO IPPO,,,,,,,,,,,,NAKANO HAJIMENO IPPO,1.0,False
6488.0,シャテーニュ,,,,,,,,,,,,シャテーニュ,1.0,False
6489.0,広島お好み焼 くるみ,,,,,,,,,,,,広島お好み焼 くるみ,1.0,False
6490.0,杉玉 神楽坂 ,,,,,,,,,,,,杉玉 神楽坂,1.0,False
6491.0,kemuri神楽坂,,,,,,,,,,,,kemuri神楽坂,1.0,False
6492.0,天吉屋 新宿店,,,,,,,,,,,,天吉屋,2.0,False
6493.0,とりいちず 中野北口店,,,,,,,,,,,,とりいちず,1.0,False
6494.0,スペインバル アスタルエゴ,,,,,,,,,,,,スペインバル アスタルエゴ,1.0,False
6495.0,東灯,,,,,,,,,,,,東灯,1.0,False
6496.0,Tasting BAR 柴田屋酒店,,,,,,,,,,,,Tasting BAR,1.0,False
6497.0,でぶろく中野坂上,,,,,,,,,,,,でぶろく中野坂上,1.0,False
6498.0,キャンティ ピエトラ,,,,,,,,,,,,キャンティ ピエトラ,1.0,False
6499.0,鉄板酒場 marunomi 中野,,,,,,,,,,,,鉄板酒場 marunomi 中野,1.0,False
6501.0,阿佐ヶ谷20TAPS,,,,,,,,,,,,阿佐ヶ谷20TAPS,1.0,False
6502.0,高円寺 イタリア食堂 Bungo,,,,,,,,,,,,高円寺 イタリア食堂 Bungo,1.0,False
6503.0,バール タッチョモ,,,,,,,,,,,,バール タッチョモ,1.0,False
6504.0,酒場ニホレモ,,,,,,,,,,,,酒場ニホレモ,1.0,False
6505.0,ビストロ シュークル,,,,,,,,,,,,ビストロ シュークル,1.0,False
6506.0,グラスアヴー(Grâce à vous),,,,,,,,,,,,グラスアヴー,1.0,False
6507.0,魚貝ののぶ,,,,,,,,,,,,魚貝ののぶ,1.0,False
6508.0,炭火焼肉ホルモン 三四郎 高円寺店,,,,,,,,,,,,炭火焼肉ホルモン 三四郎,2.0,False
6509.0,紅蓮燭堂,,,,,,,,,,,,紅蓮燭堂,1.0,False
6510.0,海南チキンライス Mu-Hung 夢飯,,,,,,,,,,,,海南チキンライス Mu-Hung 夢飯,1.0,False
6512.0,神鶏 荻窪本店,,,,,,,,,,,,神鶏 荻窪,1.0,False
6513.0,炭火焼肉ホルモン 三四郎 西荻窪店,,,,,,,,,,,,炭火焼肉ホルモン 三四郎,2.0,False
6514.0,トヤジ,,,,,,,,,,,,トヤジ,1.0,False
6515.0,ハンサム食堂,,,,,,,,,,,,ハンサム食堂,1.0,False
6516.0,五感 西荻窪,,,,,,,,,,,,五感 西荻窪,1.0,False
6518.0,大岩食堂,,,,,,,,,,,,大岩食堂,1.0,False
6519.0,しゃけスタンド,,,,,,,,,,,,しゃけスタンド,1.0,False
6520.0,マッシモッタヴィオ,,,,,,,,,,,,マッシモッタヴィオ,1.0,False
6521.0,meuglement (ムーグルモン),,,,,,,,,,,,meuglement,1.0,False
6522.0,炭火焼肉ホルモン三四郎 西永福店,,,,,,,,,,,,炭火焼肉ホルモン三四郎,1.0,False
6523.0,肝心屋 桜上水本店 ,,,,,,,,,,,,肝心屋 桜上水,1.0,False
6524.0,Cucina Caffe OLIVA,,,,,,,,,,,,Cucina Caffe OLIVA,1.0,False
6525.0,大阪焼肉・ホルモン ふたご高田馬場,,,,,,,,,,,,大阪焼肉・ホルモン ふたご高田馬場,1.0,False
6526.0,リザラン 高田馬場店,,,,,,,,,,,,リザラン,1.0,False
6527.0,高田馬場ビール工房,,,,,,,,,,,,高田馬場ビール工房,1.0,False
6528.0,極厚家,,,,,,,,,,,,極厚家,1.0,False
6529.0,イル・キャンティ ノンノノンナ,,,,,,,,,,,,イル・キャンティ ノンノノンナ,1.0,False
6530.0,エイトデイズ,,,,,,,,,,,,エイトデイズ,1.0,False
6531.0,OTSUKA PIZZA,,,,,,,,,,,,OTSUKA PIZZA,1.0,False
6532.0,吾朗の中華 ,,,,,,,,,,,,吾朗の中華,1.0,False
6534.0,エールハウス,,,,,,,,,,,,エールハウス,1.0,False
6535.0,ワインボックス バルコ ,,,,,,,,,,,,ワインボックス バルコ,1.0,False
6536.0,サイゴン・レストラン,,,,,,,,,,,,サイゴン・レストラン,1.0,False
6537.0,47都道府県の日本酒勢揃い 富士喜商店 池袋本店,,,,,,,,,,,,47都道府県の日本酒勢揃い 富士喜商店 池袋,1.0,False
6538.0,ESPRESSO D WORKS 池袋,,,,,,,,,,,,ESPRESSO D WORKS 池袋,1.0,False
6539.0,焼肉スタジアム Jan,,,,,,,,,,,,焼肉スタジアム Jan,1.0,False
6540.0,ha-ha 1coin dining bar & cafe,,,,,,,,,,,,ha-ha 1coin dining bar & cafe,1.0,False
6541.0,小樽焼肉 ぶいぶい 池袋西口,,,,,,,,,,,,小樽焼肉 ぶいぶい 池袋西口,1.0,False
6542.0,炭火焼肉 あもん ,,,,,,,,,,,,炭火焼肉 あもん,1.0,False
6543.0,アガリコ オリエンタルビストロ,,,,,,,,,,,,アガリコ オリエンタルビストロ,1.0,False
6544.0,池袋西口 肉寿司,,,,,,,,,,,,池袋西口 肉寿司,1.0,False
6545.0,うどん酒場 香川一福 池袋,,,,,,,,,,,,うどん酒場 香川一福 池袋,1.0,False
6548.0,ブルーオーシャングリル,,,,,,,,,,,,ブルーオーシャングリル,1.0,False
6549.0,サイゴン 池袋西口店,,,,,,,,,,,,サイゴン,1.0,False
6550.0,ワイン食堂 ホオバール 池袋西口店,,,,,,,,,,,,ワイン食堂 ホオバール,1.0,False
6551.0,ステーキ&焼肉食べ放題 300B ONE 池袋店,,,,,,,,,,,,ステーキ&焼肉食べ放題 300B ONE,1.0,False
6552.0,いづも 池袋,,,,,,,,,,,,いづも 池袋,1.0,False
6553.0,はち八 池袋西口店,,,,,,,,,,,,はち八,1.0,False
6554.0,焼鳥唐揚ハイボール,,,,,,,,,,,,焼鳥唐揚ハイボール,1.0,False
6555.0,焼肉トラジ 池袋西口店,,,,,,,,,,,,焼肉トラジ,1.0,False
6556.0,PIZZA BORSA,,,,,,,,,,,,PIZZA BORSA,1.0,False
6557.0,イル・キャンティ オヴェスト,,,,,,,,,,,,イル・キャンティ オヴェスト,1.0,False
6558.0,喃風 池袋駅前店,,,,,,,,,,,,喃風,2.0,False
6559.0,串焼きバル mansun 池袋東口店,,,,,,,,,,,,串焼きバル mansun,1.0,False
6560.0,青龍門 池袋店,,,,,,,,,,,,青龍門,1.0,False
6561.0,Bistro Wine Cafe Hearth 池袋1号店,,,,,,,,,,,,Bistro Wine Cafe Hearth,1.0,False
6562.0,Bistro Wine Cafe Le Coq Roti,,,,,,,,,,,,Bistro Wine Cafe Le Coq Roti,1.0,False
6563.0,和牛焼肉バル KURAMOTO,,,,,,,,,,,,和牛焼肉バル KURAMOTO,1.0,False
6564.0,トラットリア クアルト 池袋,,,,,,,,,,,,トラットリア クアルト 池袋,1.0,False
6565.0,源MOTO,,,,,,,,,,,,源MOTO,1.0,False
6566.0,鮨 天海 ,,,,,,,,,,,,鮨 天海,1.0,False
6567.0,正しい晩ごはん 白-はく-,,,,,,,,,,,,正しい晩ごはん 白-はく-,1.0,False
6568.0,水炊き・焼き鳥 とりいちず 池袋東口店,,,,,,,,,,,,水炊き・焼き鳥 とりいちず,1.0,False
6569.0,イル・キャンティ エスト,,,,,,,,,,,,イル・キャンティ エスト,1.0,False
6570.0,うなぎ 目白ぞろ芽,,,,,,,,,,,,うなぎ 目白ぞろ芽,1.0,False
6571.0,炭火屋10-10,,,,,,,,,,,,炭火屋10-10,1.0,False
6572.0,PIZZERIA 37 ,,,,,,,,,,,,PIZZERIA 37,1.0,False
6575.0,牛三,,,,,,,,,,,,牛三,1.0,False
6576.0,ピアンタ 仲宿店,,,,,,,,,,,,ピアンタ,1.0,False
6577.0,MIKIYA GYOZA STAND ,,,,,,,,,,,,MIKIYA GYOZA STAND,1.0,False
6578.0,NERIMA.CAFE,,,,,,,,,,,,NERIMA.CAFE,1.0,False
6579.0,bistro ema,,,,,,,,,,,,bistro ema,1.0,False
6580.0,炭火焼肉やざわ 大山店,,,,,,,,,,,,炭火焼肉やざわ,1.0,False
6581.0,Wine 厨房 tamaya-ohyama ,,,,,,,,,,,,Wine 厨房 tamaya-ohyama,1.0,False
6582.0,大山ホルモン,,,,,,,,,,,,大山ホルモン,1.0,False
6583.0,韓国食堂ケグリ,,,,,,,,,,,,韓国食堂ケグリ,1.0,False
6584.0,居酒茶屋 鑪 ,,,,,,,,,,,,居酒茶屋 鑪,1.0,False
6585.0,恵風和暢 あっと ,,,,,,,,,,,,恵風和暢 あっと,1.0,False
6586.0,肉焼亭 うしのすけ,,,,,,,,,,,,肉焼亭 うしのすけ,1.0,False
6587.0,ミート村,,,,,,,,,,,,ミート村,1.0,False
6588.0,志村 徳寿園 ,,,,,,,,,,,,志村 徳寿園,1.0,False
6589.0,ピアンタ 志村坂上,,,,,,,,,,,,ピアンタ 志村坂上,1.0,False
6590.0,焼肉まっちゃん,,,,,,,,,,,,焼肉まっちゃん,1.0,False
6591.0,焼肉いっしん,,,,,,,,,,,,焼肉いっしん,1.0,False
6593.0,小籠包bar HASHIYA ,,,,,,,,,,,,小籠包bar HASHIYA,1.0,False
6594.0,カフェ&バー ハナレイ,,,,,,,,,,,,カフェ&バー ハナレイ,1.0,False
6595.0,ZUZU ,,,,,,,,,,,,ZUZU,1.0,False
6596.0,日々是君想,,,,,,,,,,,,日々是君想,1.0,False
6597.0,芝蘭 板橋本店,,,,,,,,,,,,芝蘭 板橋,1.0,False
6598.0,BISTRO CARLOS,,,,,,,,,,,,BISTRO CARLOS,1.0,False
6599.0,焼肉グルメ 肉郎 成増南口店,,,,,,,,,,,,焼肉グルメ 肉郎,1.0,False
6600.0,BRIOACE ,,,,,,,,,,,,BRIOACE,1.0,False
6601.0,UPMARKET PIZZA&CAFE,,,,,,,,,,,,UPMARKET PIZZA&CAFE,1.0,False
6602.0,中華料理 多来福,,,,,,,,,,,,中華料理 多来福,1.0,False
6604.0,café Mo.free,,,,,,,,,,,,café Mo.free,1.0,False
6605.0,楽一,,,,,,,,,,,,楽一,1.0,False
6606.0,四歩 (シッポ),,,,,,,,,,,,四歩,1.0,False
6607.0,肉山の一階(肉ヶ丘),,,,,,,,,,,,肉山の一階,1.0,False
6608.0,aniccatokyo,,,,,,,,,,,,aniccatokyo,1.0,False
6610.0,burger kitchen WAKIE WAKIE,,,,,,,,,,,,burger kitchen WAKIE WAKIE,1.0,False
6611.0,osterianerori,,,,,,,,,,,,osterianerori,1.0,False
6612.0,発酵SEVEN,,,,,,,,,,,,発酵SEVEN,1.0,False
6613.0,食堂居酒屋どいちゃん本店,,,,,,,,,,,,食堂居酒屋どいちゃん,1.0,False
6616.0,アウボラーダ,,,,,,,,,,,,アウボラーダ,2.0,False
6617.0,中國菜 四川 雲蓉,,,,,,,,,,,,中國菜 四川 雲蓉,1.0,False
6618.0,libertejapon,,,,,,,,,,,,libertejapon,1.0,False
6619.0,挽肉と米,,,,,,,,,,,,挽肉と米,1.0,False
6620.0,吉祥寺ハバカーる,,,,,,,,,,,,吉祥寺ハバカーる,1.0,False
6621.0,ヒラタパスタ,,,,,,,,,,,,ヒラタパスタ,1.0,False
6622.0,CAFE&WEDDING22,,,,,,,,,,,,CAFE&WEDDING22,1.0,False
6623.0,焼鳥山もと/三鷹 和牛倶楽部 ,,,,,,,,,,,,焼鳥山もと/三鷹 和牛倶楽部,1.0,False
6624.0,ひな酉ふじ乃,,,,,,,,,,,,ひな酉ふじ乃,1.0,False
6625.0,ユーカリ食堂,,,,,,,,,,,,ユーカリ食堂,1.0,False
6626.0,オステリア ダ ヒロキ,,,,,,,,,,,,オステリア ダ ヒロキ,1.0,False
6628.0,cultiver,,,,,,,,,,,,cultiver,1.0,False
6630.0,とり衛門 仙川店 ,,,,,,,,,,,,とり衛門,1.0,False
6631.0,餃子創作料理居酒屋 十色,,,,,,,,,,,,餃子創作料理居酒屋 十色,1.0,False
6632.0,中華料理 信悦,,,,,,,,,,,,中華料理 信悦,1.0,False
6633.0,センガワポワール,,,,,,,,,,,,センガワポワール,1.0,False
6634.0,Restaurant COZY ,,,,,,,,,,,,Restaurant COZY,1.0,False
6635.0,焼肉 仙珠,,,,,,,,,,,,焼肉 仙珠,1.0,False
6636.0,ローカルインディア 仙川店,,,,,,,,,,,,ローカルインディア,1.0,False
6637.0,ラ・パウザ 仙川店 ,,,,,,,,,,,,ラ・パウザ,1.0,False
6638.0,もつやき処い志井 国領店,,,,,,,,,,,,もつやき処い志井,1.0,False
6639.0,ドンブラボー ,,,,,,,,,,,,ドンブラボー,1.0,False
6640.0,ASIAN TAIPEI presents Resort Dining アジタイ食堂,,,,,,,,,,,,ASIAN TAIPEI presents Resort Dining アジタイ食堂,1.0,False
6641.0,イル フロッグス ,,,,,,,,,,,,イル フロッグス,1.0,False
6642.0,イルキャンティ 調布店,,,,,,,,,,,,イルキャンティ,1.0,False
6643.0,アラパンス,,,,,,,,,,,,アラパンス,1.0,False
6644.0,鉄板バル AKICHI,,,,,,,,,,,,鉄板バル AKICHI,1.0,False
6646.0,土と青,,,,,,,,,,,,土と青,1.0,False
6647.0,そらまめらぁめん本舗 ,,,,,,,,,,,,そらまめらぁめん本舗,1.0,False
6648.0,調布 かつ元,,,,,,,,,,,,調布 かつ元,1.0,False
6649.0,ウノセッテ 調布店,,,,,,,,,,,,ウノセッテ,1.0,False
6650.0,焼鳥 一灯,,,,,,,,,,,,焼鳥 一灯,1.0,False
6651.0,てしごとやふくの鳥 調布店,,,,,,,,,,,,てしごとやふくの鳥,1.0,False
6652.0,炉端 調風,,,,,,,,,,,,炉端 調風,1.0,False
6653.0,バーリーズ ,,,,,,,,,,,,バーリーズ,1.0,False
6654.0,やきとり処い志井 東口店,,,,,,,,,,,,やきとり処い志井,1.0,False
6655.0,焼肉いち,,,,,,,,,,,,焼肉いち,1.0,False
6656.0,カフェバーンズ ,,,,,,,,,,,,カフェバーンズ,1.0,False
6657.0,い志井 本店,,,,,,,,,,,,い志井,1.0,False
6659.0,肉が旨いカフェ NICK STOCK トリエ京王調布店,,,,,,,,,,,,肉が旨いカフェ NICK STOCK,1.0,False
6660.0,宇奈とと 調布店,,,,,,,,,,,,宇奈とと,1.0,False
6661.0,クリスマス亭,,,,,,,,,,,,クリスマス亭,1.0,False
6662.0,江川亭 調布店 ,,,,,,,,,,,,江川亭,1.0,False
6663.0,国分寺 猿酔家,,,,,,,,,,,,国分寺 猿酔家,1.0,False
6665.0,猿狗楽-さくら-,,,,,,,,,,,,猿狗楽-さくら-,1.0,False
6666.0,焼肉酒場すみびや,,,,,,,,,,,,焼肉酒場すみびや,1.0,False
6667.0,にくの助,,,,,,,,,,,,にくの助,1.0,False
6668.0,カツオ 立川,,,,,,,,,,,,カツオ 立川,1.0,False
6669.0,ミートパンチ,,,,,,,,,,,,ミートパンチ,1.0,False
6670.0,大阪焼肉・ホルモン ふたご 八王子店,,,,,,,,,,,,大阪焼肉・ホルモン ふたご,2.0,False
6671.0,炭火焼き海鮮 はまる家,,,,,,,,,,,,炭火焼き海鮮 はまる家,1.0,False
6675.0,imacoco coffee,,,,,,,,,,,,imacoco coffee,1.0,False
6676.0,京ダイニング 上七軒,,,,,,,,,,,,京ダイニング 上七軒,1.0,False
6677.0,ビストロ キューブマン,,,,,,,,,,,,ビストロ キューブマン,1.0,False
6678.0,手羽先BonBon 川崎本店,,,,,,,,,,,,手羽先BonBon 川崎,1.0,False
6679.0,ビストロ居酒屋 ソーレ 平和通り店,,,,,,,,,,,,ビストロ居酒屋 ソーレ,1.0,False
6680.0,藪伊豆,,,,,,,,,,,,藪伊豆,1.0,False
6681.0,かげん,,,,,,,,,,,,かげん,1.0,False
6682.0,肉小僧 匠 はなれ,,,,,,,,,,,,肉小僧 匠 はなれ,1.0,False
6683.0,ワイン食堂 Sole,,,,,,,,,,,,ワイン食堂 Sole,1.0,False
6684.0,タイキッチン,,,,,,,,,,,,タイキッチン,1.0,False
6685.0,ヒマラヤ 川崎店,,,,,,,,,,,,ヒマラヤ,3.0,False
6686.0,モナリザン,,,,,,,,,,,,モナリザン,1.0,False
6687.0,鮨匠 Sakura,,,,,,,,,,,,鮨匠 Sakura,1.0,False
6689.0,ハーフムーン (HALFMOON),,,,,,,,,,,,ハーフムーン,1.0,False
6690.0,K&N DINER NewYorkStyle 川崎店,,,,,,,,,,,,K&N DINER NewYorkStyle,1.0,False
6691.0,Grill-Pan Zen,,,,,,,,,,,,Grill-Pan Zen,1.0,False
6692.0,串焼き ごう 川崎本店,,,,,,,,,,,,串焼き ごう 川崎,1.0,False
6693.0,となりのごう 川崎2号店,,,,,,,,,,,,となりのごう,1.0,False
6694.0,水炊き・焼鳥 とりいちず酒場 川崎仲見世通り店,,,,,,,,,,,,水炊き・焼鳥 とりいちず酒場,1.0,False
6695.0,イタリアン ベネチア,,,,,,,,,,,,イタリアン ベネチア,1.0,False
6696.0,大衆ホルモン肉力屋 京急川崎店,,,,,,,,,,,,大衆ホルモン肉力屋,1.0,False
6697.0,川崎 肉寿司,,,,,,,,,,,,川崎 肉寿司,1.0,False
6698.0,サボテン 仲見世通り店,,,,,,,,,,,,サボテン,1.0,False
6699.0,牛タン焼専門店 司 分店鷹 川崎店,,,,,,,,,,,,牛タン焼専門店 司 分店鷹,1.0,False
6700.0,チャ~ボン 多福楼 川崎店,,,,,,,,,,,,チャ~ボン 多福楼,2.0,False
6701.0,山芋の多い料理店 川崎,,,,,,,,,,,,山芋の多い料理店 川崎,1.0,False
6702.0,檸檬 ,,,,,,,,,,,,檸檬,1.0,False
6703.0,ラ コルメナ,,,,,,,,,,,,ラ コルメナ,1.0,False
6704.0,駅近スペインバル!! スペインバル Nomi Deli,,,,,,,,,,,,駅近スペインバル!! スペインバル Nomi Deli,1.0,False
6705.0,ジンギスカン羊DEL ,,,,,,,,,,,,ジンギスカン羊DEL,1.0,False
6706.0,串揚げ とろろ鍋 華金,,,,,,,,,,,,串揚げ とろろ鍋 華金,1.0,False
6707.0,鮮魚と炉端焼き 魚炉魚炉,,,,,,,,,,,,鮮魚と炉端焼き 魚炉魚炉,1.0,False
6708.0,銀座ライオン 川崎駅前店,,,,,,,,,,,,銀座ライオン,1.0,False
6709.0,日本酒と湯豆腐 いろは,,,,,,,,,,,,日本酒と湯豆腐 いろは,1.0,False
6710.0,バル炭,,,,,,,,,,,,バル炭,1.0,False
6711.0,さかなや道場 三代目網元 京急川崎店,,,,,,,,,,,,さかなや道場 三代目網元,1.0,False
6712.0,川崎肉バル CHEF’S BAR(シェフズバル),,,,,,,,,,,,川崎肉バル CHEF’S BAR,1.0,False
6713.0,串揚げ処 串英,,,,,,,,,,,,串揚げ処 串英,1.0,False
6714.0,うしこぞう,,,,,,,,,,,,うしこぞう,1.0,False
6715.0,EAST WOOD,,,,,,,,,,,,EAST WOOD,1.0,False
6716.0,串かつ でんがな 川崎店,,,,,,,,,,,,串かつ でんがな,2.0,False
6717.0,炭火焼肉 大将軍,,,,,,,,,,,,炭火焼肉 大将軍,1.0,False
6718.0,DELIEN,,,,,,,,,,,,DELIEN,1.0,False
6719.0,新ホルモン焼肉 びっくりや 川崎本店,,,,,,,,,,,,新ホルモン焼肉 びっくりや 川崎,1.0,False
6720.0,魚ダイニング Jin,,,,,,,,,,,,魚ダイニング Jin,1.0,False
6721.0,HanaCAFE nappa69,,,,,,,,,,,,HanaCAFE nappa69,1.0,False
6722.0,Meat&Wine Bambu 新丸子,,,,,,,,,,,,Meat&Wine Bambu 新丸子,1.0,False
6723.0,大衆ビストロ one's kitchen 武蔵小杉店,,,,,,,,,,,,大衆ビストロ one's kitchen,1.0,False
6724.0,博多くろがね 武蔵小杉店,,,,,,,,,,,,博多くろがね,1.0,False
6725.0,尾崎牛 丸子屋,,,,,,,,,,,,尾崎牛 丸子屋,1.0,False
6726.0,うおいちや,,,,,,,,,,,,うおいちや,1.0,False
6727.0,焼肉慶,,,,,,,,,,,,焼肉慶,1.0,False
6728.0,松屋,,,,,,,,,,,,松屋,1.0,False
6729.0,Caliner,,,,,,,,,,,,Caliner,1.0,False
6730.0,CasaBale,,,,,,,,,,,,CasaBale,1.0,False
6731.0,プレミアム和牛の店 味蔵の杜,,,,,,,,,,,,プレミアム和牛の店 味蔵の杜,1.0,False
6732.0,binwan 元住吉店,,,,,,,,,,,,binwan,1.0,False
6733.0,大衆酒場 ツネキチ,,,,,,,,,,,,大衆酒場 ツネキチ,1.0,False
6734.0,ごう 元住吉店,,,,,,,,,,,,ごう,1.0,False
6735.0,焼肉 のんちゃん 元住吉店,,,,,,,,,,,,焼肉 のんちゃん,1.0,False
6736.0,Taverna frico,,,,,,,,,,,,Taverna frico,1.0,False
6737.0,トラットリア ギヘイ,,,,,,,,,,,,トラットリア ギヘイ,1.0,False
6738.0,タイレストランMaiTai,,,,,,,,,,,,タイレストランMaiTai,1.0,False
6739.0,田舎家酒房藩次郎,,,,,,,,,,,,田舎家酒房藩次郎,1.0,False
6740.0,国産牛焼肉くいどん 中原店,,,,,,,,,,,,国産牛焼肉くいどん,2.0,False
6741.0,アジアンビストロDai 武蔵小杉,,,,,,,,,,,,アジアンビストロDai 武蔵小杉,1.0,False
6742.0,トサカーナ ダイニング ゴッソ 武蔵小杉店,,,,,,,,,,,,トサカーナ ダイニング ゴッソ,1.0,False
6743.0,とさかーな 武蔵小杉本店,,,,,,,,,,,,とさかーな 武蔵小杉,1.0,False
6744.0,A4山形牛&焼肉食べ放題 くろべこ 武蔵小杉店,,,,,,,,,,,,A4山形牛&焼肉食べ放題 くろべこ,1.0,False
6745.0,肉バルGABURICO 武蔵小杉店,,,,,,,,,,,,肉バルGABURICO,1.0,False
6746.0,ビストロ ランタン 武蔵小杉店,,,,,,,,,,,,ビストロ ランタン,1.0,False
6747.0,あかゆら 武蔵小杉,,,,,,,,,,,,あかゆら 武蔵小杉,1.0,False
6748.0,麺や でこ,,,,,,,,,,,,麺や でこ,1.0,False
6749.0,ファンクスパイス,,,,,,,,,,,,ファンクスパイス,1.0,False
6750.0,PUBLIC HOUSE 武蔵小杉,,,,,,,,,,,,PUBLIC HOUSE 武蔵小杉,1.0,False
6751.0,Restaurant μ,,,,,,,,,,,,Restaurant μ,1.0,False
6752.0,肉小僧 匠,,,,,,,,,,,,肉小僧 匠,1.0,False
6753.0,鳥元 ミューザ川崎店,,,,,,,,,,,,鳥元,2.0,False
6754.0,魚問屋 魚政宗 川崎分店,,,,,,,,,,,,魚問屋 魚政宗,1.0,False
6755.0,T8 Steak House ミューザ川崎,,,,,,,,,,,,T8 Steak House ミューザ川崎,1.0,False
6756.0,どんぶり屋まぐろ大将,,,,,,,,,,,,どんぶり屋まぐろ大将,1.0,False
6757.0,ぽんぽこ本 ゚舗,,,,,,,,,,,,ぽんぽこ本 ゚舗,1.0,False
6758.0,串かつ でんがな パークタワー新川崎店,,,,,,,,,,,,串かつ でんがな,2.0,False
6759.0,カリフォルニア・ピザ・キッチン ラゾーナ川崎店,,,,,,,,,,,,カリフォルニア・ピザ・キッチン,1.0,False
6761.0,クラフトビール×個室肉バル MEAT酒場マルシェ 溝の口店,,,,,,,,,,,,クラフトビール×個室肉バル MEAT酒場マルシェ,1.0,False
6762.0,四五六菜館 別館,,,,,,,,,,,,四五六菜館 別館,1.0,False
6763.0,Bambu due 溝の口,,,,,,,,,,,,Bambu due 溝の口,1.0,False
6764.0,2代目かんてき 溝ノ口店,,,,,,,,,,,,2代目かんてき,1.0,False
6765.0,Bistro Ergo 溝の口,,,,,,,,,,,,Bistro Ergo 溝の口,1.0,False
6766.0,SAKEバル遊家本店,,,,,,,,,,,,SAKEバル遊家,1.0,False
6767.0,遊家 溝口駅前すずらん通り店,,,,,,,,,,,,遊家,1.0,False
6768.0,中国料理 龍華飯店 溝ノ口店,,,,,,,,,,,,中国料理 龍華飯店,1.0,False
6769.0,Bistro ichi ,,,,,,,,,,,,Bistro ichi,1.0,False
6770.0,Twice up,,,,,,,,,,,,Twice up,1.0,False
6771.0,食べ酔う屋 菜,,,,,,,,,,,,食べ酔う屋 菜,1.0,False
6772.0,はなの舞 溝の口西口2号店,,,,,,,,,,,,はなの舞,2.0,False
6773.0,石窯イタリアン Don Carnemo 溝の口,,,,,,,,,,,,石窯イタリアン Don Carnemo 溝の口,1.0,False
6774.0,ピッツェリア マリオ エクスプレス ,,,,,,,,,,,,ピッツェリア マリオ エクスプレス,1.0,False
6775.0,たまい 本店,,,,,,,,,,,,たまい,1.0,False
6776.0,水炊き・焼き鳥 とりいちず酒場 溝の口南口駅前店,,,,,,,,,,,,水炊き・焼き鳥 とりいちず酒場,1.0,False
6777.0,はなの舞 高津駅東口店,,,,,,,,,,,,はなの舞,2.0,False
6778.0,京やさいしゃぶしゃぶ 溝ノ口駅前,,,,,,,,,,,,京やさいしゃぶしゃぶ 溝ノ口駅前,1.0,False
6779.0,薪窯ピザ Loquace da MARIO 溝の口,,,,,,,,,,,,薪窯ピザ Loquace da MARIO 溝の口,1.0,False
6781.0,ステーキハウス松木 川崎明津店,,,,,,,,,,,,ステーキハウス松木,1.0,False
6782.0,trattoria Bambu,,,,,,,,,,,,trattoria Bambu,1.0,False
6783.0,大塚や,,,,,,,,,,,,大塚や,1.0,False
6784.0,イタリアン Bambu 稲田堤駅前,,,,,,,,,,,,イタリアン Bambu 稲田堤駅前,1.0,False
6785.0,稲田堤 肉流通センター,,,,,,,,,,,,稲田堤 肉流通センター,1.0,False
6786.0,遊園肉流通センター,,,,,,,,,,,,遊園肉流通センター,1.0,False
6787.0,トラットリア コルティヴァーレ,,,,,,,,,,,,トラットリア コルティヴァーレ,1.0,False
6788.0,鮮藍坊,,,,,,,,,,,,鮮藍坊,1.0,False
6789.0,ヒッコリーファーム 登戸店,,,,,,,,,,,,ヒッコリーファーム,1.0,False
6790.0,鐵の家 (てつのや),,,,,,,,,,,,鐵の家,1.0,False
6791.0,トラットリア・ソル・レヴァンテ,,,,,,,,,,,,トラットリア・ソル・レヴァンテ,1.0,False
6792.0,麺菜家 尾いけ,,,,,,,,,,,,麺菜家 尾いけ,1.0,False
6793.0,たまり,,,,,,,,,,,,たまり,1.0,False
6794.0,獅子丸 新百合ケ丘店,,,,,,,,,,,,獅子丸,1.0,False
6795.0,ブッシュウイック ベーカリー&グリル アコルデ新百合ヶ丘店,,,,,,,,,,,,ブッシュウイック ベーカリー&グリル,1.0,False
6796.0,Hacci 8,,,,,,,,,,,,Hacci 8,1.0,False
6797.0,広東名菜 赤坂璃宮 新百合丘店,,,,,,,,,,,,広東名菜 赤坂璃宮,1.0,False
6798.0,トラットリア ラ・カンパァーナ,,,,,,,,,,,,トラットリア ラ・カンパァーナ,2.0,False
6799.0,串焼 おんば 新百合ヶ丘店,,,,,,,,,,,,串焼 おんば,1.0,False
6800.0,オーシャンクラブ ボンダイズ,,,,,,,,,,,,オーシャンクラブ ボンダイズ,1.0,False
6801.0,炭焼き大 新百合ヶ丘店,,,,,,,,,,,,炭焼き大,1.0,False
6802.0,京町家 新百合ヶ丘店,,,,,,,,,,,,京町家,1.0,False
6803.0,国産牛焼肉くいどん 新百合ヶ丘店,,,,,,,,,,,,国産牛焼肉くいどん,2.0,False
6804.0,生姜料理 がらがら,,,,,,,,,,,,生姜料理 がらがら,2.0,False
6805.0,七輪炭火焼肉遊輪 柿生店,,,,,,,,,,,,七輪炭火焼肉遊輪,1.0,False
6806.0,花の舞 京王リトナード若葉台店,,,,,,,,,,,,花の舞,1.0,False
6807.0,アベーテ はるひ野店,,,,,,,,,,,,アベーテ,1.0,False
6809.0,とんかつ稲 鷺沼店,,,,,,,,,,,,とんかつ稲,1.0,False
6810.0,焼肉 べこ亭,,,,,,,,,,,,焼肉 べこ亭,1.0,False
6811.0,ホルモン専門店 烈,,,,,,,,,,,,ホルモン専門店 烈,1.0,False
6812.0,大ど根性ホルモン,,,,,,,,,,,,大ど根性ホルモン,1.0,False
6813.0,焼肉ぽんが 横浜店,,,,,,,,,,,,焼肉ぽんが,1.0,False
6814.0,燻製バル SALSA DEL AMIGOS,,,,,,,,,,,,燻製バル SALSA DEL AMIGOS,1.0,False
6815.0,DUMBO PIZZA FACTORY 横浜,,,,,,,,,,,,DUMBO PIZZA FACTORY 横浜,1.0,False
6816.0,鮨 七海,,,,,,,,,,,,鮨 七海,1.0,False
6817.0,焼肉どうらく 横浜西口本店,,,,,,,,,,,,焼肉どうらく 横浜西口,1.0,False
6818.0,ホルモン・焼肉座 ちからや,,,,,,,,,,,,ホルモン・焼肉座 ちからや,1.0,False
6819.0,焼肉どうらく 西口別邸,,,,,,,,,,,,焼肉どうらく 西口別邸,1.0,False
6820.0,村木屋,,,,,,,,,,,,村木屋,1.0,False
6821.0,せんざん 横浜東口三井ビル店,,,,,,,,,,,,せんざん,1.0,False
6822.0,岩亀 みなとみらい店,,,,,,,,,,,,岩亀,2.0,False
6823.0,みなとみらいde焼肉 DOURAKU,,,,,,,,,,,,みなとみらいde焼肉 DOURAKU,1.0,False
6824.0,佐島水産 みなとみらいグランドセントラルテラス店,,,,,,,,,,,,佐島水産,1.0,False
6825.0,Magnolia,,,,,,,,,,,,Magnolia,1.0,False
6826.0,タニヤ食堂,,,,,,,,,,,,タニヤ食堂,1.0,False
6827.0,Bar the Gintonicx,,,,,,,,,,,,Bar the Gintonicx,1.0,False
6828.0,日本酒 ト ワイン 岡野,,,,,,,,,,,,日本酒 ト ワイン 岡野,1.0,False
6829.0,アリラン飯店 岡野町交差点側,,,,,,,,,,,,アリラン飯店 岡野町交差点側,1.0,False
6830.0,隠れ家焼肉dining あんじゅ,,,,,,,,,,,,隠れ家焼肉dining あんじゅ,1.0,False
6831.0,ジンジャーズビーチ,,,,,,,,,,,,ジンジャーズビーチ,1.0,False
6832.0,横浜 反町 DA HORI ,,,,,,,,,,,,横浜 反町 DA HORI,1.0,False
6833.0,ダブリュー ヨコハマ,,,,,,,,,,,,ダブリュー ヨコハマ,1.0,False
6834.0,ビーフキッチン 横浜店,,,,,,,,,,,,ビーフキッチン,1.0,False
6835.0,THE RIGOLETTO OCEAN CLUB,,,,,,,,,,,,THE RIGOLETTO OCEAN CLUB,1.0,False
6838.0,寿司 あおい,,,,,,,,,,,,寿司 あおい,1.0,False
6839.0,魚鶏屋 新横浜駅前店,,,,,,,,,,,,魚鶏屋,1.0,False
6840.0,若竹 新横浜駅前店,,,,,,,,,,,,若竹,3.0,False
6841.0,アスリート中華ダイニングYI-CHANG,,,,,,,,,,,,アスリート中華ダイニングYI-CHANG,1.0,False
6842.0,8PLACE The Kitchen&Bar 大倉山,,,,,,,,,,,,8PLACE The Kitchen&Bar 大倉山,1.0,False
6844.0,鮨・酒・肴 杉玉 綱島,,,,,,,,,,,,鮨・酒・肴 杉玉 綱島,1.0,False
6845.0,らっきょ&Star,,,,,,,,,,,,らっきょ&Star,1.0,False
6846.0,Made in hands,,,,,,,,,,,,Made in hands,1.0,False
6847.0,アクイロット,,,,,,,,,,,,アクイロット,1.0,False
6848.0,ホアホア ,,,,,,,,,,,,ホアホア,1.0,False
6849.0,トラットリア アクイロット,,,,,,,,,,,,トラットリア アクイロット,2.0,False
6850.0,天然うなぎ しま村,,,,,,,,,,,,天然うなぎ しま村,1.0,False
6852.0,金沢まいもん寿司 センター南,,,,,,,,,,,,金沢まいもん寿司 センター南,1.0,False
6853.0,フレスコ,,,,,,,,,,,,フレスコ,1.0,False
6854.0,モンスーンカフェ たまプラーザ,,,,,,,,,,,,モンスーンカフェ たまプラーザ,1.0,False
6855.0,バルバロ たまプラーザ,,,,,,,,,,,,バルバロ たまプラーザ,1.0,False
6856.0,ババリゾートバル たまプラーザ駅前店,,,,,,,,,,,,ババリゾートバル,1.0,False
6857.0,こだわりの廻転寿司 金沢まいもん寿司 たまプラーザ店,,,,,,,,,,,,こだわりの廻転寿司 金沢まいもん寿司,1.0,False
6858.0,中国料理 黒龍,,,,,,,,,,,,中国料理 黒龍,1.0,False
6859.0,溶岩焼ダイニング Campus,,,,,,,,,,,,溶岩焼ダイニング Campus,1.0,False
6860.0,炭焼き権八 あざみ野 ,,,,,,,,,,,,炭焼き権八 あざみ野,1.0,False
6861.0,天ぷら権八 あざみ野 ,,,,,,,,,,,,天ぷら権八 あざみ野,1.0,False
6862.0,USHIHACHI あざみ野,,,,,,,,,,,,USHIHACHI あざみ野,1.0,False
6863.0,レストラン&パティスリー 木かげ茶屋,,,,,,,,,,,,レストラン&パティスリー 木かげ茶屋,1.0,False
6864.0,レベッカイータリー,,,,,,,,,,,,レベッカイータリー,1.0,False
6866.0,ニワトリマーケット 青葉台,,,,,,,,,,,,ニワトリマーケット 青葉台,1.0,False
6868.0,やきにくガッッツ,,,,,,,,,,,,やきにくガッッツ,1.0,False
6869.0,和牛 肉小僧,,,,,,,,,,,,和牛 肉小僧,1.0,False
6870.0,肴巧房 和 nagomi,,,,,,,,,,,,肴巧房 和 nagomi,1.0,False
6871.0,焼肉うしぞの,,,,,,,,,,,,焼肉うしぞの,1.0,False
6872.0,焼肉Dining零,,,,,,,,,,,,焼肉Dining零,1.0,False
6873.0,そば処 のみ処 和,,,,,,,,,,,,そば処 のみ処 和,1.0,False
6874.0,サンアロハ みなとみらい山下公園本店,,,,,,,,,,,,サンアロハ みなとみらい山下公園,1.0,False
6875.0,お肉とワイン 関内ビストロ ZIP,,,,,,,,,,,,お肉とワイン 関内ビストロ ZIP,1.0,False
6876.0,バンバン番長,,,,,,,,,,,,バンバン番長,1.0,False
6877.0,焼き鳥と地酒 だるま,,,,,,,,,,,,焼き鳥と地酒 だるま,1.0,False
6878.0,チャコールグリル グリーン 馬車道,,,,,,,,,,,,チャコールグリル グリーン 馬車道,1.0,False
6879.0,ダイニングバー in Blue,,,,,,,,,,,,ダイニングバー in Blue,1.0,False
6880.0,鉄板ダイニング 哲,,,,,,,,,,,,鉄板ダイニング 哲,1.0,False
6881.0,個室焼肉ITADAKI 馬車道,,,,,,,,,,,,個室焼肉ITADAKI 馬車道,1.0,False
6882.0,とんかつ馬車道さくら 本店,,,,,,,,,,,,とんかつ馬車道さくら,2.0,False
6883.0,Bistro MONTE,,,,,,,,,,,,Bistro MONTE,1.0,False
6884.0,DINING BAR WOODBELL,,,,,,,,,,,,DINING BAR WOODBELL,1.0,False
6885.0,Am Rhein,,,,,,,,,,,,Am Rhein,1.0,False
6886.0,幸喜屋 関内馬車道店,,,,,,,,,,,,幸喜屋,1.0,False
6887.0,Dining×Diving LIKKLE MORE,,,,,,,,,,,,Dining×Diving LIKKLE MORE,1.0,False
6888.0,うおとり,,,,,,,,,,,,うおとり,1.0,False
6889.0,Ripaille,,,,,,,,,,,,Ripaille,1.0,False
6890.0,食酒 田樹,,,,,,,,,,,,食酒 田樹,1.0,False
6891.0,関内バル 333 ,,,,,,,,,,,,関内バル 333,1.0,False
6892.0,写楽 横浜関内店,,,,,,,,,,,,写楽,1.0,False
6893.0,佐島 関内馬車道店,,,,,,,,,,,,佐島,1.0,False
6894.0,焼肉 YOKOHAMA 045,,,,,,,,,,,,焼肉 YOKOHAMA 045,1.0,False
6895.0,トラットリア バジル 馬車道店,,,,,,,,,,,,トラットリア バジル,1.0,False
6896.0,兼六庭園 関内店 ,,,,,,,,,,,,兼六庭園,1.0,False
6897.0,ビストロ酒場MarineClub,,,,,,,,,,,,ビストロ酒場MarineClub,1.0,False
6898.0,ブールバードカフェ アンドナイン,,,,,,,,,,,,ブールバードカフェ アンドナイン,1.0,False
6899.0,カフェ ラ・ボエム 元町中華街,,,,,,,,,,,,カフェ ラ・ボエム 元町中華街,1.0,False
6900.0,ゼイティン,,,,,,,,,,,,ゼイティン,1.0,False
6901.0,獅門酒楼,,,,,,,,,,,,獅門酒楼,1.0,False
6902.0,友酒家,,,,,,,,,,,,友酒家,1.0,False
6904.0,横浜出前クラブ,,,,,,,,,,,,横浜出前クラブ,1.0,False
6905.0,焼肉 東京山,,,,,,,,,,,,焼肉 東京山,1.0,False
6906.0,Bihotza,,,,,,,,,,,,Bihotza,1.0,False
6907.0,イベロアメリカーナ,,,,,,,,,,,,イベロアメリカーナ,1.0,False
6908.0,産地直送 鮮魚と農家野菜 ポズダイニング,,,,,,,,,,,,産地直送 鮮魚と農家野菜 ポズダイニング,1.0,False
6909.0,ヤンさんの台所 ,,,,,,,,,,,,ヤンさんの台所,1.0,False
6911.0,石窯ピザのイタリアンバル Pizza Cozou 横浜関内,,,,,,,,,,,,石窯ピザのイタリアンバル Pizza Cozou 横浜関内,1.0,False
6912.0,伊勢佐木町 肉寿司,,,,,,,,,,,,伊勢佐木町 肉寿司,1.0,False
6913.0,ステーキライスの店 センタービーフ 横浜関内本店,,,,,,,,,,,,ステーキライスの店 センタービーフ 横浜関内,1.0,False
6914.0,アルペンジロー 本店,,,,,,,,,,,,アルペンジロー,1.0,False
6915.0,イタリアンダイニング ザサウス,,,,,,,,,,,,イタリアンダイニング ザサウス,1.0,False
6916.0,Orange Concept ,,,,,,,,,,,,Orange Concept,1.0,False
6917.0,一軒家イタリアン 3丁目 Rigatto,,,,,,,,,,,,一軒家イタリアン 3丁目 Rigatto,1.0,False
6918.0,清流満月,,,,,,,,,,,,清流満月,1.0,False
6919.0,野毛ホルモンビル出逢い酒場 大夢,,,,,,,,,,,,野毛ホルモンビル出逢い酒場 大夢,1.0,False
6920.0,ジィーロ,,,,,,,,,,,,ジィーロ,1.0,False
6921.0,野毛八,,,,,,,,,,,,野毛八,1.0,False
6922.0,本格スペイン料理&ステーキハウス CASA DEL RIO,,,,,,,,,,,,本格スペイン料理&ステーキハウス CASA DEL RIO,1.0,False
6923.0,DOURAKU CORRIDA 新山下店,,,,,,,,,,,,DOURAKU CORRIDA,1.0,False
6924.0,リオス ボングスタイオ,,,,,,,,,,,,リオス ボングスタイオ,1.0,False
6925.0,ジェイハン,,,,,,,,,,,,ジェイハン,1.0,False
6926.0,ビストロ ラトゥール,,,,,,,,,,,,ビストロ ラトゥール,1.0,False
6927.0,上大岡 肉寿司,,,,,,,,,,,,上大岡 肉寿司,1.0,False
6928.0,上大岡とんちゃん,,,,,,,,,,,,上大岡とんちゃん,1.0,False
6929.0,テソロ・デル・マル,,,,,,,,,,,,テソロ・デル・マル,1.0,False
6930.0,ぶぅ屋,,,,,,,,,,,,ぶぅ屋,1.0,False
6931.0,FORESTARIA,,,,,,,,,,,,FORESTARIA,2.0,False
6932.0,羊のヒカリ,,,,,,,,,,,,羊のヒカリ,1.0,False
6933.0,横須賀中華KOMINE,,,,,,,,,,,,横須賀中華KOMINE,1.0,False
6934.0,ゴルカパレス,,,,,,,,,,,,ゴルカパレス,1.0,False
6935.0,味の旬彩 てん心,,,,,,,,,,,,味の旬彩 てん心,1.0,False
6936.0,吉田製麺店 横須賀店,,,,,,,,,,,,吉田製麺店,1.0,False
6937.0,Cool Clan URAGA,,,,,,,,,,,,Cool Clan URAGA,1.0,False
6938.0,焼肉どうらく 天王町 本店,,,,,,,,,,,,焼肉どうらく 天王町,1.0,False
6939.0,うま処 櫻,,,,,,,,,,,,うま処 櫻,1.0,False
6940.0,焼肉 どうらく 星川総本店,,,,,,,,,,,,焼肉 どうらく 星川,1.0,False
6941.0,焼肉どうらく 鶴ヶ峰店,,,,,,,,,,,,焼肉どうらく,1.0,False
6942.0,西洋懐石 じょ里ぃ,,,,,,,,,,,,西洋懐石 じょ里ぃ,1.0,False
6943.0,寿司・海鮮 うお三昧きじま 戸塚駅前店,,,,,,,,,,,,寿司・海鮮 うお三昧きじま,1.0,False
6944.0,コロスケ,,,,,,,,,,,,コロスケ,1.0,False
6945.0,鮨・酒・肴 杉玉 モレラ東戸塚,,,,,,,,,,,,鮨・酒・肴 杉玉 モレラ東戸塚,1.0,False
6946.0,sacco,,,,,,,,,,,,sacco,1.0,False
6947.0,花いちぜん,,,,,,,,,,,,花いちぜん,1.0,False
6948.0,鎌倉いとこ 小町通り店,,,,,,,,,,,,鎌倉いとこ,1.0,False
6949.0,潮風料理 舵屋,,,,,,,,,,,,潮風料理 舵屋,1.0,False
6950.0,季音 kinon 鎌倉,,,,,,,,,,,,季音 kinon 鎌倉,1.0,False
6951.0,鎌倉いとこ 長谷本店,,,,,,,,,,,,鎌倉いとこ 長谷,1.0,False
6952.0,らい亭,,,,,,,,,,,,らい亭,1.0,False
6953.0,SHONAN PHOTO CAFÉ,,,,,,,,,,,,SHONAN PHOTO CAFÉ,1.0,False
6954.0,ホルモン居酒屋 だいご 小田原本店,,,,,,,,,,,,ホルモン居酒屋 だいご 小田原,1.0,False
6955.0,SAKANA CUISINE RYO,,,,,,,,,,,,SAKANA CUISINE RYO,1.0,False
6956.0,彩酒亭 洞,,,,,,,,,,,,彩酒亭 洞,2.0,False
6957.0,柏又,,,,,,,,,,,,柏又,1.0,False
6958.0,かしわ水産,,,,,,,,,,,,かしわ水産,1.0,False
6959.0,ホルモン居酒屋 だいご 栢山駅前店,,,,,,,,,,,,ホルモン居酒屋 だいご,2.0,False
6960.0,豊陣,,,,,,,,,,,,豊陣,1.0,False
6961.0,炭火焼鳥とホルモン居酒屋だいご鴨宮駅前店・ラーメン だいご,,,,,,,,,,,,炭火焼鳥とホルモン居酒屋だいご鴨宮駅前店・ラーメン だいご,1.0,False
6962.0,wagyu sous vide,,,,,,,,,,,,wagyu sous vide,1.0,False
6963.0,ジャミン,,,,,,,,,,,,ジャミン,1.0,False
6964.0,ZARUBAKU,,,,,,,,,,,,ZARUBAKU,1.0,False
6965.0,もつ焼 北の屋,,,,,,,,,,,,もつ焼 北の屋,1.0,False
6966.0,蕎麦酒 二八,,,,,,,,,,,,蕎麦酒 二八,1.0,False
6967.0,近江牛ステーキ懐石ひゃくいちや,,,,,,,,,,,,近江牛ステーキ懐石ひゃくいちや,1.0,False
6968.0,ASIAN CHINESEバル 餃子酒場カノウ 辻堂店,,,,,,,,,,,,ASIAN CHINESEバル 餃子酒場カノウ,1.0,False
6969.0,もつ焼 肉刺し かのう 辻堂,,,,,,,,,,,,もつ焼 肉刺し かのう 辻堂,1.0,False
6970.0,近江牛ステーキ懐石 ひゃくいちや,,,,,,,,,,,,近江牛ステーキ懐石 ひゃくいちや,1.0,False
6971.0,バーガーズカフェグリルフクヨシ橋本店,,,,,,,,,,,,バーガーズカフェグリルフクヨシ橋,1.0,False
6973.0,福よし 古淵店,,,,,,,,,,,,福よし,1.0,False
6974.0,日本料理しも川,,,,,,,,,,,,日本料理しも川,1.0,False
6975.0,とり介 南口店,,,,,,,,,,,,とり介,1.0,False
6976.0,中華百番,,,,,,,,,,,,中華百番,1.0,False
6977.0,フランス料理 マリー・ルイーズ,,,,,,,,,,,,フランス料理 マリー・ルイーズ,1.0,False
6978.0,湘南ハッピーキュイジーヌ\n H×M アッシュ×エム,,,,,,,,,,,,湘南ハッピーキュイジーヌ\n H×M アッシュ×エム,1.0,False
6979.0,ホルモン居酒屋 だいご 開成駅前店,,,,,,,,,,,,ホルモン居酒屋 だいご,2.0,False
6980.0,モダン・ダイニングSumi,,,,,,,,,,,,モダン・ダイニングSumi,1.0,False
6981.0,香港小厨,,,,,,,,,,,,香港小厨,1.0,False
6982.0,紅籠坊,,,,,,,,,,,,紅籠坊,1.0,False
6983.0,桂花楼,,,,,,,,,,,,桂花楼,1.0,False
6984.0,風海,,,,,,,,,,,,風海,1.0,False
6987.0,将泰庵,,,,,,,,,,,,将泰庵,1.0,False
6988.0,とんかつ栄ちゃん,,,,,,,,,,,,とんかつ栄ちゃん,1.0,False
6989.0,ぼちぼち 下総中山店,,,,,,,,,,,,ぼちぼち,1.0,False
6992.0,ベイビーズブレス,,,,,,,,,,,,ベイビーズブレス,1.0,False
6994.0,隠れ家的 個室ビストロ ヴァンエール,,,,,,,,,,,,隠れ家的 個室ビストロ ヴァンエール,1.0,False
6995.0,パスタが美味しいイタリアン グッディーズカフェ,,,,,,,,,,,,パスタが美味しいイタリアン グッディーズカフェ,1.0,False
6996.0,肉バル ジラソーレ ,,,,,,,,,,,,肉バル ジラソーレ,1.0,False
6997.0,VOLENTE-048,,,,,,,,,,,,VOLENTE-048,1.0,False
6998.0,ディアボラ 浦和店 ,,,,,,,,,,,,ディアボラ,1.0,False
6999.0,新 (あらた),,,,,,,,,,,,新,1.0,False
7000.0,ラ ココリコ 浦和店 ,,,,,,,,,,,,ラ ココリコ,1.0,False
7001.0,enoteca d'ora,,,,,,,,,,,,enoteca d'ora,1.0,False
7002.0,魚菜 基,,,,,,,,,,,,魚菜 基,1.0,False
7003.0,ナチュラルダイニング菜素美,,,,,,,,,,,,ナチュラルダイニング菜素美,2.0,False
7004.0,庵 浮雨,,,,,,,,,,,,庵 浮雨,1.0,False
7005.0,うなぎ 彦星,,,,,,,,,,,,うなぎ 彦星,1.0,False
7006.0,旬楽 飃,,,,,,,,,,,,旬楽 飃,1.0,False
7007.0,鮮助 ,,,,,,,,,,,,鮮助,1.0,False
7008.0,吉草,,,,,,,,,,,,吉草,1.0,False
7009.0,タイ衆酒場 RUFUS,,,,,,,,,,,,タイ衆酒場 RUFUS,1.0,False
7010.0,焼肉 セナラ 大宮店,,,,,,,,,,,,焼肉 セナラ,2.0,False
7011.0,OTTO (オット),,,,,,,,,,,,OTTO,1.0,False
7013.0,モンスーンカフェ さいたま新都心,,,,,,,,,,,,モンスーンカフェ さいたま新都心,1.0,False
7014.0,イル・キャンティ コクーンシティ,,,,,,,,,,,,イル・キャンティ コクーンシティ,1.0,False
7015.0,喰心-meat Dining- ,,,,,,,,,,,,喰心-meat Dining-,1.0,False
7016.0,豚のひととき,,,,,,,,,,,,豚のひととき,2.0,False
7017.0,肉割烹 喰心,,,,,,,,,,,,肉割烹 喰心,1.0,False
7018.0,ローマピザとチーズのバル ConeYaki-048,,,,,,,,,,,,ローマピザとチーズのバル ConeYaki-048,2.0,False
7020.0,焼肉 森林 大宮店,,,,,,,,,,,,焼肉 森林,1.0,False
7021.0,MARE di SAKAI,,,,,,,,,,,,MARE di SAKAI,1.0,False
7022.0,trattoria timbro,,,,,,,,,,,,trattoria timbro,1.0,False
7023.0,ステーキやるじゃん,,,,,,,,,,,,ステーキやるじゃん,1.0,False
7024.0,ビストロ・バル だんだん,,,,,,,,,,,,ビストロ・バル だんだん,1.0,False
7025.0,ケブリノ,,,,,,,,,,,,ケブリノ,1.0,False
7026.0,たなべ,,,,,,,,,,,,たなべ,1.0,False
7028.0,キャンティ トレ,,,,,,,,,,,,キャンティ トレ,1.0,False
7029.0,焼肉 セナラ 川口店,,,,,,,,,,,,焼肉 セナラ,2.0,False
7030.0,日本料理くりはら,,,,,,,,,,,,日本料理くりはら,2.0,False
7031.0,やきとり酒場 とりいちず食堂 蕨西口駅前店,,,,,,,,,,,,やきとり酒場 とりいちず食堂,1.0,False
7032.0,ピッツェリア オオサキ 本店,,,,,,,,,,,,ピッツェリア オオサキ,1.0,False
7033.0,炭火焼肉 もう庭,,,,,,,,,,,,炭火焼肉 もう庭,1.0,False
7034.0,鮨処 笑福 ,,,,,,,,,,,,鮨処 笑福,1.0,False
7035.0,ティー ケー バーガーズ カフェ (T.K.Burgers) ,,,,,,,,,,,,ティー ケー バーガーズ カフェ,1.0,False
7036.0,ニランカフェ ,,,,,,,,,,,,ニランカフェ,1.0,False
7037.0,ガーリック,,,,,,,,,,,,ガーリック,1.0,False
7038.0,Hey Coffee,,,,,,,,,,,,Hey Coffee,1.0,False
7039.0,Trattoria Azzurri ,,,,,,,,,,,,Trattoria Azzurri,1.0,False
7040.0,poco rit.,,,,,,,,,,,,poco rit.,1.0,False
7041.0,S PRESS CAFE,,,,,,,,,,,,S PRESS CAFE,1.0,False
7042.0,イタリアン食堂873,,,,,,,,,,,,イタリアン食堂873,1.0,False
7044.0,和の彩り たぬき亭,,,,,,,,,,,,和の彩り たぬき亭,1.0,False
7045.0,日本海庄や 高山駅前店,,,,,,,,,,,,日本海庄や,1.0,False
7046.0,かがやくいろ,,,,,,,,,,,,かがやくいろ,1.0,False
7047.0,Mano-e-Mano pizzeria&bar,,,,,,,,,,,,Mano-e-Mano pizzeria&bar,1.0,False
7048.0,ビールと羊,,,,,,,,,,,,ビールと羊,1.0,False
7049.0,戴天ふぐ 曽根崎,,,,,,,,,,,,戴天ふぐ 曽根崎,1.0,False
7050.0,和食 縁 蕎麦切り,,,,,,,,,,,,和食 縁 蕎麦切り,1.0,False
7051.0,とっとりゆかりの店郷音,,,,,,,,,,,,とっとりゆかりの店郷音,1.0,False
7052.0,軍鶏十番,,,,,,,,,,,,軍鶏十番,1.0,False
7053.0,インド・ネパール レストラン ママ,,,,,,,,,,,,インド・ネパール レストラン ママ,1.0,False
7054.0,マガリヤナガシマ,,,,,,,,,,,,マガリヤナガシマ,1.0,False
7055.0,正起屋 なんばWALK店,,,,,,,,,,,,正起屋,3.0,False
7056.0,LITTLE BEAR TEA SHOP リトルベアーティーショップ タピオカ専門店 日本橋 難波店,,,,,,,,,,,,LITTLE BEAR TEA SHOP リトルベアーティーショップ タピオカ専門店 日本橋,1.0,False
7057.0,正起屋 難波店,,,,,,,,,,,,正起屋,3.0,False
7058.0,正起屋 NAMBAなんなん店,,,,,,,,,,,,正起屋,3.0,False
7059.0,炭火焼鳥 木鶏,,,,,,,,,,,,炭火焼鳥 木鶏,1.0,False
7060.0,ホシギダブルチキン 大阪難波1号店,,,,,,,,,,,,ホシギダブルチキン,2.0,False
7061.0,パプリカ食堂 ヴィーガン,,,,,,,,,,,,パプリカ食堂 ヴィーガン,1.0,False
7062.0,foujita,,,,,,,,,,,,foujita,1.0,False
7063.0,藤乃,,,,,,,,,,,,藤乃,1.0,False
7064.0,しげちゃんのからあげ,,,,,,,,,,,,しげちゃんのからあげ,1.0,False
7065.0,寿司 割烹 南喜久,,,,,,,,,,,,寿司 割烹 南喜久,1.0,False
7066.0,初代 富田林珈琲/ホンマルラジオ南大阪局,,,,,,,,,,,,初代 富田林珈琲/ホンマルラジオ南大阪局,1.0,False
7067.0,とんかつ利信,,,,,,,,,,,,とんかつ利信,1.0,False
7068.0,カフェガーデン グランディス,,,,,,,,,,,,カフェガーデン グランディス,1.0,False
7069.0,祇園迦陵,,,,,,,,,,,,祇園迦陵,1.0,False
7070.0,京料理 萬長,,,,,,,,,,,,京料理 萬長,1.0,False
7071.0,雅苑酒家 本店,,,,,,,,,,,,雅苑酒家,1.0,False
7073.0,雅苑 西宮,,,,,,,,,,,,雅苑 西宮,1.0,False
7074.0,魚どん然,,,,,,,,,,,,魚どん然,1.0,False
7075.0,すし然,,,,,,,,,,,,すし然,1.0,False
7076.0,カフェサンタマリア和み,,,,,,,,,,,,カフェサンタマリア和み,1.0,False
7077.0,天ぷら海鮮 神福,,,,,,,,,,,,天ぷら海鮮 神福,1.0,False
7079.0,四川飯店新潟,,,,,,,,,,,,四川飯店新潟,1.0,False
7080.0,居食亭ほうせい丸,,,,,,,,,,,,居食亭ほうせい丸,1.0,False
7082.0,さんほれ,,,,,,,,,,,,さんほれ,1.0,False
7083.0,浅草じゅうろく,,,,,,,,,,,,浅草じゅうろく,1.0,False
7085.0,恵比寿BAR,,,,,,,,,,,,恵比寿BAR,1.0,False
7086.0,ボッカ 川崎アゼリア店,,,,,,,,,,,,ボッカ,1.0,False
7087.0,呑みきち 小杉店,,,,,,,,,,,,呑みきち,1.0,False
7089.0,ホルモン焼肉ダイニング 極,,,,,,,,,,,,ホルモン焼肉ダイニング 極,1.0,False
7091.0,Le Petit Courageux,,,,,,,,,,,,Le Petit Courageux,1.0,False
7092.0,地雷也,,,,,,,,,,,,地雷也,2.0,False
7093.0,銀座 いし井 五反田店,,,,,,,,,,,,銀座 いし井,3.0,False
7094.0,手打そば・地酒 杉並まん月,,,,,,,,,,,,手打そば・地酒 杉並まん月,1.0,False
7095.0,イタリアンレストランLIFE,,,,,,,,,,,,イタリアンレストランLIFE,1.0,False
7096.0,初代 割烹 高橋,,,,,,,,,,,,初代 割烹 高橋,1.0,False
7097.0,BOWERY LANE -NY Table-,,,,,,,,,,,,BOWERY LANE -NY Table-,1.0,False
7098.0,イタリア料理店 イルヴィスキオ,,,,,,,,,,,,イタリア料理店 イルヴィスキオ,1.0,False
7099.0,Mi Choripan,,,,,,,,,,,,Mi Choripan,1.0,False
7100.0,武蔵野カンプス,,,,,,,,,,,,武蔵野カンプス,1.0,False
7101.0,WAI THAI - ワイタイ,,,,,,,,,,,,WAI THAI - ワイタイ,1.0,False
7102.0,ニシクボ食堂,,,,,,,,,,,,ニシクボ食堂,1.0,False
7103.0,プルミエ レタージュ (1er etage),,,,,,,,,,,,プルミエ レタージュ,1.0,False
7104.0,奄美料理居酒屋 土濱笑店(つちはましょうてん),,,,,,,,,,,,奄美料理居酒屋,1.0,False
7105.0,スペイン料理 ミネパル,,,,,,,,,,,,スペイン料理 ミネパル,1.0,False
7106.0,BISTRO PONT LEVEQUE(ビストロ ポンレヴェック ),,,,,,,,,,,,BISTRO PONT LEVEQUE,1.0,False
7107.0,ビストロ パルタジェ,,,,,,,,,,,,ビストロ パルタジェ,1.0,False
7108.0,のりこのごはん,,,,,,,,,,,,のりこのごはん,1.0,False
7109.0,立ち呑み処 EVANS(たちのみどころ エヴァンス),,,,,,,,,,,,立ち呑み処 EVANS,1.0,False
7110.0,神泉ホルモン 三百屋(しんせんほるもん さんびゃくや),,,,,,,,,,,,神泉ホルモン 三百屋,1.0,False
7111.0,肉バル DELICIOUS -AMERICAN BISTRO 渋谷店(にくばる でりしゃす あめりか,,,,,,,,,,,,肉バル DELICIOUS -AMERICAN BISTRO 渋谷店(にくばる でりしゃす あめりか,1.0,False
7112.0,キッチン ハセガワ,,,,,,,,,,,,キッチン ハセガワ,1.0,False
7113.0,麺K A W A K E I,,,,,,,,,,,,麺K A W A K E I,2.0,False
7114.0,アンシャンテ,,,,,,,,,,,,アンシャンテ,1.0,False
7115.0,おでん割烹 ひで(おでんかっぽう ひで),,,,,,,,,,,,おでん割烹 ひで,1.0,False
7116.0,こまきしょくどう鎌倉不識庵,,,,,,,,,,,,こまきしょくどう鎌倉不識庵,2.0,False
7117.0,Curry & Spice Bar 咖喱人,,,,,,,,,,,,Curry & Spice Bar 咖喱人,2.0,False
7118.0,銀座 香季庵,,,,,,,,,,,,銀座 香季庵,2.0,False
7119.0,シュングルマン,,,,,,,,,,,,シュングルマン,2.0,False
7120.0,日本橋茅場町 鳥徳,,,,,,,,,,,,日本橋茅場町 鳥徳,2.0,False
7121.0,カフェグレース,,,,,,,,,,,,カフェグレース,2.0,False
7122.0,炭火居酒屋山﨑 新橋店,,,,,,,,,,,,炭火居酒屋山﨑,2.0,False
7123.0,和牛職人赤坂本店,,,,,,,,,,,,和牛職人赤坂,2.0,False
7124.0,鳥亭,,,,,,,,,,,,鳥亭,2.0,False
7125.0,アディカリー,,,,,,,,,,,,アディカリー,2.0,False
7126.0,あさだ,,,,,,,,,,,,あさだ,2.0,False
7127.0,初台スパイス食堂 和魂印才たんどーる,,,,,,,,,,,,初台スパイス食堂 和魂印才たんどーる,2.0,False
7128.0,NODO(ノード),,,,,,,,,,,,NODO,2.0,False
7129.0,ラビチュード,,,,,,,,,,,,ラビチュード,2.0,False
7130.0,一卵亭,,,,,,,,,,,,一卵亭,2.0,False
7131.0,レストランTSUMURA,,,,,,,,,,,,レストランTSUMURA,2.0,False
7132.0,Barあしあと,,,,,,,,,,,,Barあしあと,2.0,False
7133.0,Guruatsu,,,,,,,,,,,,Guruatsu,2.0,False
7134.0,Restaurant & Darts Bar CONNECTS,,,,,,,,,,,,Restaurant & Darts Bar CONNECTS,2.0,False
7135.0,肉汁餃子 ふく肉,,,,,,,,,,,,肉汁餃子 ふく肉,2.0,False
7136.0,立ち飲みビストロシン サンテ,,,,,,,,,,,,立ち飲みビストロシン サンテ,2.0,False
7137.0,ビストロモザール,,,,,,,,,,,,ビストロモザール,2.0,False
7138.0,オリエンタルビストロK,,,,,,,,,,,,オリエンタルビストロK,2.0,False
7139.0,おらい食堂,,,,,,,,,,,,おらい食堂,2.0,False
7140.0,pizzeria 244,,,,,,,,,,,,pizzeria 244,2.0,False
7141.0,ブルスタ,,,,,,,,,,,,ブルスタ,2.0,False
7142.0,ぬく,,,,,,,,,,,,ぬく,2.0,False
7143.0,東京ハンズ,,,,,,,,,,,,東京ハンズ,2.0,False
7144.0,カフェ サラヴァ,,,,,,,,,,,,カフェ サラヴァ,2.0,False
7145.0,ビストロコンフル,,,,,,,,,,,,ビストロコンフル,2.0,False
7146.0,eatreat.CHAYA,,,,,,,,,,,,eatreat.CHAYA,2.0,False
7147.0,まゝ,,,,,,,,,,,,まゝ,2.0,False
7148.0,ランブロア,,,,,,,,,,,,ランブロア,2.0,False
7149.0,Viva Banco,,,,,,,,,,,,Viva Banco,2.0,False
7150.0,割烹一楓,,,,,,,,,,,,割烹一楓,2.0,False
7152.0,ビストロティロワ,,,,,,,,,,,,ビストロティロワ,2.0,False
7153.0,炭火焼きアジアン酒場アローイ兄弟,,,,,,,,,,,,炭火焼きアジアン酒場アローイ兄弟,2.0,False
7154.0,premium SOW DAIKANYAMA,,,,,,,,,,,,premium SOW DAIKANYAMA,2.0,False
7155.0,恵比寿魚竹,,,,,,,,,,,,恵比寿魚竹,2.0,False
7156.0,Bistrot Nobu,,,,,,,,,,,,Bistrot Nobu,2.0,False
7157.0,オリエントスパゲティ,,,,,,,,,,,,オリエントスパゲティ,2.0,False
7158.0,晴れときどき・・・,,,,,,,,,,,,晴れときどき・・・,2.0,False
7159.0,ほわいえ,,,,,,,,,,,,ほわいえ,2.0,False
7160.0,PIZZERIA no-no CHERCHIO,,,,,,,,,,,,PIZZERIA no-no CHERCHIO,2.0,False
7161.0,ピヨトトシャ,,,,,,,,,,,,ピヨトトシャ,2.0,False
7162.0,MAHOROBA,,,,,,,,,,,,MAHOROBA,2.0,False
7163.0,Pokkur(ポックル),,,,,,,,,,,,Pokkur,2.0,False
7164.0,地酒やもっと,,,,,,,,,,,,地酒やもっと,2.0,False
7165.0,ビストロ・ワタナベ,,,,,,,,,,,,ビストロ・ワタナベ,2.0,False
7166.0,ラディーチェ町屋,,,,,,,,,,,,ラディーチェ町屋,2.0,False
7167.0,ラ・ファミーユ,,,,,,,,,,,,ラ・ファミーユ,2.0,False
7169.0,炭火焼鳥 月木乃 つきの,,,,,,,,,,,,炭火焼鳥 月木乃 つきの,2.0,False
7170.0,PIZZERIA GTALIA DA FIlLIPPO,,,,,,,,,,,,PIZZERIA GTALIA DA FIlLIPPO,2.0,False
7171.0,アジアの屋台飯LOTUS(ロータス),,,,,,,,,,,,アジアの屋台飯LOTUS,2.0,False
7172.0,四ツ木製麺所,,,,,,,,,,,,四ツ木製麺所,2.0,False
7173.0,とんかつ田(でん),,,,,,,,,,,,とんかつ田,2.0,False
7175.0,シンガポールホーカーズ 立川,,,,,,,,,,,,シンガポールホーカーズ 立川,2.0,False
7176.0,自家製十割蕎麦 や乃家,,,,,,,,,,,,自家製十割蕎麦 や乃家,2.0,False
7178.0,軽食小木曽,,,,,,,,,,,,軽食小木曽,2.0,False
7180.0,トラットリアジリオロッソ,,,,,,,,,,,,トラットリアジリオロッソ,2.0,False
7182.0,ビンゴバーガー 南町田駅前店,,,,,,,,,,,,ビンゴバーガー,2.0,False
7183.0,うなぎ双葉 木曽,,,,,,,,,,,,うなぎ双葉 木曽,2.0,False
7185.0,そばの実カフェsora,,,,,,,,,,,,そばの実カフェsora,2.0,False
7186.0,オトメ,,,,,,,,,,,,オトメ,2.0,False
7187.0,カフェ食堂enishi,,,,,,,,,,,,カフェ食堂enishi,2.0,False
7188.0,ぽえむ 狛江南口店,,,,,,,,,,,,ぽえむ,2.0,False
7189.0,goffo,,,,,,,,,,,,goffo,2.0,False
7190.0,ポートオブコール横浜,,,,,,,,,,,,ポートオブコール横浜,2.0,False
7191.0,deli&cafeジェニーとボストン,,,,,,,,,,,,deli&cafeジェニーとボストン,1.0,False
7192.0,Vers par Naomi OGAKI,,,,,,,,,,,,Vers par Naomi OGAKI,2.0,False
7193.0,ROCCOMAN 日吉,,,,,,,,,,,,ROCCOMAN 日吉,2.0,False
7194.0,ババリゾートカフェ,,,,,,,,,,,,ババリゾートカフェ,2.0,False
7195.0,北海寿し,,,,,,,,,,,,北海寿し,2.0,False
7197.0,koyagi-ya delicatessen & co.,,,,,,,,,,,,koyagi-ya delicatessen & co.,2.0,False
7198.0,はますかむすび,,,,,,,,,,,,はますかむすび,2.0,False
7199.0,アモーレ厚木,,,,,,,,,,,,アモーレ厚木,2.0,False
7200.0,Le Canari (ルカナリ),,,,,,,,,,,,Le Canari,2.0,False
7201.0,洋食や なかむら,,,,,,,,,,,,洋食や なかむら,2.0,False
7202.0,Bistrot L'Ampoule,,,,,,,,,,,,Bistrot L'Ampoule,2.0,False
7203.0,フィーネデルモンド,,,,,,,,,,,,フィーネデルモンド,2.0,False
7204.0,ソウルダイナー,,,,,,,,,,,,ソウルダイナー,2.0,False
7205.0,エスニークス,,,,,,,,,,,,エスニークス,2.0,False
7206.0,トライバルアーツ,,,,,,,,,,,,トライバルアーツ,2.0,False
7207.0,Bleu Tablier,,,,,,,,,,,,Bleu Tablier,2.0,False
7208.0,Minette,,,,,,,,,,,,Minette,2.0,False
7209.0,粋季,,,,,,,,,,,,粋季,2.0,False
7210.0,PIZZAサルキン800,,,,,,,,,,,,PIZZAサルキン800,2.0,False
7211.0,ビストロ デ シュナパン,,,,,,,,,,,,ビストロ デ シュナパン,2.0,False
7212.0,サンロクゴ食堂,,,,,,,,,,,,サンロクゴ食堂,2.0,False
7213.0,ミエット,,,,,,,,,,,,ミエット,2.0,False
7214.0,スペインバルMassa,,,,,,,,,,,,スペインバルMassa,2.0,False
7215.0,ZERO 上新庄店,,,,,,,,,,,,ZERO,2.0,False
7216.0,「アヒージョtoパスタ」三谷製麺,,,,,,,,,,,,「アヒージョtoパスタ」三谷製麺,2.0,False
7218.0,ハワイアン食堂HALE,,,,,,,,,,,,ハワイアン食堂HALE,2.0,False
7219.0,ヴィーガンカフェ あすか,,,,,,,,,,,,ヴィーガンカフェ あすか,2.0,False
7220.0,中華料理 天山,,,,,,,,,,,,中華料理 天山,2.0,False
7222.0,鳥豚センター,,,,,,,,,,,,鳥豚センター,2.0,False
7223.0,お家カフェあさすみ,,,,,,,,,,,,お家カフェあさすみ,2.0,False
7224.0,うどん・そばダイニング たにと,,,,,,,,,,,,うどん・そばダイニング たにと,2.0,False
7225.0,京都千丸しゃかりき本店,,,,,,,,,,,,京都千丸しゃかりき,2.0,False
7226.0,チェネッタ バラバ,,,,,,,,,,,,チェネッタ バラバ,2.0,False
7227.0,チョッカーナ(chocana),,,,,,,,,,,,チョッカーナ,2.0,False
7228.0,ほっこり絶品中華 宇宙軒,,,,,,,,,,,,ほっこり絶品中華 宇宙軒,2.0,False
7229.0,ももちゃん,,,,,,,,,,,,ももちゃん,2.0,False
7230.0,Marhaba Halalfood(マルハバ ハラルフード),,,,,,,,,,,,Marhaba Halalfood,2.0,False
7231.0,中華そば 月光軒,,,,,,,,,,,,中華そば 月光軒,2.0,False
7232.0,七三飯,,,,,,,,,,,,七三飯,2.0,False
7233.0,イルフェソワフ,,,,,,,,,,,,イルフェソワフ,2.0,False
7234.0,おでん新乃,,,,,,,,,,,,おでん新乃,2.0,False
7235.0,いっかく食堂 警固本店,,,,,,,,,,,,いっかく食堂 警固,2.0,False
7236.0,Bistro La Coquette,,,,,,,,,,,,Bistro La Coquette,2.0,False
7237.0,炭火やきとり達磨,,,,,,,,,,,,炭火やきとり達磨,2.0,False
7238.0,ビストロ ルリール,,,,,,,,,,,,ビストロ ルリール,2.0,False
7239.0,うどん こまる,,,,,,,,,,,,うどん こまる,2.0,False
7240.0,酒場おっとん,,,,,,,,,,,,酒場おっとん,2.0,False
7241.0,C'è solo amore チェ ソーロ アモーレ,,,,,,,,,,,,C'è solo amore チェ ソーロ アモーレ,2.0,False
7243.0,串だるま,,,,,,,,,,,,串だるま,2.0,False
7244.0,MORON CAFE,,,,,,,,,,,,MORON CAFE,2.0,False
7245.0,PLAT HOME Kanazawa Kitchen,,,,,,,,,,,,PLAT HOME Kanazawa Kitchen,2.0,False
7246.0,MAKIHARA cave à manger,,,,,,,,,,,,MAKIHARA cave à manger,2.0,False
7247.0,イタリアン カフェ・アルコ プレーゴ 金沢 店,,,,,,,,,,,,イタリアン カフェ・アルコ プレーゴ 金沢,2.0,False
7248.0,キッチンスギ,,,,,,,,,,,,キッチンスギ,2.0,False
7249.0,nakamise café-pot,,,,,,,,,,,,nakamise café-pot,2.0,False
7250.0,organic cafe ごぱん,,,,,,,,,,,,organic cafe ごぱん,2.0,False
7251.0,ゆめママキッチン,,,,,,,,,,,,ゆめママキッチン,2.0,False
7252.0,飲み喰い処にしやま,,,,,,,,,,,,飲み喰い処にしやま,2.0,False
7253.0,DINER&BAR BASE.,,,,,,,,,,,,DINER&BAR BASE.,2.0,False
7254.0,やきにく黒ちゃん,,,,,,,,,,,,やきにく黒ちゃん,2.0,False
7255.0,珈琲美学アベ,,,,,,,,,,,,珈琲美学アベ,2.0,False
7256.0,トラットリアノンノ,,,,,,,,,,,,トラットリアノンノ,2.0,False
7257.0,Fleur de Pêcher MOMOCA,,,,,,,,,,,,Fleur de Pêcher MOMOCA,2.0,False
7258.0,ソーセージハム男,,,,,,,,,,,,ソーセージハム男,2.0,False
7259.0,カルムスイーツ,,,,,,,,,,,,カルムスイーツ,2.0,False
7260.0,平等院表参道 竹林,,,,,,,,,,,,平等院表参道 竹林,2.0,False
7261.0,和洋ビストロ ほうき星,,,,,,,,,,,,和洋ビストロ ほうき星,2.0,False
7262.0,焼肉・ホルモン まるいち,,,,,,,,,,,,焼肉・ホルモン まるいち,2.0,False
7263.0,猫と魚,,,,,,,,,,,,猫と魚,2.0,False
7264.0,拉麺 久留米 本田商店,,,,,,,,,,,,拉麺 久留米,2.0,False
7265.0,無鉄砲,,,,,,,,,,,,無鉄砲,2.0,False
7266.0,時屋,,,,,,,,,,,,時屋,2.0,False
7267.0,麺屋 たけ井,,,,,,,,,,,,麺屋 たけ井,2.0,False
7268.0,G麺7,,,,,,,,,,,,G麺7,1.0,False
7269.0,町田汁場しおらーめん進化,,,,,,,,,,,,町田汁場しおらーめん進化,2.0,False
7270.0,葫,,,,,,,,,,,,葫,2.0,False
7272.0,ビストロシノワ YASMIN,,,,,,,,,,,,ビストロシノワ YASMIN,1.0,False
7273.0,Sajilo Cafe (サジロ カフェ),,,,,,,,,,,,Sajilo Cafe,1.0,False
7274.0,ひしゅうや,,,,,,,,,,,,ひしゅうや,1.0,False
7275.0,イベリコ豚おんどる焼裏渋屋(いべりこぶたおんどるやきうらしぶや),,,,,,,,,,,,イベリコ豚おんどる焼裏渋屋,1.0,False
7276.0,お酒と洋風ごはん おむかい,,,,,,,,,,,,お酒と洋風ごはん おむかい,1.0,False
7277.0,麺喜 やしま 渋谷円山町(めんき やしま しぶやまるやまちょう),,,,,,,,,,,,麺喜 やしま 渋谷円山町,1.0,False
7278.0,TOMBOY 渋谷 神泉(トムボーイ しぶやしんせん),,,,,,,,,,,,TOMBOY 渋谷 神泉,1.0,False
7279.0,アカーム シノワ,,,,,,,,,,,,アカーム シノワ,1.0,False
7280.0,酒と煮こみ 松濤はろう(さけとにこみ しょうとうはろう),,,,,,,,,,,,酒と煮こみ 松濤はろう,1.0,False
7281.0,仄仄(ほのぼの),,,,,,,,,,,,仄仄,1.0,False
7282.0,super trattoria LITO(スーペル トラットリア リト),,,,,,,,,,,,super trattoria LITO,1.0,False
7283.0,焼肉ホルモン 永秀 渋谷神泉本店(やきにくほるもん ながひで しぶやしんせんほんてん),,,,,,,,,,,,焼肉ホルモン 永秀 渋谷神泉,1.0,False
7284.0,魚ゆう(うおゆう),,,,,,,,,,,,魚ゆう,1.0,False
7285.0,CHASECO GRILL&PASTA(ちぇいすこ グリルアンドパスタ),,,,,,,,,,,,CHASECO GRILL&PASTA,1.0,False
7286.0,俺流塩ラーメン 東急本店前店(おれりゅうしおらーめん とうきゅうほんてんまえてん),,,,,,,,,,,,俺流塩ラーメン,1.0,False
7287.0,魚山亭 渋谷店(ぎょっさんてい しぶやてん),,,,,,,,,,,,魚山亭,1.0,False
7288.0,魚真 渋谷店,,,,,,,,,,,,魚真,3.0,False
7289.0,へぎそば 匠 渋谷文化村通り店,,,,,,,,,,,,へぎそば 匠,2.0,False
7290.0,LE BOUCHON OGASAWARA (ル・ブション・オガサワラ),,,,,,,,,,,,LE BOUCHON OGASAWARA,1.0,False
7291.0,BAG ONE,,,,,,,,,,,,BAG ONE,1.0,False
7292.0,うなぎ花菱 渋谷店,,,,,,,,,,,,うなぎ花菱,1.0,False
7293.0,牛カツ京都勝牛 渋谷道玄坂店,,,,,,,,,,,,牛カツ京都勝牛,1.0,False
7294.0,日和 (hiyori),,,,,,,,,,,,日和,1.0,False
7295.0,マヌエル・コジーニャ・ポルトゲーザ 渋谷店,,,,,,,,,,,,マヌエル・コジーニャ・ポルトゲーザ,1.0,False
7296.0,WE ARE THE FARM 渋谷,,,,,,,,,,,,WE ARE THE FARM 渋谷,1.0,False
7297.0,ダ・オッジ,,,,,,,,,,,,ダ・オッジ,1.0,False
7298.0,洋食 おがた,,,,,,,,,,,,洋食 おがた,1.0,False
7299.0,和 なごみ,,,,,,,,,,,,和 なごみ,1.0,False
7300.0,むーんしゃいん,,,,,,,,,,,,むーんしゃいん,2.0,False
7301.0,酒肴や鯔背,,,,,,,,,,,,酒肴や鯔背,2.0,False
7302.0,Yaoyu,,,,,,,,,,,,Yaoyu,2.0,False
7303.0,CHICKEN SEVEN チキンセブン,,,,,,,,,,,,CHICKEN SEVEN チキンセブン,2.0,False
7304.0,wine&bar Pinot,,,,,,,,,,,,wine&bar Pinot,2.0,False
7305.0,沖縄ダイニング さんさん,,,,,,,,,,,,沖縄ダイニング さんさん,2.0,False
7306.0,カレーハウス林,,,,,,,,,,,,カレーハウス林,2.0,False
7307.0,韓国旬菜ハル,,,,,,,,,,,,韓国旬菜ハル,2.0,False
7308.0,魚鈴,,,,,,,,,,,,魚鈴,2.0,False
7309.0,炭焼長者 馬場六区,,,,,,,,,,,,炭焼長者 馬場六区,2.0,False
7310.0,幸楽苑,,,,,,,,,,,,幸楽苑,2.0,False
7311.0,生パスタの店 エッコ・エッコ 入谷店,,,,,,,,,,,,生パスタの店 エッコ・エッコ,2.0,False
7312.0,TERZO3,,,,,,,,,,,,TERZO3,2.0,False
7313.0,NIDO,,,,,,,,,,,,NIDO,2.0,False
7314.0,マルカン(Marucan),,,,,,,,,,,,マルカン,2.0,False
7315.0,立道屋(タテミチヤ),,,,,,,,,,,,立道屋,2.0,False
7316.0,ENERGY,,,,,,,,,,,,ENERGY,2.0,False
7317.0,Welfun Cafe,,,,,,,,,,,,Welfun Cafe,2.0,False
7318.0,小料理百けん,,,,,,,,,,,,小料理百けん,2.0,False
7319.0,しましまカフェ,,,,,,,,,,,,しましまカフェ,2.0,False
7320.0,BISTROT JUN,,,,,,,,,,,,BISTROT JUN,2.0,False
7321.0,くいものやBAR,,,,,,,,,,,,くいものやBAR,2.0,False
7322.0,イル カプリッチョ,,,,,,,,,,,,イル カプリッチョ,2.0,False
7323.0,ビアンカーラ,,,,,,,,,,,,ビアンカーラ,2.0,False
7324.0,ワイン食堂Sautoir-ソトワ-,,,,,,,,,,,,ワイン食堂Sautoir-ソトワ-,2.0,False
7325.0,アマンキッチン,,,,,,,,,,,,アマンキッチン,2.0,False
7326.0,グレーヌマルシェ 綱島店,,,,,,,,,,,,グレーヌマルシェ,2.0,False
7328.0,ラ・キュイジーヌ・ド ウオタマ,,,,,,,,,,,,ラ・キュイジーヌ・ド ウオタマ,2.0,False
7329.0,酒と氷やまみちさき,,,,,,,,,,,,酒と氷やまみちさき,2.0,False
7330.0,JRガード下キッチン TONKUU 天満店,,,,,,,,,,,,JRガード下キッチン TONKUU,2.0,False
7331.0,春秋 文化村通店,,,,,,,,,,,,春秋,1.0,False
7332.0,トゥッカーノ渋谷,,,,,,,,,,,,トゥッカーノ渋谷,1.0,False
7333.0,紀尾井町ささ樹,,,,,,,,,,,,紀尾井町ささ樹,1.0,False
7334.0,お野菜びすとろ 志あわせ,,,,,,,,,,,,お野菜びすとろ 志あわせ,1.0,False
7335.0,シュウマイ酒場 創笑 武蔵境,,,,,,,,,,,,シュウマイ酒場 創笑 武蔵境,1.0,False
7336.0,鮨なが井,,,,,,,,,,,,鮨なが井,1.0,False
7337.0,いなせや 成城店,,,,,,,,,,,,いなせや,1.0,False
7338.0,えいよう,,,,,,,,,,,,えいよう,1.0,False
7339.0,中華家かいか,,,,,,,,,,,,中華家かいか,1.0,False
7340.0,神戸風お好み焼きじゅんじゅん,,,,,,,,,,,,神戸風お好み焼きじゅんじゅん,1.0,False
7341.0,割烹 中嶋,,,,,,,,,,,,割烹 中嶋,1.0,False
7342.0,餃子酒場 赤坂よ志多 本郷三丁目店,,,,,,,,,,,,餃子酒場 赤坂よ志多,2.0,False
7343.0,オステリア アル コラッロ,,,,,,,,,,,,オステリア アル コラッロ,1.0,False
7344.0,魚屋がぶ,,,,,,,,,,,,魚屋がぶ,1.0,False
7345.0,ふじむらcafe,,,,,,,,,,,,ふじむらcafe,1.0,False
7346.0,スガハラフォー,,,,,,,,,,,,スガハラフォー,1.0,False
7347.0,PUERTO五反田,,,,,,,,,,,,PUERTO五反田,2.0,False
7348.0,Y'Y',,,,,,,,,,,,Y'Y',2.0,False
7349.0,ERICK SOUTH MASALA DINER 神宮前,,,,,,,,,,,,ERICK SOUTH MASALA DINER 神宮前,2.0,False
7350.0,グランカルロス96,,,,,,,,,,,,グランカルロス96,2.0,False
7351.0,TAO TAO,,,,,,,,,,,,TAO TAO,2.0,False
7352.0,福島桜屋 道楽料理とうまい酒,,,,,,,,,,,,福島桜屋 道楽料理とうまい酒,2.0,False
7353.0,御馥 中之島ダイビル店,,,,,,,,,,,,御馥,2.0,False
7354.0,CONROW (コンロウ),,,,,,,,,,,,CONROW,1.0,False
7355.0,荻窪ジュノン,,,,,,,,,,,,荻窪ジュノン,1.0,False
7356.0,O2,,,,,,,,,,,,O2,3.0,False
7357.0,水天宮酒場ゴチ!,,,,,,,,,,,,水天宮酒場ゴチ!,1.0,False
7358.0,白金荘製麺所,,,,,,,,,,,,白金荘製麺所,2.0,False
7359.0,Gli Scampi,,,,,,,,,,,,Gli Scampi,2.0,False
7360.0,中華そば ビリケン,,,,,,,,,,,,中華そば ビリケン,2.0,False
7361.0,清澄白河フジマル醸造所,,,,,,,,,,,,清澄白河フジマル醸造所,2.0,False
7362.0,イサーン・キッチン,,,,,,,,,,,,イサーン・キッチン,2.0,False
7364.0,南印度ダイニング,,,,,,,,,,,,南印度ダイニング,2.0,False
7365.0,中国食酒房 まつもと,,,,,,,,,,,,中国食酒房 まつもと,2.0,False
7366.0,upim,,,,,,,,,,,,upim,2.0,False
7367.0,GRILLED MEAT Koba.,,,,,,,,,,,,GRILLED MEAT Koba.,2.0,False
7368.0,久保田食堂,,,,,,,,,,,,久保田食堂,2.0,False
7369.0,源希 下赤塚,,,,,,,,,,,,源希 下赤塚,2.0,False
7370.0,地中海料理 DA・MEO・PATAKA,,,,,,,,,,,,地中海料理 DA・MEO・PATAKA,2.0,False
7371.0,肉バル ハーブカルネ 町田本店,,,,,,,,,,,,肉バル ハーブカルネ 町田,2.0,False
7372.0,TAcme,,,,,,,,,,,,TAcme,2.0,False
7373.0,居酒屋 はかたんもん,,,,,,,,,,,,居酒屋 はかたんもん,2.0,False
7374.0,炭火焼鳥焼串 てっぺん,,,,,,,,,,,,炭火焼鳥焼串 てっぺん,2.0,False
7375.0,ビストロキャトル,,,,,,,,,,,,ビストロキャトル,2.0,False
7376.0,MOSH & TACOS (モッシュ&タコス),,,,,,,,,,,,MOSH & TACOS,2.0,False
7377.0,焼肉家東貴,,,,,,,,,,,,焼肉家東貴,2.0,False
7378.0,ラーメンフクロウ,,,,,,,,,,,,ラーメンフクロウ,2.0,False
7379.0,和樂(わらく),,,,,,,,,,,,和樂,1.0,False
7380.0,Osteria Assai(オステリア アッサイ),,,,,,,,,,,,Osteria Assai,1.0,False
7381.0,cafe & bar QUARTET,,,,,,,,,,,,cafe & bar QUARTET,1.0,False
7382.0,THETA MU シータミュー,,,,,,,,,,,,THETA MU シータミュー,1.0,False
7383.0,すわ庵,,,,,,,,,,,,すわ庵,2.0,False
7384.0,sonosheet,,,,,,,,,,,,sonosheet,2.0,False
7385.0,erba da nakahigashi,,,,,,,,,,,,erba da nakahigashi,2.0,False
7386.0,エリエート  秋葉原,,,,,,,,,,,,エリエート 秋葉原,2.0,False
7387.0,ラッフルズカリー,,,,,,,,,,,,ラッフルズカリー,2.0,False
7388.0,vivo daily stand 目黒店,,,,,,,,,,,,vivo daily stand,3.0,False
7389.0,アジアンダイニング&バーSITA 学芸大学店,,,,,,,,,,,,アジアンダイニング&バーSITA,1.0,False
7390.0,華や,,,,,,,,,,,,華や,2.0,False
7391.0,和のかし巡,,,,,,,,,,,,和のかし巡,2.0,False
7392.0,昇龍,,,,,,,,,,,,昇龍,2.0,False
7393.0,TSUMUGU CAFE 〜台湾茶とベジフードのおみせ〜,,,,,,,,,,,,TSUMUGU CAFE 〜台湾茶とベジフードのおみせ〜,2.0,False
7394.0,シュエットルージュ,,,,,,,,,,,,シュエットルージュ,2.0,False
7395.0,大衆肉ビストロLit,,,,,,,,,,,,大衆肉ビストロLit,2.0,False
7396.0,cafe Molty,,,,,,,,,,,,cafe Molty,2.0,False
7397.0,パッキーノ,,,,,,,,,,,,パッキーノ,2.0,False
7399.0,AC上石神井,,,,,,,,,,,,AC上石神井,2.0,False
7401.0,シェいなば,,,,,,,,,,,,シェいなば,2.0,False
7402.0,ムサシノ野菜食堂ミルナーナ,,,,,,,,,,,,ムサシノ野菜食堂ミルナーナ,2.0,False
7403.0,にしまきごはん,,,,,,,,,,,,にしまきごはん,2.0,False
7404.0,割鮮Nampuもとき,,,,,,,,,,,,割鮮Nampuもとき,2.0,False
7405.0,玄 gen,,,,,,,,,,,,玄 gen,2.0,False
7406.0,QUE PASA (ケ・パサ【旧店名】パクチー&ブリトー),,,,,,,,,,,,QUE PASA,2.0,False
7407.0,ファラフェルガーデン,,,,,,,,,,,,ファラフェルガーデン,2.0,False
7408.0,ブランカ,,,,,,,,,,,,ブランカ,2.0,False
7409.0,Relish食堂,,,,,,,,,,,,Relish食堂,2.0,False
7410.0,ポシェジャルダン,,,,,,,,,,,,ポシェジャルダン,2.0,False
7411.0,green・green・village,,,,,,,,,,,,green・green・village,2.0,False
7412.0,とり焼肉エイト,,,,,,,,,,,,とり焼肉エイト,2.0,False
7413.0,春陽軒,,,,,,,,,,,,春陽軒,2.0,False
7414.0,ふきや 箱崎店,,,,,,,,,,,,ふきや,2.0,False
7415.0,ワインと天ぷら あら木 都ホテル博多,,,,,,,,,,,,ワインと天ぷら あら木 都ホテル博多,2.0,False
7416.0,炉端 百式,,,,,,,,,,,,炉端 百式,2.0,False
7417.0,三九酒場 けごむす,,,,,,,,,,,,三九酒場 けごむす,2.0,False
7418.0,鳥いち,,,,,,,,,,,,鳥いち,2.0,False
7419.0,Mandarin Market 文華市場 マンダリンマーケット,,,,,,,,,,,,Mandarin Market 文華市場 マンダリンマーケット,2.0,False
7420.0,新世界 檳榔の夜,,,,,,,,,,,,新世界 檳榔の夜,2.0,False
7421.0,美麗酒場 Couta 荒戸店,,,,,,,,,,,,美麗酒場 Couta,2.0,False
7422.0,ビストロ・ミーヌ,,,,,,,,,,,,ビストロ・ミーヌ,2.0,False
7423.0,Lillet,,,,,,,,,,,,Lillet,2.0,False
7424.0,Vigneron(ヴィニュロン),,,,,,,,,,,,Vigneron,2.0,False
7425.0,gaRu,,,,,,,,,,,,gaRu,2.0,False
7426.0,n.Quad,,,,,,,,,,,,n.Quad,2.0,False
7427.0,博多天ぷら ながおか,,,,,,,,,,,,博多天ぷら ながおか,2.0,False
7428.0,あかりや&あかりやstand,,,,,,,,,,,,あかりや&あかりやstand,2.0,False
7429.0,Bistro picd’or,,,,,,,,,,,,Bistro picd’or,2.0,False
7430.0,一本木 石橋,,,,,,,,,,,,一本木 石橋,2.0,False
7431.0,バル・ババ,,,,,,,,,,,,バル・ババ,2.0,False
7432.0,アトリエてらた,,,,,,,,,,,,アトリエてらた,2.0,False
7433.0,クボカリー,,,,,,,,,,,,クボカリー,2.0,False
7434.0,中華川菜 蓮華,,,,,,,,,,,,中華川菜 蓮華,2.0,False
7435.0,焼き鳥居酒屋たていし,,,,,,,,,,,,焼き鳥居酒屋たていし,2.0,False
7436.0,イタリア食堂Pappa パッパ,,,,,,,,,,,,イタリア食堂Pappa パッパ,2.0,False
7437.0,焼き鳥大政,,,,,,,,,,,,焼き鳥大政,2.0,False
7438.0,食堂MARUKO,,,,,,,,,,,,食堂MARUKO,2.0,False
7439.0,ほし乃,,,,,,,,,,,,ほし乃,2.0,False
7440.0,ケンタロウ,,,,,,,,,,,,ケンタロウ,2.0,False
7441.0,FIL D'OR フィルドール,,,,,,,,,,,,FIL D'OR フィルドール,2.0,False
7442.0,無彩庵池田,,,,,,,,,,,,無彩庵池田,2.0,False
7443.0,リョウリヤ ステファン パンテル,,,,,,,,,,,,リョウリヤ ステファン パンテル,2.0,False
7444.0,料理屋うしのほね 本店,,,,,,,,,,,,料理屋うしのほね,2.0,False
7445.0,Osake Wine Dining 和たり,,,,,,,,,,,,Osake Wine Dining 和たり,2.0,False
7446.0,侘家古暦堂 花見小路本店,,,,,,,,,,,,侘家古暦堂 花見小路,2.0,False
7447.0,ソウルフードキッチン,,,,,,,,,,,,ソウルフードキッチン,2.0,False
7448.0,尾道ラーメン 喰海,,,,,,,,,,,,尾道ラーメン 喰海,2.0,False
7449.0,蔵前家,,,,,,,,,,,,蔵前家,2.0,False
7450.0,支那そばや日歩未,,,,,,,,,,,,支那そばや日歩未,2.0,False
7451.0,中村商店 高槻本店,,,,,,,,,,,,中村商店 高槻,2.0,False
7452.0,らぁ麺 飯田商店,,,,,,,,,,,,らぁ麺,2.0,False
7453.0,新旬屋 麺 新庄本店,,,,,,,,,,,,新旬屋 麺 新庄,2.0,False
7454.0,ワイン&タパス チル,,,,,,,,,,,,ワイン&タパス チル,1.0,False
7455.0,創作そばなぁる,,,,,,,,,,,,創作そばなぁる,1.0,False
7456.0,きんぼし,,,,,,,,,,,,きんぼし,2.0,False
7457.0,八丁堀ワイン食堂パパン,,,,,,,,,,,,八丁堀ワイン食堂パパン,2.0,False
7458.0,アガリス神楽坂,,,,,,,,,,,,アガリス神楽坂,2.0,False
7459.0,肉呑み びあんど,,,,,,,,,,,,肉呑み びあんど,2.0,False
7460.0,civinova,,,,,,,,,,,,civinova,2.0,False
7461.0,Cellier セリエ,,,,,,,,,,,,Cellier セリエ,2.0,False
7462.0,VEGETARIAN BEAST,,,,,,,,,,,,VEGETARIAN BEAST,2.0,False
7463.0,カフェしかく,,,,,,,,,,,,カフェしかく,2.0,False
7465.0,中華レストラン紅,,,,,,,,,,,,中華レストラン紅,2.0,False
7466.0,BAL BACARO,,,,,,,,,,,,BAL BACARO,2.0,False
7468.0,生姜料理 しょうが,,,,,,,,,,,,生姜料理 しょうが,2.0,False
7469.0,燦坐,,,,,,,,,,,,燦坐,2.0,False
7470.0,ギャロ・ガレージ,,,,,,,,,,,,ギャロ・ガレージ,2.0,False
7471.0,クチーナ ナトュラーレ エッフェ,,,,,,,,,,,,クチーナ ナトュラーレ エッフェ,2.0,False
7472.0,INUwines,,,,,,,,,,,,INUwines,2.0,False
7473.0,アイリーハウス,,,,,,,,,,,,アイリーハウス,2.0,False
7474.0,ラ・ロッシュ,,,,,,,,,,,,ラ・ロッシュ,2.0,False
7475.0,吉田山荘,,,,,,,,,,,,吉田山荘,2.0,False
7476.0,れすとらん西島,,,,,,,,,,,,れすとらん西島,2.0,False
7477.0,煮込みとお惣菜スタンド ウエトミ,,,,,,,,,,,,煮込みとお惣菜スタンド ウエトミ,2.0,False
7479.0,八つ浜,,,,,,,,,,,,八つ浜,2.0,False
7480.0,ルシェーヌ,,,,,,,,,,,,ルシェーヌ,1.0,False
7481.0,ししまる食堂,,,,,,,,,,,,ししまる食堂,1.0,False
7482.0,ノブパン,,,,,,,,,,,,ノブパン,2.0,False
7483.0,ギャラリー&カフェ niwa-coya,,,,,,,,,,,,ギャラリー&カフェ niwa-coya,1.0,False
7484.0,ヴァンヴェール珈琲,,,,,,,,,,,,ヴァンヴェール珈琲,2.0,False
7485.0,PQ’s,,,,,,,,,,,,PQ’s,2.0,False
7486.0,飯家かたばみ,,,,,,,,,,,,飯家かたばみ,2.0,False
7487.0,Bells nakameguro,,,,,,,,,,,,Bells nakameguro,2.0,False
7488.0,kitchenfumi,,,,,,,,,,,,kitchenfumi,2.0,False
7489.0,自然野菜レストラン 駒込ナーリッシュ,,,,,,,,,,,,自然野菜レストラン 駒込ナーリッシュ,2.0,False
7490.0,花ぐるま,,,,,,,,,,,,花ぐるま,2.0,False
7491.0,肉と野菜とナチュラルワイン さとう,,,,,,,,,,,,肉と野菜とナチュラルワイン さとう,2.0,False
7492.0,Le Temps,,,,,,,,,,,,Le Temps,2.0,False
7493.0,日吉 小満津(こまつ),,,,,,,,,,,,日吉 小満津,2.0,False
7494.0,延(えん),,,,,,,,,,,,延,2.0,False
7496.0,ニューカリーハウス,,,,,,,,,,,,ニューカリーハウス,2.0,False
7497.0,ワインとごはん IWASAKI,,,,,,,,,,,,ワインとごはん IWASAKI,2.0,False
7498.0,日仏食堂 en,,,,,,,,,,,,日仏食堂 en,2.0,False
7499.0,CafeBar Que,,,,,,,,,,,,CafeBar Que,2.0,False
7500.0,らるきい,,,,,,,,,,,,らるきい,2.0,False
7501.0,らーめん・つけめん八角,,,,,,,,,,,,らーめん・つけめん八角,2.0,False
7502.0,蜀味三国,,,,,,,,,,,,蜀味三国,2.0,False
7503.0,中村ストアー,,,,,,,,,,,,中村ストアー,2.0,False
7505.0,Bitte(ビッテ),,,,,,,,,,,,Bitte,2.0,False
7506.0,ジブンチ jibunchi,,,,,,,,,,,,ジブンチ jibunchi,2.0,False
7507.0,ごはんcafe かりん,,,,,,,,,,,,ごはんcafe かりん,2.0,False
7508.0,焼肉アリラン,,,,,,,,,,,,焼肉アリラン,2.0,False
7509.0,VIETNAM FRENCH XUAN-スアン-,,,,,,,,,,,,VIETNAM FRENCH XUAN-スアン-,2.0,False
7510.0,焼肉・ステーキ岩井,,,,,,,,,,,,焼肉・ステーキ岩井,2.0,False
7511.0,のりまきのすけ,,,,,,,,,,,,のりまきのすけ,2.0,False
7512.0,ラーメン海鳴,,,,,,,,,,,,ラーメン海鳴,2.0,False
7513.0,讃岐ラーメンはまんど,,,,,,,,,,,,讃岐ラーメンはまんど,2.0,False
7514.0,南インドの定食と軽食 三燈舎,,,,,,,,,,,,南インドの定食と軽食 三燈舎,2.0,False
7515.0,Vegan Cafe Monkey Magic 浅草,,,,,,,,,,,,Vegan Cafe Monkey Magic 浅草,2.0,False
7516.0,sen,,,,,,,,,,,,sen,2.0,False
7517.0,Books&Cafeドレッドノート,,,,,,,,,,,,Books&Cafeドレッドノート,2.0,False
7518.0,コクエレ,,,,,,,,,,,,コクエレ,2.0,False
7519.0,蒼い月,,,,,,,,,,,,蒼い月,2.0,False
7520.0,ルレサクラ,,,,,,,,,,,,ルレサクラ,2.0,False
7521.0,オトナノイザカヤ中戸川,,,,,,,,,,,,オトナノイザカヤ中戸川,2.0,False
7522.0,永福町ichi,,,,,,,,,,,,永福町ichi,2.0,False
7523.0,Onggi,,,,,,,,,,,,Onggi,2.0,False
7524.0,福しん 公会堂前店,,,,,,,,,,,,福しん,2.0,False
7525.0,ブラッスリー ロノマトペ,,,,,,,,,,,,ブラッスリー ロノマトペ,2.0,False
7526.0,シタール,,,,,,,,,,,,シタール,2.0,False
7527.0,ハンバーグ ペレ,,,,,,,,,,,,ハンバーグ ペレ,2.0,False
7529.0,ふらんす食堂 M,,,,,,,,,,,,ふらんす食堂 M,2.0,False
7530.0,Brown Rice+ 木月キッチン,,,,,,,,,,,,Brown Rice+ 木月キッチン,2.0,False
7531.0,オステリア ボッカーノ,,,,,,,,,,,,オステリア ボッカーノ,2.0,False
7532.0,Vegan cafe Thallo,,,,,,,,,,,,Vegan cafe Thallo,2.0,False
7533.0,パルゴロ,,,,,,,,,,,,パルゴロ,2.0,False
7534.0,ラギャロワーズ,,,,,,,,,,,,ラギャロワーズ,2.0,False
7535.0,ライス&カリー ラーマ,,,,,,,,,,,,ライス&カリー ラーマ,2.0,False
7536.0,MAKIBI,,,,,,,,,,,,MAKIBI,2.0,False
7538.0,氣太呂や寿司,,,,,,,,,,,,氣太呂や寿司,2.0,False
7539.0,中国菜 隨園,,,,,,,,,,,,中国菜 隨園,2.0,False
7540.0,焼肉くだら,,,,,,,,,,,,焼肉くだら,2.0,False
7541.0,日本料理 梅嘉,,,,,,,,,,,,日本料理 梅嘉,2.0,False
7543.0,ぶぁん,,,,,,,,,,,,ぶぁん,2.0,False
7544.0,Saccharo(サッカロ),,,,,,,,,,,,Saccharo,2.0,False
7545.0,はなゆ,,,,,,,,,,,,はなゆ,2.0,False
7546.0,フランス料理 トルテュ,,,,,,,,,,,,フランス料理 トルテュ,2.0,False
7547.0,テンサン,,,,,,,,,,,,テンサン,2.0,False
7548.0,ニューミラ,,,,,,,,,,,,ニューミラ,2.0,False
7549.0,豊しん,,,,,,,,,,,,豊しん,2.0,False
7550.0,本場大阪 一太郎,,,,,,,,,,,,本場大阪 一太郎,2.0,False
7551.0,薔薇絵亭,,,,,,,,,,,,薔薇絵亭,2.0,False
7552.0,あじ彩,,,,,,,,,,,,あじ彩,2.0,False
7553.0,舎人亭,,,,,,,,,,,,舎人亭,2.0,False
7554.0,お多福,,,,,,,,,,,,お多福,2.0,False
7555.0,87 hanaya no tonari no ばる,,,,,,,,,,,,87 hanaya no tonari no ばる,2.0,False
7556.0,燻製居酒屋 いぶし仲町,,,,,,,,,,,,燻製居酒屋 いぶし仲町,2.0,False
7557.0,炭火焼鳥家 ちきちき,,,,,,,,,,,,炭火焼鳥家 ちきちき,2.0,False
7558.0,韓美食オンギージョンギー,,,,,,,,,,,,韓美食オンギージョンギー,2.0,False
7560.0,SOMETHING Bella Gioia,,,,,,,,,,,,SOMETHING Bella Gioia,2.0,False
7561.0,居酒屋おたふく,,,,,,,,,,,,居酒屋おたふく,2.0,False
7562.0,自然食cafe木々音,,,,,,,,,,,,自然食cafe木々音,2.0,False
7563.0,Studio Rise,,,,,,,,,,,,Studio Rise,2.0,False
7565.0,初音屋,,,,,,,,,,,,初音屋,2.0,False
7566.0,コポリ,,,,,,,,,,,,コポリ,2.0,False
7567.0,dining kitchen  LIFE,,,,,,,,,,,,dining kitchen LIFE,2.0,False
7568.0,松崎屋 うどん そば,,,,,,,,,,,,松崎屋 うどん そば,2.0,False
7569.0,CHINCHOGE CAFE/BAR,,,,,,,,,,,,CHINCHOGE CAFE/BAR,2.0,False
7578.0,ワインとワショク ツネオ,,,,,,,,,,,,ワインとワショク ツネオ,2.0,False
7579.0,ワールドコーヒー白川本店,,,,,,,,,,,,ワールドコーヒー白川,2.0,False
7580.0,ココ・スプーン,,,,,,,,,,,,ココ・スプーン,2.0,False
7581.0,モンナカーノ,,,,,,,,,,,,モンナカーノ,2.0,False
7582.0,いな暮らし,,,,,,,,,,,,いな暮らし,2.0,False
7584.0,TORISALON,,,,,,,,,,,,TORISALON,2.0,False
7585.0,イルブルーノ,,,,,,,,,,,,イルブルーノ,2.0,False
7586.0,結わえる 本店,,,,,,,,,,,,結わえる,2.0,False
7587.0,イタリアンバルFUMO DUE,,,,,,,,,,,,イタリアンバルFUMO DUE,2.0,False
7588.0,のひのひ,,,,,,,,,,,,のひのひ,2.0,False
7589.0,ザキ屋,,,,,,,,,,,,ザキ屋,2.0,False
7590.0,韓国料理とサムギョプサル 豚まる,,,,,,,,,,,,韓国料理とサムギョプサル 豚まる,2.0,False
7591.0,café & meal greenhorn,,,,,,,,,,,,café & meal greenhorn,2.0,False
7592.0,鯛とおばんざいの店 「モダン割烹 銀平」,,,,,,,,,,,,鯛とおばんざいの店 「モダン割烹 銀平」,2.0,False
7593.0,まめでのベジスイーツ&cafe,,,,,,,,,,,,まめでのベジスイーツ&cafe,2.0,False
7594.0,Minematsuya/ミネマツヤ,,,,,,,,,,,,Minematsuya/ミネマツヤ,2.0,False
7595.0,土竜,,,,,,,,,,,,土竜,2.0,False
7596.0,小料理むらかみ,,,,,,,,,,,,小料理むらかみ,2.0,False
7597.0,おさかなキッチン11月24日,,,,,,,,,,,,おさかなキッチン11月24日,2.0,False
7598.0,福岡の焼肉・泰元(たいげん),,,,,,,,,,,,福岡の焼肉・泰元,2.0,False
7599.0,お酒とごはん 晴海,,,,,,,,,,,,お酒とごはん 晴海,2.0,False
7600.0,カレー屋moritoner,,,,,,,,,,,,カレー屋moritoner,2.0,False
7601.0,酒とめし 開放弦,,,,,,,,,,,,酒とめし 開放弦,2.0,False
7602.0,OLENOVA(オレノバ),,,,,,,,,,,,OLENOVA,2.0,False
7603.0,オカノカリー,,,,,,,,,,,,オカノカリー,2.0,False
7604.0,ICHI,,,,,,,,,,,,ICHI,2.0,False
7605.0,華風 福寿飯店,,,,,,,,,,,,華風,2.0,False
7606.0,高取酒匠,,,,,,,,,,,,高取酒匠,2.0,False
7607.0,のん木,,,,,,,,,,,,のん木,2.0,False
7608.0,高取酒匠 離れ,,,,,,,,,,,,高取酒匠 離れ,2.0,False
7609.0,Forest Spice,,,,,,,,,,,,Forest Spice,2.0,False
7610.0,ユルイヤ,,,,,,,,,,,,ユルイヤ,2.0,False
7611.0,和風酒場 亀次郎,,,,,,,,,,,,和風酒場 亀次郎,2.0,False
7612.0,のみくい処 ばる,,,,,,,,,,,,のみくい処 ばる,2.0,False
7613.0,イタリア食堂キャリー,,,,,,,,,,,,イタリア食堂キャリー,2.0,False
7614.0,熊猫食堂,,,,,,,,,,,,熊猫食堂,2.0,False
7615.0,捏製作所,,,,,,,,,,,,捏製作所,2.0,False
7616.0,ヤキトリ 若大将,,,,,,,,,,,,ヤキトリ 若大将,2.0,False
7617.0,わかな夢工房,,,,,,,,,,,,わかな夢工房,2.0,False
7618.0,あこ家,,,,,,,,,,,,あこ家,2.0,False
7619.0,Dining en,,,,,,,,,,,,Dining en,2.0,False
7620.0,居酒屋 海亀,,,,,,,,,,,,居酒屋 海亀,2.0,False
7621.0,田舎屋 むつごろう,,,,,,,,,,,,田舎屋 むつごろう,2.0,False
7622.0,居酒屋 天拝,,,,,,,,,,,,居酒屋 天拝,2.0,False
7623.0,花源,,,,,,,,,,,,花源,2.0,False
7624.0,居酒屋 さん太,,,,,,,,,,,,居酒屋 さん太,2.0,False
7625.0,333 SaiGon バーバーバーサイゴン,,,,,,,,,,,,333 SaiGon バーバーバーサイゴン,2.0,False
7626.0,焼き鳥 相撲鳥,,,,,,,,,,,,焼き鳥 相撲鳥,2.0,False
7627.0,琉球料理 安(あん),,,,,,,,,,,,琉球料理 安,2.0,False
7628.0,春日原 十八,,,,,,,,,,,,春日原 十八,2.0,False
7629.0,唐揚げ専門店 鶏膳,,,,,,,,,,,,唐揚げ専門店 鶏膳,2.0,False
7630.0,寿司こばやし,,,,,,,,,,,,寿司こばやし,2.0,False
7631.0,焼肉 桃花園,,,,,,,,,,,,焼肉 桃花園,2.0,False
7632.0,居酒屋 大ちゃん,,,,,,,,,,,,居酒屋 大ちゃん,2.0,False
7633.0,やき鳥正吉,,,,,,,,,,,,やき鳥正吉,2.0,False
7634.0,OPOL(オポロ),,,,,,,,,,,,OPOL,2.0,False
7635.0,らぁ麺亭 笑和,,,,,,,,,,,,らぁ麺亭 笑和,2.0,False
7636.0,太宰府ハコブネ,,,,,,,,,,,,太宰府ハコブネ,2.0,False
7637.0,すし寅,,,,,,,,,,,,すし寅,2.0,False
7638.0,宴屋う免,,,,,,,,,,,,宴屋う免,2.0,False
7639.0,チキンハウス,,,,,,,,,,,,チキンハウス,2.0,False
7640.0,山本のハンバーグ 太宰府,,,,,,,,,,,,山本のハンバーグ 太宰府,2.0,False
7641.0,つどい処ながの屋,,,,,,,,,,,,つどい処ながの屋,2.0,False
7642.0,古民家カフェひとひら,,,,,,,,,,,,古民家カフェひとひら,2.0,False
7643.0,海茶屋,,,,,,,,,,,,海茶屋,2.0,False
7644.0,レヴァンテ,,,,,,,,,,,,レヴァンテ,2.0,False
7645.0,はんの樹,,,,,,,,,,,,はんの樹,2.0,False
7646.0,らーめんりあん,,,,,,,,,,,,らーめんりあん,2.0,False
7647.0,かあさんの台所 結月,,,,,,,,,,,,かあさんの台所 結月,2.0,False
7649.0,多満利屋,,,,,,,,,,,,多満利屋,2.0,False
7650.0,ザヤカリ,,,,,,,,,,,,ザヤカリ,2.0,False
7651.0,天ぷらあづま,,,,,,,,,,,,天ぷらあづま,2.0,False
7652.0,香蘭,,,,,,,,,,,,香蘭,2.0,False
7653.0,松ぼっくり,,,,,,,,,,,,松ぼっくり,2.0,False
7654.0,ラ・アマート,,,,,,,,,,,,ラ・アマート,2.0,False
7655.0,らーめんみのり,,,,,,,,,,,,らーめんみのり,2.0,False
7656.0,まる勝,,,,,,,,,,,,まる勝,2.0,False
7657.0,金鯱山,,,,,,,,,,,,金鯱山,2.0,False
7658.0,ボナペティ Bon appetit めしあがれ,,,,,,,,,,,,ボナペティ Bon appetit めしあがれ,2.0,False
7659.0,Omaggio da Konishi,,,,,,,,,,,,Omaggio da Konishi,2.0,False
7660.0,八剣伝 手城店,,,,,,,,,,,,八剣伝,2.0,False
7661.0,寄鳥味鳥,,,,,,,,,,,,寄鳥味鳥,2.0,False
7662.0,DOCGおきなわダイニング,,,,,,,,,,,,DOCGおきなわダイニング,2.0,False
7664.0,トラットリア アンティコ,,,,,,,,,,,,トラットリア アンティコ,2.0,False
7665.0,HUNTER,,,,,,,,,,,,HUNTER,2.0,False
7666.0,晩boo 三条本店,,,,,,,,,,,,晩boo 三条,2.0,False
7667.0,ピッツァフォールム,,,,,,,,,,,,ピッツァフォールム,2.0,False
7668.0,ふる川,,,,,,,,,,,,ふる川,2.0,False
7669.0,○間-MA,,,,,,,,,,,,○間-MA,2.0,False
7670.0,まんざら 三条高倉,,,,,,,,,,,,まんざら 三条高倉,2.0,False
7671.0,天空ダイニング レガーロ Regalo,,,,,,,,,,,,天空ダイニング レガーロ Regalo,2.0,False
7672.0,鬼わそと,,,,,,,,,,,,鬼わそと,2.0,False
7673.0,中国料理五十番,,,,,,,,,,,,中国料理五十番,2.0,False
7674.0,博多とんこつ真咲雄(まさお),,,,,,,,,,,,博多とんこつ真咲雄,2.0,False
7675.0,ラーメンタロー,,,,,,,,,,,,ラーメンタロー,2.0,False
7676.0,日本ワインの店 かくはち,,,,,,,,,,,,日本ワインの店 かくはち,2.0,False
7677.0,坂本,,,,,,,,,,,,坂本,2.0,False
7678.0,パーレンテッシ,,,,,,,,,,,,パーレンテッシ,2.0,False
7679.0,ことはじめ,,,,,,,,,,,,ことはじめ,2.0,False
7680.0,Johnny Diner SECOND,,,,,,,,,,,,Johnny Diner SECOND,2.0,False
7681.0,ボンボニエール,,,,,,,,,,,,ボンボニエール,2.0,False
7683.0,Bistro  SALT&PEPPER,,,,,,,,,,,,Bistro SALT&PEPPER,2.0,False
7684.0,肴・和洋酒マツケン,,,,,,,,,,,,肴・和洋酒マツケン,2.0,False
7686.0,ルカネトン Le Caneton,,,,,,,,,,,,ルカネトン Le Caneton,2.0,False
7687.0,Gambas Al Ajillo&Tapas SOL,,,,,,,,,,,,Gambas Al Ajillo&Tapas SOL,1.0,False
7688.0,名もなき魚屋,,,,,,,,,,,,名もなき魚屋,2.0,False
7689.0,日本酒とワイン 米と葡萄 by Shingen,,,,,,,,,,,,日本酒とワイン 米と葡萄 by Shingen,2.0,False
7690.0,Lille Curry Bar,,,,,,,,,,,,Lille Curry Bar,2.0,False
7691.0,蕎麦前 出谷右衛門(デヤえもん),,,,,,,,,,,,蕎麦前 出谷右衛門,2.0,False
7692.0,HAKKO食堂,,,,,,,,,,,,HAKKO食堂,2.0,False
7693.0,Yorgo,,,,,,,,,,,,Yorgo,2.0,False
7694.0,Tarkey's Bar(ターキーズ・バー),,,,,,,,,,,,Tarkey's Bar,2.0,False
7695.0,赤坂こみかん,,,,,,,,,,,,赤坂こみかん,2.0,False
7696.0,マグフォー,,,,,,,,,,,,マグフォー,2.0,False
7697.0,酒と餃子と舌心,,,,,,,,,,,,酒と餃子と舌心,2.0,False
7698.0,NAKAGAWA,,,,,,,,,,,,NAKAGAWA,2.0,False
7699.0,梅山鉄平食堂 渡辺通本店,,,,,,,,,,,,梅山鉄平食堂 渡辺通,2.0,False
7700.0,居酒屋食堂 クロスローズ,,,,,,,,,,,,居酒屋食堂 クロスローズ,2.0,False
7701.0,Trattoria del Cielo(トラットリア デル チェーロ),,,,,,,,,,,,Trattoria del Cielo,2.0,False
7702.0,和食居酒屋 仙八,,,,,,,,,,,,和食居酒屋 仙八,2.0,False
7703.0,おばんざいや むろや,,,,,,,,,,,,おばんざいや むろや,2.0,False
7704.0,Bistrot Mitsou(ビストロ ミツ),,,,,,,,,,,,Bistrot Mitsou,2.0,False
7705.0,薬院ハシゴ横丁,,,,,,,,,,,,薬院ハシゴ横丁,2.0,False
7706.0,L'amicale(ラミカル),,,,,,,,,,,,L'amicale,2.0,False
7707.0,ニュースマイル,,,,,,,,,,,,ニュースマイル,2.0,False
7708.0,担々麺 梟 薬院本店,,,,,,,,,,,,担々麺 梟 薬院,2.0,False
7709.0,博多水炊き とり田 薬院店,,,,,,,,,,,,博多水炊き とり田,2.0,False
7710.0,小料理や ぐりこ,,,,,,,,,,,,小料理や ぐりこ,2.0,False
7711.0,回kai,,,,,,,,,,,,回kai,1.0,False
7712.0,BrasserieL'équipe(ブラッスリーレキップ),,,,,,,,,,,,BrasserieL'équipe,2.0,False
7713.0,よか肉 遊苑,,,,,,,,,,,,よか肉 遊苑,2.0,False
7714.0,atoma,,,,,,,,,,,,atoma,2.0,False
7715.0,TORTUE A PIED(トルチュ ア ピエ),,,,,,,,,,,,TORTUE A PIED,2.0,False
7716.0,清喜ひとしな,,,,,,,,,,,,清喜ひとしな,2.0,False
7717.0,山本のハンバーグ 六本松,,,,,,,,,,,,山本のハンバーグ 六本松,2.0,False
7718.0,台湾料理福来多,,,,,,,,,,,,台湾料理福来多,2.0,False
7720.0,ボンジュール食堂,,,,,,,,,,,,ボンジュール食堂,2.0,False
7721.0,焼にく とびこ,,,,,,,,,,,,焼にく とびこ,2.0,False
7722.0,大皿と魚 とびこ,,,,,,,,,,,,大皿と魚 とびこ,2.0,False
7723.0,焼き鳥 大金星,,,,,,,,,,,,焼き鳥 大金星,2.0,False
7724.0,和外伝 ぜろ,,,,,,,,,,,,和外伝 ぜろ,2.0,False
7725.0,レストラン OHANA,,,,,,,,,,,,レストラン OHANA,2.0,False
7726.0,光四郎,,,,,,,,,,,,光四郎,2.0,False
7727.0,焼鳥高宮 高宮駅前店,,,,,,,,,,,,焼鳥高宮,2.0,False
7728.0,炭火焼鳥いしはら,,,,,,,,,,,,炭火焼鳥いしはら,2.0,False
7729.0,ピッツェリア・ダ・チールッツォ,,,,,,,,,,,,ピッツェリア・ダ・チールッツォ,2.0,False
7730.0,くしやき鳥三。,,,,,,,,,,,,くしやき鳥三。,2.0,False
7731.0,焼肉 七隈園,,,,,,,,,,,,焼肉 七隈園,2.0,False
7732.0,Newyork steak 長住店,,,,,,,,,,,,Newyork steak,2.0,False
7733.0,遊食酒場ひびき,,,,,,,,,,,,遊食酒場ひびき,2.0,False
7734.0,Trattoria MOMO,,,,,,,,,,,,Trattoria MOMO,2.0,False
7735.0,うめや,,,,,,,,,,,,うめや,2.0,False
7736.0,スパイス・ハーブ Rojy(ロジィ),,,,,,,,,,,,スパイス・ハーブ Rojy,2.0,False
7737.0,Muchapok(ムチャポック),,,,,,,,,,,,Muchapok,2.0,False
7738.0,和彩 あくね,,,,,,,,,,,,和彩 あくね,2.0,False
7739.0,チャイニーズデリ ぱんだのゴハン,,,,,,,,,,,,チャイニーズデリ ぱんだのゴハン,2.0,False
7740.0,長崎ちゃんぽん あっちゃん亭,,,,,,,,,,,,長崎ちゃんぽん あっちゃん亭,2.0,False
7741.0,中華菜 髙福,,,,,,,,,,,,中華菜 髙福,2.0,False
7742.0,8cho オチョ,,,,,,,,,,,,8cho オチョ,2.0,False
7743.0,ワイン食堂 バルソル,,,,,,,,,,,,ワイン食堂 バルソル,2.0,False
7744.0,イタレリ屋ツクセリ屋,,,,,,,,,,,,イタレリ屋ツクセリ屋,2.0,False
7745.0,カレーショップ河,,,,,,,,,,,,カレーショップ河,2.0,False
7746.0,三千世界,,,,,,,,,,,,三千世界,2.0,False
7747.0,馬庵このみ,,,,,,,,,,,,馬庵このみ,2.0,False
7748.0,鮮度魚来 かさね,,,,,,,,,,,,鮮度魚来 かさね,2.0,False
7749.0,酒と饂飩 こなから,,,,,,,,,,,,酒と饂飩 こなから,2.0,False
7750.0,ゆうひ食堂,,,,,,,,,,,,ゆうひ食堂,2.0,False
7751.0,酒と居食や あんど,,,,,,,,,,,,酒と居食や あんど,2.0,False
7752.0,博多漢塾,,,,,,,,,,,,博多漢塾,2.0,False
7753.0,炉ばた焼 宝船,,,,,,,,,,,,炉ばた焼 宝船,2.0,False
7754.0,むちゃく,,,,,,,,,,,,むちゃく,2.0,False
7755.0,SON HOUSE(サンハウス),,,,,,,,,,,,SON HOUSE,2.0,False
7756.0,暖歓,,,,,,,,,,,,暖歓,2.0,False
7758.0,博多餃子笑井,,,,,,,,,,,,博多餃子笑井,2.0,False
7759.0,らーめん六長屋,,,,,,,,,,,,らーめん六長屋,2.0,False
7760.0,本場インド料理レストラン ディプパレス春日,,,,,,,,,,,,本場インド料理レストラン ディプパレス春日,2.0,False
7761.0,からあげハリウッド,,,,,,,,,,,,からあげハリウッド,2.0,False
7762.0,居酒屋 東府,,,,,,,,,,,,居酒屋 東府,2.0,False
7763.0,四季の里 將,,,,,,,,,,,,四季の里 將,2.0,False
7764.0,お弁当ニューマルヤ,,,,,,,,,,,,お弁当ニューマルヤ,2.0,False
7765.0,居酒屋山ちゃん,,,,,,,,,,,,居酒屋山ちゃん,2.0,False
7766.0,やきとり 不知火,,,,,,,,,,,,やきとり 不知火,2.0,False
7767.0,連歌屋珈琲,,,,,,,,,,,,連歌屋珈琲,2.0,False
7768.0,水城らあ麺,,,,,,,,,,,,水城らあ麺,2.0,False
7769.0,とふろうグリル,,,,,,,,,,,,とふろうグリル,2.0,False
7770.0,つしま海道,,,,,,,,,,,,つしま海道,2.0,False
7771.0,Peace Delicatessen,,,,,,,,,,,,Peace Delicatessen,2.0,False
7772.0,毎日のパンと喫茶 tison,,,,,,,,,,,,毎日のパンと喫茶 tison,2.0,False
7773.0,DeliBoy BROS. Hamburger,,,,,,,,,,,,DeliBoy BROS. Hamburger,2.0,False
7774.0,野草ベーグルと摘み草料理の店 Plantago,,,,,,,,,,,,野草ベーグルと摘み草料理の店 Plantago,2.0,False
7775.0,アダンソニア,,,,,,,,,,,,アダンソニア,2.0,False
7776.0,KISUTEI,,,,,,,,,,,,KISUTEI,2.0,False
7777.0,プントマーレ,,,,,,,,,,,,プントマーレ,2.0,False
7778.0,ぶどうの樹 麦のキッチン,,,,,,,,,,,,ぶどうの樹 麦のキッチン,2.0,False
7779.0,うなぎ処 玉喜屋,,,,,,,,,,,,うなぎ処 玉喜屋,2.0,False
7781.0,仙台牛焼肉 と文字,,,,,,,,,,,,仙台牛焼肉 と文字,2.0,False
7782.0,中華蕎麦 はざま,,,,,,,,,,,,中華蕎麦 はざま,2.0,False
7783.0,とんとこ豚,,,,,,,,,,,,とんとこ豚,2.0,False
7784.0,田舎そば 美里,,,,,,,,,,,,田舎そば 美里,2.0,False
7785.0,パンと焼き菓子の店COYA,,,,,,,,,,,,パンと焼き菓子の店COYA,2.0,False
7786.0,comer mar y montaña,,,,,,,,,,,,comer mar y montaña,2.0,False
7787.0,鮨湯もと,,,,,,,,,,,,鮨湯もと,2.0,False
7788.0,多国籍バルGado gado,,,,,,,,,,,,多国籍バルGado gado,2.0,False
7789.0,なんちゃっ亭 葡萄亭,,,,,,,,,,,,なんちゃっ亭 葡萄亭,2.0,False
7790.0,ごはんのお宿 ほっこり,,,,,,,,,,,,ごはんのお宿 ほっこり,2.0,False
7791.0,il filo -イル フィーロ-,,,,,,,,,,,,il filo -イル フィーロ-,2.0,False
7792.0,旨いもん酒場 イロドリ,,,,,,,,,,,,旨いもん酒場 イロドリ,2.0,False
7793.0,窯焼和牛ステーキと京のおばんざい 市場小路 寺町本店,,,,,,,,,,,,窯焼和牛ステーキと京のおばんざい 市場小路 寺町,2.0,False
7794.0,梅小路コラボ,,,,,,,,,,,,梅小路コラボ,2.0,False
7795.0,エヴァンタイユ,,,,,,,,,,,,エヴァンタイユ,2.0,False
7796.0,夷川 燕楽,,,,,,,,,,,,夷川 燕楽,2.0,False
7797.0,西院のイタリアン M Salute 31(エムサルーテ),,,,,,,,,,,,西院のイタリアン M Salute 31,2.0,False
7798.0,オステリア・エ・バール・ポレンタ,,,,,,,,,,,,オステリア・エ・バール・ポレンタ,2.0,False
7799.0,御料理 味舌,,,,,,,,,,,,御料理 味舌,2.0,False
7800.0,カーサビアンカ,,,,,,,,,,,,カーサビアンカ,2.0,False
7801.0,洋食かるみあ,,,,,,,,,,,,洋食かるみあ,2.0,False
7802.0,桔梗寿司,,,,,,,,,,,,桔梗寿司,2.0,False
7803.0,そば 北山 権兵衛,,,,,,,,,,,,そば 北山 権兵衛,2.0,False
7804.0,京極かねよ,,,,,,,,,,,,京極かねよ,2.0,False
7805.0,京のじどり屋 晃,,,,,,,,,,,,京のじどり屋 晃,2.0,False
7806.0,京やきにく 弘 祇園山名庵,,,,,,,,,,,,京やきにく 弘 祇園山名庵,2.0,False
7807.0,京料理 清和荘,,,,,,,,,,,,京料理 清和荘,2.0,False
7808.0,京・宇治 抹茶料理 辰巳屋,,,,,,,,,,,,京・宇治 抹茶料理 辰巳屋,2.0,False
7809.0,Salon du Vin et du Thé 祇をん 香kou,,,,,,,,,,,,Salon du Vin et du Thé 祇をん 香kou,2.0,False
7810.0,祇園  滝,,,,,,,,,,,,祇園 滝,2.0,False
7811.0,祇園晩餐京色,,,,,,,,,,,,祇園晩餐京色,2.0,False
7812.0,ぎをん 森幸,,,,,,,,,,,,ぎをん 森幸,2.0,False
7813.0,Cuisine bar café Pic Nic,,,,,,,,,,,,Cuisine bar café Pic Nic,2.0,False
7814.0,くずし天ぷら 玄,,,,,,,,,,,,くずし天ぷら 玄,2.0,False
7815.0,くまのワインハウス,,,,,,,,,,,,くまのワインハウス,2.0,False
7816.0,串揚げ万年青-オモト-,,,,,,,,,,,,串揚げ万年青-オモト-,2.0,False
7817.0,こゝ家 祇園八坂別邸,,,,,,,,,,,,こゝ家 祇園八坂別邸,2.0,False
7818.0,旬彩遊膳 えんり庵,,,,,,,,,,,,旬彩遊膳 えんり庵,2.0,False
7819.0,Jumelles29(ジュメルニジュウク),,,,,,,,,,,,Jumelles29,2.0,False
7820.0,寿しのむさし 三条本店,,,,,,,,,,,,寿しのむさし 三条,2.0,False
7821.0,スナックたぬき,,,,,,,,,,,,スナックたぬき,2.0,False
7822.0,スペイン料理ティオペペ,,,,,,,,,,,,スペイン料理ティオペペ,2.0,False
7823.0,炭火串焼とりと 四条烏丸店,,,,,,,,,,,,炭火串焼とりと,2.0,False
7824.0,炭焼みはな,,,,,,,,,,,,炭焼みはな,2.0,False
7826.0,炭焼 芹生-SERIU-,,,,,,,,,,,,炭焼 芹生-SERIU-,2.0,False
7827.0,京町家 茶房宗禅,,,,,,,,,,,,京町家 茶房宗禅,2.0,False
7828.0,田毎 三条本店,,,,,,,,,,,,田毎 三条,2.0,False
7829.0,十祇家 木屋町御池店,,,,,,,,,,,,十祇家,2.0,False
7830.0,京料理 二傳(にでん),,,,,,,,,,,,京料理 二傳,2.0,False
7831.0,メッシタ パーネ エ ヴィーノ,,,,,,,,,,,,メッシタ パーネ エ ヴィーノ,2.0,False
7832.0,Le Nature,,,,,,,,,,,,Le Nature,2.0,False
7833.0,レストラン ラ トゥール,,,,,,,,,,,,レストラン ラ トゥール,2.0,False
7834.0,MONPAL 8 BEER PARLOR,,,,,,,,,,,,MONPAL 8 BEER PARLOR,2.0,False
7835.0,すみ劇場 むさし坐,,,,,,,,,,,,すみ劇場 むさし坐,2.0,False
7836.0,山之手虎玄,,,,,,,,,,,,山之手虎玄,2.0,False
7837.0,ラーメンにっこう,,,,,,,,,,,,ラーメンにっこう,2.0,False
7838.0,啜磨専科,,,,,,,,,,,,啜磨専科,2.0,False
7839.0,ラーメンつけ麺今を粋ろ,,,,,,,,,,,,ラーメンつけ麺今を粋ろ,2.0,False
7840.0,丿貫,,,,,,,,,,,,丿貫,2.0,False
7841.0,蒲焼割烹 根ぎし宮川,,,,,,,,,,,,蒲焼割烹 根ぎし宮川,2.0,False
7842.0,あつんこパン,,,,,,,,,,,,あつんこパン,2.0,False
7843.0,珀狼,,,,,,,,,,,,珀狼,2.0,False
7844.0,馬料理 天國姉妹店 桜詩,,,,,,,,,,,,馬料理 天國姉妹店 桜詩,2.0,False
7845.0,76vin,,,,,,,,,,,,76vin,2.0,False
7846.0,豆腐room Dy's,,,,,,,,,,,,豆腐room Dy's,2.0,False
7847.0,小さかった女,,,,,,,,,,,,小さかった女,2.0,False
7848.0,イタリア料理 DA MASSA,,,,,,,,,,,,イタリア料理 DA MASSA,2.0,False
7849.0,風乗りメリー,,,,,,,,,,,,風乗りメリー,2.0,False
7850.0,居酒屋 真さか,,,,,,,,,,,,居酒屋 真さか,2.0,False
7851.0,ワイン食堂がっと,,,,,,,,,,,,ワイン食堂がっと,2.0,False
7852.0,おすし磯部,,,,,,,,,,,,おすし磯部,2.0,False
7853.0,二毛作,,,,,,,,,,,,二毛作,2.0,False
7854.0,シェガーノ,,,,,,,,,,,,シェガーノ,2.0,False
7855.0,ビストロ ジュール,,,,,,,,,,,,ビストロ ジュール,2.0,False
7856.0,リストランテ国立文流,,,,,,,,,,,,リストランテ国立文流,2.0,False
7858.0,福宝,,,,,,,,,,,,福宝,2.0,False
7859.0,SALT,,,,,,,,,,,,SALT,2.0,False
7860.0,ニコノスタンド,,,,,,,,,,,,ニコノスタンド,2.0,False
7861.0,カレーパンショップ MASARA,,,,,,,,,,,,カレーパンショップ MASARA,2.0,False
7862.0,酒場トやさい イソスタンド,,,,,,,,,,,,酒場トやさい イソスタンド,2.0,False
7863.0,タイ屋台 とき,,,,,,,,,,,,タイ屋台 とき,2.0,False
7865.0,サルーテ,,,,,,,,,,,,サルーテ,2.0,False
7866.0,アーリオオーリオ,,,,,,,,,,,,アーリオオーリオ,2.0,False
7867.0,花山,,,,,,,,,,,,花山,2.0,False
7868.0,ロジウラ古民家酒場 Libre博多 リブレ,,,,,,,,,,,,ロジウラ古民家酒場 Libre博多 リブレ,2.0,False
7869.0,博多馬肉処 ふろく本店,,,,,,,,,,,,博多馬肉処 ふろく,2.0,False
7870.0,杏仁荘,,,,,,,,,,,,杏仁荘,2.0,False
7871.0,炉端肉焼き処 猛伸(たけし),,,,,,,,,,,,炉端肉焼き処 猛伸,2.0,False
7872.0,日々嘻,,,,,,,,,,,,日々嘻,2.0,False
7873.0,Filipepe(フィリペペ),,,,,,,,,,,,Filipepe,2.0,False
7874.0,チャイニングブース,,,,,,,,,,,,チャイニングブース,2.0,False
7875.0,ピッコラ・フェリーチェ,,,,,,,,,,,,ピッコラ・フェリーチェ,2.0,False
7876.0,おきなわ宮古島食堂 彩家,,,,,,,,,,,,おきなわ宮古島食堂 彩家,2.0,False
7877.0,106 southindian 福岡天神店,,,,,,,,,,,,106 southindian,2.0,False
7878.0,村崎焼鳥研究所,,,,,,,,,,,,村崎焼鳥研究所,2.0,False
7879.0,食彩倶楽部 純正,,,,,,,,,,,,食彩倶楽部 純正,2.0,False
7880.0,ごはん家 田島,,,,,,,,,,,,ごはん家 田島,2.0,False
7881.0,ティ・トーク のさか,,,,,,,,,,,,ティ・トーク のさか,2.0,False
7882.0,ファミリー割烹 みなみ,,,,,,,,,,,,ファミリー割烹 みなみ,2.0,False
7883.0,なつめ庵,,,,,,,,,,,,なつめ庵,2.0,False
7884.0,Bar Ash saitama,,,,,,,,,,,,Bar Ash saitama,2.0,False
7885.0,SOMETHING サムシング浦和本店,,,,,,,,,,,,SOMETHING サムシング浦和,2.0,False
7886.0,cafe&natural Foods fu.fu.fu plus,,,,,,,,,,,,cafe&natural Foods fu.fu.fu plus,2.0,False
7887.0,食遊楽はっこん家,,,,,,,,,,,,食遊楽はっこん家,2.0,False
7888.0,二軒堂,,,,,,,,,,,,二軒堂,2.0,False
7889.0,めんこや 小江戸店,,,,,,,,,,,,めんこや,2.0,False
7890.0,川越焼肉 Kan,,,,,,,,,,,,川越焼肉 Kan,2.0,False
7891.0,黒潮丼丸 霞ヶ関店,,,,,,,,,,,,黒潮丼丸,2.0,False
7893.0,イザカヤTOMBO 新所沢本店,,,,,,,,,,,,イザカヤTOMBO 新所沢,2.0,False
7895.0,booster,,,,,,,,,,,,booster,2.0,False
7896.0,わら焼酒房 たくみ,,,,,,,,,,,,わら焼酒房 たくみ,2.0,False
7897.0,vivi,,,,,,,,,,,,vivi,2.0,False
7899.0,イザカヤ瓶燗,,,,,,,,,,,,イザカヤ瓶燗,2.0,False
7902.0,芳葉(グーグルマップでは「YOSHIBA」),,,,,,,,,,,,芳葉,2.0,False
7906.0,トックブランシュ,,,,,,,,,,,,トックブランシュ,2.0,False
7907.0,割主烹従 hiryu 飛竜,,,,,,,,,,,,割主烹従 hiryu 飛竜,2.0,False
7909.0,なんどう,,,,,,,,,,,,なんどう,2.0,False
7910.0,プリマヴェーラ,,,,,,,,,,,,プリマヴェーラ,2.0,False
7911.0,中国料理・秀桜,,,,,,,,,,,,中国料理・秀桜,2.0,False
7915.0,南魚沼農家レストランまつえんどん,,,,,,,,,,,,南魚沼農家レストランまつえんどん,2.0,False
7916.0,クレオン,,,,,,,,,,,,クレオン,2.0,False
7917.0,SPICE JOURNEY ハイカレ,,,,,,,,,,,,SPICE JOURNEY ハイカレ,2.0,False
7918.0,コアントロ,,,,,,,,,,,,コアントロ,2.0,False
7919.0,アオゾラ,,,,,,,,,,,,アオゾラ,2.0,False
7920.0,いきてるごはんcafé鶴麹本店,,,,,,,,,,,,いきてるごはんcafé鶴麹,2.0,False
7921.0,ポンタッチョ,,,,,,,,,,,,ポンタッチョ,2.0,False
7922.0,KHEIR(ケイル),,,,,,,,,,,,KHEIR,2.0,False
7923.0,SLOW LIFE,,,,,,,,,,,,SLOW LIFE,2.0,False
7924.0,花いちもんめ,,,,,,,,,,,,花いちもんめ,2.0,False
7925.0,hammock cafe Amaca,,,,,,,,,,,,hammock cafe Amaca,2.0,False
7926.0,メシと喫茶 八角 (ハチカク),,,,,,,,,,,,メシと喫茶 八角,2.0,False
7927.0,吉今日,,,,,,,,,,,,吉今日,2.0,False
7928.0,はな牛,,,,,,,,,,,,はな牛,2.0,False
7929.0,ラーメン居酒屋 我が家,,,,,,,,,,,,ラーメン居酒屋 我が家,2.0,False
7930.0,TREE(ツリー),,,,,,,,,,,,TREE,2.0,False
7931.0,福天,,,,,,,,,,,,福天,2.0,False
7932.0,The Godburger,,,,,,,,,,,,The Godburger,2.0,False
7933.0,ワインバー,,,,,,,,,,,,ワインバー,2.0,False
7934.0,bistro YUIGA,,,,,,,,,,,,bistro YUIGA,2.0,False
7935.0,ウミネコパーラー,,,,,,,,,,,,ウミネコパーラー,2.0,False
7936.0,海月が雲になる日,,,,,,,,,,,,海月が雲になる日,2.0,False
7937.0,オノマトペ,,,,,,,,,,,,オノマトペ,2.0,False
7938.0,ブルーライトヨコヤマ,,,,,,,,,,,,ブルーライトヨコヤマ,2.0,False
7939.0,食堂citta,,,,,,,,,,,,食堂citta,2.0,False
7940.0,長野bar ORATI,,,,,,,,,,,,長野bar ORATI,2.0,False
7941.0,朝〆鶏 信州神恵,,,,,,,,,,,,朝〆鶏 信州神恵,2.0,False
7942.0,えん処 こばく亭,,,,,,,,,,,,えん処 こばく亭,2.0,False
7943.0,安喜センター,,,,,,,,,,,,安喜センター,2.0,False
7944.0,ピザハウス樹安亭Due,,,,,,,,,,,,ピザハウス樹安亭Due,2.0,False
7945.0,串あげpapa&mama,,,,,,,,,,,,串あげpapa&mama,1.0,False
7946.0,CHINON -シノン-,,,,,,,,,,,,CHINON -シノン-,2.0,False
7947.0,鳥せゑ 蛸薬師店,,,,,,,,,,,,鳥せゑ,2.0,False
7948.0,beua soleil -ボウ ソレイユ-,,,,,,,,,,,,beua soleil -ボウ ソレイユ-,2.0,False
7949.0,京都綾小路 満月の花,,,,,,,,,,,,京都綾小路 満月の花,2.0,False
7950.0,トラットリア・La・Wasabi,,,,,,,,,,,,トラットリア・La・Wasabi,1.0,False
7951.0,トルカリ高円寺,,,,,,,,,,,,トルカリ高円寺,2.0,False
7952.0,烈火,,,,,,,,,,,,烈火,2.0,False
7953.0,らぁめん大山(たいざん),,,,,,,,,,,,らぁめん大山,2.0,False
7954.0,麺屋 號tetu,,,,,,,,,,,,麺屋 號tetu,2.0,False
7955.0,ラーメンの店どでん,,,,,,,,,,,,ラーメンの店どでん,2.0,False
7956.0,ButaBaco,,,,,,,,,,,,ButaBaco,1.0,False
7957.0,KUFUKU±  暮富食,,,,,,,,,,,,KUFUKU± 暮富食,2.0,False
7958.0,肉バルCo-Lab銀座,,,,,,,,,,,,肉バルCo-Lab銀座,2.0,False
7959.0,喫茶パーラーふるさと,,,,,,,,,,,,喫茶パーラーふるさと,2.0,False
7961.0,Energy CAFE,,,,,,,,,,,,Energy CAFE,2.0,False
7962.0,IL BATTICUORE,,,,,,,,,,,,IL BATTICUORE,1.0,False
7964.0,ナマステヒマル,,,,,,,,,,,,ナマステヒマル,2.0,False
7965.0,イル・デ・パン,,,,,,,,,,,,イル・デ・パン,2.0,False
7966.0,ピリカラソース,,,,,,,,,,,,ピリカラソース,2.0,False
7967.0,バンビ 茗荷谷店,,,,,,,,,,,,バンビ,2.0,False
7968.0,こむぎこ,,,,,,,,,,,,こむぎこ,2.0,False
7969.0,オリエンタルビストロ 桃の実,,,,,,,,,,,,オリエンタルビストロ 桃の実,2.0,False
7970.0,ムグンファ,,,,,,,,,,,,ムグンファ,2.0,False
7971.0,Cameleon カメレオン,,,,,,,,,,,,Cameleon カメレオン,2.0,False
7972.0,もんじゃ お好み焼き ねづ味,,,,,,,,,,,,もんじゃ お好み焼き ねづ味,2.0,False
7973.0,cafebar LOCO,,,,,,,,,,,,cafebar LOCO,2.0,False
7974.0,とり鉄 三軒茶屋店,,,,,,,,,,,,とり鉄,2.0,False
7975.0,十香 立呑和バル,,,,,,,,,,,,十香 立呑和バル,2.0,False
7976.0,イル ボッカローネ,,,,,,,,,,,,イル ボッカローネ,2.0,False
7977.0,琉球どさんこ しぶ猫,,,,,,,,,,,,琉球どさんこ しぶ猫,2.0,False
7978.0,Bojun Tomigaya,,,,,,,,,,,,Bojun Tomigaya,2.0,False
7979.0,ハナイグチ,,,,,,,,,,,,ハナイグチ,2.0,False
7980.0,アンドビール,,,,,,,,,,,,アンドビール,2.0,False
7981.0,カントニクス,,,,,,,,,,,,カントニクス,2.0,False
7982.0,粉屋時次郎,,,,,,,,,,,,粉屋時次郎,2.0,False
7983.0,ソラノイロ食堂,,,,,,,,,,,,ソラノイロ食堂,2.0,False
7984.0,キッチンABC 南大塚店,,,,,,,,,,,,キッチンABC,2.0,False
7985.0,Namaste Indian-Nepalese Restaurant & Bar,,,,,,,,,,,,Namaste Indian-Nepalese Restaurant & Bar,2.0,False
7988.0,立川カフェ Stephan and Joe,,,,,,,,,,,,立川カフェ Stephan and Joe,3.0,False
7989.0,麺屋もろ,,,,,,,,,,,,麺屋もろ,2.0,False
7990.0,炭火ホルモン焼 MIYAGI,,,,,,,,,,,,炭火ホルモン焼 MIYAGI,2.0,False
7991.0,銀龍,,,,,,,,,,,,銀龍,2.0,False
7992.0,Bistro J'ai Faim,,,,,,,,,,,,Bistro J'ai Faim,2.0,False
7993.0,パサタイNang’s Kitchen,,,,,,,,,,,,パサタイNang’s Kitchen,2.0,False
7994.0,鳳城,,,,,,,,,,,,鳳城,2.0,False
7995.0,横浜鳥鮮,,,,,,,,,,,,横浜鳥鮮,2.0,False
7996.0,にこらしか,,,,,,,,,,,,にこらしか,2.0,False
7997.0,ル アイ 谷町店,,,,,,,,,,,,ル アイ,2.0,False
7998.0,ダ・マエダ ラピス,,,,,,,,,,,,ダ・マエダ ラピス,2.0,False
7999.0,謹製咖喱酒舗・アムリタ,,,,,,,,,,,,謹製咖喱酒舗・アムリタ,2.0,False
8000.0,たこ福,,,,,,,,,,,,たこ福,2.0,False
8001.0,静香,,,,,,,,,,,,静香,2.0,False
8002.0,遊膳いさを,,,,,,,,,,,,遊膳いさを,2.0,False
8003.0,九わ萬,,,,,,,,,,,,九わ萬,2.0,False
8004.0,Enjoy teppan! TAMI,,,,,,,,,,,,Enjoy teppan! TAMI,1.0,False
8005.0,Bar Corner,,,,,,,,,,,,Bar Corner,2.0,False
8006.0,Assiette de MAKO,,,,,,,,,,,,Assiette de MAKO,2.0,False
8007.0,茶ぶ釜,,,,,,,,,,,,茶ぶ釜,2.0,False
8008.0,水炊き 橙,,,,,,,,,,,,水炊き 橙,2.0,False
8009.0,菊鮨×TOAHISU,,,,,,,,,,,,菊鮨×TOAHISU,2.0,False
8010.0,和彩中華 やまだ,,,,,,,,,,,,和彩中華 やまだ,2.0,False
8011.0,ガムランディー,,,,,,,,,,,,ガムランディー,2.0,False
8012.0,大名酒場 駒たか男,,,,,,,,,,,,大名酒場 駒たか男,2.0,False
8013.0,炉端 NUMBER SHOT,,,,,,,,,,,,炉端 NUMBER SHOT,2.0,False
8014.0,ベトナムビストロasiatico,,,,,,,,,,,,ベトナムビストロasiatico,2.0,False
8015.0,寄り道スタンド マチルダ,,,,,,,,,,,,寄り道スタンド マチルダ,2.0,False
8016.0,立ち呑みうどん みのり,,,,,,,,,,,,立ち呑みうどん みのり,2.0,False
8017.0,グリルカジン,,,,,,,,,,,,グリルカジン,2.0,False
8018.0,ひるとよる,,,,,,,,,,,,ひるとよる,2.0,False
8019.0,豚そば月や 大名店,,,,,,,,,,,,豚そば月や,2.0,False
8020.0,USburger,,,,,,,,,,,,USburger,2.0,False
8021.0,侑久上海 天神店,,,,,,,,,,,,侑久上海,2.0,False
8023.0,路地裏カレー Tiki(ティキ),,,,,,,,,,,,路地裏カレー Tiki,2.0,False
8024.0,ダイニングモア月灯,,,,,,,,,,,,ダイニングモア月灯,2.0,False
8025.0,Cafe 明估,,,,,,,,,,,,Cafe 明估,2.0,False
8026.0,大衆居酒屋 はるら,,,,,,,,,,,,大衆居酒屋 はるら,2.0,False
8027.0,ちいさい呑み屋 はちぶんめ,,,,,,,,,,,,ちいさい呑み屋 はちぶんめ,2.0,False
8028.0,磯吉,,,,,,,,,,,,磯吉,2.0,False
8029.0,託正,,,,,,,,,,,,託正,2.0,False
8030.0,山の麓,,,,,,,,,,,,山の麓,2.0,False
8031.0,ふたつの彗星,,,,,,,,,,,,ふたつの彗星,2.0,False
8032.0,居酒屋 託望,,,,,,,,,,,,居酒屋 託望,2.0,False
8033.0,深山の牡丹,,,,,,,,,,,,深山の牡丹,2.0,False
8034.0,よあけ会館,,,,,,,,,,,,よあけ会館,2.0,False
8035.0,焼き鳥二番手,,,,,,,,,,,,焼き鳥二番手,2.0,False
8036.0,カモノユキ,,,,,,,,,,,,カモノユキ,2.0,False
8037.0,ゼルコバコーヒー,,,,,,,,,,,,ゼルコバコーヒー,2.0,False
8038.0,麺屋 華一,,,,,,,,,,,,麺屋 華一,2.0,False
8039.0,喫茶キャプテン,,,,,,,,,,,,喫茶キャプテン,2.0,False
8040.0,麺専科 げんき,,,,,,,,,,,,麺専科 げんき,2.0,False
8041.0,カフェクローバー,,,,,,,,,,,,カフェクローバー,2.0,False
8042.0,cafe Ruruq,,,,,,,,,,,,cafe Ruruq,2.0,False
8043.0,旬菜レオ,,,,,,,,,,,,旬菜レオ,2.0,False
8044.0,中華料理 永徳酒家,,,,,,,,,,,,中華料理 永徳酒家,2.0,False
8046.0,RAW FOOD CAFE Lohas(自然食&ローフードカフェ ロハス),,,,,,,,,,,,RAW FOOD CAFE Lohas,2.0,False
8047.0,Natural Wine Table  Organic+,,,,,,,,,,,,Natural Wine Table Organic+,1.0,False
8051.0,にっこり食堂 釧路,,,,,,,,,,,,にっこり食堂 釧路,2.0,False
8052.0,自然食カフェ&レストラン おひさま,,,,,,,,,,,,自然食カフェ&レストラン おひさま,1.0,False
8053.0,備長炭炭火焼鳥.鶏出汁おでん影「kage」,,,,,,,,,,,,備長炭炭火焼鳥.鶏出汁おでん影「kage」,2.0,False
8054.0,Italian dining&Bar Kei,,,,,,,,,,,,Italian dining&Bar Kei,2.0,False
8055.0,もぐらや,,,,,,,,,,,,もぐらや,2.0,False
8056.0,Gravy,,,,,,,,,,,,Gravy,2.0,False
8057.0,miroku,,,,,,,,,,,,miroku,2.0,False
8058.0,麦酒食堂3F-22,,,,,,,,,,,,麦酒食堂3F-22,2.0,False
8059.0,中通chillout,,,,,,,,,,,,中通chillout,2.0,False
8060.0,麺一徹,,,,,,,,,,,,麺一徹,2.0,False
8061.0,肉そば まると,,,,,,,,,,,,肉そば まると,2.0,False
8062.0,緑のイスキア,,,,,,,,,,,,緑のイスキア,2.0,False
8063.0,フランス処 じぇむ,,,,,,,,,,,,フランス処 じぇむ,2.0,False
8064.0,mahler's parlor,,,,,,,,,,,,mahler's parlor,2.0,False
8065.0,成都酒家,,,,,,,,,,,,成都酒家,2.0,False
8066.0,鰻正,,,,,,,,,,,,鰻正,2.0,False
8067.0,味噌ラーメン専門店 日月堂 与野本町店,,,,,,,,,,,,味噌ラーメン専門店 日月堂,2.0,False
8068.0,むさしや,,,,,,,,,,,,むさしや,2.0,False
8069.0,ゆ乃うどん,,,,,,,,,,,,ゆ乃うどん,2.0,False
8070.0,アシルワード,,,,,,,,,,,,アシルワード,2.0,False
8071.0,HAKKO MONZEN,,,,,,,,,,,,HAKKO MONZEN,2.0,False
8072.0,BISTRO AOKUBI,,,,,,,,,,,,BISTRO AOKUBI,2.0,False
8073.0,たこやきサボちゃん&サラエボクローク,,,,,,,,,,,,たこやきサボちゃん&サラエボクローク,1.0,False
8074.0,ラサボジュン 奈良,,,,,,,,,,,,ラサボジュン 奈良,2.0,False
8075.0,piano,,,,,,,,,,,,piano,2.0,False
8076.0,寺町ハンバーグ,,,,,,,,,,,,寺町ハンバーグ,2.0,False
8077.0,とんかつ一番,,,,,,,,,,,,とんかつ一番,2.0,False
8078.0,納豆創作料理 夏豆,,,,,,,,,,,,納豆創作料理 夏豆,2.0,False
8079.0,Bar Bliss,,,,,,,,,,,,Bar Bliss,2.0,False
8080.0,LatteArt Junkies RoastingShop 北野天満宮店,,,,,,,,,,,,LatteArt Junkies RoastingShop,2.0,False
8081.0,天勺 川端店,,,,,,,,,,,,天勺,2.0,False
8082.0,ラーメン神豚,,,,,,,,,,,,ラーメン神豚,2.0,False
8083.0,ラーメン大津家,,,,,,,,,,,,ラーメン大津家,2.0,False
8084.0,中華そば うめや 金沢文庫,,,,,,,,,,,,中華そば うめや 金沢文庫,2.0,False
8085.0,藤澤家,,,,,,,,,,,,藤澤家,2.0,False
8086.0,拉麺 大公,,,,,,,,,,,,拉麺 大公,2.0,False
8087.0,ひとやすみ かわばた,,,,,,,,,,,,ひとやすみ かわばた,2.0,False
8088.0,アイランズカフェ,,,,,,,,,,,,アイランズカフェ,2.0,False
8089.0,ビストロスマイユ,,,,,,,,,,,,ビストロスマイユ,2.0,False
8090.0,かつお食堂,,,,,,,,,,,,かつお食堂,2.0,False
8091.0,イタリア料理 ゴローゾテツ,,,,,,,,,,,,イタリア料理 ゴローゾテツ,2.0,False
8092.0,かくれん穂,,,,,,,,,,,,かくれん穂,2.0,False
8094.0,トラットリア・ラテラ,,,,,,,,,,,,トラットリア・ラテラ,2.0,False
8095.0,ハイファミリア,,,,,,,,,,,,ハイファミリア,2.0,False
8096.0,タイガー亭 国分寺,,,,,,,,,,,,タイガー亭 国分寺,2.0,False
8097.0,カッパ64,,,,,,,,,,,,カッパ64,2.0,False
8098.0,Mascot.,,,,,,,,,,,,Mascot.,2.0,False
8100.0,元気茶房,,,,,,,,,,,,元気茶房,2.0,False
8101.0,すしセンター裏天王寺,,,,,,,,,,,,すしセンター裏天王寺,2.0,False
8102.0,overtheover,,,,,,,,,,,,overtheover,2.0,False
8104.0,菜蔵,,,,,,,,,,,,菜蔵,2.0,False
8105.0,ラサボジュン,,,,,,,,,,,,ラサボジュン,2.0,False
8106.0,炉端・季節料理 民芸藤よし堺駅前店,,,,,,,,,,,,炉端・季節料理,2.0,False
8107.0,very berry cafe北白川,,,,,,,,,,,,very berry cafe北白川,2.0,False
8108.0,グリル猫町,,,,,,,,,,,,グリル猫町,2.0,False
8109.0,菜食庵パドマ,,,,,,,,,,,,菜食庵パドマ,2.0,False
8110.0,Nature food village,,,,,,,,,,,,Nature food village,2.0,False
8111.0,Pettirosso Kyoto,,,,,,,,,,,,Pettirosso Kyoto,2.0,False
8112.0,はかた きねやうどん 原田店,,,,,,,,,,,,はかた きねやうどん,2.0,False
8113.0,中華料理 順興閣,,,,,,,,,,,,中華料理 順興閣,2.0,False
8114.0,Folivora(フォリボ―ラ),,,,,,,,,,,,Folivora,2.0,False
8115.0,まるさん餃子,,,,,,,,,,,,まるさん餃子,2.0,False
8116.0,Taverna Tiberina,,,,,,,,,,,,Taverna Tiberina,2.0,False
8117.0,トラットリア ポルチェリーノ,,,,,,,,,,,,トラットリア ポルチェリーノ,2.0,False
8118.0,台湾料理 亜洲界世,,,,,,,,,,,,台湾料理 亜洲界世,2.0,False
8119.0,鮨 料理 一高,,,,,,,,,,,,鮨 料理 一高,2.0,False
8120.0,ワイン食堂 根,,,,,,,,,,,,ワイン食堂 根,2.0,False
8121.0,Cernia,,,,,,,,,,,,Cernia,2.0,False
8122.0,トラットリアルンゴ,,,,,,,,,,,,トラットリアルンゴ,2.0,False
8125.0,どうどう 浦和,,,,,,,,,,,,どうどう 浦和,2.0,False
8126.0,鮨司,,,,,,,,,,,,鮨司,2.0,False
8127.0,サムシング・クアトロ,,,,,,,,,,,,サムシング・クアトロ,2.0,False
8128.0,やぶ久,,,,,,,,,,,,やぶ久,2.0,False
8129.0,炭火焼酒房 譽(ほまれ),,,,,,,,,,,,炭火焼酒房 譽,2.0,False
8132.0,鉄木真本店,,,,,,,,,,,,鉄木真,2.0,False
8133.0,pizza tetto,,,,,,,,,,,,pizza tetto,2.0,False
8134.0,酒トめし 可寸 -kazun-,,,,,,,,,,,,酒トめし 可寸 -kazun-,2.0,False
8135.0,担々麺 猿麻 エンマ,,,,,,,,,,,,担々麺 猿麻 エンマ,2.0,False
8136.0,Le Cadre(ル・カドル),,,,,,,,,,,,Le Cadre,2.0,False
8137.0,緑友食堂&Space,,,,,,,,,,,,緑友食堂&Space,2.0,False
8138.0,和らん,,,,,,,,,,,,和らん,2.0,False
8139.0,喫茶つみき,,,,,,,,,,,,喫茶つみき,2.0,False
8142.0,くるみキッチンプラス,,,,,,,,,,,,くるみキッチンプラス,2.0,False
8143.0,ノイコーヒー,,,,,,,,,,,,ノイコーヒー,2.0,False
8144.0,お食事処・麦,,,,,,,,,,,,お食事処・麦,2.0,False
8145.0,小松島中華,,,,,,,,,,,,小松島中華,2.0,False
8146.0,山椒なべ とり粋,,,,,,,,,,,,山椒なべ とり粋,2.0,False
8147.0,ビストロ オー ボンモルソー,,,,,,,,,,,,ビストロ オー ボンモルソー,2.0,False
8148.0,Brochette -ブロシェット-,,,,,,,,,,,,Brochette -ブロシェット-,2.0,False
8149.0,ほるもん大五郎,,,,,,,,,,,,ほるもん大五郎,2.0,False
8150.0,リストランテ タントタント,,,,,,,,,,,,リストランテ タントタント,2.0,False
8151.0,リスボン,,,,,,,,,,,,リスボン,2.0,False
8152.0,串揚げ居酒屋 魚武五代目,,,,,,,,,,,,串揚げ居酒屋 魚武五代目,2.0,False
8153.0,FIGO,,,,,,,,,,,,FIGO,2.0,False
8154.0,らぁ麺すぐる,,,,,,,,,,,,らぁ麺すぐる,2.0,False
8155.0,なんつッ亭,,,,,,,,,,,,なんつッ亭,2.0,False
8156.0,くり山,,,,,,,,,,,,くり山,2.0,False
8157.0,超純水採麺天国屋,,,,,,,,,,,,超純水採麺天国屋,2.0,False
8158.0,雷本店,,,,,,,,,,,,雷,2.0,False
8159.0,タンドゥール,,,,,,,,,,,,タンドゥール,1.0,False
8160.0,酒亭 穂椋,,,,,,,,,,,,酒亭 穂椋,2.0,False
8161.0,赤星とくまがい,,,,,,,,,,,,赤星とくまがい,2.0,False
8162.0,六本木 真おか,,,,,,,,,,,,六本木 真おか,2.0,False
8163.0,Pizzeria TAKATA BOKUSYA,,,,,,,,,,,,Pizzeria TAKATA BOKUSYA,2.0,False
8164.0,t.(ティードット),,,,,,,,,,,,t.,2.0,False
8166.0,新竹,,,,,,,,,,,,新竹,2.0,False
8167.0,ISA TACO,,,,,,,,,,,,ISA TACO,2.0,False
8168.0,麺場田所商店 池上店,,,,,,,,,,,,麺場田所商店,2.0,False
8169.0,セキハナレ,,,,,,,,,,,,セキハナレ,2.0,False
8170.0,マイキッチン,,,,,,,,,,,,マイキッチン,2.0,False
8171.0,洋食小林,,,,,,,,,,,,洋食小林,2.0,False
8172.0,酒と鰻とジビエ 池袋寅箱,,,,,,,,,,,,酒と鰻とジビエ 池袋寅箱,2.0,False
8175.0,ノンナ   青戸店,,,,,,,,,,,,ノンナ,2.0,False
8178.0,ジッカデダイニング,,,,,,,,,,,,ジッカデダイニング,2.0,False
8179.0,Sirena,,,,,,,,,,,,Sirena,2.0,False
8180.0,Jimmy’s DINER,,,,,,,,,,,,Jimmy’s DINER,2.0,False
8182.0,焼肉グルメ 296(ニクロー)東久留米店,,,,,,,,,,,,焼肉グルメ,2.0,False
8183.0,P izzeria gelateria RAZZO,,,,,,,,,,,,P izzeria gelateria RAZZO,2.0,False
8184.0,È mer,,,,,,,,,,,,È mer,2.0,False
8185.0,HITSUJI,,,,,,,,,,,,HITSUJI,2.0,False
8186.0,PESCARA 綱島店,,,,,,,,,,,,PESCARA,2.0,False
8187.0,JR南武線津田山駅ヨコKitchenナガグツ,,,,,,,,,,,,JR南武線津田山駅ヨコKitchenナガグツ,2.0,False
8188.0,ルコネッサンス,,,,,,,,,,,,ルコネッサンス,2.0,False
8190.0,㠀舎 | TOUSHA COFFEE&TEISHOKU,,,,,,,,,,,,㠀舎 | TOUSHA COFFEE&TEISHOKU,2.0,False
8194.0,サキアテジョーグー,,,,,,,,,,,,サキアテジョーグー,2.0,False
8195.0,LA COMUNITA,,,,,,,,,,,,LA COMUNITA,2.0,False
8196.0,りんぐ 阪神新在家店,,,,,,,,,,,,りんぐ,2.0,False
8197.0,産直京野菜 中国菜飯 味らい,,,,,,,,,,,,産直京野菜 中国菜飯 味らい,2.0,False
8198.0,kamoshiya Kusumoto(カモシヤ クスモト),,,,,,,,,,,,kamoshiya Kusumoto,2.0,False
8199.0,ボッテガシモーネ,,,,,,,,,,,,ボッテガシモーネ,2.0,False
8200.0,スープルヴァンヌフ Soupe29,,,,,,,,,,,,スープルヴァンヌフ Soupe29,2.0,False
8201.0,花きり,,,,,,,,,,,,花きり,2.0,False
8202.0,ロウリーズ・ザ・プライムリブ 大阪,,,,,,,,,,,,ロウリーズ・ザ・プライムリブ 大阪,2.0,False
8203.0,マルル エ ウルル,,,,,,,,,,,,マルル エ ウルル,2.0,False
8205.0,鉄板ダイニング HONANA -ほななっ- 本店,,,,,,,,,,,,鉄板ダイニング HONANA -ほななっ-,1.0,False
8206.0,イル・メルカート・アンジェロ,,,,,,,,,,,,イル・メルカート・アンジェロ,2.0,False
8207.0,梅園  河原町店,,,,,,,,,,,,梅園,3.0,False
8208.0,restaurant DOLCH,,,,,,,,,,,,restaurant DOLCH,2.0,False
8210.0,インド料理SURAJスラジュ,,,,,,,,,,,,インド料理SURAJスラジュ,2.0,False
8211.0,サティ,,,,,,,,,,,,サティ,2.0,False
8212.0,チャイナキッチン しん嘉,,,,,,,,,,,,チャイナキッチン しん嘉,2.0,False
8213.0,スペインバル Farol,,,,,,,,,,,,スペインバル Farol,2.0,False
8214.0,酒場それなり,,,,,,,,,,,,酒場それなり,2.0,False
8215.0,いっかく食堂BRUNCH 博多パピヨン店,,,,,,,,,,,,いっかく食堂BRUNCH,2.0,False
8216.0,日本酒・酒・肴 喜なさる,,,,,,,,,,,,日本酒・酒・肴 喜なさる,2.0,False
8217.0,trene(トレネ),,,,,,,,,,,,trene,2.0,False
8218.0,IL GUFO,,,,,,,,,,,,IL GUFO,2.0,False
8219.0,肉と葡萄 信玄食道,,,,,,,,,,,,肉と葡萄 信玄食道,2.0,False
8220.0,たてやま,,,,,,,,,,,,たてやま,2.0,False
8221.0,肉屋うたがわ,,,,,,,,,,,,肉屋うたがわ,2.0,False
8222.0,Bistro Ohshima,,,,,,,,,,,,Bistro Ohshima,2.0,False
8223.0,ひょうたん寿司 本店,,,,,,,,,,,,ひょうたん寿司,2.0,False
8224.0,Fridge(フリッジ),,,,,,,,,,,,Fridge,2.0,False
8225.0,仏蘭西料理ときかわ,,,,,,,,,,,,仏蘭西料理ときかわ,2.0,False
8226.0,生牡蠣と魚介炭火焼 Carbon,,,,,,,,,,,,生牡蠣と魚介炭火焼 Carbon,2.0,False
8227.0,カレーとケーキ かぼちゃ家,,,,,,,,,,,,カレーとケーキ かぼちゃ家,2.0,False
8228.0,義,,,,,,,,,,,,義,2.0,False
8229.0,ぽん太,,,,,,,,,,,,ぽん太,2.0,False
8230.0,肉山 福岡,,,,,,,,,,,,肉山 福岡,2.0,False
8231.0,酒呑横丁 てし,,,,,,,,,,,,酒呑横丁 てし,2.0,False
8232.0,Chandan Cafe,,,,,,,,,,,,Chandan Cafe,2.0,False
8233.0,鍋焼き&バイキング頂−ITADAKI,,,,,,,,,,,,鍋焼き&バイキング頂−ITADAKI,2.0,False
8234.0,無化調醤油ラーメン しのわ,,,,,,,,,,,,無化調醤油ラーメン しのわ,2.0,False
8235.0,串処 和さん,,,,,,,,,,,,串処 和さん,2.0,False
8237.0,麺や十壱,,,,,,,,,,,,麺や十壱,2.0,False
8238.0,ひさや食堂,,,,,,,,,,,,ひさや食堂,2.0,False
8239.0,焼きとり太閤 二日市店,,,,,,,,,,,,焼きとり太閤,2.0,False
8240.0,狐狸庵,,,,,,,,,,,,狐狸庵,2.0,False
8241.0,吞鳥,,,,,,,,,,,,吞鳥,2.0,False
8242.0,鮨 ゆうこう,,,,,,,,,,,,鮨 ゆうこう,2.0,False
8243.0,牛もつ鍋平島,,,,,,,,,,,,牛もつ鍋平島,2.0,False
8244.0,感謝堂,,,,,,,,,,,,感謝堂,2.0,False
8245.0,博多一番どり居食家あらい,,,,,,,,,,,,博多一番どり居食家あらい,2.0,False
8246.0,魚那海 -uonami-,,,,,,,,,,,,魚那海 -uonami-,2.0,False
8247.0,魚とやきとり和,,,,,,,,,,,,魚とやきとり和,2.0,False
8248.0,びっくり亭 那珂川店,,,,,,,,,,,,びっくり亭,2.0,False
8249.0,いただき膳,,,,,,,,,,,,いただき膳,2.0,False
8250.0,heREa+ ヒアー,,,,,,,,,,,,heREa+ ヒアー,1.0,False
8251.0,仙台炉端料理縁側,,,,,,,,,,,,仙台炉端料理縁側,2.0,False
8252.0,みつくら,,,,,,,,,,,,みつくら,2.0,False
8253.0,海鮮酒場ととろ,,,,,,,,,,,,海鮮酒場ととろ,2.0,False
8254.0,洋風ごはん アルファ,,,,,,,,,,,,洋風ごはん アルファ,2.0,False
8255.0,小山屋,,,,,,,,,,,,小山屋,2.0,False
8256.0,やきとり弁慶,,,,,,,,,,,,やきとり弁慶,2.0,False
8258.0,ギャラリー喫茶 ArtWay,,,,,,,,,,,,ギャラリー喫茶 ArtWay,2.0,False
8259.0,ロコズアイナ,,,,,,,,,,,,ロコズアイナ,2.0,False
8260.0,イタリアンダイニング ターボラディジロ,,,,,,,,,,,,イタリアンダイニング ターボラディジロ,2.0,False
8261.0,啓徳,,,,,,,,,,,,啓徳,2.0,False
8262.0,生駒中華料理,,,,,,,,,,,,生駒中華料理,2.0,False
8263.0,タヴェルナ デル ソーレ,,,,,,,,,,,,タヴェルナ デル ソーレ,2.0,False
8267.0,nico+,,,,,,,,,,,,nico+,1.0,False
8272.0,居酒屋 花火,,,,,,,,,,,,居酒屋 花火,2.0,False
8273.0,菜食ベジカフェはっちとみつ,,,,,,,,,,,,菜食ベジカフェはっちとみつ,2.0,False
8276.0,串揚げ勝,,,,,,,,,,,,串揚げ勝,2.0,False
8277.0,海風亭,,,,,,,,,,,,海風亭,2.0,False
8278.0,藍菜坊,,,,,,,,,,,,藍菜坊,2.0,False
8279.0,MONET sandwichherie artisanal,,,,,,,,,,,,MONET sandwichherie artisanal,2.0,False
8280.0,MOGURAKITCHEN,,,,,,,,,,,,MOGURAKITCHEN,1.0,False
8281.0,BENCH,,,,,,,,,,,,BENCH,2.0,False
8282.0,すし処泰 松本,,,,,,,,,,,,すし処泰 松本,2.0,False
8283.0,ボン・デール,,,,,,,,,,,,ボン・デール,2.0,False
8284.0,ゴンちゃん,,,,,,,,,,,,ゴンちゃん,2.0,False
8285.0,MUCCH(マッチ),,,,,,,,,,,,MUCCH,2.0,False
8286.0,コメダ珈琲店 飯田店,,,,,,,,,,,,コメダ珈琲店,2.0,False
8287.0,ハルピンラーメン本店,,,,,,,,,,,,ハルピンラーメン,2.0,False
8288.0,上諏訪駅前バル わびさび,,,,,,,,,,,,上諏訪駅前バル わびさび,2.0,False
8289.0,Harada,,,,,,,,,,,,Harada,2.0,False
8290.0,Ai's dressing kitchen,,,,,,,,,,,,Ai's dressing kitchen,2.0,False
8291.0,3RD Cafe & More,,,,,,,,,,,,3RD Cafe & More,1.0,False
8292.0,御影石焼Pizza カルカル,,,,,,,,,,,,御影石焼Pizza カルカル,2.0,False
8293.0,季節料理 和喜多,,,,,,,,,,,,季節料理 和喜多,2.0,False
8294.0,御料理 柳長,,,,,,,,,,,,御料理 柳長,2.0,False
8295.0,cafe RUSTIC,,,,,,,,,,,,cafe RUSTIC,2.0,False
8296.0,北欧料理ガムラスタン,,,,,,,,,,,,北欧料理ガムラスタン,2.0,False
8297.0,BrasserieのでVin,,,,,,,,,,,,BrasserieのでVin,2.0,False
8298.0,アル ソリーソ,,,,,,,,,,,,アル ソリーソ,2.0,False
8299.0,BOSQUESO UMA BAR(ボスケソ・ウマバル),,,,,,,,,,,,BOSQUESO UMA BAR,2.0,False
8300.0,ル カレ,,,,,,,,,,,,ル カレ,2.0,False
8301.0,ジンギスカン万蔵,,,,,,,,,,,,ジンギスカン万蔵,2.0,False
8302.0,すし処泰 安曇野,,,,,,,,,,,,すし処泰 安曇野,2.0,False
8303.0,トレンタトレ,,,,,,,,,,,,トレンタトレ,2.0,False
8304.0,ナカムラ食堂,,,,,,,,,,,,ナカムラ食堂,2.0,False
8305.0,八千代,,,,,,,,,,,,八千代,2.0,False
8306.0,とみ井,,,,,,,,,,,,とみ井,2.0,False
8309.0,むらちゃん農園,,,,,,,,,,,,むらちゃん農園,2.0,False
8310.0,居酒屋ダイニングバーZERO,,,,,,,,,,,,居酒屋ダイニングバーZERO,2.0,False
8311.0,つむぎカフェ,,,,,,,,,,,,つむぎカフェ,2.0,False
8312.0,炭火焼肉 まるい,,,,,,,,,,,,炭火焼肉 まるい,2.0,False
8313.0,カメノ食堂,,,,,,,,,,,,カメノ食堂,2.0,False
8314.0,とんかつ専門店 薩摩居酒屋 かのや,,,,,,,,,,,,とんかつ専門店 薩摩居酒屋 かのや,2.0,False
8315.0,毎日のおいしいもの まとか,,,,,,,,,,,,毎日のおいしいもの まとか,2.0,False
8316.0,Bar&Cafe ROY’S,,,,,,,,,,,,Bar&Cafe ROY’S,1.0,False
8317.0,pool cafe Axcel,,,,,,,,,,,,pool cafe Axcel,2.0,False
8318.0,イタメシ Oliva,,,,,,,,,,,,イタメシ Oliva,2.0,False
8319.0,夷川 鮨すずか,,,,,,,,,,,,夷川 鮨すずか,2.0,False
8320.0,祇をん きらら,,,,,,,,,,,,祇をん きらら,2.0,False
8321.0,洋食屋コートレット,,,,,,,,,,,,洋食屋コートレット,2.0,False
8322.0,南山本店,,,,,,,,,,,,南山,2.0,False
8323.0,プレマルシェ・オルタナティブ・ダイナー,,,,,,,,,,,,プレマルシェ・オルタナティブ・ダイナー,2.0,False
8324.0,西新亭,,,,,,,,,,,,西新亭,2.0,False
8325.0,鉄板焼ダイニング でん,,,,,,,,,,,,鉄板焼ダイニング でん,2.0,False
8326.0,信州そば処 一松亭,,,,,,,,,,,,信州そば処 一松亭,2.0,False
8327.0,鎮座タキビヤ,,,,,,,,,,,,鎮座タキビヤ,1.0,False
8328.0,肉鉄ichinokata,,,,,,,,,,,,肉鉄ichinokata,2.0,False
8329.0,ステーキの壺,,,,,,,,,,,,ステーキの壺,2.0,False
8330.0,銀しゃり 酒菜 山本山,,,,,,,,,,,,銀しゃり 酒菜 山本山,2.0,False
8331.0,うっちゃり食堂,,,,,,,,,,,,うっちゃり食堂,2.0,False
8332.0,炭でやくばい,,,,,,,,,,,,炭でやくばい,2.0,False
8333.0,麺屋わっしょい,,,,,,,,,,,,麺屋わっしょい,2.0,False
8334.0,ら~めん コジマル,,,,,,,,,,,,ら~めん コジマル,1.0,False
8335.0,すずき家,,,,,,,,,,,,すずき家,2.0,False
8336.0,ちばから,,,,,,,,,,,,ちばから,2.0,False
8337.0,らー麺土俵鶴嶺峰,,,,,,,,,,,,らー麺土俵鶴嶺峰,2.0,False
8338.0,中華ソバ ちゃるめ,,,,,,,,,,,,中華ソバ ちゃるめ,2.0,False
8339.0,麺でる,,,,,,,,,,,,麺でる,2.0,False
8340.0,和蔵,,,,,,,,,,,,和蔵,2.0,False
8341.0,蔭山樓,,,,,,,,,,,,蔭山樓,2.0,False
8342.0,ボニート・ボニート,,,,,,,,,,,,ボニート・ボニート,2.0,False
8343.0,銀座 いし井,,,,,,,,,,,,銀座 いし井,3.0,False
8344.0,麺処まるわ,,,,,,,,,,,,麺処まるわ,2.0,False
8345.0,うわのそら,,,,,,,,,,,,うわのそら,2.0,False
8346.0,隠・台所 久岡家,,,,,,,,,,,,隠・台所 久岡家,2.0,False
8347.0,お酒としゅうまいクリンチ,,,,,,,,,,,,お酒としゅうまいクリンチ,2.0,False
8348.0,インド食堂 ワナッカム,,,,,,,,,,,,インド食堂 ワナッカム,2.0,False
8349.0,そらや,,,,,,,,,,,,そらや,2.0,False
8350.0,町屋あかりや,,,,,,,,,,,,町屋あかりや,2.0,False
8351.0,焼とり いぶし坐,,,,,,,,,,,,焼とり いぶし坐,2.0,False
8352.0,赤坂けやき通り むらた,,,,,,,,,,,,赤坂けやき通り むらた,2.0,False
8353.0,やきとり小森田,,,,,,,,,,,,やきとり小森田,2.0,False
8354.0,食堂なおき,,,,,,,,,,,,食堂なおき,2.0,False
8355.0,ペコラ,,,,,,,,,,,,ペコラ,2.0,False
8356.0,Bistrot Le Bourgeon(ビストロ ル・ブルジョン),,,,,,,,,,,,Bistrot Le Bourgeon,2.0,False
8357.0,はかたや木鶏,,,,,,,,,,,,はかたや木鶏,2.0,False
8367.0,バザールバザール 函館,,,,,,,,,,,,バザールバザール 函館,2.0,False
8368.0,matsu(まつ),,,,,,,,,,,,matsu,1.0,False
8369.0,糸 釧路,,,,,,,,,,,,糸 釧路,2.0,False
8373.0,紋別セントラルホテル,,,,,,,,,,,,紋別セントラルホテル,2.0,False
8375.0,寿司鶴,,,,,,,,,,,,寿司鶴,2.0,False
8376.0,ピザバーナポリ,,,,,,,,,,,,ピザバーナポリ,2.0,False
8377.0,ふくら,,,,,,,,,,,,ふくら,2.0,False
8378.0,やきとり夢屋,,,,,,,,,,,,やきとり夢屋,2.0,False
8379.0,すぱげ亭,,,,,,,,,,,,すぱげ亭,2.0,False
8380.0,酒菜処悠々,,,,,,,,,,,,酒菜処悠々,2.0,False
8381.0,軽食喫茶UN,,,,,,,,,,,,軽食喫茶UN,2.0,False
8382.0,マルカンビル大食堂,,,,,,,,,,,,マルカンビル大食堂,2.0,False
8383.0,シップストリートカフェ,,,,,,,,,,,,シップストリートカフェ,2.0,False
8384.0,イタリアンプリモ,,,,,,,,,,,,イタリアンプリモ,2.0,False
8385.0,てるsun,,,,,,,,,,,,てるsun,2.0,False
8386.0,株式会社うお時,,,,,,,,,,,,株式会社うお時,1.0,False
8387.0,ダイニング 和くら,,,,,,,,,,,,ダイニング 和くら,1.0,False
8388.0,ぷちらぱん,,,,,,,,,,,,ぷちらぱん,1.0,False
8389.0,シナモンズ 横浜山下公園店,,,,,,,,,,,,シナモンズ,1.0,False
8390.0,レストラン ロッコ,,,,,,,,,,,,レストラン ロッコ,1.0,False
8391.0,鶏ふじ,,,,,,,,,,,,鶏ふじ,1.0,False
8392.0,Jamz Cafe,,,,,,,,,,,,Jamz Cafe,1.0,False
8393.0,ごはん屋米米,,,,,,,,,,,,ごはん屋米米,1.0,False
8394.0,とんかつ とん平,,,,,,,,,,,,とんかつ とん平,1.0,False
8395.0,おうちダイニングおいしい菜,,,,,,,,,,,,おうちダイニングおいしい菜,1.0,False
8396.0,ウチルカ,,,,,,,,,,,,ウチルカ,1.0,False
8397.0,数数(さくさく),,,,,,,,,,,,数数,1.0,False
8398.0,横浜中華街龍鳳酒家,,,,,,,,,,,,横浜中華街龍鳳酒家,1.0,False
8399.0,肉の万世 秋葉原本店,,,,,,,,,,,,肉の万世 秋葉原,2.0,False
8400.0,アジアンビストロDai 日吉店,,,,,,,,,,,,アジアンビストロDai,2.0,False
8401.0,Solaia(ソライア),,,,,,,,,,,,Solaia,2.0,False
8402.0,ムビリンゴ,,,,,,,,,,,,ムビリンゴ,2.0,False
8403.0,茶倉,,,,,,,,,,,,茶倉,2.0,False
8404.0,ティーズスターダイナー高槻本店,,,,,,,,,,,,ティーズスターダイナー高槻,2.0,False
8405.0,サニー プレイス/Sunny Place,,,,,,,,,,,,サニー プレイス/Sunny Place,2.0,False
8406.0,キージョ El Quillo Daily Tapas & Restaurant,,,,,,,,,,,,キージョ El Quillo Daily Tapas & Restaurant,2.0,False
8407.0,マカリモカレー,,,,,,,,,,,,マカリモカレー,2.0,False
8408.0,ろじ屋,,,,,,,,,,,,ろじ屋,2.0,False
8409.0,かえる食堂 蓮,,,,,,,,,,,,かえる食堂 蓮,2.0,False
8410.0,肉炉端マウンテン,,,,,,,,,,,,肉炉端マウンテン,2.0,False
8411.0,ワインと喫茶去 camomille(カモミーユ),,,,,,,,,,,,ワインと喫茶去 camomille,2.0,False
8412.0,カリー専門店KATZ,,,,,,,,,,,,カリー専門店KATZ,2.0,False
8413.0,神家食堂,,,,,,,,,,,,神家食堂,2.0,False
8414.0,香草イタリア料理あらじん,,,,,,,,,,,,香草イタリア料理あらじん,2.0,False
8416.0,和食とおでん 真路n,,,,,,,,,,,,和食とおでん 真路n,2.0,False
8417.0,UMAMI食堂 捷の詩(はやのうた),,,,,,,,,,,,UMAMI食堂 捷の詩,2.0,False
8418.0,スズキーマ,,,,,,,,,,,,スズキーマ,2.0,False
8419.0,ライオン,,,,,,,,,,,,ライオン,2.0,False
8420.0,AU DEPART (オーデパール),,,,,,,,,,,,AU DEPART,2.0,False
8421.0,焼肉・出芽金,,,,,,,,,,,,焼肉・出芽金,2.0,False
8422.0,ROASTER&CAFEペンギン堂,,,,,,,,,,,,ROASTER&CAFEペンギン堂,2.0,False
8423.0,OTOMONI COFFEE Roast Lab 明和店,,,,,,,,,,,,OTOMONI COFFEE Roast Lab,2.0,False
8424.0,天風,,,,,,,,,,,,天風,2.0,False
8425.0,精肉店直営近江牛直売所,,,,,,,,,,,,精肉店直営近江牛直売所,2.0,False
8426.0,馬肉料理さくらや,,,,,,,,,,,,馬肉料理さくらや,2.0,False
8428.0,おうちごはん てんさいとう,,,,,,,,,,,,おうちごはん てんさいとう,2.0,False
8429.0,韓国料理 内房(アンパン),,,,,,,,,,,,韓国料理 内房,2.0,False
8430.0,ワインと和食 みくり,,,,,,,,,,,,ワインと和食 みくり,2.0,False
8431.0,大衆焼肉たまや 大橋店,,,,,,,,,,,,大衆焼肉たまや,2.0,False
8432.0,彩色ラーメン きんせい,,,,,,,,,,,,彩色ラーメン きんせい,2.0,False
8433.0,六角箸,,,,,,,,,,,,六角箸,1.0,False
8434.0,炉端かば 金沢文庫店,,,,,,,,,,,,炉端かば,1.0,False
8435.0,生そば松月,,,,,,,,,,,,生そば松月,1.0,False
8436.0,ふじやま亭,,,,,,,,,,,,ふじやま亭,1.0,False
8437.0,小岩井牛乳横浜ミルクセンター,,,,,,,,,,,,小岩井牛乳横浜ミルクセンター,1.0,False
8438.0,ぱあらー泉南太田本店,,,,,,,,,,,,ぱあらー泉南太田,1.0,False
8439.0,Cafe & Bar Musica,,,,,,,,,,,,Cafe & Bar Musica,1.0,False
8440.0,辰味庵,,,,,,,,,,,,辰味庵,1.0,False
8441.0,料理処 松風苑,,,,,,,,,,,,料理処 松風苑,1.0,False
8442.0,炭火焼肉 慶洲苑,,,,,,,,,,,,炭火焼肉 慶洲苑,1.0,False
8443.0,レストラン永田台,,,,,,,,,,,,レストラン永田台,1.0,False
8444.0,海鮮寿司酒場はまいち,,,,,,,,,,,,海鮮寿司酒場はまいち,1.0,False
8445.0,配食のふれ愛 横浜中央店,,,,,,,,,,,,配食のふれ愛,1.0,False
8446.0,たる屋,,,,,,,,,,,,たる屋,1.0,False
8447.0,安波,,,,,,,,,,,,安波,1.0,False
8448.0,トラットリア  シャント,,,,,,,,,,,,トラットリア シャント,1.0,False
8449.0,ペグルトゥーゴー,,,,,,,,,,,,ペグルトゥーゴー,1.0,False
8450.0,ビストロ ギオット,,,,,,,,,,,,ビストロ ギオット,1.0,False
8451.0,Mahlzeit,,,,,,,,,,,,Mahlzeit,2.0,False
8452.0,根津カレー ラッキー,,,,,,,,,,,,根津カレー ラッキー,2.0,False
8453.0,吟吟,,,,,,,,,,,,吟吟,2.0,False
8454.0,レインボーバードランデヴー,,,,,,,,,,,,レインボーバードランデヴー,2.0,False
8455.0,たまき食堂,,,,,,,,,,,,たまき食堂,2.0,False
8456.0,たれ山 中野店,,,,,,,,,,,,たれ山,2.0,False
8457.0,イルフォルネッロ,,,,,,,,,,,,イルフォルネッロ,2.0,False
8458.0,味王 中野本店,,,,,,,,,,,,味王 中野,2.0,False
8459.0,泪橋,,,,,,,,,,,,泪橋,2.0,False
8460.0,なると,,,,,,,,,,,,なると,2.0,False
8461.0,でんでん串 阿佐ヶ谷本店,,,,,,,,,,,,でんでん串 阿佐ヶ谷,2.0,False
8462.0,まんぷく食堂,,,,,,,,,,,,まんぷく食堂,2.0,False
8463.0,自家焙煎coffeeオトメザ,,,,,,,,,,,,自家焙煎coffeeオトメザ,2.0,False
8464.0,日の出寿司,,,,,,,,,,,,日の出寿司,2.0,False
8465.0,亜細亜食房リバーサイゴン,,,,,,,,,,,,亜細亜食房リバーサイゴン,2.0,False
8466.0,アル・ピノ,,,,,,,,,,,,アル・ピノ,2.0,False
8467.0,蕎麦処 更科,,,,,,,,,,,,蕎麦処 更科,2.0,False
8469.0,ベジキッチングーグー,,,,,,,,,,,,ベジキッチングーグー,2.0,False
8470.0,Bacchanale(バッカナール),,,,,,,,,,,,Bacchanale,2.0,False
8471.0,WINE STAND caprino,,,,,,,,,,,,WINE STAND caprino,2.0,False
8472.0,TOSACANA とさかーな,,,,,,,,,,,,TOSACANA とさかーな,2.0,False
8473.0,「食と酒」居酒屋 かるだん,,,,,,,,,,,,「食と酒」居酒屋 かるだん,2.0,False
8474.0,あたらよ,,,,,,,,,,,,あたらよ,2.0,False
8475.0,Dining&Bar fitche(ダイニングバーフィッチェ),,,,,,,,,,,,Dining&Bar fitche,1.0,False
8476.0,ツキニカフェ,,,,,,,,,,,,ツキニカフェ,2.0,False
8477.0,Ohana8,,,,,,,,,,,,Ohana8,2.0,False
8478.0,ステーキマニア 箱崎店,,,,,,,,,,,,ステーキマニア,2.0,False
8479.0,鄭家(ジョンガ),,,,,,,,,,,,鄭家,2.0,False
8480.0,小料理むとう,,,,,,,,,,,,小料理むとう,2.0,False
8481.0,すし処 洲(しま),,,,,,,,,,,,すし処 洲,2.0,False
8482.0,福岡のお粥カフェ Teddy&Daddy,,,,,,,,,,,,福岡のお粥カフェ Teddy&Daddy,2.0,False
8483.0,dai-tu,,,,,,,,,,,,dai-tu,2.0,False
8484.0,ほく菜,,,,,,,,,,,,ほく菜,2.0,False
8485.0,すし六香,,,,,,,,,,,,すし六香,2.0,False
8486.0,酒場コージ,,,,,,,,,,,,酒場コージ,2.0,False
8487.0,favo,,,,,,,,,,,,favo,2.0,False
8488.0,お料理 ほそかわ,,,,,,,,,,,,お料理 ほそかわ,2.0,False
8489.0,酒菜いとう,,,,,,,,,,,,酒菜いとう,2.0,False
8490.0,ピソリーノ マリナサイドテラス店,,,,,,,,,,,,ピソリーノ,2.0,False
8491.0,ビストロバビロン,,,,,,,,,,,,ビストロバビロン,2.0,False
8492.0,もも焼きト酒 おがた,,,,,,,,,,,,もも焼きト酒 おがた,2.0,False
8493.0,町家カフェ 茶の子,,,,,,,,,,,,町家カフェ 茶の子,2.0,False
8494.0,すし辰,,,,,,,,,,,,すし辰,2.0,False
8495.0,ネコノテシャ,,,,,,,,,,,,ネコノテシャ,2.0,False
8496.0,糸島ソースキッチン Kawachiya,,,,,,,,,,,,糸島ソースキッチン Kawachiya,1.0,False
8497.0,ハルタ huluta,,,,,,,,,,,,ハルタ huluta,2.0,False
8498.0,あべくん珈琲,,,,,,,,,,,,あべくん珈琲,2.0,False
8499.0,ビストロ・デ・ポン,,,,,,,,,,,,ビストロ・デ・ポン,2.0,False
8500.0,TRIBECA(トライベッカ),,,,,,,,,,,,TRIBECA,2.0,False
8501.0,景山 京成百貨店支店,,,,,,,,,,,,景山,2.0,False
8502.0,レストラン 西洋堂,,,,,,,,,,,,レストラン 西洋堂,2.0,False
8503.0,Grill Kitchen BULLURE.S,,,,,,,,,,,,Grill Kitchen BULLURE.S,2.0,False
8504.0,ちゃいなはうす,,,,,,,,,,,,ちゃいなはうす,2.0,False
8505.0,hako cofe,,,,,,,,,,,,hako cofe,2.0,False
8506.0,ワインカフェ取手,,,,,,,,,,,,ワインカフェ取手,2.0,False
8507.0,クマリ 取手店,,,,,,,,,,,,クマリ,2.0,False
8508.0,なごみ処きりん,,,,,,,,,,,,なごみ処きりん,2.0,False
8509.0,サロン・デ・サン,,,,,,,,,,,,サロン・デ・サン,2.0,False
8510.0,みなみのわびさび,,,,,,,,,,,,みなみのわびさび,2.0,False
8511.0,finlaggan,,,,,,,,,,,,finlaggan,2.0,False
8512.0,金太楼鮨 守谷店,,,,,,,,,,,,金太楼鮨,2.0,False
8513.0,焼肉 幸の助,,,,,,,,,,,,焼肉 幸の助,2.0,False
8515.0,6DINER,,,,,,,,,,,,6DINER,2.0,False
8516.0,日本三大モツ煮の鈴虎スズキ,,,,,,,,,,,,日本三大モツ煮の鈴虎スズキ,2.0,False
8517.0,オステリア・アルバ,,,,,,,,,,,,オステリア・アルバ,2.0,False
8518.0,コップンカフェ,,,,,,,,,,,,コップンカフェ,2.0,False
8519.0,ステーキ酒場 飯之泉,,,,,,,,,,,,ステーキ酒場 飯之泉,2.0,False
8520.0,ビッグボーイ イオンタウン守谷店,,,,,,,,,,,,ビッグボーイ,2.0,False
8521.0,台所酒場 TikiTiki,,,,,,,,,,,,台所酒場 TikiTiki,2.0,False
8522.0,Bar mix 226,,,,,,,,,,,,Bar mix 226,2.0,False
8523.0,自由軒,,,,,,,,,,,,自由軒,3.0,False
8524.0,シーフードレストラン メヒコ 守谷フラミンゴ館,,,,,,,,,,,,シーフードレストラン メヒコ 守谷フラミンゴ館,2.0,False
8525.0,レストランハーバー,,,,,,,,,,,,レストランハーバー,2.0,False
8526.0,幸の家,,,,,,,,,,,,幸の家,2.0,False
8527.0,彩とり鶏,,,,,,,,,,,,彩とり鶏,2.0,False
8531.0,海老幸てんてん亭,,,,,,,,,,,,海老幸てんてん亭,2.0,False
8532.0,わび助,,,,,,,,,,,,わび助,2.0,False
8533.0,炙り酒場 花朝月夕(かちょうげっせき),,,,,,,,,,,,炙り酒場 花朝月夕,2.0,False
8534.0,よりみち,,,,,,,,,,,,よりみち,2.0,False
8535.0,そば処 志水庵,,,,,,,,,,,,そば処 志水庵,2.0,False
8536.0,toi toi toi,,,,,,,,,,,,toi toi toi,2.0,False
8537.0,BAGEL FUNS(ベーグルファンズ),,,,,,,,,,,,BAGEL FUNS,2.0,False
8538.0,ビストロ クール,,,,,,,,,,,,ビストロ クール,2.0,False
8539.0,おでんと酒肴た㐂や,,,,,,,,,,,,おでんと酒肴た㐂や,2.0,False
8540.0,五ケ山豆腐,,,,,,,,,,,,五ケ山豆腐,2.0,False
8541.0,レストランキエフ,,,,,,,,,,,,レストランキエフ,2.0,False
8542.0,焼魚 平尾商店,,,,,,,,,,,,焼魚,2.0,False
8543.0,鎌田製作所,,,,,,,,,,,,鎌田製作所,2.0,False
8544.0,やさい巻き串屋 ねじけもん 本店,,,,,,,,,,,,やさい巻き串屋 ねじけもん,2.0,False
8545.0,大衆焼肉 平尾のたまや,,,,,,,,,,,,大衆焼肉 平尾のたまや,2.0,False
8546.0,日赤通りのたまや,,,,,,,,,,,,日赤通りのたまや,2.0,False
8547.0,大衆焼肉 港のたまや,,,,,,,,,,,,大衆焼肉 港のたまや,2.0,False
8548.0,コットンフィールズ,,,,,,,,,,,,コットンフィールズ,2.0,False
8549.0,井本,,,,,,,,,,,,井本,2.0,False
8550.0,あじさわ,,,,,,,,,,,,あじさわ,2.0,False
8551.0,中華そば 西食,,,,,,,,,,,,中華そば 西食,2.0,False
8552.0,麺屋 こころ,,,,,,,,,,,,麺屋 こころ,2.0,False
8553.0,卯屋,,,,,,,,,,,,卯屋,1.0,False
8554.0,華陽麺坊,,,,,,,,,,,,華陽麺坊,1.0,False
8555.0,コーヒーラウンジ紫陽花,,,,,,,,,,,,コーヒーラウンジ紫陽花,1.0,False
8556.0,Storyhouse Cafe &Bar,,,,,,,,,,,,Storyhouse Cafe &Bar,1.0,False
8557.0,akarie,,,,,,,,,,,,akarie,1.0,False
8558.0,串揚げ処なんでやねん,,,,,,,,,,,,串揚げ処なんでやねん,1.0,False
8559.0,有限会社コメコメ,,,,,,,,,,,,有限会社コメコメ,1.0,False
8560.0,コリアンバーベキューわいわい亭,,,,,,,,,,,,コリアンバーベキューわいわい亭,1.0,False
8561.0,地獄の担担麺 天竜 トツカーナモール店,,,,,,,,,,,,地獄の担担麺 天竜,1.0,False
8562.0,すてーき大地,,,,,,,,,,,,すてーき大地,1.0,False
8563.0,やきとり たる平 みなとみらい店,,,,,,,,,,,,やきとり たる平,1.0,False
8565.0,The Hof Brau,,,,,,,,,,,,The Hof Brau,1.0,False
8566.0,パン工房 なちゅ~るロール,,,,,,,,,,,,パン工房 なちゅ~るロール,1.0,False
8567.0,食事処 門前,,,,,,,,,,,,食事処 門前,1.0,False
8568.0,お好み焼き処 小奈や,,,,,,,,,,,,お好み焼き処 小奈や,2.0,False
8569.0,セントロ 門前仲町 ビストロ居酒屋,,,,,,,,,,,,セントロ 門前仲町 ビストロ居酒屋,2.0,False
8570.0,ロス・バルバドス,,,,,,,,,,,,ロス・バルバドス,2.0,False
8571.0,自然派インド料理 ナタラジ,,,,,,,,,,,,自然派インド料理 ナタラジ,2.0,False
8572.0,あやせ寿司,,,,,,,,,,,,あやせ寿司,2.0,False
8573.0,落日酒楽,,,,,,,,,,,,落日酒楽,2.0,False
8574.0,おそまつくん,,,,,,,,,,,,おそまつくん,2.0,False
8575.0,il luogo di TAKEUCHI,,,,,,,,,,,,il luogo di TAKEUCHI,2.0,False
8576.0,Soupteria,,,,,,,,,,,,Soupteria,2.0,False
8577.0,YuLaLaユララ,,,,,,,,,,,,YuLaLaユララ,2.0,False
8578.0,J'ai Faim,,,,,,,,,,,,J'ai Faim,2.0,False
8579.0,NACO 吉塚店,,,,,,,,,,,,NACO,2.0,False
8580.0,エイト・エ・リヤン,,,,,,,,,,,,エイト・エ・リヤン,1.0,False
8581.0,cafe&beer GOATEE 029倉庫(ゴーティー),,,,,,,,,,,,cafe&beer GOATEE 029倉庫,2.0,False
8582.0,煮込み食堂まるしば,,,,,,,,,,,,煮込み食堂まるしば,2.0,False
8584.0,コーヒー&ランチの店 啄木鳥,,,,,,,,,,,,コーヒー&ランチの店 啄木鳥,1.0,False
8585.0,cafe4,,,,,,,,,,,,cafe4,2.0,False
8586.0,おテイクアウト処 仲々,,,,,,,,,,,,おテイクアウト処 仲々,2.0,False
8587.0,夢屋,,,,,,,,,,,,夢屋,2.0,False
8588.0,CAFÉ Clematis,,,,,,,,,,,,CAFÉ Clematis,2.0,False
8589.0,本格炭火焼 山鶴(竹園),,,,,,,,,,,,本格炭火焼 山鶴,2.0,False
8590.0,びすとろ椿々 追越店,,,,,,,,,,,,びすとろ椿々,2.0,False
8591.0,とんかつ純平,,,,,,,,,,,,とんかつ純平,2.0,False
8592.0,ごう家,,,,,,,,,,,,ごう家,2.0,False
8598.0,和食レストランとんでん 北本店,,,,,,,,,,,,和食レストランとんでん 北,2.0,False
8599.0,喜怒愛楽,,,,,,,,,,,,喜怒愛楽,2.0,False
8604.0,Hangout,,,,,,,,,,,,Hangout,2.0,False
8605.0,モロッコ料理 ラフェッテ,,,,,,,,,,,,モロッコ料理 ラフェッテ,2.0,False
8607.0,ヴァン・ウタセ,,,,,,,,,,,,ヴァン・ウタセ,2.0,False
8609.0,おいしい薬膳 AriHa cafe,,,,,,,,,,,,おいしい薬膳 AriHa cafe,2.0,False
8610.0,和食レストランとんでん 松戸小根本店,,,,,,,,,,,,和食レストランとんでん 松戸小根,2.0,False
8611.0,RED ROSE,,,,,,,,,,,,RED ROSE,2.0,False
8616.0,Mogu-Mogu Cafe,,,,,,,,,,,,Mogu-Mogu Cafe,2.0,False
8617.0,ピアットジョルニ  DELI&RESTAURANT piatto giorni,,,,,,,,,,,,ピアットジョルニ DELI&RESTAURANT piatto giorni,2.0,False
8618.0,旬彩 ごちそう,,,,,,,,,,,,旬彩 ごちそう,2.0,False
8619.0,Cafe Restaurant ruscello,,,,,,,,,,,,Cafe Restaurant ruscello,2.0,False
8620.0,コーヒーハウス 道,,,,,,,,,,,,コーヒーハウス 道,2.0,False
8621.0,ビストロ割烹つちだ,,,,,,,,,,,,ビストロ割烹つちだ,2.0,False
8622.0,オステリア佐藤,,,,,,,,,,,,オステリア佐藤,2.0,False
8623.0,東雲,,,,,,,,,,,,東雲,2.0,False
8624.0,TRATTORIA サッチ,,,,,,,,,,,,TRATTORIA サッチ,2.0,False
8625.0,ことの葉,,,,,,,,,,,,ことの葉,2.0,False
8626.0,和の膳 うらら,,,,,,,,,,,,和の膳 うらら,2.0,False
8627.0,とんかつや,,,,,,,,,,,,とんかつや,2.0,False
8628.0,イタリア食堂デルフィーノ,,,,,,,,,,,,イタリア食堂デルフィーノ,2.0,False
8629.0,19cafe(いっきゅうカフェ),,,,,,,,,,,,19cafe,1.0,False
8630.0,さが,,,,,,,,,,,,さが,2.0,False
8631.0,洋食よもぎ坂,,,,,,,,,,,,洋食よもぎ坂,2.0,False
8633.0,Cafe Ashito,,,,,,,,,,,,Cafe Ashito,2.0,False
8634.0,9 Nove,,,,,,,,,,,,9 Nove,2.0,False
8635.0,松籟亭,,,,,,,,,,,,松籟亭,2.0,False
8636.0,たなこころ,,,,,,,,,,,,たなこころ,2.0,False
8637.0,アトリエ・ド・フロマージュ 本店(カフェ),,,,,,,,,,,,アトリエ・ド・フロマージュ,2.0,False
8638.0,きぬむら,,,,,,,,,,,,きぬむら,2.0,False
8639.0,焼肉なりちゃん,,,,,,,,,,,,焼肉なりちゃん,2.0,False
8640.0,BAR à Vin  NATTSUN,,,,,,,,,,,,BAR à Vin NATTSUN,2.0,False
8641.0,天高く翔べ!,,,,,,,,,,,,天高く翔べ!,1.0,False
8643.0,和風びすとろ ことの葉,,,,,,,,,,,,和風びすとろ ことの葉,1.0,False
8644.0,鮨さわ井,,,,,,,,,,,,鮨さわ井,1.0,False
8645.0,ライオン亭,,,,,,,,,,,,ライオン亭,1.0,False
8646.0,中山菜館,,,,,,,,,,,,中山菜館,1.0,False
8647.0,横濱よっちゃん,,,,,,,,,,,,横濱よっちゃん,1.0,False
8648.0,La Traboule,,,,,,,,,,,,La Traboule,2.0,False
8649.0,海鮮居酒屋  照や,,,,,,,,,,,,海鮮居酒屋 照や,1.0,False
8650.0,とんぺい,,,,,,,,,,,,とんぺい,1.0,False
8651.0,そば処 松かど,,,,,,,,,,,,そば処 松かど,1.0,False
8652.0,鉄板居酒屋 夕景,,,,,,,,,,,,鉄板居酒屋 夕景,1.0,False
8653.0,バリ料理 プリバディ,,,,,,,,,,,,バリ料理 プリバディ,1.0,False
8654.0,黒煙~KOKUEN~,,,,,,,,,,,,黒煙~KOKUEN~,1.0,False
8656.0,Passage d’or,,,,,,,,,,,,Passage d’or,1.0,False
8657.0,居酒屋木曽,,,,,,,,,,,,居酒屋木曽,1.0,False
8658.0,花すし,,,,,,,,,,,,花すし,2.0,False
8659.0,SEED CAFE,,,,,,,,,,,,SEED CAFE,2.0,False
8660.0,lumielune,,,,,,,,,,,,lumielune,2.0,False
8661.0,トスカネリア,,,,,,,,,,,,トスカネリア,2.0,False
8662.0,モンカレー,,,,,,,,,,,,モンカレー,2.0,False
8663.0,cafe hanahana カフェはなはな,,,,,,,,,,,,cafe hanahana カフェはなはな,2.0,False
8664.0,ハフェ村,,,,,,,,,,,,ハフェ村,2.0,False
8665.0,KHUCHAI,,,,,,,,,,,,KHUCHAI,2.0,False
8666.0,珍珍亭,,,,,,,,,,,,珍珍亭,2.0,False
8668.0,プライム・リブ,,,,,,,,,,,,プライム・リブ,2.0,False
8669.0,金剛商店138番地,,,,,,,,,,,,金剛商店138番地,2.0,False
8670.0,キッチン エ・メール,,,,,,,,,,,,キッチン エ・メール,2.0,False
8671.0,イタリア料理 ラ・パチャーダ,,,,,,,,,,,,イタリア料理 ラ・パチャーダ,2.0,False
8672.0,Paragon,,,,,,,,,,,,Paragon,2.0,False
8673.0,SOLPE,,,,,,,,,,,,SOLPE,2.0,False
8674.0,daigaku,,,,,,,,,,,,daigaku,2.0,False
8675.0,Rosticceria da Babbo,,,,,,,,,,,,Rosticceria da Babbo,2.0,False
8676.0,38(さんぱち),,,,,,,,,,,,38,2.0,False
8677.0,ビック マウンテン エクスプレス,,,,,,,,,,,,ビック マウンテン エクスプレス,2.0,False
8678.0,食堂 山小屋,,,,,,,,,,,,食堂 山小屋,2.0,False
8679.0,すし・魚処 のへそ 博多店,,,,,,,,,,,,すし・魚処 のへそ,2.0,False
8680.0,杏仁坊主,,,,,,,,,,,,杏仁坊主,2.0,False
8681.0,酒と飯 トキシラズ,,,,,,,,,,,,酒と飯 トキシラズ,2.0,False
8682.0,トラットリア AO,,,,,,,,,,,,トラットリア AO,2.0,False
8683.0,かづや,,,,,,,,,,,,かづや,2.0,False
8687.0,夜カフェイタリアン カフカ,,,,,,,,,,,,夜カフェイタリアン カフカ,2.0,False
8688.0,九尾の狐,,,,,,,,,,,,九尾の狐,2.0,False
8690.0,麺屋音別邸,,,,,,,,,,,,麺屋音別邸,2.0,False
8691.0,SakeLaboのんぺ,,,,,,,,,,,,SakeLaboのんぺ,2.0,False
8692.0,アンバランス,,,,,,,,,,,,アンバランス,2.0,False
8693.0,ワイン食堂 ジョイーレ,,,,,,,,,,,,ワイン食堂 ジョイーレ,2.0,False
8694.0,宍道湖ワイン,,,,,,,,,,,,宍道湖ワイン,2.0,False
8695.0,CAFE&ZAKKA HUT,,,,,,,,,,,,CAFE&ZAKKA HUT,1.0,False
8696.0,tom tam 茶房(トンタンさぼう),,,,,,,,,,,,tom tam 茶房,1.0,False
8697.0,一鳥二炭,,,,,,,,,,,,一鳥二炭,1.0,False
8698.0,まつばら本店,,,,,,,,,,,,まつばら,1.0,False
8699.0,インドカレーハウス ナマステタージ,,,,,,,,,,,,インドカレーハウス ナマステタージ,1.0,False
8701.0,鳥元,,,,,,,,,,,,鳥元,2.0,False
8702.0,居酒屋 てまり,,,,,,,,,,,,居酒屋 てまり,1.0,False
8703.0,本牧江戸清,,,,,,,,,,,,本牧江戸清,1.0,False
8704.0,日本ワイン食堂 SHINJUKU 葡庵,,,,,,,,,,,,日本ワイン食堂 SHINJUKU 葡庵,2.0,False
8705.0,ねこバル,,,,,,,,,,,,ねこバル,2.0,False
8706.0,元気鶏本店,,,,,,,,,,,,元気鶏,1.0,False
8707.0,インドネパール本格料理 プルニマ 三ッ沢本店,,,,,,,,,,,,インドネパール本格料理 プルニマ 三ッ沢,1.0,False
8708.0,インド料理 プルニマ 横浜西口店,,,,,,,,,,,,インド料理 プルニマ,1.0,False
8709.0,Bumble Bee,,,,,,,,,,,,Bumble Bee,1.0,False
8710.0,和醸良酒(わじょうりょうしゅ),,,,,,,,,,,,和醸良酒,1.0,False
8711.0,福徳屋,,,,,,,,,,,,福徳屋,1.0,False
8712.0,しま旨かぁ~,,,,,,,,,,,,しま旨かぁ~,1.0,False
8713.0,酒と板そば 蒼ひ,,,,,,,,,,,,酒と板そば 蒼ひ,1.0,False
8714.0,3B coffee,,,,,,,,,,,,3B coffee,2.0,False
8715.0,Brasserie Tours,,,,,,,,,,,,Brasserie Tours,2.0,False
8716.0,GREAT LAKES,,,,,,,,,,,,GREAT LAKES,2.0,False
8717.0,ヴァンエ,,,,,,,,,,,,ヴァンエ,2.0,False
8718.0,K's cafe,,,,,,,,,,,,K's cafe,2.0,False
8719.0,クラフト麦酒ビストロ クラフトマン,,,,,,,,,,,,クラフト麦酒ビストロ クラフトマン,2.0,False
8720.0,葡萄屋,,,,,,,,,,,,葡萄屋,2.0,False
8721.0,モッキンバード,,,,,,,,,,,,モッキンバード,2.0,False
8722.0,アムダスラビー 西葛西店 AmudhaSurbhi,,,,,,,,,,,,アムダスラビー 西葛西店 AmudhaSurbhi,2.0,False
8723.0,Taverna e Pizzeria Salute(タヴェルナ・エ・ピッツェリア サルーテ),,,,,,,,,,,,Taverna e Pizzeria Salute,2.0,False
8724.0,トスカーナ,,,,,,,,,,,,トスカーナ,2.0,False
8725.0,しおとめぐみ Sel et Vendange,,,,,,,,,,,,しおとめぐみ Sel et Vendange,2.0,False
8727.0,気まぐれkappo 魚◯,,,,,,,,,,,,気まぐれkappo 魚◯,1.0,False
8728.0,カパンナ,,,,,,,,,,,,カパンナ,2.0,False
8729.0,Becquet CAFE&GASTRO PUB,,,,,,,,,,,,Becquet CAFE&GASTRO PUB,2.0,False
8730.0,Oyasai,,,,,,,,,,,,Oyasai,2.0,False
8731.0,鶏ガラ貝出汁カレー専門店 天,,,,,,,,,,,,鶏ガラ貝出汁カレー専門店 天,2.0,False
8732.0,Asian chample foods goya,,,,,,,,,,,,Asian chample foods goya,2.0,False
8733.0,喫茶ホーボー堂-hobodo cafe-,,,,,,,,,,,,喫茶ホーボー堂-hobodo cafe-,2.0,False
8734.0,雅ダイニング miyabi dining,,,,,,,,,,,,雅ダイニング miyabi dining,2.0,False
8735.0,CHOICE,,,,,,,,,,,,CHOICE,2.0,False
8736.0,BARMANE バルマーネ,,,,,,,,,,,,BARMANE バルマーネ,2.0,False
8737.0,台湾素食 無垢,,,,,,,,,,,,台湾素食 無垢,2.0,False
8738.0,ピッツェリア ドン チッチョ,,,,,,,,,,,,ピッツェリア ドン チッチョ,2.0,False
8739.0,ハルバル,,,,,,,,,,,,ハルバル,2.0,False
8740.0,酒房すぎたま,,,,,,,,,,,,酒房すぎたま,2.0,False
8741.0,焼鳥ながた,,,,,,,,,,,,焼鳥ながた,2.0,False
8742.0,竜勝園,,,,,,,,,,,,竜勝園,2.0,False
8743.0,焼とり串ぼうず,,,,,,,,,,,,焼とり串ぼうず,2.0,False
8744.0,しん・ぜんび,,,,,,,,,,,,しん・ぜんび,2.0,False
8745.0,博多 レターレ,,,,,,,,,,,,博多 レターレ,2.0,False
8746.0,つけ麺R&B,,,,,,,,,,,,つけ麺R&B,2.0,False
8747.0,たぬきや,,,,,,,,,,,,たぬきや,2.0,False
8748.0,しゃぶしゃぶと鮨とんでん 岩槻店,,,,,,,,,,,,しゃぶしゃぶと鮨とんでん,2.0,False
8749.0,vegetables bar base『T』,,,,,,,,,,,,vegetables bar base『T』,2.0,False
8751.0,すしやの大将,,,,,,,,,,,,すしやの大将,2.0,False
8752.0,シントミカリー,,,,,,,,,,,,シントミカリー,2.0,False
8753.0,キッチュ食堂,,,,,,,,,,,,キッチュ食堂,2.0,False
8754.0,一六八(いろは),,,,,,,,,,,,一六八,2.0,False
8755.0,てんこもりラーメン,,,,,,,,,,,,てんこもりラーメン,2.0,False
8756.0,ビストロ エトワール ステラ,,,,,,,,,,,,ビストロ エトワール ステラ,2.0,False
8757.0,Non Lavora Massa,,,,,,,,,,,,Non Lavora Massa,2.0,False
8758.0,めん業一筋善龍,,,,,,,,,,,,めん業一筋善龍,2.0,False
8759.0,パンチライン ガレージ,,,,,,,,,,,,パンチライン ガレージ,2.0,False
8761.0,ルンビニ,,,,,,,,,,,,ルンビニ,2.0,False
8762.0,Cafe&Store楽,,,,,,,,,,,,Cafe&Store楽,1.0,False
8763.0,アポロプラス,,,,,,,,,,,,アポロプラス,2.0,False
8764.0,プレーゴ藤吉,,,,,,,,,,,,プレーゴ藤吉,2.0,False
8765.0,松福(しょうふく),,,,,,,,,,,,松福,2.0,False
8766.0,地球の中華そば,,,,,,,,,,,,地球の中華そば,2.0,False
8767.0,超ごってり麺 ごっつ,,,,,,,,,,,,超ごってり麺 ごっつ,2.0,False
8768.0,スポーツカフェ ヤンキース,,,,,,,,,,,,スポーツカフェ ヤンキース,1.0,False
8769.0,相州そば 関内本店,,,,,,,,,,,,相州そば 関内,1.0,False
8770.0,相州そば いずみ中央店,,,,,,,,,,,,相州そば,1.0,False
8771.0,相州蕎麦 二俣川店,,,,,,,,,,,,相州蕎麦,2.0,False
8772.0,相州蕎麦 三ツ境店,,,,,,,,,,,,相州蕎麦,2.0,False
8773.0,海鮮居酒屋 北の漁場,,,,,,,,,,,,海鮮居酒屋 北の漁場,1.0,False
8774.0,中華料理と餃子 珠鴻,,,,,,,,,,,,中華料理と餃子 珠鴻,1.0,False
8775.0,大阪串揚げと九州料理 ぶる,,,,,,,,,,,,大阪串揚げと九州料理 ぶる,1.0,False
8776.0,麺家はる,,,,,,,,,,,,麺家はる,1.0,False
8777.0,焼肉パンチ 港南台店,,,,,,,,,,,,焼肉パンチ,1.0,False
8778.0,寿司雅,,,,,,,,,,,,寿司雅,1.0,False
8779.0,レストランTOWN,,,,,,,,,,,,レストランTOWN,1.0,False
8780.0,居酒屋 紬,,,,,,,,,,,,居酒屋 紬,1.0,False
8781.0,やきとり 鳥福,,,,,,,,,,,,やきとり 鳥福,1.0,False
8782.0,結人,,,,,,,,,,,,結人,2.0,False
8783.0,焼肉いのうえ 花小金井店,,,,,,,,,,,,焼肉いのうえ,2.0,False
8784.0,やまのや市場,,,,,,,,,,,,やまのや市場,2.0,False
8785.0,熊本屋,,,,,,,,,,,,熊本屋,2.0,False
8786.0,69spirits,,,,,,,,,,,,69spirits,2.0,False
8787.0,レストハウス洞門 -LuxeGarden-,,,,,,,,,,,,レストハウス洞門 -LuxeGarden-,2.0,False
8788.0,LOS VINOS,,,,,,,,,,,,LOS VINOS,2.0,False
8789.0,Alaska zwei,,,,,,,,,,,,Alaska zwei,2.0,False
8790.0,SØHOLM(スーホルム)・スーホルムカフェ湘南・スーホルムカフェ木更津,,,,,,,,,,,,SØHOLM(スーホルム)・スーホルムカフェ湘南・スーホルムカフェ木更津,1.0,False
8791.0,dashi-sai ゆかり ~紫~,,,,,,,,,,,,dashi-sai ゆかり ~紫~,2.0,False
8792.0,俺たちの焼肉屋 横綱,,,,,,,,,,,,俺たちの焼肉屋 横綱,2.0,False
8793.0,札幌味噌らーめん 葵葉,,,,,,,,,,,,札幌味噌らーめん 葵葉,2.0,False
8794.0,イナノテ,,,,,,,,,,,,イナノテ,2.0,False
8795.0,UNIHOLIC,,,,,,,,,,,,UNIHOLIC,2.0,False
8796.0,馬肉料理 馬勝蔵,,,,,,,,,,,,馬肉料理 馬勝蔵,2.0,False
8797.0,和洋折衷喫茶 ナガヤマレスト,,,,,,,,,,,,和洋折衷喫茶 ナガヤマレスト,2.0,False
8798.0,ナマステ・ポカラ,,,,,,,,,,,,ナマステ・ポカラ,1.0,False
8799.0,丼丸 反町店,,,,,,,,,,,,丼丸,1.0,False
8800.0,南横浜ビール研究所,,,,,,,,,,,,南横浜ビール研究所,1.0,False
8801.0,中国料理 史龍彩,,,,,,,,,,,,中国料理 史龍彩,1.0,False
8802.0,株式会社 泉平,,,,,,,,,,,,株式会社 泉平,1.0,False
8803.0,タンタンメン金家 六角橋店,,,,,,,,,,,,タンタンメン金家,1.0,False
8804.0,Osteria Ciliegio,,,,,,,,,,,,Osteria Ciliegio,1.0,False
8805.0,中国料理 清華園,,,,,,,,,,,,中国料理 清華園,1.0,False
8806.0,DOLCE&MARCO,,,,,,,,,,,,DOLCE&MARCO,1.0,False
8807.0,いたずらや,,,,,,,,,,,,いたずらや,1.0,False
8808.0,ビストロ山海葉っぱ,,,,,,,,,,,,ビストロ山海葉っぱ,1.0,False
8809.0,くしやき とりびより,,,,,,,,,,,,くしやき とりびより,1.0,False
8810.0,横浜みなみ生活クラブ生協 港南センター,,,,,,,,,,,,横浜みなみ生活クラブ生協 港南センター,1.0,False
8811.0,きみつ,,,,,,,,,,,,きみつ,1.0,False
8812.0,炭火焼ホルモン やざわ,,,,,,,,,,,,炭火焼ホルモン やざわ,1.0,False
8813.0,惣菜お弁当杉ちゃん弁当,,,,,,,,,,,,惣菜お弁当杉ちゃん弁当,1.0,False
8814.0,中華料理 豊閣,,,,,,,,,,,,中華料理 豊閣,1.0,False
8815.0,株式会社 とんぱた亭,,,,,,,,,,,,株式会社 とんぱた亭,1.0,False
8816.0,むさしの森珈琲 六ッ川店,,,,,,,,,,,,むさしの森珈琲,1.0,False
8817.0,焼鳥 古友里,,,,,,,,,,,,焼鳥 古友里,1.0,False
8818.0,とんかつ美とんさくらい 井土ヶ谷店,,,,,,,,,,,,とんかつ美とんさくらい,2.0,False
8819.0,とんかつ美とんさくらい 岡村店,,,,,,,,,,,,とんかつ美とんさくらい,2.0,False
8820.0,カッセルカフェ,,,,,,,,,,,,カッセルカフェ,1.0,False
8821.0,とんかつ馬車道さくら本店,,,,,,,,,,,,とんかつ馬車道さくら,2.0,False
8822.0,おかず屋いつも,,,,,,,,,,,,おかず屋いつも,1.0,False
8823.0,"HI, HOW ARE YOU",,,,,,,,,,,,"HI, HOW ARE YOU",2.0,False
8824.0,GIORNATA ジョルナータ,,,,,,,,,,,,GIORNATA ジョルナータ,1.0,False
8825.0,リンガーハット イオンフードスタイル港南台店,,,,,,,,,,,,リンガーハット,1.0,False
8826.0,大衆肉バル Kamiichi,,,,,,,,,,,,大衆肉バル Kamiichi,1.0,False
8827.0,木の香,,,,,,,,,,,,木の香,1.0,False
8829.0,タベルナ たこだ,,,,,,,,,,,,タベルナ たこだ,1.0,False
8830.0,別所京城苑,,,,,,,,,,,,別所京城苑,1.0,False
8831.0,ジョルニカフェ玄,,,,,,,,,,,,ジョルニカフェ玄,1.0,False
8832.0,綱島ワインバルGato Negro,,,,,,,,,,,,綱島ワインバルGato Negro,2.0,False
8833.0,四川料理 辣妹子(ラーメィズ),,,,,,,,,,,,四川料理 辣妹子,1.0,False
8834.0,和食処 丸久,,,,,,,,,,,,和食処 丸久,1.0,False
8835.0,中華料理 生香園,,,,,,,,,,,,中華料理 生香園,1.0,False
8836.0,素朴なイタリアン frafra,,,,,,,,,,,,素朴なイタリアン frafra,1.0,False
8837.0,Kitade Shokudo 北出食堂,,,,,,,,,,,,Kitade Shokudo 北出食堂,2.0,False
8838.0,イタリア料理Y,,,,,,,,,,,,イタリア料理Y,2.0,False
8839.0,bistro nid,,,,,,,,,,,,bistro nid,2.0,False
8840.0,ニエバナ  はなれ,,,,,,,,,,,,ニエバナ はなれ,2.0,False
8841.0,ビストロコージー,,,,,,,,,,,,ビストロコージー,2.0,False
8842.0,ベトナム料理シクロ☆くげぬま,,,,,,,,,,,,ベトナム料理シクロ☆くげぬま,2.0,False
8843.0,58DINER,,,,,,,,,,,,58DINER,2.0,False
8844.0,やきとり喜多八,,,,,,,,,,,,やきとり喜多八,2.0,False
8845.0,居酒屋てつ屋,,,,,,,,,,,,居酒屋てつ屋,2.0,False
8846.0,神戸焼鳥つくねや 与野店,,,,,,,,,,,,神戸焼鳥つくねや,2.0,False
8848.0,ぷてぃあむーる,,,,,,,,,,,,ぷてぃあむーる,2.0,False
8849.0,中華ダイニング凛香,,,,,,,,,,,,中華ダイニング凛香,2.0,False
8850.0,斎庵,,,,,,,,,,,,斎庵,2.0,False
8851.0,ピザハウスピノ,,,,,,,,,,,,ピザハウスピノ,2.0,False
8852.0,トラットリア・ルンガルノ,,,,,,,,,,,,トラットリア・ルンガルノ,2.0,False
8853.0,パリワール,,,,,,,,,,,,パリワール,2.0,False
8854.0,カフェ ニー cafe nee,,,,,,,,,,,,カフェ ニー cafe nee,2.0,False
8855.0,山県そば,,,,,,,,,,,,山県そば,2.0,False
8856.0,海もぐら,,,,,,,,,,,,海もぐら,2.0,False
8857.0,私房餃子なかむら,,,,,,,,,,,,私房餃子なかむら,1.0,False
8858.0,つけ麺みなみ,,,,,,,,,,,,つけ麺みなみ,1.0,False
8859.0,喰工房 はぎまる,,,,,,,,,,,,喰工房 はぎまる,1.0,False
8860.0,島田橋やぶ,,,,,,,,,,,,島田橋やぶ,1.0,False
8861.0,大阪 粉ぢゅう 上永谷店,,,,,,,,,,,,大阪 粉ぢゅう,1.0,False
8863.0,ホルモン焼 がま親分,,,,,,,,,,,,ホルモン焼 がま親分,1.0,False
8864.0,ぐぁんばる亭,,,,,,,,,,,,ぐぁんばる亭,1.0,False
8865.0,和lN食堂マミーズタミー,,,,,,,,,,,,和lN食堂マミーズタミー,1.0,False
8866.0,とんかつ いぶき,,,,,,,,,,,,とんかつ いぶき,1.0,False
8867.0,そば処鶴岡 根岸店,,,,,,,,,,,,そば処鶴岡,1.0,False
8868.0,天婦羅 蔵前いせや,,,,,,,,,,,,天婦羅 蔵前いせや,2.0,False
8870.0,日本料理 ふぐ舗 にしぶち,,,,,,,,,,,,日本料理 ふぐ舗 にしぶち,1.0,False
8871.0,MushaMusha,,,,,,,,,,,,MushaMusha,1.0,False
8872.0,インド料理ガネーシュ,,,,,,,,,,,,インド料理ガネーシュ,1.0,False
8873.0,横浜中華街 桃源邨,,,,,,,,,,,,横浜中華街 桃源邨,1.0,False
8874.0,DINING KOYAMA,,,,,,,,,,,,DINING KOYAMA,1.0,False
8875.0,鮨肴 一会,,,,,,,,,,,,鮨肴 一会,2.0,False
8876.0,すし大泉,,,,,,,,,,,,すし大泉,1.0,False
8877.0,たちのみワイン 世田谷STAND,,,,,,,,,,,,たちのみワイン 世田谷STAND,1.0,False
8878.0,鉄板焼お好み焼 ぶち 恵比寿本店,,,,,,,,,,,,鉄板焼お好み焼 ぶち 恵比寿,1.0,False
8879.0,塩らー麺 本丸亭 横浜店,,,,,,,,,,,,塩らー麺 本丸亭,1.0,False
8880.0,土房,,,,,,,,,,,,土房,1.0,False
8881.0,焼き鳥 かっぱ,,,,,,,,,,,,焼き鳥 かっぱ,1.0,False
8882.0,中華料理 餃子坊,,,,,,,,,,,,中華料理 餃子坊,1.0,False
8884.0,つるつる本舗,,,,,,,,,,,,つるつる本舗,1.0,False
8885.0,回転寿司海鮮まぐろ,,,,,,,,,,,,回転寿司海鮮まぐろ,1.0,False
8886.0,古屋,,,,,,,,,,,,古屋,1.0,False
8887.0,企業組合ワーカーズ・コレクティブ・ミズ・キャロット 仕出し弁当にんじん 惣菜の店ミズ・キャロット,,,,,,,,,,,,企業組合ワーカーズ・コレクティブ・ミズ・キャロット 仕出し弁当にんじん 惣菜の店ミズ・キャロット,1.0,False
8888.0,餃子M,,,,,,,,,,,,餃子M,1.0,False
8889.0,タベルナ ポローネ,,,,,,,,,,,,タベルナ ポローネ,1.0,False
8890.0,三輪亭,,,,,,,,,,,,三輪亭,1.0,False
8891.0,ぞうさんカレー,,,,,,,,,,,,ぞうさんカレー,1.0,False
8892.0,鎌倉バワン,,,,,,,,,,,,鎌倉バワン,1.0,False
8893.0,LEAF II,,,,,,,,,,,,LEAF II,1.0,False
8894.0,はま静,,,,,,,,,,,,はま静,1.0,False
8895.0,CEALY,,,,,,,,,,,,CEALY,1.0,False
8896.0,ダイニング La・MAK,,,,,,,,,,,,ダイニング La・MAK,1.0,False
8897.0,とんかつかつき,,,,,,,,,,,,とんかつかつき,1.0,False
8898.0,SHIBUYA CHEESE STAND,,,,,,,,,,,,SHIBUYA CHEESE STAND,2.0,False
8899.0,HE BARNS,,,,,,,,,,,,HE BARNS,2.0,False
8900.0,AMOH'S BAR,,,,,,,,,,,,AMOH'S BAR,2.0,False
8901.0,バー・テンダリー,,,,,,,,,,,,バー・テンダリー,2.0,False
8902.0,本屋B&B,,,,,,,,,,,,本屋B&B,2.0,False
8903.0,リュミエール本店,,,,,,,,,,,,リュミエール,2.0,False
8904.0,リュミエールレスプリカ,,,,,,,,,,,,リュミエールレスプリカ,2.0,False
8905.0,リュミエール大阪 KARATO,,,,,,,,,,,,リュミエール大阪 KARATO,2.0,False
8906.0,唐渡,,,,,,,,,,,,唐渡,2.0,False
8907.0,ダマン リュミエール,,,,,,,,,,,,ダマン リュミエール,2.0,False
8908.0,パンカラト ブーランジェリーカフェ,,,,,,,,,,,,パンカラト ブーランジェリーカフェ,2.0,False
8909.0,炭火焼肉 ふちおか,,,,,,,,,,,,炭火焼肉 ふちおか,2.0,False
8910.0,うしみつ恵比寿本店,,,,,,,,,,,,うしみつ恵比寿,2.0,False
8911.0,かけラーメン まさ屋,,,,,,,,,,,,かけラーメン まさ屋,2.0,False
8912.0,DRILL’S YOKOHAMA,,,,,,,,,,,,DRILL’S YOKOHAMA,2.0,False
8913.0,BAR potluck,,,,,,,,,,,,BAR potluck,2.0,False
8914.0,CRAFTHOUSE TALKIE'S,,,,,,,,,,,,CRAFTHOUSE TALKIE'S,2.0,False
8915.0,マボカリ,,,,,,,,,,,,マボカリ,2.0,False
8916.0,原価ビストロ チーズ+ 京都七条,,,,,,,,,,,,原価ビストロ チーズ+ 京都七条,1.0,False
8917.0,原価ビストロチーズプラス 四条烏丸,,,,,,,,,,,,原価ビストロチーズプラス 四条烏丸,2.0,False
8918.0,原価ビストロチーズプラス 京都河原町,,,,,,,,,,,,原価ビストロチーズプラス 京都河原町,2.0,False
8919.0,渋谷の日本酒ダイニング sakeba,,,,,,,,,,,,渋谷の日本酒ダイニング sakeba,2.0,False
8920.0,ドン・ジョバンニ,,,,,,,,,,,,ドン・ジョバンニ,2.0,False
8921.0,Salon du kuma3 麻布,,,,,,,,,,,,Salon du kuma3 麻布,2.0,False
8922.0,お好み焼き ゆかり 曽根崎本店,,,,,,,,,,,,お好み焼き ゆかり 曽根崎,2.0,False
8923.0,げん家ラーメン 天六国分寺店,,,,,,,,,,,,げん家ラーメン,2.0,False
8924.0,千房 大阪千日前本店|お好み焼き専門店,,,,,,,,,,,,千房,2.0,False
8925.0,元祖ぶっち切り寿司 魚心 本店,,,,,,,,,,,,元祖ぶっち切り寿司 魚心,2.0,False
8926.0,藁焼きとマグロ料理 北堀江ほおずき,,,,,,,,,,,,藁焼きとマグロ料理 北堀江ほおずき,2.0,False
8927.0,BAR TAMBI,,,,,,,,,,,,BAR TAMBI,2.0,False
8928.0,MacArthurGarage,,,,,,,,,,,,MacArthurGarage,2.0,False
8929.0,ワインの酒場 あんべらしゅ,,,,,,,,,,,,ワインの酒場 あんべらしゅ,2.0,False
8930.0,笑まる,,,,,,,,,,,,笑まる,2.0,False
8931.0,スナック まどんな,,,,,,,,,,,,スナック まどんな,2.0,False
8932.0,GINNOO,,,,,,,,,,,,GINNOO,2.0,False
8933.0,手話ラウンジ きみのて,,,,,,,,,,,,手話ラウンジ きみのて,2.0,False
8934.0,天ぷら やじま。,,,,,,,,,,,,天ぷら やじま。,2.0,False
8935.0,ITEMAE,,,,,,,,,,,,ITEMAE,2.0,False
8936.0,焼肉黒田,,,,,,,,,,,,焼肉黒田,2.0,False
8937.0,YANEURA,,,,,,,,,,,,YANEURA,2.0,False
8938.0,和達,,,,,,,,,,,,和達,2.0,False
8939.0,Yokohama GRASSROOTS,,,,,,,,,,,,Yokohama GRASSROOTS,2.0,False
8940.0,ASIAN BAR lieto アジアンバル リエット,,,,,,,,,,,,ASIAN BAR lieto アジアンバル リエット,2.0,False
8941.0,BAR SANCTUARY~Singing&Drinking~,,,,,,,,,,,,BAR SANCTUARY~Singing&Drinking~,1.0,False
8942.0,CRAFT BEER BASE BUD,,,,,,,,,,,,CRAFT BEER BASE BUD,2.0,False
8943.0,クラフトビアダイニング エニブリュ なかもず店,,,,,,,,,,,,クラフトビアダイニング エニブリュ,2.0,False
8944.0,Irish pub Shamrock 'N' Roll Star,,,,,,,,,,,,Irish pub Shamrock 'N' Roll Star,2.0,False
8945.0,DEPAAS DINER & BREW,,,,,,,,,,,,DEPAAS DINER & BREW,2.0,False
8946.0,ビアバル ガレット -beer bar garret-,,,,,,,,,,,,ビアバル ガレット -beer bar garret-,2.0,False
8947.0,"焼鳥 EARTH,CHICKEN&FIRE(アーチキ)",,,,,,,,,,,,"焼鳥 EARTH,CHICKEN&FIRE",2.0,False
8948.0,吾妻庵,,,,,,,,,,,,吾妻庵,2.0,False
8949.0,アペティート,,,,,,,,,,,,アペティート,2.0,False
8950.0,Wine Bar Refranc,,,,,,,,,,,,Wine Bar Refranc,2.0,False
8951.0,ウエスタンバーForty-Niners,,,,,,,,,,,,ウエスタンバーForty-Niners,2.0,False
8952.0,IZUMI-CAFE(イズミカフェ),,,,,,,,,,,,IZUMI-CAFE,2.0,False
8953.0,Bar Bewitched,,,,,,,,,,,,Bar Bewitched,2.0,False
8954.0,Bar Ohhh!,,,,,,,,,,,,Bar Ohhh!,2.0,False
8955.0,隠れ酒場  円空,,,,,,,,,,,,隠れ酒場 円空,2.0,False
8957.0,おかめ茶屋,,,,,,,,,,,,おかめ茶屋,2.0,False
8958.0,牡蠣貝鮮 かいり 渋谷,,,,,,,,,,,,牡蠣貝鮮 かいり 渋谷,2.0,False
8959.0,藤沢名物 里のうどん 本店,,,,,,,,,,,,藤沢名物 里のうどん,2.0,False
8960.0,Ryukyu Chinese Dining TAMA,,,,,,,,,,,,Ryukyu Chinese Dining TAMA,2.0,False
8961.0,居酒屋だんだん,,,,,,,,,,,,居酒屋だんだん,2.0,False
8962.0,居酒屋 れんがや,,,,,,,,,,,,居酒屋 れんがや,2.0,False
8963.0,一葉本店,,,,,,,,,,,,一葉,2.0,False
8964.0,やきとり 小粋 新庄,,,,,,,,,,,,やきとり 小粋 新庄,2.0,False
8965.0,焼鳥さくら,,,,,,,,,,,,焼鳥さくら,2.0,False
8966.0,夜空の下のビアガーデン アーユーボーワン,,,,,,,,,,,,夜空の下のビアガーデン アーユーボーワン,2.0,False
8967.0,Gaudium NewYork ガウディウム ニューヨーク,,,,,,,,,,,,Gaudium NewYork ガウディウム ニューヨーク,2.0,False
8968.0,魚浜~さかな~,,,,,,,,,,,,魚浜~さかな~,2.0,False
8969.0,泰山 柏店,,,,,,,,,,,,泰山,2.0,False
8970.0,松阪牛×神戸ビーフ 鉄板居酒屋 肉JUN‐ニクジュン‐,,,,,,,,,,,,松阪牛×神戸ビーフ 鉄板居酒屋 肉JUN‐ニクジュン‐,2.0,False
8972.0,和風ダイニングきらり,,,,,,,,,,,,和風ダイニングきらり,2.0,False
8973.0,アラカラバル,,,,,,,,,,,,アラカラバル,2.0,False
8974.0,the Angie Ave.,,,,,,,,,,,,the Angie Ave.,2.0,False
8975.0,アンシャルムカフェ(Un Charme Cafe),,,,,,,,,,,,アンシャルムカフェ,2.0,False
8976.0,松五郎,,,,,,,,,,,,松五郎,2.0,False
8977.0,とん多,,,,,,,,,,,,とん多,2.0,False
8978.0,シハチ鮮魚店 北24条店,,,,,,,,,,,,シハチ鮮魚店,2.0,False
8979.0,肉天ワンダー,,,,,,,,,,,,肉天ワンダー,2.0,False
8980.0,TOKOMURO Cafe,,,,,,,,,,,,TOKOMURO Cafe,2.0,False
8981.0,たい焼き工房 広小路店,,,,,,,,,,,,たい焼き工房,2.0,False
8982.0,雪の美術館(スノーナ),,,,,,,,,,,,雪の美術館,2.0,False
8983.0,農園カフェ日々木,,,,,,,,,,,,農園カフェ日々木,2.0,False
8984.0,k'sbar ケーズバー,,,,,,,,,,,,k'sbar ケーズバー,2.0,False
8985.0,酒膳 ひろ,,,,,,,,,,,,酒膳 ひろ,2.0,False
8986.0,魚介料理 銀鱗,,,,,,,,,,,,魚介料理 銀鱗,2.0,False
8987.0,個室居酒屋 てば壱 富山駅前店,,,,,,,,,,,,個室居酒屋 てば壱,2.0,False
8988.0,もつ鍋•焼き肉 円笑,,,,,,,,,,,,もつ鍋•焼き肉 円笑,2.0,False
8989.0,黒牛むらい,,,,,,,,,,,,黒牛むらい,2.0,False
8990.0,洋風ダイニングCiel,,,,,,,,,,,,洋風ダイニングCiel,2.0,False
8991.0,ルヴァン,,,,,,,,,,,,ルヴァン,2.0,False
8992.0,Osteria RIMA,,,,,,,,,,,,Osteria RIMA,2.0,False
8993.0,L'atelier K,,,,,,,,,,,,L'atelier K,2.0,False
8994.0,北新地 創作和食 つむぎ TSUMUGI,,,,,,,,,,,,北新地 創作和食 つむぎ TSUMUGI,2.0,False
8995.0,とんかつ立花,,,,,,,,,,,,とんかつ立花,2.0,False
8996.0,博多餃子工房 たね屋,,,,,,,,,,,,博多餃子工房 たね屋,2.0,False
8997.0,かんすけ 本店,,,,,,,,,,,,かんすけ,2.0,False
8998.0,創作居酒屋 季楽,,,,,,,,,,,,創作居酒屋 季楽,2.0,False
8999.0,誠紅食堂,,,,,,,,,,,,誠紅食堂,2.0,False
9000.0,スープカレー専門店 禅,,,,,,,,,,,,スープカレー専門店 禅,2.0,False
9001.0,青い空流れる雲,,,,,,,,,,,,青い空流れる雲,2.0,False
9003.0,桝屋,,,,,,,,,,,,桝屋,2.0,False
9004.0,カレーショップ山小屋,,,,,,,,,,,,カレーショップ山小屋,2.0,False
9005.0,BAR&GRILL BURGER CHOP -STEAK HAMBURGER-,,,,,,,,,,,,BAR&GRILL BURGER CHOP -STEAK HAMBURGER-,2.0,False
9006.0,串揚げ懐石希水,,,,,,,,,,,,串揚げ懐石希水,2.0,False
9007.0,麺屋あがら,,,,,,,,,,,,麺屋あがら,2.0,False
9008.0,きつねびょうし,,,,,,,,,,,,きつねびょうし,1.0,False
9009.0,Cadre,,,,,,,,,,,,Cadre,1.0,False
9010.0,葡萄酒場 ICHIGOYA イチゴヤ,,,,,,,,,,,,葡萄酒場 ICHIGOYA イチゴヤ,1.0,False
9011.0,関西酒場らくだば,,,,,,,,,,,,関西酒場らくだば,1.0,False
9012.0,蘭蘭酒家,,,,,,,,,,,,蘭蘭酒家,1.0,False
9013.0,焼肉いのうえ国分寺,,,,,,,,,,,,焼肉いのうえ国分寺,1.0,False
9014.0,小料理久原,,,,,,,,,,,,小料理久原,1.0,False
9015.0,BanBanハウス,,,,,,,,,,,,BanBanハウス,1.0,False
9016.0,こてつ,,,,,,,,,,,,こてつ,1.0,False
9017.0,Cuesta(ケスタ),,,,,,,,,,,,Cuesta,1.0,False
9018.0,旧ヤム邸 シモキタ荘,,,,,,,,,,,,旧ヤム邸 シモキタ荘,1.0,False
9019.0,焼肉ジャンボ白金,,,,,,,,,,,,焼肉ジャンボ白金,2.0,False
9020.0,dish -tokyo gastronomy cafe,,,,,,,,,,,,dish -tokyo gastronomy cafe,1.0,False
9021.0,渋谷円山町ほるもん倶楽部あじくら(しぶやまるやまちょうほるもんくらぶあじくら),,,,,,,,,,,,渋谷円山町ほるもん倶楽部あじくら,1.0,False
9022.0,なにわの串かつMasaTora,,,,,,,,,,,,なにわの串かつMasaTora,1.0,False
9023.0,馬肉バルかち馬,,,,,,,,,,,,馬肉バルかち馬,1.0,False
9024.0,有限会社 飯原精肉店,,,,,,,,,,,,有限会社,1.0,False
9025.0,インドネパール料理 エベレストキッチン港南台,,,,,,,,,,,,インドネパール料理 エベレストキッチン港南台,1.0,False
9026.0,TrePini 【トラットリア・トレピーニ】,,,,,,,,,,,,TrePini,1.0,False
9027.0,恵比寿燻製アパートメントカーヴ,,,,,,,,,,,,恵比寿燻製アパートメントカーヴ,1.0,False
9028.0,中華屋 麗紅  (チュウカヤ リーホン),,,,,,,,,,,,中華屋 麗紅,1.0,False
9029.0,長浜家,,,,,,,,,,,,長浜家,1.0,False
9030.0,麺処びぎ屋,,,,,,,,,,,,麺処びぎ屋,2.0,False
9031.0,極楽汁麺 百麺,,,,,,,,,,,,極楽汁麺 百麺,2.0,False
9033.0,つけ麺専門店三田製麺所,,,,,,,,,,,,つけ麺専門店三田製麺所,2.0,False
9034.0,中華そばむらさき山,,,,,,,,,,,,中華そばむらさき山,2.0,False
9035.0,八雲,,,,,,,,,,,,八雲,2.0,False
9037.0,江戸前つけ麺サスケ,,,,,,,,,,,,江戸前つけ麺サスケ,2.0,False
9038.0,らーめん バリ男,,,,,,,,,,,,らーめん バリ男,2.0,False
9039.0,ラーメンもみじ屋,,,,,,,,,,,,ラーメンもみじ屋,2.0,False
9040.0,赤坂麺処 友,,,,,,,,,,,,赤坂麺処 友,2.0,False
9041.0,京都銀閣寺ますたにラーメン,,,,,,,,,,,,京都銀閣寺ますたにラーメン,2.0,False
9042.0,風雲児,,,,,,,,,,,,風雲児,2.0,False
9043.0,京紫灯花繚乱,,,,,,,,,,,,京紫灯花繚乱,2.0,False
9044.0,本家 第一旭 新宿店,,,,,,,,,,,,本家 第一旭,2.0,False
9045.0,手もみ中華そば麦の花,,,,,,,,,,,,手もみ中華そば麦の花,2.0,False
9046.0,どろそば屋ひろし,,,,,,,,,,,,どろそば屋ひろし,2.0,False
9047.0,ドゥエイタリアン,,,,,,,,,,,,ドゥエイタリアン,2.0,False
9048.0,鯛塩そば灯花,,,,,,,,,,,,鯛塩そば灯花,2.0,False
9049.0,らーめんまる玉,,,,,,,,,,,,らーめんまる玉,2.0,False
9050.0,麺者服部(めんじゃはっとり),,,,,,,,,,,,麺者服部,2.0,False
9051.0,亀戸煮干し中華蕎麦 つきひ,,,,,,,,,,,,亀戸煮干し中華蕎麦 つきひ,2.0,False
9053.0,海老丸らーめん,,,,,,,,,,,,海老丸らーめん,2.0,False
9054.0,吉祥寺武蔵家,,,,,,,,,,,,吉祥寺武蔵家,2.0,False
9055.0,浜そば,,,,,,,,,,,,浜そば,2.0,False
9056.0,豚骨味噌ラーメンじゃぐら,,,,,,,,,,,,豚骨味噌ラーメンじゃぐら,2.0,False
9057.0,麺処 晴,,,,,,,,,,,,麺処 晴,2.0,False
9058.0,味噌麺処 花道,,,,,,,,,,,,味噌麺処 花道,2.0,False
9059.0,無鉄砲つけ麺無極,,,,,,,,,,,,無鉄砲つけ麺無極,2.0,False
9060.0,麺処 花田,,,,,,,,,,,,麺処 花田,2.0,False
9061.0,TOKYO UNDERGROUND RAMEN 頑者,,,,,,,,,,,,TOKYO UNDERGROUND RAMEN 頑者,2.0,False
9062.0,桃天花,,,,,,,,,,,,桃天花,2.0,False
9063.0,横浜家系ラーメン 作田家,,,,,,,,,,,,横浜家系ラーメン 作田家,2.0,False
9064.0,池袋 壬生,,,,,,,,,,,,池袋 壬生,2.0,False
9065.0,麺処 井の庄,,,,,,,,,,,,麺処 井の庄,2.0,False
9066.0,みそ味専門マタドール,,,,,,,,,,,,みそ味専門マタドール,2.0,False
9067.0,麺屋音,,,,,,,,,,,,麺屋音,2.0,False
9068.0,丸め,,,,,,,,,,,,丸め,2.0,False
9069.0,大勝軒いぶき,,,,,,,,,,,,大勝軒いぶき,2.0,False
9070.0,自家製麺 ほうきぼし,,,,,,,,,,,,自家製麺 ほうきぼし,2.0,False
9071.0,中華ソバ伊吹,,,,,,,,,,,,中華ソバ伊吹,2.0,False
9072.0,中華蕎麦 とみ田,,,,,,,,,,,,中華蕎麦 とみ田,2.0,False
9073.0,らあめん元-HAJIME-,,,,,,,,,,,,らあめん元-HAJIME-,1.0,False
9074.0,肉玉そば おとど,,,,,,,,,,,,肉玉そば おとど,2.0,False
9075.0,自家製麺 竜葵,,,,,,,,,,,,自家製麺 竜葵,2.0,False
9076.0,ガチ盛りラーメンアオイロ—,,,,,,,,,,,,ガチ盛りラーメンアオイロ—,2.0,False
9077.0,東京らぁめんちよだ,,,,,,,,,,,,東京らぁめんちよだ,2.0,False
9078.0,濃厚鶏そば葵,,,,,,,,,,,,濃厚鶏そば葵,2.0,False
9079.0,中華そば葵,,,,,,,,,,,,中華そば葵,2.0,False
9080.0,こってりらーめん誉,,,,,,,,,,,,こってりらーめん誉,2.0,False
9081.0,魔人豚,,,,,,,,,,,,魔人豚,2.0,False
9082.0,麺屋KENJU,,,,,,,,,,,,麺屋KENJU,2.0,False
9083.0,特級鶏蕎麦 龍介,,,,,,,,,,,,特級鶏蕎麦 龍介,2.0,False
9084.0,蒙麺火の豚,,,,,,,,,,,,蒙麺火の豚,2.0,False
9085.0,俺の生きる道,,,,,,,,,,,,俺の生きる道,3.0,False
9086.0,はりけんラーメン,,,,,,,,,,,,はりけんラーメン,2.0,False
9087.0,麺屋むじゃき,,,,,,,,,,,,麺屋むじゃき,2.0,False
9088.0,らーめんダイニング庵,,,,,,,,,,,,らーめんダイニング庵,2.0,False
9089.0,ロ麺ズ,,,,,,,,,,,,ロ麺ズ,2.0,False
9090.0,FusionDinningびすとろ屋,,,,,,,,,,,,FusionDinningびすとろ屋,2.0,False
9091.0,ラッキー食堂まとや,,,,,,,,,,,,ラッキー食堂まとや,2.0,False
9092.0,麺屋つくし,,,,,,,,,,,,麺屋つくし,2.0,False
9093.0,麺処 若武者,,,,,,,,,,,,麺処 若武者,2.0,False
9094.0,ラーメン☆ビリー,,,,,,,,,,,,ラーメン☆ビリー,2.0,False
9095.0,琴平荘(こんぴらそう),,,,,,,,,,,,琴平荘,2.0,False
9096.0,ラーメン風林火山,,,,,,,,,,,,ラーメン風林火山,2.0,False
9097.0,麺武者,,,,,,,,,,,,麺武者,2.0,False
9098.0,麺や琥張玖,,,,,,,,,,,,麺や琥張玖,2.0,False
9099.0,旭川中華そば風來堂,,,,,,,,,,,,旭川中華そば風來堂,2.0,False
9100.0,綱取物語,,,,,,,,,,,,綱取物語,2.0,False
9101.0,ラーメン札幌一粒庵,,,,,,,,,,,,ラーメン札幌一粒庵,2.0,False
9102.0,ブタキング,,,,,,,,,,,,ブタキング,2.0,False
9103.0,らーめん侘助,,,,,,,,,,,,らーめん侘助,2.0,False
9104.0,富良野とみ川,,,,,,,,,,,,富良野とみ川,2.0,False
9105.0,麺場voyage,,,,,,,,,,,,麺場voyage,2.0,False
9106.0,神勝軒(シェンシェンシュアン),,,,,,,,,,,,神勝軒,2.0,False
9107.0,近江熟成醤油ラーメン 十二分屋,,,,,,,,,,,,近江熟成醤油ラーメン 十二分屋,2.0,False
9108.0,麺乃Hou〜鳳翔〜Sho,,,,,,,,,,,,麺乃Hou〜鳳翔〜Sho,2.0,False
9109.0,こえど,,,,,,,,,,,,こえど,2.0,False
9110.0,琉球小料理つぼや,,,,,,,,,,,,琉球小料理つぼや,1.0,False
9111.0,gallo四谷,,,,,,,,,,,,gallo四谷,2.0,False
9112.0,酒肴旬彩たくみや,,,,,,,,,,,,酒肴旬彩たくみや,1.0,False
9113.0,関内 扇庵,,,,,,,,,,,,関内 扇庵,1.0,False
9114.0,中華うらふね,,,,,,,,,,,,中華うらふね,1.0,False
9115.0,お肉とお魚 MICHIBA~ミチバ~,,,,,,,,,,,,お肉とお魚 MICHIBA~ミチバ~,1.0,False
9116.0,白金台こばやし,,,,,,,,,,,,白金台こばやし,1.0,False
9117.0,神泉 遠藤利三郎商店,,,,,,,,,,,,神泉,1.0,False
9118.0,ロステリア_ディ_トシ,,,,,,,,,,,,ロステリア_ディ_トシ,1.0,False
9119.0,魚バルまぶしや関内,,,,,,,,,,,,魚バルまぶしや関内,1.0,False
9120.0,そば処 八十一(やそいち),,,,,,,,,,,,そば処 八十一,2.0,False
9121.0,ステーキハンバーグ&サラダバー けん新羽店,,,,,,,,,,,,ステーキハンバーグ&サラダバー,1.0,False
9122.0,華蔵,,,,,,,,,,,,華蔵,1.0,False
9123.0,ゑびす鯛横浜,,,,,,,,,,,,ゑびす鯛横浜,1.0,False
9124.0,そば処 利喜庵,,,,,,,,,,,,そば処 利喜庵,1.0,False
9125.0,Restaurant Booo,,,,,,,,,,,,Restaurant Booo,1.0,False
9126.0,錦福 香港美食,,,,,,,,,,,,錦福 香港美食,1.0,False
9127.0,ダイニングバーyou,,,,,,,,,,,,ダイニングバーyou,1.0,False
9128.0,日本料理 温石,,,,,,,,,,,,日本料理 温石,1.0,False
9129.0,喫茶タンゴ,,,,,,,,,,,,喫茶タンゴ,1.0,False
9130.0,DiningBar JOGO,,,,,,,,,,,,DiningBar JOGO,1.0,False
9131.0,韓兵衛 アソビル店,,,,,,,,,,,,韓兵衛,1.0,False
9132.0,串工房とりあえず,,,,,,,,,,,,串工房とりあえず,1.0,False
9133.0,そばくろ,,,,,,,,,,,,そばくろ,1.0,False
9135.0,レストランマヤ,,,,,,,,,,,,レストランマヤ,1.0,False
9136.0,おおの屋,,,,,,,,,,,,おおの屋,1.0,False
9137.0,パン工房ジューンベリー,,,,,,,,,,,,パン工房ジューンベリー,1.0,False
9138.0,そば処 八十一,,,,,,,,,,,,そば処 八十一,2.0,False
9139.0,たぁとばん,,,,,,,,,,,,たぁとばん,1.0,False
9140.0,石臼挽き 手打そば吉乃,,,,,,,,,,,,石臼挽き 手打そば吉乃,1.0,False
9141.0,串しずか 千本今出川本店,,,,,,,,,,,,串しずか 千本今出川,1.0,False
9142.0,三代目鳥メロ横浜西口南幸町,,,,,,,,,,,,三代目鳥メロ横浜西口南幸町,1.0,False
9143.0,境華楼,,,,,,,,,,,,境華楼,1.0,False
9144.0,横浜おばんざい月読,,,,,,,,,,,,横浜おばんざい月読,1.0,False
9145.0,レストラン味蕾亭,,,,,,,,,,,,レストラン味蕾亭,1.0,False
9146.0,喬月(キョウゲツ)飲食店 そば屋,,,,,,,,,,,,喬月(キョウゲツ)飲食店 そば屋,1.0,False
9147.0,宿場そば 桑名屋,,,,,,,,,,,,宿場そば 桑名屋,1.0,False
9148.0,MARCY ́S,,,,,,,,,,,,MARCY ́S,1.0,False
9149.0,九州熱中屋関内LIVE,,,,,,,,,,,,九州熱中屋関内LIVE,1.0,False
9150.0,青蓮 日本大通り店,,,,,,,,,,,,青蓮,1.0,False
9151.0,ランタンテーブル,,,,,,,,,,,,ランタンテーブル,1.0,False
9152.0,バルカフェテイルズ,,,,,,,,,,,,バルカフェテイルズ,1.0,False
9153.0,羽田バル,,,,,,,,,,,,羽田バル,1.0,False
9154.0,atariya,,,,,,,,,,,,atariya,1.0,False
9155.0,大島コーヒー,,,,,,,,,,,,大島コーヒー,1.0,False
9156.0,森永都筑ミルクセンター,,,,,,,,,,,,森永都筑ミルクセンター,1.0,False
9157.0,仕出し屋ケンちゃん2,,,,,,,,,,,,仕出し屋ケンちゃん2,1.0,False
9158.0,Torattoria CICLO CONNESSO,,,,,,,,,,,,Torattoria CICLO CONNESSO,1.0,False
9159.0,そば処 松山,,,,,,,,,,,,そば処 松山,1.0,False
9160.0,GDアジアンダイニング&バー,,,,,,,,,,,,GDアジアンダイニング&バー,1.0,False
9161.0,中國料理 壱龍釜,,,,,,,,,,,,中國料理 壱龍釜,1.0,False
9162.0,唐揚げ専門店 あげ市,,,,,,,,,,,,唐揚げ専門店 あげ市,1.0,False
9163.0,ちゅらさん,,,,,,,,,,,,ちゅらさん,1.0,False
9164.0,ヴァベーネ,,,,,,,,,,,,ヴァベーネ,1.0,False
9165.0,イル・キャンティ 吉祥寺,,,,,,,,,,,,イル・キャンティ 吉祥寺,1.0,False
9166.0,TACOS Shop,,,,,,,,,,,,TACOS Shop,1.0,False
9167.0,横浜 安田物産,,,,,,,,,,,,横浜 安田物産,1.0,False
9168.0,中国料理 龍興楼,,,,,,,,,,,,中国料理 龍興楼,1.0,False
9169.0,MAYA RESTAURANT,,,,,,,,,,,,MAYA RESTAURANT,1.0,False
9170.0,ジャンボラーメンやない,,,,,,,,,,,,ジャンボラーメンやない,1.0,False
9171.0,チャイニーズテーブル・由,,,,,,,,,,,,チャイニーズテーブル・由,1.0,False
9172.0,B級酒場まっちゃげ,,,,,,,,,,,,B級酒場まっちゃげ,1.0,False
9173.0,居酒屋じんぱち,,,,,,,,,,,,居酒屋じんぱち,1.0,False
9174.0,すし処 利味(とみ),,,,,,,,,,,,すし処 利味,1.0,False
9175.0,Dining Bar Zen,,,,,,,,,,,,Dining Bar Zen,1.0,False
9176.0,らーめん はや川,,,,,,,,,,,,らーめん はや川,2.0,False
9177.0,鯉・うなぎ料理 ひろまつ,,,,,,,,,,,,鯉・うなぎ料理 ひろまつ,2.0,False
9178.0,霞町三◯一ノ一,,,,,,,,,,,,霞町三◯一ノ一,1.0,False
9179.0,鳥焼のんき四谷本店,,,,,,,,,,,,鳥焼のんき四谷,1.0,False
9180.0,ウルフギャング・ステーキハウス,,,,,,,,,,,,ウルフギャング・ステーキハウス,3.0,False
9181.0,SATOブリアン,,,,,,,,,,,,SATOブリアン,1.0,False
9182.0,蕃 YORONIKU,,,,,,,,,,,,蕃 YORONIKU,1.0,False
9183.0,The GATE 水天宮前,,,,,,,,,,,,The GATE 水天宮前,1.0,False
9184.0,鮨 まるふく,,,,,,,,,,,,鮨 まるふく,1.0,False
9185.0,白金 蓮香,,,,,,,,,,,,白金 蓮香,1.0,False
9186.0,李朝園,,,,,,,,,,,,李朝園,1.0,False
9187.0,ワインと日本酒 大槻,,,,,,,,,,,,ワインと日本酒 大槻,1.0,False
9188.0,ヴィネリアハーベスト 吉祥寺,,,,,,,,,,,,ヴィネリアハーベスト 吉祥寺,1.0,False
9189.0,Gureco,,,,,,,,,,,,Gureco,1.0,False
9190.0,イル チッチォーネ,,,,,,,,,,,,イル チッチォーネ,1.0,False
9191.0,ブラッスリー・バーゼル,,,,,,,,,,,,ブラッスリー・バーゼル,1.0,False
9192.0,HILL SIDE CAFE BASEL,,,,,,,,,,,,HILL SIDE CAFE BASEL,1.0,False
9193.0,ラ・プルミエプゥッス,,,,,,,,,,,,ラ・プルミエプゥッス,1.0,False
9194.0,Le Carre french deli ル・キャレ,,,,,,,,,,,,Le Carre french deli ル・キャレ,1.0,False
9195.0,創作イタリアンちゃぶっとりあ,,,,,,,,,,,,創作イタリアンちゃぶっとりあ,1.0,False
9196.0,falo,,,,,,,,,,,,falo,1.0,False
9197.0,Darat-Marimura,,,,,,,,,,,,Darat-Marimura,1.0,False
9198.0,べんとう亭,,,,,,,,,,,,べんとう亭,1.0,False
9199.0,花ごころ 緑苑,,,,,,,,,,,,花ごころ 緑苑,1.0,False
9200.0,cafe COCO,,,,,,,,,,,,cafe COCO,1.0,False
9201.0,奈央屋,,,,,,,,,,,,奈央屋,1.0,False
9202.0,天ぷら 寿し えのもと,,,,,,,,,,,,天ぷら 寿し えのもと,1.0,False
9203.0,LA VOLPE,,,,,,,,,,,,LA VOLPE,1.0,False
9205.0,麻布369,,,,,,,,,,,,麻布369,1.0,False
9206.0,賛否両論,,,,,,,,,,,,賛否両論,1.0,False
9207.0,鳥繁 西葛西店,,,,,,,,,,,,鳥繁,1.0,False
9208.0,酒ありき肴与一,,,,,,,,,,,,酒ありき肴与一,1.0,False
9209.0,イタリアンレストラン キャトル,,,,,,,,,,,,イタリアンレストラン キャトル,1.0,False
9210.0,Ultimate Coffee Brewers,,,,,,,,,,,,Ultimate Coffee Brewers,1.0,False
9211.0,でんでん,,,,,,,,,,,,でんでん,1.0,False
9212.0,マチエール,,,,,,,,,,,,マチエール,1.0,False
9213.0,Sunset DINER,,,,,,,,,,,,Sunset DINER,1.0,False
9215.0,よつばベーカリー,,,,,,,,,,,,よつばベーカリー,1.0,False
9216.0,鳳華飯店 笹下本店,,,,,,,,,,,,鳳華飯店 笹下,1.0,False
9217.0,4040ようよう,,,,,,,,,,,,4040ようよう,1.0,False
9218.0,CRIB,,,,,,,,,,,,CRIB,1.0,False
9219.0,夢あかり,,,,,,,,,,,,夢あかり,1.0,False
9221.0,パティスリー レ・ビアン・エメ,,,,,,,,,,,,パティスリー レ・ビアン・エメ,1.0,False
9222.0,ダックテイルズ,,,,,,,,,,,,ダックテイルズ,1.0,False
9223.0,サンドレ・ポチャ,,,,,,,,,,,,サンドレ・ポチャ,1.0,False
9225.0,(有)金米堂本店,,,,,,,,,,,,(有)金米堂,1.0,False
9226.0,Brasserie AMI,,,,,,,,,,,,Brasserie AMI,1.0,False
9227.0,横浜骨付き鶏 まる金,,,,,,,,,,,,横浜骨付き鶏 まる金,1.0,False
9228.0,NAVIGANTE,,,,,,,,,,,,NAVIGANTE,1.0,False
9229.0,俺蔵(OREZZO),,,,,,,,,,,,俺蔵,1.0,False
9230.0,045 Pizza MYRO,,,,,,,,,,,,045 Pizza MYRO,1.0,False
9231.0,旬菜 ぐぅ食堂,,,,,,,,,,,,旬菜 ぐぅ食堂,1.0,False
9232.0,麺屋小林,,,,,,,,,,,,麺屋小林,2.0,False
9233.0,居酒屋 桜香,,,,,,,,,,,,居酒屋 桜香,1.0,False
9234.0,レストラン ラ・プリマ,,,,,,,,,,,,レストラン ラ・プリマ,1.0,False
9235.0,AKAMIYA COWSI,,,,,,,,,,,,AKAMIYA COWSI,2.0,False
9236.0,花花弁当,,,,,,,,,,,,花花弁当,1.0,False
9237.0,カフェクレオ,,,,,,,,,,,,カフェクレオ,1.0,False
9238.0,Champel(シャンペル),,,,,,,,,,,,Champel,2.0,False
9239.0,お好み焼き すずや,,,,,,,,,,,,お好み焼き すずや,1.0,False
9240.0,よっちゃん亭,,,,,,,,,,,,よっちゃん亭,1.0,False
9241.0,デリカスタジオ横浜,,,,,,,,,,,,デリカスタジオ横浜,1.0,False
9242.0,HEGISOBA&GALETTE ISSHIN 綱島店,,,,,,,,,,,,HEGISOBA&GALETTE ISSHIN,1.0,False
9243.0,岩亀本店,,,,,,,,,,,,岩亀,2.0,False
9244.0,福濱中華料理,,,,,,,,,,,,福濱中華料理,1.0,False
9245.0,鳥しげ,,,,,,,,,,,,鳥しげ,1.0,False
9246.0,富貴,,,,,,,,,,,,富貴,1.0,False
9247.0,横浜上海料理大新園,,,,,,,,,,,,横浜上海料理大新園,1.0,False
9248.0,居酒屋クラーテル,,,,,,,,,,,,居酒屋クラーテル,1.0,False
9250.0,ゆうや裏横,,,,,,,,,,,,ゆうや裏横,1.0,False
9251.0,廻転寿し義,,,,,,,,,,,,廻転寿し義,1.0,False
9252.0,六本松カレチネ,,,,,,,,,,,,六本松カレチネ,1.0,False
9253.0,バー キング,,,,,,,,,,,,バー キング,1.0,False
9254.0,もつ焼き じゅんちゃん,,,,,,,,,,,,もつ焼き じゅんちゃん,1.0,False
9255.0,レストラン風の音,,,,,,,,,,,,レストラン風の音,1.0,False
9256.0,永興楼,,,,,,,,,,,,永興楼,1.0,False
9257.0,なごみ,,,,,,,,,,,,なごみ,1.0,False
9258.0,TRATTORIA DOLCE,,,,,,,,,,,,TRATTORIA DOLCE,1.0,False
9259.0,39タイレストラン,,,,,,,,,,,,39タイレストラン,1.0,False
9260.0,Aliceのパン工房 3-oven,,,,,,,,,,,,Aliceのパン工房 3-oven,1.0,False
9261.0,熟成肉バル bond,,,,,,,,,,,,熟成肉バル bond,1.0,False
9262.0,飯笑 かつやま,,,,,,,,,,,,飯笑 かつやま,2.0,False
9263.0,長浜ラーメン小太郎,,,,,,,,,,,,長浜ラーメン小太郎,2.0,False
9264.0,ビストロでんでんむし,,,,,,,,,,,,ビストロでんでんむし,2.0,False
9265.0,揚げたて天ぷらはまだ,,,,,,,,,,,,揚げたて天ぷらはまだ,2.0,False
9266.0,大ばけ小ばけ,,,,,,,,,,,,大ばけ小ばけ,2.0,False
9267.0,Sweet's House REN,,,,,,,,,,,,Sweet's House REN,2.0,False
9268.0,鮨かねさか(支店の麻布十番「すし家 祥太」にて),,,,,,,,,,,,鮨かねさか,1.0,False
9269.0,cafe FIGARO,,,,,,,,,,,,cafe FIGARO,1.0,False
9270.0,華興,,,,,,,,,,,,華興,1.0,False
9271.0,トーキョーギョーザクラブ,,,,,,,,,,,,トーキョーギョーザクラブ,1.0,False
9272.0,東京台湾,,,,,,,,,,,,東京台湾,1.0,False
9273.0,池尻餃子,,,,,,,,,,,,池尻餃子,1.0,False
9274.0,ガウでぃ,,,,,,,,,,,,ガウでぃ,1.0,False
9275.0,てっぺん家,,,,,,,,,,,,てっぺん家,1.0,False
9276.0,開楽,,,,,,,,,,,,開楽,1.0,False
9277.0,你好,,,,,,,,,,,,你好,1.0,False
9278.0,一味玲玲,,,,,,,,,,,,一味玲玲,1.0,False
9279.0,末っ子,,,,,,,,,,,,末っ子,1.0,False
9280.0,丸山餃子製作所,,,,,,,,,,,,丸山餃子製作所,1.0,False
9281.0,成喜,,,,,,,,,,,,成喜,1.0,False
9282.0,PAIRON,,,,,,,,,,,,PAIRON,1.0,False
9283.0,ムロ,,,,,,,,,,,,ムロ,1.0,False
9284.0,OSTERIA Naturale (オステリア ナトゥラーレ),,,,,,,,,,,,OSTERIA Naturale,1.0,False
9285.0,スペインバルSamaSama,,,,,,,,,,,,スペインバルSamaSama,1.0,False
9286.0,近江牛肉店 LA BOUCHERIE OMI,,,,,,,,,,,,近江牛肉店 LA BOUCHERIE OMI,1.0,False
9287.0,Peltre y Barro ペルトゥレイバーロ,,,,,,,,,,,,Peltre y Barro ペルトゥレイバーロ,1.0,False
9288.0,定食酒場食堂,,,,,,,,,,,,定食酒場食堂,1.0,False
9289.0,GANESA,,,,,,,,,,,,GANESA,1.0,False
9290.0,ときわ食堂,,,,,,,,,,,,ときわ食堂,1.0,False
9291.0,炭火焼肉ホルモンミナミ,,,,,,,,,,,,炭火焼肉ホルモンミナミ,1.0,False
9292.0,ミンスクの台所,,,,,,,,,,,,ミンスクの台所,1.0,False
9293.0,ピッコログランデ,,,,,,,,,,,,ピッコログランデ,1.0,False
9294.0,ウルトラチョッププリュ,,,,,,,,,,,,ウルトラチョッププリュ,1.0,False
9296.0,ヴィア・ブリアンツァ,,,,,,,,,,,,ヴィア・ブリアンツァ,1.0,False
9297.0,santacafe-matsumoto,,,,,,,,,,,,santacafe-matsumoto,1.0,False
9298.0,ピッツェリア アルトパラッツォ,,,,,,,,,,,,ピッツェリア アルトパラッツォ,1.0,False
9299.0,CAFE de HARUKA,,,,,,,,,,,,CAFE de HARUKA,1.0,False
9300.0,ロハスカフェARIAKE,,,,,,,,,,,,ロハスカフェARIAKE,1.0,False
9301.0,えんざ池袋,,,,,,,,,,,,えんざ池袋,1.0,False
9302.0,スオーロ・ダル・スオーロ,,,,,,,,,,,,スオーロ・ダル・スオーロ,1.0,False
9303.0,ティグレ,,,,,,,,,,,,ティグレ,1.0,False
9304.0,キッチンわたりがらす,,,,,,,,,,,,キッチンわたりがらす,1.0,False
9305.0,森の机,,,,,,,,,,,,森の机,1.0,False
9306.0,le Lion,,,,,,,,,,,,le Lion,1.0,False
9307.0,魚屋きいもん,,,,,,,,,,,,魚屋きいもん,1.0,False
9308.0,和の食いがらし,,,,,,,,,,,,和の食いがらし,1.0,False
9309.0,Happy Hour,,,,,,,,,,,,Happy Hour,1.0,False
9310.0,スペインバル ガポス,,,,,,,,,,,,スペインバル ガポス,1.0,False
9311.0,ビストロ ディモンシュ,,,,,,,,,,,,ビストロ ディモンシュ,1.0,False
9312.0,カッチャルバッチャル,,,,,,,,,,,,カッチャルバッチャル,1.0,False
9313.0,洋食亭おおはし,,,,,,,,,,,,洋食亭おおはし,1.0,False
9314.0,定食屋ドッケ,,,,,,,,,,,,定食屋ドッケ,1.0,False
9315.0,レストランタニ,,,,,,,,,,,,レストランタニ,1.0,False
9316.0,ラ フォンターナ アッヅッラ,,,,,,,,,,,,ラ フォンターナ アッヅッラ,1.0,False
9317.0,INDIGO,,,,,,,,,,,,INDIGO,1.0,False
9318.0,大衆酒場アオギリ,,,,,,,,,,,,大衆酒場アオギリ,1.0,False
9319.0,神楽坂くろす,,,,,,,,,,,,神楽坂くろす,2.0,False
9320.0,アンクルサム,,,,,,,,,,,,アンクルサム,1.0,False
9321.0,蕎麦はやかわ,,,,,,,,,,,,蕎麦はやかわ,1.0,False
9323.0,冨多葉,,,,,,,,,,,,冨多葉,1.0,False
9324.0,羽田市場 GINZA SEVEN,,,,,,,,,,,,羽田市場 GINZA SEVEN,1.0,False
9325.0,ナイルレストラン,,,,,,,,,,,,ナイルレストラン,1.0,False
9326.0,醸造科オリゼー,,,,,,,,,,,,醸造科オリゼー,1.0,False
9327.0,Casa di Camino,,,,,,,,,,,,Casa di Camino,1.0,False
9328.0,Goloso / ゴローゾ,,,,,,,,,,,,Goloso / ゴローゾ,1.0,False
9329.0,リビング座ガーデン,,,,,,,,,,,,リビング座ガーデン,1.0,False
9330.0,一徳,,,,,,,,,,,,一徳,1.0,False
9331.0,ビアカフェ萬感,,,,,,,,,,,,ビアカフェ萬感,1.0,False
9332.0,アジャンタ,,,,,,,,,,,,アジャンタ,1.0,False
9333.0,Nikudo,,,,,,,,,,,,Nikudo,1.0,False
9334.0,きになる嫁デラックス,,,,,,,,,,,,きになる嫁デラックス,1.0,False
9335.0,ジーピーケータリング株式会社,,,,,,,,,,,,ジーピーケータリング株式会社,1.0,False
9336.0,MAY,,,,,,,,,,,,MAY,1.0,False
9337.0,ミート矢澤,,,,,,,,,,,,ミート矢澤,1.0,False
9338.0,あげ福,,,,,,,,,,,,あげ福,1.0,False
9339.0,Ottoabero,,,,,,,,,,,,Ottoabero,1.0,False
9340.0,酪農ビストロ環,,,,,,,,,,,,酪農ビストロ環,1.0,False
9341.0,Sunflowed サンフラド,,,,,,,,,,,,Sunflowed サンフラド,1.0,False
9342.0,メーヤウ,,,,,,,,,,,,メーヤウ,1.0,False
9343.0,Gene DINING,,,,,,,,,,,,Gene DINING,1.0,False
9344.0,やきとり ぶんぶく,,,,,,,,,,,,やきとり ぶんぶく,1.0,False
9345.0,餃子市,,,,,,,,,,,,餃子市,1.0,False
9346.0,菊寿司 中新井店,,,,,,,,,,,,菊寿司,1.0,False
9347.0,琉球古料理屋かじまやー,,,,,,,,,,,,琉球古料理屋かじまやー,1.0,False
9348.0,GENDA (ゲンダ),,,,,,,,,,,,GENDA,1.0,False
9349.0,手打ちそば処 椿屋,,,,,,,,,,,,手打ちそば処 椿屋,1.0,False
9350.0,オオグシカレー堂,,,,,,,,,,,,オオグシカレー堂,1.0,False
9351.0,増田屋,,,,,,,,,,,,増田屋,1.0,False
9352.0,cafeぶるぅ,,,,,,,,,,,,cafeぶるぅ,1.0,False
9353.0,メゾン・ド・スリジェ,,,,,,,,,,,,メゾン・ド・スリジェ,1.0,False
9354.0,MAT COFFEE,,,,,,,,,,,,MAT COFFEE,1.0,False
9355.0,ミスミヤ,,,,,,,,,,,,ミスミヤ,1.0,False
9356.0,やきとりdeワイン酒場 Hirukara,,,,,,,,,,,,やきとりdeワイン酒場 Hirukara,1.0,False
9357.0,アマン自由が丘,,,,,,,,,,,,アマン自由が丘,1.0,False
9358.0,ほさかや,,,,,,,,,,,,ほさかや,1.0,False
9359.0,鮨一久,,,,,,,,,,,,鮨一久,1.0,False
9360.0,クラフトビール&ワインobi,,,,,,,,,,,,クラフトビール&ワインobi,1.0,False
9361.0,新宿プロヴァンサル,,,,,,,,,,,,新宿プロヴァンサル,1.0,False
9362.0,添好運 新宿サザンテラス,,,,,,,,,,,,添好運 新宿サザンテラス,1.0,False
9363.0,焼鳥しん,,,,,,,,,,,,焼鳥しん,1.0,False
9364.0,割烹いまゐ,,,,,,,,,,,,割烹いまゐ,1.0,False
9365.0,ごはんや・はっち計画17,,,,,,,,,,,,ごはんや・はっち計画17,1.0,False
9366.0,SOUL Train2 (ソウル トレイン ツー),,,,,,,,,,,,SOUL Train2,1.0,False
9367.0,大衆酒場 大衆食堂 すがの,,,,,,,,,,,,大衆酒場 大衆食堂 すがの,1.0,False
9368.0,網元料理萬蔵丸,,,,,,,,,,,,網元料理萬蔵丸,1.0,False
9369.0,Carneria Ortaggio,,,,,,,,,,,,Carneria Ortaggio,1.0,False
9370.0,占いカフェkiki,,,,,,,,,,,,占いカフェkiki,1.0,False
9371.0,瑠璃ズキッチン(n-BASEMENT臨時店),,,,,,,,,,,,瑠璃ズキッチン,1.0,False
9372.0,THE BURGER SHOP紀尾井,,,,,,,,,,,,THE BURGER SHOP紀尾井,1.0,False
9373.0,Fukushima,,,,,,,,,,,,Fukushima,2.0,False
9374.0,満州園,,,,,,,,,,,,満州園,1.0,False
9375.0,日中友好食処 本牧玉家,,,,,,,,,,,,日中友好食処 本牧玉家,1.0,False
9376.0,(有)寺尾屋,,,,,,,,,,,,(有)寺尾屋,1.0,False
9377.0,多味,,,,,,,,,,,,多味,1.0,False
9378.0,広島風お好み焼き・鉄板焼 やたい,,,,,,,,,,,,広島風お好み焼き・鉄板焼 やたい,1.0,False
9379.0,キッチン matsui,,,,,,,,,,,,キッチン matsui,1.0,False
9380.0,味処 花むら,,,,,,,,,,,,味処 花むら,2.0,False
9381.0,あけの寿し,,,,,,,,,,,,あけの寿し,1.0,False
9382.0,九州酒場 灯 武蔵小杉店,,,,,,,,,,,,九州酒場 灯,2.0,False
9383.0,バルバッコア 青山本店,,,,,,,,,,,,バルバッコア 青山,2.0,False
9384.0,はてな代官山,,,,,,,,,,,,はてな代官山,2.0,False
9385.0,国産肉と糸島野菜を使った店 焼鳥居酒屋 英 hanabusa,,,,,,,,,,,,国産肉と糸島野菜を使った店 焼鳥居酒屋 英 hanabusa,1.0,False
9386.0,伊勢屋,,,,,,,,,,,,伊勢屋,1.0,False
9387.0,割烹 味童 天金,,,,,,,,,,,,割烹 味童 天金,1.0,False
9388.0,登茂吉 ともきち,,,,,,,,,,,,登茂吉 ともきち,1.0,False
9389.0,ビストロ ジンノ,,,,,,,,,,,,ビストロ ジンノ,1.0,False
9390.0,ADDRESS NO.9(アドレスナンバーナイン),,,,,,,,,,,,ADDRESS NO.9,2.0,False
9391.0,KAKURENBO CRAFT BEER CAFE,,,,,,,,,,,,KAKURENBO CRAFT BEER CAFE,1.0,False
9392.0,代官山 RINGRAZIARE koji morita,,,,,,,,,,,,代官山 RINGRAZIARE koji morita,1.0,False
9393.0,もつ鍋にわ,,,,,,,,,,,,もつ鍋にわ,1.0,False
9394.0,中華食堂 志藤,,,,,,,,,,,,中華食堂 志藤,1.0,False
9395.0,寿し処わか葉,,,,,,,,,,,,寿し処わか葉,1.0,False
9396.0,鮨八,,,,,,,,,,,,鮨八,1.0,False
9397.0,創菜美酒 たかお,,,,,,,,,,,,創菜美酒 たかお,1.0,False
9398.0,agosto,,,,,,,,,,,,agosto,1.0,False
9399.0,そば処  花むら,,,,,,,,,,,,そば処 花むら,2.0,False
9400.0,川京,,,,,,,,,,,,川京,1.0,False
9401.0,とんかつ朝昼夜,,,,,,,,,,,,とんかつ朝昼夜,1.0,False
9402.0,はまじん,,,,,,,,,,,,はまじん,1.0,False
9403.0,海鮮 宝,,,,,,,,,,,,海鮮 宝,1.0,False
9404.0,キッチン裕,,,,,,,,,,,,キッチン裕,1.0,False
9406.0,一と休み食堂,,,,,,,,,,,,一と休み食堂,1.0,False
9407.0,中華屋台料理 大龍,,,,,,,,,,,,中華屋台料理 大龍,1.0,False
9408.0,サムンドラ,,,,,,,,,,,,サムンドラ,1.0,False
9409.0,さかなや吉,,,,,,,,,,,,さかなや吉,1.0,False
9410.0,天ぷら 割烹 政,,,,,,,,,,,,天ぷら 割烹 政,1.0,False
9411.0,ビストロ エルエラ,,,,,,,,,,,,ビストロ エルエラ,1.0,False
9413.0,お好み焼き鉄板工房 GOU,,,,,,,,,,,,お好み焼き鉄板工房 GOU,1.0,False
9414.0,中華料理・タイ料理 チャイハナ,,,,,,,,,,,,中華料理・タイ料理 チャイハナ,1.0,False
9415.0,Hamburger&Cafe BAYSIDE BASE,,,,,,,,,,,,Hamburger&Cafe BAYSIDE BASE,1.0,False
9416.0,Bar Mogutaco's(バール モグタコス),,,,,,,,,,,,Bar Mogutaco's,2.0,False
9417.0,居酒屋まんぷく,,,,,,,,,,,,居酒屋まんぷく,1.0,False
9418.0,横浜フードデリバリー,,,,,,,,,,,,横浜フードデリバリー,1.0,False
9419.0,寿司久,,,,,,,,,,,,寿司久,1.0,False
9420.0,炭火焼 鳥ゆり,,,,,,,,,,,,炭火焼 鳥ゆり,1.0,False
9421.0,地域活動支援センターはなかご「お休み処」,,,,,,,,,,,,地域活動支援センターはなかご「お休み処」,1.0,False
9422.0,ともしびカフェ ポエム‘10,,,,,,,,,,,,ともしびカフェ ポエム‘10,1.0,False
9423.0,中華料理 太田樓,,,,,,,,,,,,中華料理 太田樓,1.0,False
9424.0,出前専門店 まつみや,,,,,,,,,,,,出前専門店 まつみや,1.0,False
9425.0,Cafe&Dining ballo ballo 虎ノ門店,,,,,,,,,,,,Cafe&Dining ballo ballo,1.0,False
9426.0,元さん東京食堂,,,,,,,,,,,,元さん東京食堂,1.0,False
9427.0,かつ吉 日本橋髙島屋S.C. 店,,,,,,,,,,,,かつ吉 日本橋髙島屋S.C.,1.0,False
9428.0,和彩酒蔵 だるま 八重洲地下街,,,,,,,,,,,,和彩酒蔵 だるま 八重洲地下街,1.0,False
9429.0,カレーショップ アルプス,,,,,,,,,,,,カレーショップ アルプス,1.0,False
9430.0,hole hole cafe&diner 銀座店,,,,,,,,,,,,hole hole cafe&diner,2.0,False
9431.0,ワイン酒場 GabuLicious 銀座店,,,,,,,,,,,,ワイン酒場 GabuLicious,3.0,False
9432.0,ユニオン スクエア トウキョウ,,,,,,,,,,,,ユニオン スクエア トウキョウ,2.0,False
9433.0,そば縁肆 さか本,,,,,,,,,,,,そば縁肆 さか本,1.0,False
9434.0,山本のハンバーグ 大岡山店,,,,,,,,,,,,山本のハンバーグ,2.0,False
9435.0,PIZZERIA DA GRANZA 洗足池店,,,,,,,,,,,,PIZZERIA DA GRANZA,1.0,False
9436.0,カフェ サンティノ 洗足池店,,,,,,,,,,,,カフェ サンティノ,1.0,False
9437.0,ステーキハウスB&M 池上店,,,,,,,,,,,,ステーキハウスB&M,3.0,False
9438.0,HangOut HangOver 渋谷店,,,,,,,,,,,,HangOut HangOver,1.0,False
9439.0,kawara CAFE&DINING 宇田川店,,,,,,,,,,,,kawara CAFE&DINING,2.0,False
9440.0,ワイン酒場 GabuLicious 渋谷店,,,,,,,,,,,,ワイン酒場 GabuLicious,3.0,False
9441.0,OTTIMOVITA,,,,,,,,,,,,OTTIMOVITA,1.0,False
9442.0,漁師料理 九絵,,,,,,,,,,,,漁師料理 九絵,1.0,False
9443.0,ステーキハウスB&M 目黒店,,,,,,,,,,,,ステーキハウスB&M,3.0,False
9444.0,hole hole cafe&diner 新宿東口店,,,,,,,,,,,,hole hole cafe&diner,2.0,False
9445.0,Dining kaze 池袋の風,,,,,,,,,,,,Dining kaze 池袋の風,1.0,False
9446.0,武居食堂,,,,,,,,,,,,武居食堂,1.0,False
9447.0,アスミタ,,,,,,,,,,,,アスミタ,1.0,False
9448.0,ARAIYA NEST,,,,,,,,,,,,ARAIYA NEST,1.0,False
9449.0,旨いさかなと純米酒 わいち,,,,,,,,,,,,旨いさかなと純米酒 わいち,1.0,False
9450.0,横浜中華街中国料理世界チャンピオン皇朝・王朝グループ,,,,,,,,,,,,横浜中華街中国料理世界チャンピオン皇朝・王朝グループ,1.0,False
9451.0,浜ん家,,,,,,,,,,,,浜ん家,1.0,False
9452.0,とんてつ,,,,,,,,,,,,とんてつ,1.0,False
9453.0,中国料理 広香居 浦賀店,,,,,,,,,,,,中国料理 広香居,2.0,False
9454.0,中国料理 広香居 佐原店,,,,,,,,,,,,中国料理 広香居,2.0,False
9455.0,INSIDECAFE by convex,,,,,,,,,,,,INSIDECAFE by convex,1.0,False
9456.0,純平,,,,,,,,,,,,純平,1.0,False
9458.0,ホルモンやきとり文(ふみ),,,,,,,,,,,,ホルモンやきとり文,1.0,False
9459.0,食彩工房箱根,,,,,,,,,,,,食彩工房箱根,1.0,False
9460.0,お好み焼き「梓」,,,,,,,,,,,,お好み焼き「梓」,1.0,False
9461.0,そば処 一心庵,,,,,,,,,,,,そば処 一心庵,1.0,False
9462.0,GRABS,,,,,,,,,,,,GRABS,1.0,False
9463.0,ミレッサポーリ,,,,,,,,,,,,ミレッサポーリ,1.0,False
9464.0,BULL'S BASE CAMP,,,,,,,,,,,,BULL'S BASE CAMP,1.0,False
9465.0,スパイスビーチ湘南カレー,,,,,,,,,,,,スパイスビーチ湘南カレー,1.0,False
9466.0,居酒屋 左京,,,,,,,,,,,,居酒屋 左京,1.0,False
9467.0,味楽弁当,,,,,,,,,,,,味楽弁当,1.0,False
9468.0,キッチンミラノ,,,,,,,,,,,,キッチンミラノ,1.0,False
9469.0,磯っぺ,,,,,,,,,,,,磯っぺ,1.0,False
9470.0,中国料理 北京館,,,,,,,,,,,,中国料理 北京館,1.0,False
9471.0,焼肉J10,,,,,,,,,,,,焼肉J10,1.0,False
9472.0,そば処 松本庵,,,,,,,,,,,,そば処 松本庵,1.0,False
9473.0,香港軒,,,,,,,,,,,,香港軒,1.0,False
9474.0,そば処 立花,,,,,,,,,,,,そば処 立花,1.0,False
9475.0,"OBICÀ Mozzarella Bar,Umeda",,,,,,,,,,,,"OBICÀ Mozzarella Bar,Umeda",1.0,False
9477.0,炭火焼鳥 木鶏 ~Mokkei~,,,,,,,,,,,,炭火焼鳥 木鶏 ~Mokkei~,1.0,False
9478.0,蜀小龍,,,,,,,,,,,,蜀小龍,1.0,False
9479.0,ホシギダブルチキン,,,,,,,,,,,,ホシギダブルチキン,2.0,False
9480.0,Cafe ABSINTHE,,,,,,,,,,,,Cafe ABSINTHE,1.0,False
9481.0,エプロント ビエラ岸辺健都店,,,,,,,,,,,,エプロント,1.0,False
9482.0,しゃぶしゃぶ・日本料理 木曽路,,,,,,,,,,,,しゃぶしゃぶ・日本料理 木曽路,1.0,False
9484.0,Cafe and Dining Bar on°Cー温度ー,,,,,,,,,,,,Cafe and Dining Bar on°Cー温度ー,1.0,False
9485.0,釜揚うどんやしま 守口本店,,,,,,,,,,,,釜揚うどんやしま 守口,1.0,False
9486.0,ビストロ五感,,,,,,,,,,,,ビストロ五感,1.0,False
9487.0,味肴房 田,,,,,,,,,,,,味肴房 田,1.0,False
9488.0,ちょい飲みざこば,,,,,,,,,,,,ちょい飲みざこば,1.0,False
9489.0,がぶ飲み屋台マニータイ,,,,,,,,,,,,がぶ飲み屋台マニータイ,1.0,False
9490.0,キッチン小町,,,,,,,,,,,,キッチン小町,1.0,False
9491.0,笑び食堂,,,,,,,,,,,,笑び食堂,1.0,False
9492.0,(有)西郷寿し,,,,,,,,,,,,(有)西郷寿し,1.0,False
9494.0,珈琲倶楽部,,,,,,,,,,,,珈琲倶楽部,1.0,False
9495.0,たいやきCAFE一休庵 京阪門真市駅店,,,,,,,,,,,,たいやきCAFE一休庵,1.0,False
9496.0,サルヴァトーレクオモ&BAR,,,,,,,,,,,,サルヴァトーレクオモ&BAR,1.0,False
9499.0,手作りぎょうざ はやし,,,,,,,,,,,,手作りぎょうざ はやし,1.0,False
9500.0,てっぱん物語 イオン宇品店,,,,,,,,,,,,てっぱん物語,1.0,False
9501.0,ワイン酒場 GabuLicious 仙台店,,,,,,,,,,,,ワイン酒場 GabuLicious,3.0,False
9690.0,ダンダダン酒場 調布総本店,,,,,,,,,,,,ダンダダン酒場 調布,1.0,False
9704.0,釜たけうどん,,,,,,,,,,,,釜たけうどん,1.0,False
9705.0,うどん屋まるちゃん,,,,,,,,,,,,うどん屋まるちゃん,1.0,False
9706.0,みかづき 万代店,,,,,,,,,,,,みかづき,2.0,False
9707.0,藁焼きたたき明神丸,,,,,,,,,,,,藁焼きたたき明神丸,1.0,False
9708.0,くるまやラーメン 練馬店,,,,,,,,,,,,くるまやラーメン,1.0,False
9709.0,純喫茶アメリカン,,,,,,,,,,,,純喫茶アメリカン,1.0,False
9710.0,ポークたまごおにぎり本店,,,,,,,,,,,,ポークたまごおにぎり,1.0,False
9711.0,レストランしまだ,,,,,,,,,,,,レストランしまだ,1.0,False
9712.0,六花亭 帯広本店,,,,,,,,,,,,六花亭 帯広,1.0,False
9713.0,三日月食堂,,,,,,,,,,,,三日月食堂,1.0,False
9714.0,レストラン ニニヌプリ,フレンチ・ビュッフェ,,北海道,北海道虻田郡洞爺湖町清水 ザ・ウィンザーホテル洞爺内,,,,,,,,レストラン ニニヌプリ,1.0,False
9715.0,レストラン うりずん,沖縄家庭料理,,沖縄県,沖縄県浦添市港川2丁目13-6,,,,,,,,レストラン うりずん,1.0,False
9716.0,ステーキハウス88,ステーキ,,沖縄県,沖縄県名護市東江5-6-20,,,,,,,,ステーキハウス88,1.0,False
9717.0,郷家（ごーや）,沖縄料理・ライブ,,沖縄県,沖縄県宮古島市平良字西里172,,,,,,,,郷家,1.0,False
9718.0,とうふの比嘉,豆腐料理・朝食,,沖縄県,沖縄県石垣市新川2376-3,,,,,,,,とうふの比嘉,1.0,False
9719.0,吉宗 本店,茶碗蒸し・郷土料理,,長崎県,長崎県長崎市浜町8-9,,,,,,,,吉宗,1.0,False
9720.0,ツル茶ん,トルコライス・洋食,,長崎県,長崎県長崎市油屋町2-47,,,,,,,,ツル茶ん,1.0,False
9721.0,江山楼 中華街本店,中華料理・ちゃんぽん,,長崎県,長崎県長崎市新地町12-2,,,,,,,,江山楼 中華街,1.0,False
9722.0,天文館むじゃき,白熊かき氷・郷土料理,,鹿児島県,鹿児島県鹿児島市千日町5-8,,,,,,,,天文館むじゃき,1.0,False
9723.0,黒かつ亭 本店,黒豚料理,,鹿児島県,鹿児島県鹿児島市中央町16-9,,,,,,,,黒かつ亭,1.0,False
9724.0,明石食堂,八重山そば,,沖縄県,沖縄県石垣市伊原間360,,,,,,,,明石食堂,1.0,False
9725.0,炭火焼肉やまもと,焼肉,,沖縄県,沖縄県石垣市浜崎町2-5-18,,,,,,,,炭火焼肉やまもと,1.0,False
9726.0,ひとし 本店,居酒屋・刺身,,沖縄県,沖縄県石垣市新栄町15-8,,,,,,,,ひとし,1.0,False
9727.0,てだこ亭,創作沖縄料理,,沖縄県,沖縄県宜野湾市,,,,,,,,てだこ亭,1.0,False
9728.0,普天間そば,沖縄そば,,沖縄県,沖縄県宜野湾市,,,,,,,,普天間そば,1.0,False
9729.0,やっぱりステーキ 宜野湾店,ステーキ,,沖縄県,沖縄県宜野湾市,,,,,,,,やっぱりステーキ,1.0,False
9730.0,チャーリー多幸寿 本店,タコス,,沖縄県,沖縄県沖縄市,,,,,,,,チャーリー多幸寿,1.0,False
9731.0,コザ麦酒工房,クラフトビール・ブルワリー,,沖縄県,沖縄県沖縄市,,,,,,,,コザ麦酒工房,1.0,False
9732.0,いしぐふー 本店（池原）,沖縄そば,,沖縄県,沖縄県沖縄市,,,,,,,,いしぐふー,1.0,False
9733.0,海人食堂（うみんちゅワーフ）,海鮮・食堂,,沖縄県,沖縄県糸満市,,,,,,,,海人食堂,1.0,False
9734.0,糸満おさかなセンター 食堂,海鮮・食堂,,沖縄県,沖縄県糸満市,,,,,,,,糸満おさかなセンター 食堂,1.0,False
9735.0,わらいそば,沖縄そば,,沖縄県,沖縄県糸満市,,,,,,,,わらいそば,1.0,False
9736.0,スープカレー GARAKU,スープカレー,,北海道,北海道札幌市中央区南3条西2丁目7,,,,,,,,スープカレー GARAKU,1.0,False
9737.0,回転寿司 根室花まる,寿司・回転寿司,,北海道,北海道札幌市中央区北5条西2丁目,,,,,,,,回転寿司 根室花まる,1.0,False
9738.0,モエレ沼公園 レストラン,フレンチ,,北海道,北海道札幌市東区モエレ沼公園1-1,,,,,,,,モエレ沼公園 レストラン,1.0,False
9739.0,らぅめん青葉 本店,ラーメン,,北海道,北海道旭川市2条8丁目,,,,,,,,らぅめん青葉,1.0,False
9740.0,梅光軒 本店,ラーメン,,北海道,北海道旭川市2条通8丁目,,,,,,,,梅光軒,1.0,False
9741.0,天金 本店,ラーメン・食堂,,北海道,北海道旭川市2条通8丁目,,,,,,,,天金,1.0,False
9742.0,ラッキーピエロ ベイエリア本店,ご当地バーガー,,北海道,北海道函館市末広町23-18,,,,,,,,ラッキーピエロ ベイエリア,1.0,False
9743.0,阿佐利 本店,すき焼き,,北海道,北海道函館市宝来町10-11,,,,,,,,阿佐利,1.0,False
9744.0,うにむらかみ 函館本店,海鮮料理,,北海道,北海道函館市大手町22-1,,,,,,,,うにむらかみ 函館,1.0,False
9745.0,牛たん炭焼 利久 本店,牛たん,,宮城県,宮城県仙台市青葉区中央1-6-1,,,,,,,,牛たん炭焼 利久,1.0,False
9746.0,すし哲,寿司,,宮城県,宮城県仙台市青葉区中央3-7-5,,,,,,,,すし哲,1.0,False
9747.0,旨味太助,牛たん,,宮城県,宮城県仙台市青葉区国分町2-11-11,,,,,,,,旨味太助,1.0,False
9748.0,盛楼閣,盛岡冷麺,,岩手県,岩手県盛岡市盛岡駅前通15-5,,,,,,,,盛楼閣,1.0,False
9749.0,東家 本店,わんこそば,,岩手県,岩手県盛岡市中ノ橋通1-8-3,,,,,,,,東家,1.0,False
9750.0,福田パン 本店,コッペパン,,岩手県,岩手県盛岡市長田町12-11,,,,,,,,福田パン,1.0,False
9751.0,味の札幌 大西,ラーメン（味噌カレー牛乳）,,青森県,青森県青森市古川1丁目15-6,,,,,,,,味の札幌 大西,1.0,False
9752.0,おさない食堂,郷土料理・定食,,青森県,青森県青森市新町1丁目1-17,,,,,,,,おさない食堂,1.0,False
9753.0,青森魚菜センター,海鮮市場（のっけ丼）,,青森県,青森県青森市古川1丁目11-16,,,,,,,,青森魚菜センター,1.0,False
9754.0,鳥しき,焼鳥,,東京都,東京都目黒区上大崎2-14-12,,,,,,,,鳥しき,1.0,False
9755.0,神田まつや,蕎麦,,東京都,東京都千代田区神田須田町1-13,,,,,,,,神田まつや,1.0,False
9756.0,ラーメン二郎 三田本店,ラーメン,,東京都,東京都港区三田2-16-4,,,,,,,,ラーメン二郎 三田,1.0,False
9757.0,聘珍樓 横濱本店,中華料理,,神奈川県,神奈川県横浜市中区山下町149,,,,,,,,聘珍樓 横濱,1.0,False
9758.0,キャラウェイ,カレー,,神奈川県,神奈川県鎌倉市小町2-12-20,,,,,,,,キャラウェイ,1.0,False
9759.0,元祖ニュータンタンメン本舗 京町店,ラーメン,,神奈川県,神奈川県川崎市川崎区京町1-18-7,,,,,,,,元祖ニュータンタンメン本舗,1.0,False
9760.0,小川菊,うなぎ,,埼玉県,埼玉県川越市仲町3-22,,,,,,,,小川菊,1.0,False
9761.0,時の鐘うどん,うどん,,埼玉県,埼玉県川越市幸町15-7,,,,,,,,時の鐘うどん,1.0,False
9762.0,鳥羽屋,うなぎ,,埼玉県,埼玉県さいたま市浦和区仲町2-17-9,,,,,,,,鳥羽屋,1.0,False
9763.0,川豊 本店,うなぎ,,千葉県,千葉県成田市仲町386,,,,,,,,川豊,1.0,False
9764.0,オーツーパーク内レストラン,レストラン,,千葉県,千葉県千葉市中央区中央港1-20-1,,,,,,,,オーツーパーク内レストラン,1.0,False
9765.0,漁師料理たてやま,海鮮料理,,千葉県,千葉県館山市下真倉371,,,,,,,,漁師料理たてやま,1.0,False
9766.0,水戸山翠,あんこう鍋,,茨城県,茨城県水戸市泉町2-2-40,,,,,,,,水戸山翠,1.0,False
9767.0,たいらや,納豆料理,,茨城県,茨城県水戸市南町1-3-31,,,,,,,,たいらや,1.0,False
9768.0,ラーメン大至,ラーメン,,茨城県,茨城県つくば市吾妻1丁目,,,,,,,,ラーメン大至,1.0,False
9769.0,正嗣,餃子,,栃木県,栃木県宇都宮市馬場通り4-3-1,,,,,,,,正嗣,1.0,False
9770.0,宇都宮みんみん 本店,餃子,,栃木県,栃木県宇都宮市馬場通り4-2-3,,,,,,,,宇都宮みんみん,1.0,False
9771.0,湯波処 本家,湯波料理,,栃木県,栃木県日光市下鉢石町948,,,,,,,,湯波処 本家,1.0,False
9772.0,シャンゴ 本店,パスタ・スパゲティ,,群馬県,群馬県高崎市問屋町1-10-24,,,,,,,,シャンゴ,1.0,False
9773.0,登利平 本店,鳥めし・郷土料理,,群馬県,群馬県前橋市六供町1-18-1,,,,,,,,登利平,1.0,False
9774.0,三國家,そば,,群馬県,群馬県吾妻郡草津町草津386,,,,,,,,三國家,1.0,False
9775.0,とんかつ太郎,タレかつ丼,,新潟県,新潟県新潟市中央区西堀通8番町,,,,,,,,とんかつ太郎,1.0,False
9776.0,みかづき 万代店,イタリアン焼きそば,,新潟県,新潟県新潟市中央区万代1-3-1,,,,,,,,みかづき,2.0,False
9777.0,富寿し 高田店,寿司・回転寿司,,新潟県,新潟県上越市大字土橋2555,,,,,,,,富寿し,1.0,False
9778.0,すし玉 富山駅店,寿司・回転寿司,,富山県,富山県富山市明輪町1-220,,,,,,,,すし玉,1.0,False
9779.0,西町大喜 本店,ラーメン（富山ブラック）,,富山県,富山県富山市太田口通1-1-7,,,,,,,,西町大喜,1.0,False
9780.0,氷見きときと寿し 氷見本店,寿司,,富山県,富山県氷見市比美町22-5,,,,,,,,氷見きときと寿し 氷見,1.0,False
9781.0,近江町市場寿し 本店,寿司,,石川県,石川県金沢市青草町88,,,,,,,,近江町市場寿し,1.0,False
9782.0,山さん寿司 本店,寿司,,石川県,石川県金沢市下近江町68,,,,,,,,山さん寿司,1.0,False
9783.0,もりもり寿し 本店,寿司・回転寿司,,石川県,石川県金沢市駅西本町5-5-1,,,,,,,,もりもり寿し,1.0,False
9784.0,ヨーロッパ軒総本店,ソースカツ丼,,福井県,福井県福井市順化1-7-4,,,,,,,,ヨーロッパ軒,1.0,False
9785.0,一福,越前そば,,福井県,福井県福井市中央1-19-20,,,,,,,,一福,2.0,False
9786.0,越前かに料理店 かに八,かに料理,,福井県,福井県丹生郡越前町厨71-324,,,,,,,,越前かに料理店 かに八,1.0,False
9787.0,ほうとう不動 東恋路店,ほうとう,,山梨県,山梨県南都留郡富士河口湖町船津東恋路2458,,,,,,,,ほうとう不動,1.0,False
9788.0,小作 甲府駅前店,ほうとう,,山梨県,山梨県甲府市丸の内1-7-2,,,,,,,,小作,1.0,False
9789.0,奥藤本店 甲府駅前店,鳥もつ煮,,山梨県,山梨県甲府市丸の内1-7-4,,,,,,,,奥藤本店,1.0,False
9790.0,おぎのや 横川店,釜めし,,長野県,長野県北佐久郡軽井沢町軽井沢1323-1,,,,,,,,おぎのや,1.0,False
9791.0,蕎麦処 草笛 小諸本店,信州そば,,長野県,長野県小諸市古城1-1-10,,,,,,,,蕎麦処 草笛 小諸,1.0,False
9792.0,志賀高原 高天ヶ原ホテル レストラン,洋食・郷土料理,,長野県,長野県下高井郡山ノ内町平穏7148,,,,,,,,志賀高原 高天ヶ原ホテル レストラン,1.0,False
9793.0,あつた蓬莱軒 本店,ひつまぶし,,愛知県,愛知県名古屋市熱田区神戸町503,,,,,,,,あつた蓬莱軒,1.0,False
9794.0,矢場とん 本店,味噌カツ,,愛知県,愛知県名古屋市中区大須3-6-18,,,,,,,,矢場とん,1.0,False
9795.0,スガキヤ 名古屋エスカ店,ラーメン,,愛知県,愛知県名古屋市中村区椿町6-9,,,,,,,,スガキヤ,1.0,False
9796.0,養老軒,和菓子・フルーツ大福,,岐阜県,岐阜県加茂郡川辺町下川辺273-1,,,,,,,,養老軒,1.0,False
9797.0,飛騨高山ラーメン 桔梗屋,飛騨高山ラーメン,,岐阜県,岐阜県高山市花里町6-9,,,,,,,,飛騨高山ラーメン 桔梗屋,1.0,False
9798.0,御食事処 坂口屋,郷土料理・飛騨牛,,岐阜県,岐阜県高山市上三之町90,,,,,,,,御食事処 坂口屋,1.0,False
9799.0,さわやか 湖西浜名湖店,ハンバーグ,,静岡県,静岡県湖西市新居町中之郷4007-1,,,,,,,,さわやか,1.0,False
9800.0,石松餃子 本店,浜松餃子,,静岡県,静岡県浜松市浜北区小松1145-1,,,,,,,,石松餃子,1.0,False
9801.0,沼津魚がし鮨 流れ鮨,寿司・海鮮,,静岡県,静岡県沼津市春日町47-1,,,,,,,,沼津魚がし鮨 流れ鮨,1.0,False
9802.0,すし久,てこね寿司,,三重県,三重県伊勢市宇治中之切町20,,,,,,,,すし久,1.0,False
9803.0,豚捨 本店,牛肉料理,,三重県,三重県伊勢市宇治中之切町52,,,,,,,,豚捨,1.0,False
9804.0,赤福 本店,和菓子,,三重県,三重県伊勢市宇治中之切町26,,,,,,,,赤福,1.0,False
9805.0,自由軒 本店,カレー・洋食,,大阪府,大阪府大阪市中央区難波3-1-34,,,,,,,,自由軒,3.0,False
9806.0,551蓬莱 本店,中華・豚まん,,大阪府,大阪府大阪市中央区難波3-6-3,,,,,,,,551蓬莱,1.0,False
9807.0,串かつだるま 新世界総本店,串かつ,,大阪府,大阪府大阪市浪速区恵美須東2-3-9,,,,,,,,串かつだるま 新世界,1.0,False
9808.0,一風堂 京都ポルタ店,ラーメン,,京都府,京都府京都市下京区烏丸通塩小路下ル東塩小路町902,,,,,,,,一風堂,1.0,False
9809.0,いづう,鯖寿司,,京都府,京都府京都市東山区八坂新地清本町367,,,,,,,,いづう,1.0,False
9810.0,中村藤吉本店,抹茶スイーツ,,京都府,京都府宇治市宇治壱番10,,,,,,,,中村藤吉,1.0,False
9811.0,神戸ステーキランド,ステーキ,,兵庫県,兵庫県神戸市中央区北長狭通1-9-17,,,,,,,,神戸ステーキランド,1.0,False
9812.0,洋食の朝日,洋食,,兵庫県,兵庫県神戸市中央区下山手通8-7-7,,,,,,,,洋食の朝日,1.0,False
9813.0,出石皿そば 近又,皿そば,,兵庫県,兵庫県豊岡市出石町本町99,,,,,,,,出石皿そば 近又,1.0,False
9814.0,鮒寿司の西友,鮒寿司,,滋賀県,滋賀県大津市中央3-1-8,,,,,,,,鮒寿司の西友,1.0,False
9815.0,近江牛 かど萬,近江牛料理,,滋賀県,滋賀県大津市中央1-7-35,,,,,,,,近江牛 かど萬,1.0,False
9816.0,和た与,葛きり,,滋賀県,滋賀県大津市長等3-5-28,,,,,,,,和た与,1.0,False
9817.0,中谷堂,高速餅つき・和菓子,,奈良県,奈良県奈良市橋本町29,,,,,,,,中谷堂,1.0,False
9818.0,柿の葉すし本舗たなか 本店,柿の葉寿司,,奈良県,奈良県五條市今井1-1-13,,,,,,,,柿の葉すし本舗たなか,1.0,False
9819.0,志津香 公園店,釜飯,,奈良県,奈良県奈良市登大路町59-11,,,,,,,,志津香,1.0,False
9821.0,黒潮市場,海鮮市場,,和歌山県,和歌山県和歌山市毛見1527,,,,,,,,黒潮市場,1.0,False
9822.0,グリーンコーナー 本店,ソフトクリーム・軽食,,和歌山県,和歌山県和歌山市美園町5-61,,,,,,,,グリーンコーナー,1.0,False
9823.0,味司 野村,デミカツ丼,,岡山県,岡山県岡山市北区平和町1-10,,,,,,,,味司 野村,1.0,False
9824.0,吾妻寿司 岡山駅前店,寿司,,岡山県,岡山県岡山市北区駅前町1-1-1,,,,,,,,吾妻寿司,1.0,False
9825.0,えびめしや 万成店,えびめし,,岡山県,岡山県岡山市北区万成西町2-53,,,,,,,,えびめしや,1.0,False
9826.0,お好み村,広島風お好み焼き,,広島県,広島県広島市中区新天地5-13,,,,,,,,お好み村,1.0,False
9827.0,麗ちゃん,広島風お好み焼き,,広島県,広島県広島市南区松原町1-2 広島駅ビル,,,,,,,,麗ちゃん,1.0,False
9828.0,ウニホーレン 魚寅,郷土料理,,広島県,広島県広島市中区流川町1-19,,,,,,,,ウニホーレン 魚寅,1.0,False
9829.0,いろり山賊 玖珂店,郷土料理・山賊焼き,,山口県,山口県岩国市玖珂町1380-1,,,,,,,,いろり山賊,1.0,False
9830.0,大衆割烹 三枡,ふぐ料理,,山口県,山口県下関市竹崎町2-13-11,,,,,,,,大衆割烹 三枡,1.0,False
9831.0,春帆楼 本店,ふぐ料理,,山口県,山口県下関市阿弥陀寺町4-2,,,,,,,,春帆楼,1.0,False
9832.0,賀露かにっこ館 食堂,かに料理,,鳥取県,鳥取県鳥取市賀露町西3-27-2,,,,,,,,賀露かにっこ館 食堂,1.0,False
9833.0,大榎庵,郷土料理・そば,,鳥取県,鳥取県鳥取市元大工町1-1,,,,,,,,大榎庵,1.0,False
9834.0,味処 三朝,温泉料理・郷土料理,,鳥取県,鳥取県東伯郡三朝町三朝温泉,,,,,,,,味処 三朝,1.0,False
9835.0,献上そば 羽根屋 本店,出雲そば,,島根県,島根県出雲市今市町549,,,,,,,,献上そば 羽根屋,1.0,False
9836.0,割烹 喜久本店,郷土料理,,島根県,島根県松江市末次本町15,,,,,,,,割烹 喜久,1.0,False
9837.0,荒木屋,出雲そば,,島根県,島根県出雲市大社町杵築東409-1,,,,,,,,荒木屋,1.0,False
9838.0,いのたに 本店,徳島ラーメン,,徳島県,徳島県徳島市西大工町4-25,,,,,,,,いのたに,1.0,False
9839.0,麺王 徳島駅前本店,徳島ラーメン,,徳島県,徳島県徳島市寺島本町東3-6,,,,,,,,麺王 徳島駅前,1.0,False
9840.0,びんび家,海鮮料理,,徳島県,徳島県鳴門市北灘町粟田ハシカ谷20-2,,,,,,,,びんび家,1.0,False
9841.0,山越うどん,讃岐うどん,,香川県,香川県綾歌郡綾川町羽床上602-2,,,,,,,,山越うどん,1.0,False
9843.0,一福 本店,讃岐うどん,,香川県,香川県高松市国分寺町新居169-1,,,,,,,,一福,2.0,False
9844.0,郷土料理 五志喜,郷土料理・鯛めし,,愛媛県,愛媛県松山市三番町3-5-4,,,,,,,,郷土料理 五志喜,1.0,False
9845.0,瓢太,ラーメン,,愛媛県,愛媛県松山市河原町138,,,,,,,,瓢太,1.0,False
9846.0,道後麦酒館,地ビール・郷土料理,,愛媛県,愛媛県松山市道後湯之町20-13,,,,,,,,道後麦酒館,1.0,False
9847.0,明神丸 本店,鰹のたたき,,高知県,高知県高知市帯屋町2-1-24,,,,,,,,明神丸,1.0,False
9848.0,ひろめ市場,市場・郷土料理,,高知県,高知県高知市帯屋町2-3-1,,,,,,,,ひろめ市場,1.0,False
9849.0,安兵衛,餃子,,高知県,高知県高知市廿代町4-19,,,,,,,,安兵衛,1.0,False
9850.0,一蘭 本社総本店,ラーメン,,福岡県,福岡県福岡市博多区中洲5-3-2,,,,,,,,一蘭 本社,1.0,False
9851.0,元祖長浜屋,ラーメン,,福岡県,福岡県福岡市中央区長浜2-5-25,,,,,,,,元祖長浜屋,1.0,False
9852.0,もつ鍋おおやま 本店,もつ鍋,,福岡県,福岡県福岡市博多区店屋町2-20,,,,,,,,もつ鍋おおやま,1.0,False
9853.0,呼子のイカ活造り 河太郎,海鮮料理・イカ,,佐賀県,佐賀県唐津市呼子町呼子1744-17,,,,,,,,呼子のイカ活造り 河太郎,1.0,False
9854.0,井出ちゃんぽん 本店,ちゃんぽん,,佐賀県,佐賀県武雄市北方町志久1928,,,,,,,,井出ちゃんぽん,1.0,False
9855.0,竹崎カニ料理 旅館鶴屋,かに料理,,佐賀県,佐賀県太良町大浦丙928,,,,,,,,竹崎カニ料理 旅館鶴屋,1.0,False
9856.0,四海樓,ちゃんぽん,,長崎県,長崎県長崎市松が枝町4-5,,,,,,,,四海樓,1.0,False
9857.0,黒亭ラーメン,ラーメン,,熊本県,熊本県熊本市西区二本木2-1-23,,,,,,,,黒亭ラーメン,1.0,False
9858.0,いまきん食堂,あか牛丼,,熊本県,熊本県阿蘇市内牧366-2,,,,,,,,いまきん食堂,1.0,False
9859.0,菅乃屋 上通店,馬刺し,,熊本県,熊本県熊本市中央区城東町2-12,,,,,,,,菅乃屋,1.0,False
9860.0,東洋軒,鶏天,,大分県,大分県別府市石垣東7-8-22,,,,,,,,東洋軒,1.0,False
9861.0,関サバ・関アジ料理専門店 魚市魚座,海鮮料理,,大分県,大分県佐賀関2018-4,,,,,,,,関サバ・関アジ料理専門店 魚市魚座,1.0,False
9862.0,とよ常 本店,天丼・寿司,,大分県,大分県別府市北浜2-12-24,,,,,,,,とよ常,1.0,False
9863.0,おぐら本店,チキン南蛮,,宮崎県,宮崎県宮崎市橘通東3-4-24,,,,,,,,おぐら,1.0,False
9864.0,ぐんけい本店隠蔵,地鶏炭火焼,,宮崎県,宮崎県宮崎市清水2-8-8,,,,,,,,ぐんけい本店隠蔵,1.0,False
9865.0,一平寿し,魚寿司（伊達巻寿司）,,宮崎県,宮崎県延岡市北町2-8-9,,,,,,,,一平寿し,1.0,False
9866.0,豚とろラーメン,ラーメン,,鹿児島県,鹿児島県鹿児島市山之口町9-41,,,,,,,,豚とろラーメン,1.0,False
9867.0,味のとんかつ 丸一,とんかつ,,鹿児島県,鹿児島県鹿児島市山下町9-7,,,,,,,,味のとんかつ 丸一,1.0,False
9868.0,首里そば,沖縄そば,,沖縄県,沖縄県那覇市首里赤田町1-7-10,,,,,,,,首里そば,1.0,False
9869.0,ジャッキーステーキハウス,ステーキ,,沖縄県,沖縄県那覇市西1-7-3,,,,,,,,ジャッキーステーキハウス,1.0,False
9870.0,海鮮居酒屋 一魚一会,海鮮居酒屋,,沖縄県,沖縄県石垣市美崎町10-20,,,,,,,,海鮮居酒屋 一魚一会,1.0,False
9871.0,八食センター,市場・海鮮料理,,青森県,青森県八戸市河原木字神才22-2,,,,,,,,八食センター,1.0,False
9872.0,世嬉の一酒造 石蔵レストラン,郷土料理,,岩手県,岩手県一関市田村町5-42,,,,,,,,世嬉の一酒造 石蔵レストラン,1.0,False
9873.0,金華楼,中華料理,,宮城県,宮城県石巻市中央2-8-2,,,,,,,,金華楼,1.0,False
9874.0,鳴子温泉 なるみ食堂,郷土料理,,宮城県,宮城県大崎市鳴子温泉字湯元,,,,,,,,鳴子温泉 なるみ食堂,1.0,False
9875.0,横手やきそば館,横手やきそば,,秋田県,秋田県横手市中央町7-18,,,,,,,,横手やきそば館,1.0,False
9876.0,満月,ラーメン（ワンタンメン）,,山形県,山形県酒田市東中の口町2-1,,,,,,,,満月,1.0,False
9877.0,柏屋食堂,郷土料理,,福島県,福島県郡山市駅前1-14-3,,,,,,,,柏屋食堂,1.0,False
9878.0,まるや本店 岡崎店,ひつまぶし,,愛知県,愛知県岡崎市上六名3-13-1,,,,,,,,まるや本店,1.0,False
9879.0,とれとれセンター,海鮮料理,,京都府,京都府舞鶴市下福井905,,,,,,,,とれとれセンター,1.0,False
9880.0,御座候 姫路本店,和菓子・軽食,,兵庫県,兵庫県姫路市阿保甲611-1,,,,,,,,御座候 姫路,1.0,False
9881.0,焼肉ホルモン 肉成 西鉄二日市駅前店,焼肉・ホルモン,,福岡県,福岡県筑紫野市二日市中央6-2-18,,,,,,,,焼肉ホルモン 肉成,1.0,False
,欧風カレー ボンディ 神保町本店,カレー,,,東京都千代田区神田神保町2-3 神田古書センター,,,,,,,,,,
,欧風カレー ボンディ 神保町本店,カレー,,,東京都千代田区神田神保町2-3 神田古書センター,,,,,,,,,,
